{
  "dataType": "item",
  "uid": "item_+1 All-Purpose Tool|TCE ",
  "id": "+1 All-Purpose Tool|TCE",
  "rarity": "uncommon",
  "isBaseItem": false,
  "baseItem": "",
  "displayName": {
    "zh": "+1 万能工具",
    "en": "+1 All-Purpose Tool"
  },
  "mainSource": {
    "source": "TCE",
    "page": 119
  },
  "allSources": [
    {
      "source": "TCE",
      "page": 119
    }
  ],
  "zh": {
    "name": "+1 万能工具",
    "entries": [
      "这把简单的螺丝刀可以转换为许多种工具：作为一个动作，你可以触摸这件物品，而后它会转换为一套由你选择的工匠工具（见{@book 玩家手册|PHB}的装备章节以查看{@item 工匠工具|PHB}的表格）。无论这件工具外表如何，你都拥有该工具的熟练项。",
      "当持握这套工具时，你在你奇械师法术的法术攻击骰和法术豁免DC上获得+1加值。",
      "作为一个动作，你可以凝神于这套工具以引导你的创造力。选择一项非你已知的来自任意职业的戏法。在未来8小时内，你可以如同奇械师戏法一般施展该戏法。此属性使用后，直到下次黎明前，不能再次使用。"
    ],
    "html": "这把简单的螺丝刀可以转换为许多种工具：作为一个动作，你可以触摸这件物品，而后它会转换为一套由你选择的工匠工具（见{{@book|玩家手册|PHB}}的装备章节以查看{{@item|工匠工具|PHB}}的表格）。无论这件工具外表如何，你都拥有该工具的熟练项。\n当持握这套工具时，你在你奇械师法术的法术攻击骰和法术豁免DC上获得+1加值。\n作为一个动作，你可以凝神于这套工具以引导你的创造力。选择一项非你已知的来自任意职业的戏法。在未来8小时内，你可以如同奇械师戏法一般施展该戏法。此属性使用后，直到下次黎明前，不能再次使用。"
  },
  "en": {
    "name": "+1 All-Purpose Tool",
    "entries": [
      "This simple screwdriver can transform into a variety of tools; as an action, you can touch the item and transform it into any type of artisan's tool of your choice (see the \"Equipment\" chapter in the {@book Player's Handbook|PHB} for a list of {@item artisan's tools|PHB}). Whatever form the tool takes, you are proficient with it.",
      "While holding this tool, you gain a +1 bonus to the spell attack rolls and the saving throw DCs of your artificer spells.",
      "As an action, you can focus on the tool to channel your creative forces. Choose a cantrip that you don't know from any class list. For 8 hours, you can cast that cantrip, and it counts as an artificer cantrip for you. Once this property is used, it can't be used again until the next dawn."
    ],
    "html": "This simple screwdriver can transform into a variety of tools; as an action, you can touch the item and transform it into any type of artisan's tool of your choice (see the \"Equipment\" chapter in the {{@book|Player's Handbook|PHB}} for a list of {{@item|artisan's tools|PHB}}). Whatever form the tool takes, you are proficient with it.\nWhile holding this tool, you gain a +1 bonus to the spell attack rolls and the saving throw DCs of your artificer spells.\nAs an action, you can focus on the tool to channel your creative forces. Choose a cantrip that you don't know from any class list. For 8 hours, you can cast that cantrip, and it counts as an artificer cantrip for you. Once this property is used, it can't be used again until the next dawn."
  },
  "bonus": {
    "spellAttack": 1,
    "spellSaveDc": 1
  }
}