{
  "dataType": "item",
  "uid": "item_+1 Moon Sickle|TCE ",
  "id": "+1 Moon Sickle|TCE",
  "weight": 2,
  "rarity": "uncommon",
  "isBaseItem": false,
  "baseItem": "sickle|PHB",
  "displayName": {
    "zh": "+1 月镰",
    "en": "+1 Moon Sickle"
  },
  "mainSource": {
    "source": "TCE",
    "page": 133
  },
  "allSources": [
    {
      "source": "TCE",
      "page": 133
    }
  ],
  "zh": {
    "name": "+1 月镰",
    "entries": [
      "这把银刃镰刀闪烁着柔和的月光。当持握这把魔法武器时，你用其发动的攻击检定和伤害掷骰，与你德鲁伊或游侠法术的法术攻击检定与法术豁免DC上具有+1加值。此外，你可以用镰刀作为你施展德鲁伊或游侠法术的法器。",
      "当你持握这把镰刀，施展一道恢复生命值的法术时，你可以骰一枚{@dice d4}并将所得结果加入回复的生命值中。"
    ],
    "html": "这把银刃镰刀闪烁着柔和的月光。当持握这把魔法武器时，你用其发动的攻击检定和伤害掷骰，与你德鲁伊或游侠法术的法术攻击检定与法术豁免DC上具有+1加值。此外，你可以用镰刀作为你施展德鲁伊或游侠法术的法器。\n当你持握这把镰刀，施展一道恢复生命值的法术时，你可以骰一枚{{@dice|d4}}并将所得结果加入回复的生命值中。"
  },
  "en": {
    "name": "+1 Moon Sickle",
    "entries": [
      "This silver-bladed sickle glimmers softly with moonlight. While holding this magic weapon, you gain a +1 bonus to attack and damage rolls made with it, and you gain a +1 bonus to spell attack rolls and the saving throw DCs of your druid and ranger spells. In addition, you can use the sickle as a spellcasting focus for your druid and ranger spells.",
      "When you cast a spell that restores hit points, you can roll a {@dice d4} and add the number rolled to the amount of hit points restored, provided you are holding the sickle."
    ],
    "html": "This silver-bladed sickle glimmers softly with moonlight. While holding this magic weapon, you gain a +1 bonus to attack and damage rolls made with it, and you gain a +1 bonus to spell attack rolls and the saving throw DCs of your druid and ranger spells. In addition, you can use the sickle as a spellcasting focus for your druid and ranger spells.\nWhen you cast a spell that restores hit points, you can roll a {{@dice|d4}} and add the number rolled to the amount of hit points restored, provided you are holding the sickle."
  },
  "bonus": {
    "weapon": 1,
    "spellAttack": 1,
    "spellSaveDc": 1
  }
}