{
  "dataType": "item",
  "uid": "item_+1 Wand of the War Mage|XDMG ",
  "id": "+1 Wand of the War Mage|XDMG",
  "weight": 1,
  "rarity": "uncommon",
  "isBaseItem": false,
  "baseItem": "",
  "displayName": {
    "zh": "+1 战法师魔杖",
    "en": "+1 Wand of the War Mage"
  },
  "mainSource": {
    "source": "XDMG",
    "page": 322
  },
  "allSources": [
    {
      "source": "XDMG",
      "page": 322
    }
  ],
  "relatedVersions": [
    "+1 Wand of the War Mage|DMG"
  ],
  "zh": {
    "name": "+1 战法师魔杖",
    "entries": [
      "持有这根魔杖时，你在法术攻击检定中获得+1加值。此外，在进行法术攻击检定时，你忽略{@variantrule 掩护|XPHB|半身掩护}。"
    ],
    "html": "持有这根魔杖时，你在法术攻击检定中获得+1加值。此外，在进行法术攻击检定时，你忽略{{@variantrule|掩护|XPHB|半身掩护}}。"
  },
  "en": {
    "name": "+1 Wand of the War Mage",
    "entries": [
      "While holding this wand, you gain a +1 bonus to spell attack rolls. In addition, you ignore {@variantrule Cover|XPHB|Half Cover} when making a spell attack roll."
    ],
    "html": "While holding this wand, you gain a +1 bonus to spell attack rolls. In addition, you ignore {{@variantrule|Cover|XPHB|Half Cover}} when making a spell attack roll."
  },
  "bonus": {
    "spellAttack": 1
  }
}