{
  "dataType": "item",
  "uid": "item_+1 Wraps of Unarmed Power|XDMG ",
  "id": "+1 Wraps of Unarmed Power|XDMG",
  "rarity": "uncommon",
  "isBaseItem": false,
  "baseItem": "",
  "displayName": {
    "zh": "+1 神功绑带",
    "en": "+1 Wraps of Unarmed Power"
  },
  "mainSource": {
    "source": "XDMG",
    "page": 325
  },
  "allSources": [
    {
      "source": "XDMG",
      "page": 325
    }
  ],
  "relatedVersions": [
    "+1 Wraps of Unarmed Prowess|BMT"
  ],
  "zh": {
    "name": "+1 神功绑带",
    "entries": [
      "穿戴这些包裹时，你在进行徒手攻击的攻击检定和伤害检定时获得+1加值。这些攻击可以选择造成力场伤害或其正常的伤害类型。"
    ],
    "html": "穿戴这些包裹时，你在进行徒手攻击的攻击检定和伤害检定时获得+1加值。这些攻击可以选择造成力场伤害或其正常的伤害类型。"
  },
  "en": {
    "name": "+1 Wraps of Unarmed Power",
    "entries": [
      "While wearing these wraps, you have a +1 bonus to attack rolls and damage rolls made with your Unarmed Strikes. Those strikes deal your choice of Force damage or their normal damage type."
    ],
    "html": "While wearing these wraps, you have a +1 bonus to attack rolls and damage rolls made with your Unarmed Strikes. Those strikes deal your choice of Force damage or their normal damage type."
  },
  "bonus": {
    "weapon": 1
  }
}