{
  "dataType": "item",
  "uid": "item_+2 Amulet of the Devout|TCE ",
  "id": "+2 Amulet of the Devout|TCE",
  "weight": 1,
  "rarity": "rare",
  "isBaseItem": false,
  "baseItem": "",
  "displayName": {
    "zh": "+2 虔信护符",
    "en": "+2 Amulet of the Devout"
  },
  "mainSource": {
    "source": "TCE",
    "page": 119
  },
  "allSources": [
    {
      "source": "TCE",
      "page": 119
    }
  ],
  "zh": {
    "name": "+2 虔信护符",
    "entries": [
      "这件护符载有一位神的圣徽，由珍稀石料或金属雕刻。当佩戴这枚护符时，你在你法术的法术攻击骰和法术豁免DC上获得+2加值。",
      "当你穿戴这枚护符时，你可以使用一次你的引导神力特性而不消耗特性的使用次数。此属性使用后，直到下次黎明前，不能再次使用。"
    ],
    "html": "这件护符载有一位神的圣徽，由珍稀石料或金属雕刻。当佩戴这枚护符时，你在你法术的法术攻击骰和法术豁免DC上获得+2加值。\n当你穿戴这枚护符时，你可以使用一次你的引导神力特性而不消耗特性的使用次数。此属性使用后，直到下次黎明前，不能再次使用。"
  },
  "en": {
    "name": "+2 Amulet of the Devout",
    "entries": [
      "This amulet bears the symbol of a deity inlaid with precious stones or metals. While you wear the holy symbol, you gain a +2 bonus to spell attack rolls and the saving throw DCs of your spells.",
      "While you wear this amulet, you can use your Channel Divinity feature without expending one of the feature's uses. Once this property is used, it can't be used again until the next dawn."
    ],
    "html": "This amulet bears the symbol of a deity inlaid with precious stones or metals. While you wear the holy symbol, you gain a +2 bonus to spell attack rolls and the saving throw DCs of your spells.\nWhile you wear this amulet, you can use your Channel Divinity feature without expending one of the feature's uses. Once this property is used, it can't be used again until the next dawn."
  },
  "bonus": {
    "spellAttack": 2,
    "spellSaveDc": 2
  }
}