{
  "dataType": "item",
  "uid": "item_+2 Rod of the Pact Keeper|XDMG ",
  "id": "+2 Rod of the Pact Keeper|XDMG",
  "weight": 2,
  "rarity": "rare",
  "isBaseItem": false,
  "baseItem": "",
  "displayName": {
    "zh": "+2 契约掌控者权杖",
    "en": "+2 Rod of the Pact Keeper"
  },
  "mainSource": {
    "source": "XDMG",
    "page": 301
  },
  "allSources": [
    {
      "source": "XDMG",
      "page": 301
    }
  ],
  "relatedVersions": [
    "+2 Rod of the Pact Keeper|DMG"
  ],
  "zh": {
    "name": "+2 契约掌控者权杖",
    "entries": [
      "持有这根法杖时，你的法术攻击检定和你的{@filter 魔契师法术|spells|class=魔契师}的豁免检定DC获得+2加值。",
      "此外，当你持有这根魔杖时，可以作为一个{@action 魔法|XPHB}动作恢复一个法术位。在你完成一个{@variantrule 长休|XPHB}之前，你不能再次使用这个特性。"
    ],
    "html": "持有这根法杖时，你的法术攻击检定和你的{{@filter|魔契师法术|spells|class=魔契师}}的豁免检定DC获得+2加值。\n此外，当你持有这根魔杖时，可以作为一个{{@action|魔法|XPHB}}动作恢复一个法术位。在你完成一个{{@variantrule|长休|XPHB}}之前，你不能再次使用这个特性。"
  },
  "en": {
    "name": "+2 Rod of the Pact Keeper",
    "entries": [
      "While holding this rod, you gain a +2 bonus to spell attack rolls and to the saving throw DCs of your {@filter Warlock spells|spells|class=Warlock}.",
      "In addition, you can regain one spell slot as a {@action Magic|XPHB} action while holding the rod. You can't use this property again until you finish a {@variantrule Long Rest|XPHB}."
    ],
    "html": "While holding this rod, you gain a +2 bonus to spell attack rolls and to the saving throw DCs of your {{@filter|Warlock spells|spells|class=Warlock}}.\nIn addition, you can regain one spell slot as a {{@action|Magic|XPHB}} action while holding the rod. You can't use this property again until you finish a {{@variantrule|Long Rest|XPHB}}."
  },
  "bonus": {
    "spellAttack": 2,
    "spellSaveDc": 2
  }
}