{
  "dataType": "item",
  "uid": "item_+2 Rhythm-Maker's Drum|TCE ",
  "id": "+2 Rhythm-Maker's Drum|TCE",
  "weight": 3,
  "rarity": "rare",
  "isBaseItem": false,
  "baseItem": "",
  "displayName": {
    "zh": "+2 调律者之鼓",
    "en": "+2 Rhythm-Maker's Drum"
  },
  "mainSource": {
    "source": "TCE",
    "page": 134
  },
  "allSources": [
    {
      "source": "TCE",
      "page": 134
    }
  ],
  "zh": {
    "name": "+2 调律者之鼓",
    "entries": [
      "当持握这张{@item 鼓|PHB}时，你在你吟游诗人法术的法术攻击骰和法术豁免DC上获得+2加值。",
      "作为一个动作，你可以演奏这张{@item 鼓|PHB}以恢复一次你诗人激励特性的使用次数。{@item 鼓|PHB}的此项属性，直到下次黎明前，不能再次使用。"
    ],
    "html": "当持握这张{{@item|鼓|PHB}}时，你在你吟游诗人法术的法术攻击骰和法术豁免DC上获得+2加值。\n作为一个动作，你可以演奏这张{{@item|鼓|PHB}}以恢复一次你诗人激励特性的使用次数。{{@item|鼓|PHB}}的此项属性，直到下次黎明前，不能再次使用。"
  },
  "en": {
    "name": "+2 Rhythm-Maker's Drum",
    "entries": [
      "While holding this {@item drum|PHB}, you gain a +2 bonus to spell attack rolls and to the saving throw DCs of your bard spells.",
      "As an action, you can play the {@item drum|PHB} to regain one use of your Bardic Inspiration feature. This property of the {@item drum|PHB} can't be used again until the next dawn."
    ],
    "html": "While holding this {{@item|drum|PHB}}, you gain a +2 bonus to spell attack rolls and to the saving throw DCs of your bard spells.\nAs an action, you can play the {{@item|drum|PHB}} to regain one use of your Bardic Inspiration feature. This property of the {{@item|drum|PHB}} can't be used again until the next dawn."
  },
  "bonus": {
    "spellAttack": 2,
    "spellSaveDc": 2
  }
}