{
  "dataType": "item",
  "uid": "item_+2 Wraps of Unarmed Prowess|BMT ",
  "id": "+2 Wraps of Unarmed Prowess|BMT",
  "rarity": "rare",
  "isBaseItem": false,
  "baseItem": "",
  "displayName": {
    "zh": "+2 神功绑带",
    "en": "+2 Wraps of Unarmed Prowess"
  },
  "mainSource": {
    "source": "BMT",
    "page": 69
  },
  "allSources": [
    {
      "source": "BMT",
      "page": 69
    },
    {
      "source": "XDMG",
      "page": 0
    }
  ],
  "relatedVersions": [
    "+2 Wraps of Unarmed Power|XDMG"
  ],
  "zh": {
    "name": "+2 神功绑带",
    "entries": [
      "裹着这套布制的绑带期间，你的徒手打击在对抗非魔法攻击与伤害的免疫与抗性时被视为魔法性的。此外，你徒手打击的攻击检定与伤害掷骰获得+2加值。"
    ],
    "html": "裹着这套布制的绑带期间，你的徒手打击在对抗非魔法攻击与伤害的免疫与抗性时被视为魔法性的。此外，你徒手打击的攻击检定与伤害掷骰获得+2加值。"
  },
  "en": {
    "name": "+2 Wraps of Unarmed Prowess",
    "entries": [
      "While you're wearing these cloth wraps, your unarmed strikes are considered magical for the purpose of overcoming immunity and resistance to nonmagical attacks and damage, and you gain a +2 bonus to the attack and damage rolls of your unarmed strikes."
    ],
    "html": "While you're wearing these cloth wraps, your unarmed strikes are considered magical for the purpose of overcoming immunity and resistance to nonmagical attacks and damage, and you gain a +2 bonus to the attack and damage rolls of your unarmed strikes."
  },
  "bonus": {
    "weapon": 2
  }
}