{
  "dataType": "item",
  "uid": "item_+3 Arcane Grimoire|TCE ",
  "id": "+3 Arcane Grimoire|TCE",
  "weight": 3,
  "rarity": "very rare",
  "isBaseItem": false,
  "baseItem": "",
  "displayName": {
    "zh": "+3 奥法秘典",
    "en": "+3 Arcane Grimoire"
  },
  "mainSource": {
    "source": "TCE",
    "page": 120
  },
  "allSources": [
    {
      "source": "TCE",
      "page": 120
    }
  ],
  "zh": {
    "name": "+3 奥法秘典",
    "entries": [
      "当你持握着这件皮革封皮的书籍时，你可以将其作为你法师法术的法器，你在你法师法术的法术攻击骰和法术豁免DC上获得+3加值。",
      "你可以将其作为法术书。此外，当你使用你的奥术回想特性时，你能够恢复的法术位环阶总和额外增加1环。"
    ],
    "html": "当你持握着这件皮革封皮的书籍时，你可以将其作为你法师法术的法器，你在你法师法术的法术攻击骰和法术豁免DC上获得+3加值。\n你可以将其作为法术书。此外，当你使用你的奥术回想特性时，你能够恢复的法术位环阶总和额外增加1环。"
  },
  "en": {
    "name": "+3 Arcane Grimoire",
    "entries": [
      "While you are holding this leather-bound book, you can use it as a spellcasting focus for your wizard spells, and you gain a +3 bonus to spell attack rolls and to the saving throw DCs of your wizard spells.",
      "You can use this book as a spellbook. In addition, when you use your Arcane Recovery feature, you can increase the number of spell slot levels you regain by 1."
    ],
    "html": "While you are holding this leather-bound book, you can use it as a spellcasting focus for your wizard spells, and you gain a +3 bonus to spell attack rolls and to the saving throw DCs of your wizard spells.\nYou can use this book as a spellbook. In addition, when you use your Arcane Recovery feature, you can increase the number of spell slot levels you regain by 1."
  },
  "bonus": {
    "spellAttack": 3,
    "spellSaveDc": 3
  }
}