{
  "dataType": "item",
  "uid": "item_+3 Bloodwell Vial|TCE ",
  "id": "+3 Bloodwell Vial|TCE",
  "rarity": "very rare",
  "isBaseItem": false,
  "baseItem": "",
  "displayName": {
    "zh": "+3 血源瓶",
    "en": "+3 Bloodwell Vial"
  },
  "mainSource": {
    "source": "TCE",
    "page": 122
  },
  "allSources": [
    {
      "source": "TCE",
      "page": 122
    }
  ],
  "zh": {
    "name": "+3 血源瓶",
    "entries": [
      "同调此物品时，你需要将你的一些鲜血滴入其中。直到你与它的同调结束前，小瓶无法再次被开启。若你与小瓶的同调结束，瓶中之血将化为灰烬。你可以在持握或穿戴这个小瓶时将作为法器，同时你在你术士法术的法术攻击骰和法术豁免DC上获得+3加值。",
      "此外，当你使用任意数量的生命骰以恢复生命值时，你可以恢复5点术法点。该特性直到下次黎明前，无法再次被使用。"
    ],
    "html": "同调此物品时，你需要将你的一些鲜血滴入其中。直到你与它的同调结束前，小瓶无法再次被开启。若你与小瓶的同调结束，瓶中之血将化为灰烬。你可以在持握或穿戴这个小瓶时将作为法器，同时你在你术士法术的法术攻击骰和法术豁免DC上获得+3加值。\n此外，当你使用任意数量的生命骰以恢复生命值时，你可以恢复5点术法点。该特性直到下次黎明前，无法再次被使用。"
  },
  "en": {
    "name": "+3 Bloodwell Vial",
    "entries": [
      "To attune to this vial, you must place a few drops of your blood into it. The vial can't be opened while your attunement to it lasts. If your attunement to the vial ends, the contained blood turns to ash. You can use the vial as a spellcasting focus for your spells while wearing or holding it, and you gain a +3 bonus to spell attack rolls and to the saving throw DCs of your sorcerer spells.",
      "In addition, when you roll any Hit Dice to recover hit points while you are carrying the vial, you can regain 5 sorcery points. This property of the vial can't be used again until the next dawn."
    ],
    "html": "To attune to this vial, you must place a few drops of your blood into it. The vial can't be opened while your attunement to it lasts. If your attunement to the vial ends, the contained blood turns to ash. You can use the vial as a spellcasting focus for your spells while wearing or holding it, and you gain a +3 bonus to spell attack rolls and to the saving throw DCs of your sorcerer spells.\nIn addition, when you roll any Hit Dice to recover hit points while you are carrying the vial, you can regain 5 sorcery points. This property of the vial can't be used again until the next dawn."
  },
  "bonus": {
    "spellAttack": 3,
    "spellSaveDc": 3
  }
}