{
  "dataType": "item",
  "uid": "item_+3 Dragonhide Belt|FTD ",
  "id": "+3 Dragonhide Belt|FTD",
  "rarity": "very rare",
  "isBaseItem": false,
  "baseItem": "",
  "displayName": {
    "zh": "+3 龙皮腰带",
    "en": "+3 Dragonhide Belt"
  },
  "mainSource": {
    "source": "FTD",
    "page": 23
  },
  "allSources": [
    {
      "source": "FTD",
      "page": 23
    }
  ],
  "zh": {
    "name": "+3 龙皮腰带",
    "entries": [
      "这条精致的腰带用龙皮制成。装备着它时你在气的 DC上获得+3加值。除此之外，你可以用一个动作恢复气，数值等同于一个你的武艺骰。直到下次黎明之前你不能再使用这个动作。"
    ],
    "html": "这条精致的腰带用龙皮制成。装备着它时你在气的 DC上获得+3加值。除此之外，你可以用一个动作恢复气，数值等同于一个你的武艺骰。直到下次黎明之前你不能再使用这个动作。"
  },
  "en": {
    "name": "+3 Dragonhide Belt",
    "entries": [
      "This finely detailed belt is made of dragonhide. While wearing it, you gain a +3 bonus to the saving throw DCs of your ki features. In addition, you can use an action to regain ki points equal to a roll of your Martial Arts die. You can't use this action again until the next dawn."
    ],
    "html": "This finely detailed belt is made of dragonhide. While wearing it, you gain a +3 bonus to the saving throw DCs of your ki features. In addition, you can use an action to regain ki points equal to a roll of your Martial Arts die. You can't use this action again until the next dawn."
  },
  "bonus": {}
}