{
  "dataType": "item",
  "uid": "item_+3 Wand of the War Mage|XDMG ",
  "id": "+3 Wand of the War Mage|XDMG",
  "weight": 1,
  "rarity": "very rare",
  "isBaseItem": false,
  "baseItem": "",
  "displayName": {
    "zh": "+3 战法师魔杖",
    "en": "+3 Wand of the War Mage"
  },
  "mainSource": {
    "source": "XDMG",
    "page": 322
  },
  "allSources": [
    {
      "source": "XDMG",
      "page": 322
    }
  ],
  "relatedVersions": [
    "+3 Wand of the War Mage|DMG"
  ],
  "zh": {
    "name": "+3 战法师魔杖",
    "entries": [
      "持有这根魔杖时，你在法术攻击检定中获得+3加值。此外，在进行法术攻击检定时，你忽略{@variantrule 掩护|XPHB|半身掩护}。"
    ],
    "html": "持有这根魔杖时，你在法术攻击检定中获得+3加值。此外，在进行法术攻击检定时，你忽略{{@variantrule|掩护|XPHB|半身掩护}}。"
  },
  "en": {
    "name": "+3 Wand of the War Mage",
    "entries": [
      "While holding this wand, you gain a +3 bonus to spell attack rolls. In addition, you ignore {@variantrule Cover|XPHB|Half Cover} when making a spell attack roll."
    ],
    "html": "While holding this wand, you gain a +3 bonus to spell attack rolls. In addition, you ignore {{@variantrule|Cover|XPHB|Half Cover}} when making a spell attack roll."
  },
  "bonus": {
    "spellAttack": 3
  }
}