{
  "dataType": "item",
  "uid": "item_Abracadabrus|IDRotF ",
  "id": "Abracadabrus|IDRotF",
  "weight": 25,
  "rarity": "very rare",
  "isBaseItem": false,
  "baseItem": "",
  "displayName": {
    "zh": "如意箱",
    "en": "Abracadabrus"
  },
  "mainSource": {
    "source": "IDRotF",
    "page": 314
  },
  "allSources": [
    {
      "source": "IDRotF",
      "page": 314
    }
  ],
  "zh": {
    "name": "如意箱",
    "entries": [
      "如意箱是一个装饰豪华且镶嵌有宝石的木质箱子，空无一物时重25磅。其内部空间约是一个边长1.5尺的立方体。",
      "该箱子共有20发充能。一个生物可以以一个动作触摸它紧闭着的盖子并消耗1发充能，同时宣言总价值不超过1gp的一个或多个非魔法物件（包括原料、食物以及液体）的名字。若被宣言的物件能被放置在箱子里，则它们魔法般地出现在其中（且其中没有其他物品）。例如，它可以变出一盘草莓、一碗肉汤、一壶水、一件动物标本或是一袋铁蒺藜（20个）。该箱子变出的食物和饮料十分美味，但若在24小时后仍未被食用就会腐败变质，它创造的宝石以及贵金属则会在一分钟后消失。",
      "该箱子在每天黎明时会恢复{@dice 1d20}发已消耗的充能次数。若你耗尽它的最后一发充能，骰一次{@dice d20}。骰值为1时，它失去它的魔法（变成一个普通箱子），且镶嵌于其上的宝石将化为尘土。"
    ],
    "html": "如意箱是一个装饰豪华且镶嵌有宝石的木质箱子，空无一物时重25磅。其内部空间约是一个边长1.5尺的立方体。\n该箱子共有20发充能。一个生物可以以一个动作触摸它紧闭着的盖子并消耗1发充能，同时宣言总价值不超过1gp的一个或多个非魔法物件（包括原料、食物以及液体）的名字。若被宣言的物件能被放置在箱子里，则它们魔法般地出现在其中（且其中没有其他物品）。例如，它可以变出一盘草莓、一碗肉汤、一壶水、一件动物标本或是一袋铁蒺藜（20个）。该箱子变出的食物和饮料十分美味，但若在24小时后仍未被食用就会腐败变质，它创造的宝石以及贵金属则会在一分钟后消失。\n该箱子在每天黎明时会恢复{{@dice|1d20}}发已消耗的充能次数。若你耗尽它的最后一发充能，骰一次{{@dice|d20}}。骰值为1时，它失去它的魔法（变成一个普通箱子），且镶嵌于其上的宝石将化为尘土。"
  },
  "en": {
    "name": "Abracadabrus",
    "entries": [
      "An abracadabrus is an ornate, gemstone-studded wooden chest that weighs 25 pounds while empty. Its interior compartment is a cube measuring 1½ feet on a side.",
      "The chest has 20 charges. A creature can use an action to touch the closed lid of the chest and expend 1 of the chest's charges while naming one or more nonmagical objects (including raw materials, foodstuffs, and liquids) worth a total of 1 gp or less. The named objects magically appear in the chest, provided they can all fit inside it and the chest doesn't contain anything else. For example, the chest can conjure a plate of strawberries, a bowl of hot soup, a flagon of water, a stuffed animal, or a bag of twenty caltrops. Food and drink conjured by the chest are delicious, and they spoil if not consumed after 24 hours. Gems and precious metals created by the chest disappear after 1 minute.",
      "The chest regains {@dice 1d20} expended charges daily at dawn. If the item's last charge is expended, roll a {@dice d20}. On a 1, the chest loses its magic (becoming an ordinary chest), and its gemstones turn to dust."
    ],
    "html": "An abracadabrus is an ornate, gemstone-studded wooden chest that weighs 25 pounds while empty. Its interior compartment is a cube measuring 1½ feet on a side.\nThe chest has 20 charges. A creature can use an action to touch the closed lid of the chest and expend 1 of the chest's charges while naming one or more nonmagical objects (including raw materials, foodstuffs, and liquids) worth a total of 1 gp or less. The named objects magically appear in the chest, provided they can all fit inside it and the chest doesn't contain anything else. For example, the chest can conjure a plate of strawberries, a bowl of hot soup, a flagon of water, a stuffed animal, or a bag of twenty caltrops. Food and drink conjured by the chest are delicious, and they spoil if not consumed after 24 hours. Gems and precious metals created by the chest disappear after 1 minute.\nThe chest regains {{@dice|1d20}} expended charges daily at dawn. If the item's last charge is expended, roll a {{@dice|d20}}. On a 1, the chest loses its magic (becoming an ordinary chest), and its gemstones turn to dust."
  },
  "charge": {
    "max": 20,
    "rechargeAt": "dawn",
    "rechargeAmount": "{@dice 1d20}"
  },
  "bonus": {}
}