{
  "dataType": "item",
  "uid": "item_Acid Absorbing Tattoo|TCE ",
  "id": "Acid Absorbing Tattoo|TCE",
  "rarity": "very rare",
  "isBaseItem": false,
  "baseItem": "",
  "displayName": {
    "zh": "强酸吸收刺青",
    "en": "Acid Absorbing Tattoo"
  },
  "mainSource": {
    "source": "TCE",
    "page": 119
  },
  "allSources": [
    {
      "source": "TCE",
      "page": 119
    }
  ],
  "zh": {
    "name": "强酸吸收刺青",
    "entries": [
      "{#itemEntry 吸收刺青|TCE}"
    ],
    "html": "{#itemEntry 吸收刺青|TCE}"
  },
  "en": {
    "name": "Acid Absorbing Tattoo",
    "entries": [
      "{#itemEntry Absorbing Tattoo|TCE}"
    ],
    "html": "{#itemEntry Absorbing Tattoo|TCE}"
  },
  "bonus": {}
}