{
  "dataType": "item",
  "uid": "item_Acid|XPHB ",
  "id": "Acid|XPHB",
  "weight": 1,
  "value": 2500,
  "rarity": "none",
  "isBaseItem": false,
  "baseItem": "",
  "displayName": {
    "zh": "强酸",
    "en": "Acid"
  },
  "mainSource": {
    "source": "XPHB",
    "page": 222
  },
  "allSources": [
    {
      "source": "XPHB",
      "page": 222
    }
  ],
  "relatedVersions": [
    "Acid (vial)|PHB"
  ],
  "zh": {
    "name": "强酸",
    "entries": [
      "当你执行{@action 攻击|XPHB}动作时，你可以将你的一次攻击替换为丢出一小瓶强酸。你可以选择位于你20尺内可见的一个生物或物件作为目标。该目标必须通过一次敏捷豁免（{@dc 8}+你的敏捷调整值+你的{@variantrule 熟练项|XPHB|熟练加值}），否则承受{@damage 2d6}点强酸伤害。"
    ],
    "html": "当你执行{{@action|攻击|XPHB}}动作时，你可以将你的一次攻击替换为丢出一小瓶强酸。你可以选择位于你20尺内可见的一个生物或物件作为目标。该目标必须通过一次敏捷豁免（{{@dc|8}}+你的敏捷调整值+你的{{@variantrule|熟练项|XPHB|熟练加值}}），否则承受{{@damage|2d6}}点强酸伤害。"
  },
  "en": {
    "name": "Acid",
    "entries": [
      "When you take the {@action Attack|XPHB} action, you can replace one of your attacks with throwing a vial of Acid. Target one creature or object you can see within 20 feet of yourself. The target must succeed on a Dexterity saving throw ({@dc 8} plus your Dexterity modifier and {@variantrule Proficiency|XPHB|Proficiency Bonus}) or take {@damage 2d6} Acid damage."
    ],
    "html": "When you take the {{@action|Attack|XPHB}} action, you can replace one of your attacks with throwing a vial of Acid. Target one creature or object you can see within 20 feet of yourself. The target must succeed on a Dexterity saving throw ({{@dc|8}} plus your Dexterity modifier and {{@variantrule|Proficiency|XPHB|Proficiency Bonus}}) or take {{@damage|2d6}} Acid damage."
  },
  "bonus": {}
}