{
  "dataType": "item",
  "uid": "item_Adamantine Bar|WDH ",
  "id": "Adamantine Bar|WDH",
  "weight": 10,
  "value": 100000,
  "rarity": "none",
  "isBaseItem": false,
  "baseItem": "",
  "displayName": {
    "zh": "精金条",
    "en": "Adamantine Bar"
  },
  "mainSource": {
    "source": "WDH",
    "page": 90
  },
  "allSources": [
    {
      "source": "WDH",
      "page": 90
    }
  ],
  "zh": {
    "name": "精金条",
    "entries": [],
    "html": ""
  },
  "en": {
    "name": "Adamantine Bar",
    "entries": [],
    "html": ""
  },
  "bonus": {}
}