{
  "dataType": "item",
  "uid": "item_Adjustable Stilts|WDH ",
  "id": "Adjustable Stilts|WDH",
  "weight": 8,
  "rarity": "unknown",
  "isBaseItem": false,
  "baseItem": "",
  "displayName": {
    "zh": "可调节高跷",
    "en": "Adjustable Stilts"
  },
  "mainSource": {
    "source": "WDH",
    "page": 47
  },
  "allSources": [
    {
      "source": "WDH",
      "page": 47
    }
  ],
  "zh": {
    "name": "可调节高跷",
    "entries": [
      "高跷穿脱需要1分钟。它们可以使任何穿着它们的类人生物的身高增加2到5尺。每个高跷重8磅，完全折叠时长1尺。"
    ],
    "html": "高跷穿脱需要1分钟。它们可以使任何穿着它们的类人生物的身高增加2到5尺。每个高跷重8磅，完全折叠时长1尺。"
  },
  "en": {
    "name": "Adjustable Stilts",
    "entries": [
      "The stilts take 1 minute to put on or remove. They increase the height of any humanoid wearing them by 2 to 5 feet. Each stilt weighs 8 pounds and is 1 foot long when fully collapsed."
    ],
    "html": "The stilts take 1 minute to put on or remove. They increase the height of any humanoid wearing them by 2 to 5 feet. Each stilt weighs 8 pounds and is 1 foot long when fully collapsed."
  },
  "bonus": {}
}