{
  "dataType": "item",
  "uid": "item_Adventurer's Ring|FRHoF ",
  "id": "Adventurer's Ring|FRHoF",
  "rarity": "common",
  "isBaseItem": false,
  "baseItem": "",
  "displayName": {
    "zh": "冒险者戒指",
    "en": "Adventurer's Ring"
  },
  "mainSource": {
    "source": "FRHoF",
    "page": 132
  },
  "allSources": [
    {
      "source": "FRHoF",
      "page": 132
    }
  ],
  "zh": {
    "name": "冒险者戒指",
    "entries": [
      "当这枚戒指的罩盖打开时，戒指会产生不发热且不消耗燃料的火焰。它散发出{@variantrule 明亮光照|XPHB}的20尺半径明亮光照和额外20尺的{@variantrule 微光光照|XPHB}微光光照。使用一个{@variantrule 附赠动作|XPHB}，你可以关闭罩盖熄灭火焰，或再次打开它。"
    ],
    "html": "当这枚戒指的罩盖打开时，戒指会产生不发热且不消耗燃料的火焰。它散发出{{@variantrule|明亮光照|XPHB}}的20尺半径明亮光照和额外20尺的{{@variantrule|微光光照|XPHB}}微光光照。使用一个{{@variantrule|附赠动作|XPHB}}，你可以关闭罩盖熄灭火焰，或再次打开它。"
  },
  "en": {
    "name": "Adventurer's Ring",
    "entries": [
      "While the cover on this ring is open, the ring produces a flame that creates no heat and consumes no fuel. It sheds {@variantrule Bright Light|XPHB} in a 20-foot radius and {@variantrule Dim Light|XPHB} for an additional 20 feet. As a {@variantrule Bonus Action|XPHB}, you can close the cover, smothering the flame, or open it again."
    ],
    "html": "While the cover on this ring is open, the ring produces a flame that creates no heat and consumes no fuel. It sheds {{@variantrule|Bright Light|XPHB}} in a 20-foot radius and {{@variantrule|Dim Light|XPHB}} for an additional 20 feet. As a {{@variantrule|Bonus Action|XPHB}}, you can close the cover, smothering the flame, or open it again."
  },
  "bonus": {}
}