{
  "dataType": "item",
  "uid": "item_Akmon, Hammer of Purphoros|MOT ",
  "id": "Akmon, Hammer of Purphoros|MOT",
  "weight": 2,
  "rarity": "artifact",
  "isBaseItem": false,
  "baseItem": "warhammer|PHB",
  "displayName": {
    "zh": "阿克曼,普罗烽斯的神锤",
    "en": "Akmon, Hammer of Purphoros"
  },
  "mainSource": {
    "source": "MOT",
    "page": 198
  },
  "allSources": [
    {
      "source": "MOT",
      "page": 198
    }
  ],
  "zh": {
    "name": "阿克曼,普罗烽斯的神锤",
    "entries": [
      "普罗烽斯的锤子可以创造奇迹也可以制造灾难，这位锻造之神用它来创造空前的奇迹和危险的发明，而且两者数量大抵相当。普罗烽斯很少把阿克曼赐予凡人，但偶尔会把它留在他在维鲁斯山的锻造场。当普罗烽斯允许凡人使用这把锤子时，通常是为了让他们能够完成一项重要的工作，消灭某种破坏性力量，或者在神不受欢迎的地方锻造一些非凡的东西。",
      {
        "ENG_name": "Hammer of the Forge",
        "name": "锻造之锤",
        "type": "entries",
        "entries": [
          "这把魔法战锤赋予用它进行的攻击和伤害掷骰+3的加值。当你用它攻击命中时，目标会受到额外的{@damage 3d10}火焰伤害。"
        ]
      },
      {
        "ENG_name": "Blessing of the Forge",
        "name": "锻造祝福",
        "type": "entries",
        "entries": [
          "如果你是普罗烽斯的崇拜者，你将获得以下所有你满足虔信值需求的好处：",
          {
            "type": "list",
            "style": "list-hang-notitle",
            "items": [
              {
                "ENG_name": "Piety 10+",
                "name": "虔信值 10+",
                "type": "item",
                "entry": "锤子获得1个随机确定的{@table 神器词条; 次要增益词条|DMG|弱效增益}属性。"
              },
              {
                "ENG_name": "Piety 25+",
                "name": "虔信值 25+",
                "type": "item",
                "entry": "这把神锤拥有1个随机确定的{@table 神器词条; 主要增益词条|DMG|强效增益}属性。"
              },
              {
                "ENG_name": "Piety 50+",
                "name": "虔信值 50+",
                "type": "item",
                "entry": "这把神锤拥有1项额外的随机确定的{@table 神器词条; 主要增益词条|DMG|强效增益}属性。"
              }
            ]
          },
          "如果你不是普罗烽斯的崇拜者，锤子获得2个随机确定的{@table 神器词条; 次要减益词条|DMG|弱效减益}属性。",
          "关于随机属性详见城主指南第七章\"神器\"。"
        ]
      },
      {
        "ENG_name": "Reforged",
        "name": "重铸",
        "type": "entries",
        "entries": [
          "在持有锤子的时候，你对火焰伤害有抗性并且免疫{@condition 力竭}。此外，你获得{@item 铁匠工具|PHB}的熟练项，并在使用铁匠工具进行的所有属性检定中拥有优势。"
        ]
      },
      {
        "ENG_name": "Spells",
        "name": "法术",
        "type": "entries",
        "entries": [
          "当锤子在你身上的时候，你可以用一个动作来施放下列法术之一（豁免{@dc 18}）：{@spell 活化物件}、{@spell 灼热金属}、{@spell 鬼斧神工}、{@spell 魔法武器}、{@spell 修复术}、{@spell 粉碎音波}。一旦你使用锤子施展了某个法术，在下一个黄昏之前，不能再利用它施展该法术。"
        ]
      },
      {
        "ENG_name": "Destroying the Hammer",
        "name": "摧毁战锤",
        "type": "entries",
        "entries": [
          "要摧毁锤子，必须把它带到冥界的提泽拉司境。在那里，它必须被涂上来自惩罚泥沼的淤泥。锤子的热力会使淤泥变硬，一个月后淤泥就会与锤子融为一体。一旦完全硬化，淤泥覆盖的锤子必须被克拉肯吞下并消化。"
        ]
      }
    ],
    "html": "普罗烽斯的锤子可以创造奇迹也可以制造灾难，这位锻造之神用它来创造空前的奇迹和危险的发明，而且两者数量大抵相当。普罗烽斯很少把阿克曼赐予凡人，但偶尔会把它留在他在维鲁斯山的锻造场。当普罗烽斯允许凡人使用这把锤子时，通常是为了让他们能够完成一项重要的工作，消灭某种破坏性力量，或者在神不受欢迎的地方锻造一些非凡的东西。\n<div class=\"parser-entries\"><div class=\"parser-entries-name\">锻造之锤</div><div class=\"parser-entries-eng-name\">Hammer of the Forge</div><div class=\"parser-entries-content\">这把魔法战锤赋予用它进行的攻击和伤害掷骰+3的加值。当你用它攻击命中时，目标会受到额外的{{@damage|3d10}}火焰伤害。</div></div>\n<div class=\"parser-entries\"><div class=\"parser-entries-name\">锻造祝福</div><div class=\"parser-entries-eng-name\">Blessing of the Forge</div><div class=\"parser-entries-content\">如果你是普罗烽斯的崇拜者，你将获得以下所有你满足虔信值需求的好处：<ul class=\"parser-list parser-list-list-hang-notitle\"><li class=\"parser-list-item\"><span class=\"parser-list-item-name\">虔信值 10+</span><span class=\"parser-list-item-eng-name\">Piety 10+</span><span class=\"parser-list-item-entry\">锤子获得1个随机确定的{{@table|神器词条; 次要增益词条|DMG|弱效增益}}属性。</span></li><li class=\"parser-list-item\"><span class=\"parser-list-item-name\">虔信值 25+</span><span class=\"parser-list-item-eng-name\">Piety 25+</span><span class=\"parser-list-item-entry\">这把神锤拥有1个随机确定的{{@table|神器词条; 主要增益词条|DMG|强效增益}}属性。</span></li><li class=\"parser-list-item\"><span class=\"parser-list-item-name\">虔信值 50+</span><span class=\"parser-list-item-eng-name\">Piety 50+</span><span class=\"parser-list-item-entry\">这把神锤拥有1项额外的随机确定的{{@table|神器词条; 主要增益词条|DMG|强效增益}}属性。</span></li></ul>如果你不是普罗烽斯的崇拜者，锤子获得2个随机确定的{{@table|神器词条; 次要减益词条|DMG|弱效减益}}属性。关于随机属性详见城主指南第七章\"神器\"。</div></div>\n<div class=\"parser-entries\"><div class=\"parser-entries-name\">重铸</div><div class=\"parser-entries-eng-name\">Reforged</div><div class=\"parser-entries-content\">在持有锤子的时候，你对火焰伤害有抗性并且免疫{{@condition|力竭}}。此外，你获得{{@item|铁匠工具|PHB}}的熟练项，并在使用铁匠工具进行的所有属性检定中拥有优势。</div></div>\n<div class=\"parser-entries\"><div class=\"parser-entries-name\">法术</div><div class=\"parser-entries-eng-name\">Spells</div><div class=\"parser-entries-content\">当锤子在你身上的时候，你可以用一个动作来施放下列法术之一（豁免{{@dc|18}}）：{{@spell|活化物件}}、{{@spell|灼热金属}}、{{@spell|鬼斧神工}}、{{@spell|魔法武器}}、{{@spell|修复术}}、{{@spell|粉碎音波}}。一旦你使用锤子施展了某个法术，在下一个黄昏之前，不能再利用它施展该法术。</div></div>\n<div class=\"parser-entries\"><div class=\"parser-entries-name\">摧毁战锤</div><div class=\"parser-entries-eng-name\">Destroying the Hammer</div><div class=\"parser-entries-content\">要摧毁锤子，必须把它带到冥界的提泽拉司境。在那里，它必须被涂上来自惩罚泥沼的淤泥。锤子的热力会使淤泥变硬，一个月后淤泥就会与锤子融为一体。一旦完全硬化，淤泥覆盖的锤子必须被克拉肯吞下并消化。</div></div>"
  },
  "en": {
    "name": "Akmon, Hammer of Purphoros",
    "entries": [
      "Purphoros's hammer works wonders and disasters, the god of the forge using it to craft ground-breaking marvels and dangerous inventions in equal measure. Purphoros rarely bestows Akmon on mortals but occasionally leaves it unattended at his forge in Mount Velus. When Purphoros does permit a mortal to use the hammer, it's usually so they might bring an important work into being, wreck a force of destruction, or forge something remarkable somewhere the god isn't welcome.",
      {
        "type": "entries",
        "name": "Hammer of the Forge",
        "entries": [
          "This magic warhammer grants a +3 bonus to attack and damage rolls made with it. When you hit with an attack using it, the target takes an extra {@damage 3d10} fire damage."
        ]
      },
      {
        "type": "entries",
        "name": "Blessing of the Forge",
        "entries": [
          "If you are a worshiper of Purphoros, you gain all the following benefits for which you have the required piety:",
          {
            "type": "list",
            "style": "list-hang-notitle",
            "items": [
              {
                "type": "item",
                "name": "Piety 10+",
                "entry": "The hammer has 1 randomly determined {@table Artifact Properties; Minor Beneficial Properties|dmg|minor beneficial} property."
              },
              {
                "type": "item",
                "name": "Piety 25+",
                "entry": "The hammer has 1 randomly determined {@table Artifact Properties; Major Beneficial Properties|dmg|major beneficial} property."
              },
              {
                "type": "item",
                "name": "Piety 50+",
                "entry": "The hammer has 1 additional randomly determined {@table Artifact Properties; Major Beneficial Properties|dmg|major beneficial} property."
              }
            ]
          },
          "If you aren't a worshiper of Purphoros, the hammer has 2 randomly determined {@table Artifact Properties; Minor Detrimental Properties|dmg|minor detrimental} properties.",
          "See \"Artifacts\" in chapter 7 of the Dungeon Master's Guide for details on randomly determined properties."
        ]
      },
      {
        "type": "entries",
        "name": "Reforged",
        "entries": [
          "While holding the hammer, you have resistance to fire damage and are immune to {@condition exhaustion}. Additionally, you have proficiency with {@item smith's tools|PHB} and have advantage on all ability checks made using them."
        ]
      },
      {
        "type": "entries",
        "name": "Spells",
        "entries": [
          "While the hammer is on your person, you can use an action to cast one of the following spells (save {@dc 18}): {@spell animate objects}, {@spell heat metal}, {@spell fabricate}, {@spell magic weapon}, {@spell mending}, {@spell shatter}. Once you use the hammer to cast a spell, the spell can't be cast again from it until the next dusk."
        ]
      },
      {
        "type": "entries",
        "name": "Destroying the Hammer",
        "entries": [
          "To destroy the hammer, it must be taken to the realm of Tizerus, in the Underworld. There it must be coated in clay from the Mire of Punishment. The heat of the hammer hardens the clay, which fuses to it after one month. Once fully hardened, the clay-covered hammer must be swallowed and digested by a kraken."
        ]
      }
    ],
    "html": "Purphoros's hammer works wonders and disasters, the god of the forge using it to craft ground-breaking marvels and dangerous inventions in equal measure. Purphoros rarely bestows Akmon on mortals but occasionally leaves it unattended at his forge in Mount Velus. When Purphoros does permit a mortal to use the hammer, it's usually so they might bring an important work into being, wreck a force of destruction, or forge something remarkable somewhere the god isn't welcome.\n<div class=\"parser-entries\"><div class=\"parser-entries-name\">Hammer of the Forge</div><div class=\"parser-entries-content\">This magic warhammer grants a +3 bonus to attack and damage rolls made with it. When you hit with an attack using it, the target takes an extra {{@damage|3d10}} fire damage.</div></div>\n<div class=\"parser-entries\"><div class=\"parser-entries-name\">Blessing of the Forge</div><div class=\"parser-entries-content\">If you are a worshiper of Purphoros, you gain all the following benefits for which you have the required piety:<ul class=\"parser-list parser-list-list-hang-notitle\"><li class=\"parser-list-item\"><span class=\"parser-list-item-name\">Piety 10+</span><span class=\"parser-list-item-entry\">The hammer has 1 randomly determined {{@table|Artifact Properties; Minor Beneficial Properties|dmg|minor beneficial}} property.</span></li><li class=\"parser-list-item\"><span class=\"parser-list-item-name\">Piety 25+</span><span class=\"parser-list-item-entry\">The hammer has 1 randomly determined {{@table|Artifact Properties; Major Beneficial Properties|dmg|major beneficial}} property.</span></li><li class=\"parser-list-item\"><span class=\"parser-list-item-name\">Piety 50+</span><span class=\"parser-list-item-entry\">The hammer has 1 additional randomly determined {{@table|Artifact Properties; Major Beneficial Properties|dmg|major beneficial}} property.</span></li></ul>If you aren't a worshiper of Purphoros, the hammer has 2 randomly determined {{@table|Artifact Properties; Minor Detrimental Properties|dmg|minor detrimental}} properties.See \"Artifacts\" in chapter 7 of the Dungeon Master's Guide for details on randomly determined properties.</div></div>\n<div class=\"parser-entries\"><div class=\"parser-entries-name\">Reforged</div><div class=\"parser-entries-content\">While holding the hammer, you have resistance to fire damage and are immune to {{@condition|exhaustion}}. Additionally, you have proficiency with {{@item|smith's tools|PHB}} and have advantage on all ability checks made using them.</div></div>\n<div class=\"parser-entries\"><div class=\"parser-entries-name\">Spells</div><div class=\"parser-entries-content\">While the hammer is on your person, you can use an action to cast one of the following spells (save {{@dc|18}}): {{@spell|animate objects}}, {{@spell|heat metal}}, {{@spell|fabricate}}, {{@spell|magic weapon}}, {{@spell|mending}}, {{@spell|shatter}}. Once you use the hammer to cast a spell, the spell can't be cast again from it until the next dusk.</div></div>\n<div class=\"parser-entries\"><div class=\"parser-entries-name\">Destroying the Hammer</div><div class=\"parser-entries-content\">To destroy the hammer, it must be taken to the realm of Tizerus, in the Underworld. There it must be coated in clay from the Mire of Punishment. The heat of the hammer hardens the clay, which fuses to it after one month. Once fully hardened, the clay-covered hammer must be swallowed and digested by a kraken.</div></div>"
  },
  "bonus": {
    "weapon": 3
  }
}