{
  "dataType": "item",
  "uid": "item_Alchemist's Supplies|PHB ",
  "id": "Alchemist's Supplies|PHB",
  "weight": 8,
  "value": 5000,
  "rarity": "none",
  "isBaseItem": false,
  "baseItem": "",
  "displayName": {
    "zh": "炼金工具",
    "en": "Alchemist's Supplies"
  },
  "mainSource": {
    "source": "PHB",
    "page": 154
  },
  "allSources": [
    {
      "source": "PHB",
      "page": 154
    },
    {
      "source": "XGE",
      "page": 79
    },
    {
      "source": "XPHB",
      "page": 0
    }
  ],
  "relatedVersions": [
    "Alchemist's Supplies|XPHB"
  ],
  "zh": {
    "name": "炼金工具",
    "entries": [],
    "html": ""
  },
  "en": {
    "name": "Alchemist's Supplies",
    "entries": [],
    "html": ""
  },
  "bonus": {}
}