{
  "dataType": "item",
  "uid": "item_Alchemist's Fire (flask)|PHB ",
  "id": "Alchemist's Fire (flask)|PHB",
  "weight": 1,
  "value": 5000,
  "rarity": "none",
  "isBaseItem": false,
  "baseItem": "",
  "displayName": {
    "zh": "炽火胶(扁瓶装)",
    "en": "Alchemist's Fire (flask)"
  },
  "mainSource": {
    "source": "PHB",
    "page": 148
  },
  "allSources": [
    {
      "source": "PHB",
      "page": 148
    },
    {
      "source": "XPHB",
      "page": 0
    }
  ],
  "relatedVersions": [
    "Alchemist's Fire|XPHB"
  ],
  "zh": {
    "name": "炽火胶(扁瓶装)",
    "entries": [
      "这种粘稠的流体一旦接触空气就会引起自燃。你可以用一个动作将这瓶液体投到至多20尺远的地方，并利用冲击打破它。这个动作视为对一个生物或物件发动一次远程攻击，并将炽火胶视为一件临时武器。命中时，目标在它每回合开始时受到{@damage 1d4}点火焰伤害。被命中生物可以使用动作进行一次{@dc 10}的敏捷检定来熄灭火焰。"
    ],
    "html": "这种粘稠的流体一旦接触空气就会引起自燃。你可以用一个动作将这瓶液体投到至多20尺远的地方，并利用冲击打破它。这个动作视为对一个生物或物件发动一次远程攻击，并将炽火胶视为一件临时武器。命中时，目标在它每回合开始时受到{{@damage|1d4}}点火焰伤害。被命中生物可以使用动作进行一次{{@dc|10}}的敏捷检定来熄灭火焰。"
  },
  "en": {
    "name": "Alchemist's Fire (flask)",
    "entries": [
      "This sticky, adhesive fluid ignites when exposed to air. As an action, you can throw this flask up to 20 feet, shattering it on impact. Make a ranged attack against a creature or object, treating the alchemist's fire as an improvised weapon. On a hit, the target takes {@damage 1d4} fire damage at the start of each of its turns. A creature can end this damage by using its action to make a {@dc 10} Dexterity check to extinguish the flames."
    ],
    "html": "This sticky, adhesive fluid ignites when exposed to air. As an action, you can throw this flask up to 20 feet, shattering it on impact. Make a ranged attack against a creature or object, treating the alchemist's fire as an improvised weapon. On a hit, the target takes {{@damage|1d4}} fire damage at the start of each of its turns. A creature can end this damage by using its action to make a {{@dc|10}} Dexterity check to extinguish the flames."
  },
  "bonus": {}
}