{
  "dataType": "item",
  "uid": "item_Alchemy Jug|XDMG ",
  "id": "Alchemy Jug|XDMG",
  "weight": 12,
  "rarity": "uncommon",
  "isBaseItem": false,
  "baseItem": "",
  "displayName": {
    "zh": "炼金壶",
    "en": "Alchemy Jug"
  },
  "mainSource": {
    "source": "XDMG",
    "page": 227
  },
  "allSources": [
    {
      "source": "XDMG",
      "page": 227
    }
  ],
  "relatedVersions": [
    "Alchemy Jug|DMG"
  ],
  "zh": {
    "name": "炼金壶",
    "entries": [
      "这个陶瓷壶看起来能装下一加仑的液体，无论满是空，重量都是12磅。即使壶是空的，摇晃时也会发出液体的声音。",
      "你可以采取一个{@action 魔法|XPHB}动作，并从炼金术壶液体表中指定一种液体，使壶产出所选的液体。之后，你可以作为一个{@action 操作|XPHB}动作拔掉壶塞并将液体倒出，每分钟最多2加仑。壶能产出的液体最大量取决于你指定的液体。",
      "一旦此壶开始生成液体，直到次日黎明前，它生成的液体无法超过其最大产量的液体或是产生另一种液体。",
      {
        "type": "table",
        "caption": "炼金壶液体",
        "colStyles": [
          "col-6",
          "col-6"
        ],
        "colLabels": [
          "液体",
          "最大数量"
        ],
        "rows": [
          [
            "强酸",
            "8盎司"
          ],
          [
            "基础毒药",
            "4盎司"
          ],
          [
            "啤酒",
            "4加仑"
          ],
          [
            "蜂蜜",
            "1加仑"
          ],
          [
            "蛋黄酱",
            "2加仑"
          ],
          [
            "燃油",
            "1夸脱"
          ],
          [
            "醋",
            "2加仑"
          ],
          [
            "淡水",
            "8加仑"
          ],
          [
            "盐水",
            "12加仑"
          ],
          [
            "红酒",
            "1加仑"
          ]
        ]
      }
    ],
    "html": "这个陶瓷壶看起来能装下一加仑的液体，无论满是空，重量都是12磅。即使壶是空的，摇晃时也会发出液体的声音。\n你可以采取一个{{@action|魔法|XPHB}}动作，并从炼金术壶液体表中指定一种液体，使壶产出所选的液体。之后，你可以作为一个{{@action|操作|XPHB}}动作拔掉壶塞并将液体倒出，每分钟最多2加仑。壶能产出的液体最大量取决于你指定的液体。\n一旦此壶开始生成液体，直到次日黎明前，它生成的液体无法超过其最大产量的液体或是产生另一种液体。\n<table class=\"wiki-table\"><caption>炼金壶液体</caption><tr><th class=\"parser-col-6\">液体</th><th class=\"parser-col-6\">最大数量</th></tr><tr><td class=\"parser-col-6\">强酸</td><td class=\"parser-col-6\">8盎司</td></tr><tr><td class=\"parser-col-6\">基础毒药</td><td class=\"parser-col-6\">4盎司</td></tr><tr><td class=\"parser-col-6\">啤酒</td><td class=\"parser-col-6\">4加仑</td></tr><tr><td class=\"parser-col-6\">蜂蜜</td><td class=\"parser-col-6\">1加仑</td></tr><tr><td class=\"parser-col-6\">蛋黄酱</td><td class=\"parser-col-6\">2加仑</td></tr><tr><td class=\"parser-col-6\">燃油</td><td class=\"parser-col-6\">1夸脱</td></tr><tr><td class=\"parser-col-6\">醋</td><td class=\"parser-col-6\">2加仑</td></tr><tr><td class=\"parser-col-6\">淡水</td><td class=\"parser-col-6\">8加仑</td></tr><tr><td class=\"parser-col-6\">盐水</td><td class=\"parser-col-6\">12加仑</td></tr><tr><td class=\"parser-col-6\">红酒</td><td class=\"parser-col-6\">1加仑</td></tr></table>"
  },
  "en": {
    "name": "Alchemy Jug",
    "entries": [
      "This ceramic jug appears to be able to hold a gallon of liquid and weighs 12 pounds whether full or empty. The jug sloshes when it is shaken, even if the jug is empty.",
      "You can take a {@action Magic|XPHB} action and name one liquid from the Alchemy Jug Liquids table to cause the jug to produce the chosen liquid. Afterward, you can uncork the jug as a {@action Utilize|XPHB} action and pour that liquid out, up to 2 gallons per minute. The maximum amount of liquid the jug can produce depends on the liquid you named.",
      "Once the jug starts producing a liquid, it can't produce a different one, or more of one that has reached its maximum, until the next dawn.",
      {
        "type": "table",
        "caption": "Alchemy Jug Liquids",
        "colStyles": [
          "col-6",
          "col-6"
        ],
        "colLabels": [
          "Liquid",
          "Max. Amount"
        ],
        "rows": [
          [
            "Acid",
            "8 ounces"
          ],
          [
            "Basic Poison",
            "4 ounces"
          ],
          [
            "Beer",
            "4 gallons"
          ],
          [
            "Honey",
            "1 gallon"
          ],
          [
            "Mayonnaise",
            "2 gallons"
          ],
          [
            "Oil",
            "1 quart"
          ],
          [
            "Vinegar",
            "2 gallons"
          ],
          [
            "Water, fresh",
            "8 gallons"
          ],
          [
            "Water, salt",
            "12 gallons"
          ],
          [
            "Wine",
            "1 gallon"
          ]
        ]
      }
    ],
    "html": "This ceramic jug appears to be able to hold a gallon of liquid and weighs 12 pounds whether full or empty. The jug sloshes when it is shaken, even if the jug is empty.\nYou can take a {{@action|Magic|XPHB}} action and name one liquid from the Alchemy Jug Liquids table to cause the jug to produce the chosen liquid. Afterward, you can uncork the jug as a {{@action|Utilize|XPHB}} action and pour that liquid out, up to 2 gallons per minute. The maximum amount of liquid the jug can produce depends on the liquid you named.\nOnce the jug starts producing a liquid, it can't produce a different one, or more of one that has reached its maximum, until the next dawn.\n<table class=\"wiki-table\"><caption>Alchemy Jug Liquids</caption><tr><th class=\"parser-col-6\">Liquid</th><th class=\"parser-col-6\">Max. Amount</th></tr><tr><td class=\"parser-col-6\">Acid</td><td class=\"parser-col-6\">8 ounces</td></tr><tr><td class=\"parser-col-6\">Basic Poison</td><td class=\"parser-col-6\">4 ounces</td></tr><tr><td class=\"parser-col-6\">Beer</td><td class=\"parser-col-6\">4 gallons</td></tr><tr><td class=\"parser-col-6\">Honey</td><td class=\"parser-col-6\">1 gallon</td></tr><tr><td class=\"parser-col-6\">Mayonnaise</td><td class=\"parser-col-6\">2 gallons</td></tr><tr><td class=\"parser-col-6\">Oil</td><td class=\"parser-col-6\">1 quart</td></tr><tr><td class=\"parser-col-6\">Vinegar</td><td class=\"parser-col-6\">2 gallons</td></tr><tr><td class=\"parser-col-6\">Water, fresh</td><td class=\"parser-col-6\">8 gallons</td></tr><tr><td class=\"parser-col-6\">Water, salt</td><td class=\"parser-col-6\">12 gallons</td></tr><tr><td class=\"parser-col-6\">Wine</td><td class=\"parser-col-6\">1 gallon</td></tr></table>"
  },
  "bonus": {}
}