{
  "dataType": "item",
  "uid": "item_Alchemy Jug|DMG ",
  "id": "Alchemy Jug|DMG",
  "weight": 12,
  "rarity": "uncommon",
  "isBaseItem": false,
  "baseItem": "",
  "displayName": {
    "zh": "炼金壶",
    "en": "Alchemy Jug"
  },
  "mainSource": {
    "source": "DMG",
    "page": 150
  },
  "allSources": [
    {
      "source": "DMG",
      "page": 150
    },
    {
      "source": "XDMG",
      "page": 0
    }
  ],
  "relatedVersions": [
    "Alchemy Jug|XDMG"
  ],
  "zh": {
    "name": "炼金壶",
    "entries": [
      "这种陶制壶看起来可以承装1加仑的液体，但无论壶中是空还是满，其重量都是12磅。不论壶内有没有液体，摇动它时也依然会发出液体晃动的声音。",
      "你可以用一个动作并指定下表列出液体中的一种，使这个壶产出所选的液体。之后，你可以用一个动作拔出壶塞并倒出该液体，速度可达每分钟2加仑。壶能产出的最大液量取决于你指定的液体类型。",
      "一旦此壶开始生成液体，直到次日黎明前，它生成的液体无法超过其最大产量的液体或是产生另一种液体。",
      {
        "type": "table",
        "colLabels": [
          "液体",
          "最大数量"
        ],
        "colStyles": [
          "col-2",
          "col-10"
        ],
        "rows": [
          [
            "强酸",
            "8盎司"
          ],
          [
            "基础毒药",
            "½盎司"
          ],
          [
            "啤酒",
            "4加仑"
          ],
          [
            "蜂蜜",
            "1加仑"
          ],
          [
            "蛋黄酱",
            "2加仑"
          ],
          [
            "燃油",
            "1夸脱"
          ],
          [
            "醋",
            "2加仑"
          ],
          [
            "淡水",
            "8加仑"
          ],
          [
            "盐水",
            "12加仑"
          ],
          [
            "红酒",
            "1加仑"
          ]
        ]
      }
    ],
    "html": "这种陶制壶看起来可以承装1加仑的液体，但无论壶中是空还是满，其重量都是12磅。不论壶内有没有液体，摇动它时也依然会发出液体晃动的声音。\n你可以用一个动作并指定下表列出液体中的一种，使这个壶产出所选的液体。之后，你可以用一个动作拔出壶塞并倒出该液体，速度可达每分钟2加仑。壶能产出的最大液量取决于你指定的液体类型。\n一旦此壶开始生成液体，直到次日黎明前，它生成的液体无法超过其最大产量的液体或是产生另一种液体。\n<table class=\"wiki-table\"><tr><th class=\"parser-col-2\">液体</th><th class=\"parser-col-10\">最大数量</th></tr><tr><td class=\"parser-col-2\">强酸</td><td class=\"parser-col-10\">8盎司</td></tr><tr><td class=\"parser-col-2\">基础毒药</td><td class=\"parser-col-10\">½盎司</td></tr><tr><td class=\"parser-col-2\">啤酒</td><td class=\"parser-col-10\">4加仑</td></tr><tr><td class=\"parser-col-2\">蜂蜜</td><td class=\"parser-col-10\">1加仑</td></tr><tr><td class=\"parser-col-2\">蛋黄酱</td><td class=\"parser-col-10\">2加仑</td></tr><tr><td class=\"parser-col-2\">燃油</td><td class=\"parser-col-10\">1夸脱</td></tr><tr><td class=\"parser-col-2\">醋</td><td class=\"parser-col-10\">2加仑</td></tr><tr><td class=\"parser-col-2\">淡水</td><td class=\"parser-col-10\">8加仑</td></tr><tr><td class=\"parser-col-2\">盐水</td><td class=\"parser-col-10\">12加仑</td></tr><tr><td class=\"parser-col-2\">红酒</td><td class=\"parser-col-10\">1加仑</td></tr></table>"
  },
  "en": {
    "name": "Alchemy Jug",
    "entries": [
      "This ceramic jug appears to be able to hold a gallon of liquid and weighs 12 pounds whether full or empty. Sloshing sounds can be heard from within the jug when it is shaken, even if the jug is empty.",
      "You can use an action and name one liquid from the table below to cause the jug to produce the chosen liquid. Afterward, you can uncork the jug as an action and pour that liquid out, up to 2 gallons per minute. The maximum amount of liquid the jug can produce depends on the liquid you named.",
      "Once the jug starts producing a liquid, it can't produce a different one, or more of one that has reached its maximum, until the next dawn.",
      {
        "type": "table",
        "colLabels": [
          "Liquid",
          "Max Amount"
        ],
        "colStyles": [
          "col-2",
          "col-10"
        ],
        "rows": [
          [
            "Acid",
            "8 ounces"
          ],
          [
            "Basic poison",
            "½ ounce"
          ],
          [
            "Beer",
            "4 gallons"
          ],
          [
            "Honey",
            "1 gallon"
          ],
          [
            "Mayonnaise",
            "2 gallons"
          ],
          [
            "Oil",
            "1 quart"
          ],
          [
            "Vinegar",
            "2 gallons"
          ],
          [
            "Water, fresh",
            "8 gallons"
          ],
          [
            "Water, salt",
            "12 gallons"
          ],
          [
            "Wine",
            "1 gallon"
          ]
        ]
      }
    ],
    "html": "This ceramic jug appears to be able to hold a gallon of liquid and weighs 12 pounds whether full or empty. Sloshing sounds can be heard from within the jug when it is shaken, even if the jug is empty.\nYou can use an action and name one liquid from the table below to cause the jug to produce the chosen liquid. Afterward, you can uncork the jug as an action and pour that liquid out, up to 2 gallons per minute. The maximum amount of liquid the jug can produce depends on the liquid you named.\nOnce the jug starts producing a liquid, it can't produce a different one, or more of one that has reached its maximum, until the next dawn.\n<table class=\"wiki-table\"><tr><th class=\"parser-col-2\">Liquid</th><th class=\"parser-col-10\">Max Amount</th></tr><tr><td class=\"parser-col-2\">Acid</td><td class=\"parser-col-10\">8 ounces</td></tr><tr><td class=\"parser-col-2\">Basic poison</td><td class=\"parser-col-10\">½ ounce</td></tr><tr><td class=\"parser-col-2\">Beer</td><td class=\"parser-col-10\">4 gallons</td></tr><tr><td class=\"parser-col-2\">Honey</td><td class=\"parser-col-10\">1 gallon</td></tr><tr><td class=\"parser-col-2\">Mayonnaise</td><td class=\"parser-col-10\">2 gallons</td></tr><tr><td class=\"parser-col-2\">Oil</td><td class=\"parser-col-10\">1 quart</td></tr><tr><td class=\"parser-col-2\">Vinegar</td><td class=\"parser-col-10\">2 gallons</td></tr><tr><td class=\"parser-col-2\">Water, fresh</td><td class=\"parser-col-10\">8 gallons</td></tr><tr><td class=\"parser-col-2\">Water, salt</td><td class=\"parser-col-10\">12 gallons</td></tr><tr><td class=\"parser-col-2\">Wine</td><td class=\"parser-col-10\">1 gallon</td></tr></table>"
  },
  "bonus": {}
}