{
  "dataType": "item",
  "uid": "item_Alchemist's Supplies|XPHB ",
  "id": "Alchemist's Supplies|XPHB",
  "weight": 8,
  "value": 5000,
  "rarity": "none",
  "isBaseItem": false,
  "baseItem": "",
  "displayName": {
    "zh": "炼金工具",
    "en": "Alchemist's Supplies"
  },
  "mainSource": {
    "source": "XPHB",
    "page": 220
  },
  "allSources": [
    {
      "source": "XPHB",
      "page": 220
    }
  ],
  "relatedVersions": [
    "Alchemist's Supplies|PHB"
  ],
  "zh": {
    "name": "炼金工具",
    "entries": [
      {
        "type": "list",
        "style": "list-hang-notitle",
        "items": [
          {
            "ENG_name": "Ability:",
            "name": "属性：",
            "type": "item",
            "entries": [
              "智力"
            ]
          },
          {
            "ENG_name": "Utilize:",
            "name": "操作：",
            "type": "item",
            "entries": [
              "辨析一种物质（{@dc 15}），或生起一场火（{@dc 15}）"
            ]
          },
          {
            "ENG_name": "Craft:",
            "name": "制造：",
            "type": "item",
            "entries": [
              "{@item 强酸|XPHB}, {@item 炽火胶|XPHB}, {@item 材料包|XPHB}, {@item 燃油|XPHB}, {@item 纸张|XPHB}, {@item 香水|XPHB}"
            ]
          }
        ]
      }
    ],
    "html": "<ul class=\"parser-list parser-list-list-hang-notitle\"><li class=\"parser-list-item\"><span class=\"parser-list-item-name\">属性：</span><span class=\"parser-list-item-eng-name\">Ability:</span><div class=\"parser-list-item-entries\">智力</div></li><li class=\"parser-list-item\"><span class=\"parser-list-item-name\">操作：</span><span class=\"parser-list-item-eng-name\">Utilize:</span><div class=\"parser-list-item-entries\">辨析一种物质（{{@dc|15}}），或生起一场火（{{@dc|15}}）</div></li><li class=\"parser-list-item\"><span class=\"parser-list-item-name\">制造：</span><span class=\"parser-list-item-eng-name\">Craft:</span><div class=\"parser-list-item-entries\">{{@item|强酸|XPHB}}, {{@item|炽火胶|XPHB}}, {{@item|材料包|XPHB}}, {{@item|燃油|XPHB}}, {{@item|纸张|XPHB}}, {{@item|香水|XPHB}}</div></li></ul>"
  },
  "en": {
    "name": "Alchemist's Supplies",
    "entries": [
      {
        "type": "list",
        "style": "list-hang-notitle",
        "items": [
          {
            "name": "Ability:",
            "type": "item",
            "entries": [
              "Intelligence"
            ]
          },
          {
            "name": "Utilize:",
            "type": "item",
            "entries": [
              "Identify a substance ({@dc 15}), or start a fire ({@dc 15})"
            ]
          },
          {
            "name": "Craft:",
            "type": "item",
            "entries": [
              "{@item Acid|XPHB}, {@item Alchemist's Fire|XPHB}, {@item Component Pouch|XPHB}, {@item Oil|XPHB}, {@item Paper|XPHB}, {@item Perfume|XPHB}"
            ]
          }
        ]
      }
    ],
    "html": "<ul class=\"parser-list parser-list-list-hang-notitle\"><li class=\"parser-list-item\"><span class=\"parser-list-item-name\">Ability:</span><div class=\"parser-list-item-entries\">Intelligence</div></li><li class=\"parser-list-item\"><span class=\"parser-list-item-name\">Utilize:</span><div class=\"parser-list-item-entries\">Identify a substance ({{@dc|15}}), or start a fire ({{@dc|15}})</div></li><li class=\"parser-list-item\"><span class=\"parser-list-item-name\">Craft:</span><div class=\"parser-list-item-entries\">{{@item|Acid|XPHB}}, {{@item|Alchemist's Fire|XPHB}}, {{@item|Component Pouch|XPHB}}, {{@item|Oil|XPHB}}, {{@item|Paper|XPHB}}, {{@item|Perfume|XPHB}}</div></li></ul>"
  },
  "bonus": {}
}