{
  "dataType": "item",
  "uid": "item_Ale (mug)|PHB ",
  "id": "Ale (mug)|PHB",
  "value": 4,
  "rarity": "none",
  "isBaseItem": false,
  "baseItem": "",
  "displayName": {
    "zh": "麦酒（一马克杯）",
    "en": "Ale (mug)"
  },
  "mainSource": {
    "source": "PHB",
    "page": 158
  },
  "allSources": [
    {
      "source": "PHB",
      "page": 158
    },
    {
      "source": "XPHB",
      "page": 0
    }
  ],
  "relatedVersions": [
    "Ale (mug)|XPHB"
  ],
  "zh": {
    "name": "麦酒（一马克杯）",
    "entries": [],
    "html": ""
  },
  "en": {
    "name": "Ale (mug)",
    "entries": [],
    "html": ""
  },
  "bonus": {}
}