{
  "dataType": "item",
  "uid": "item_Ale (gallon)|PHB ",
  "id": "Ale (gallon)|PHB",
  "value": 20,
  "rarity": "none",
  "isBaseItem": false,
  "baseItem": "",
  "displayName": {
    "zh": "麦酒（一加仑）",
    "en": "Ale (gallon)"
  },
  "mainSource": {
    "source": "PHB",
    "page": 158
  },
  "allSources": [
    {
      "source": "PHB",
      "page": 158
    }
  ],
  "zh": {
    "name": "麦酒（一加仑）",
    "entries": [],
    "html": ""
  },
  "en": {
    "name": "Ale (gallon)",
    "entries": [],
    "html": ""
  },
  "bonus": {}
}