{
  "dataType": "item",
  "uid": "item_Amethyst|DMG ",
  "id": "Amethyst|DMG",
  "value": 10000,
  "rarity": "none",
  "isBaseItem": false,
  "baseItem": "",
  "displayName": {
    "zh": "紫晶",
    "en": "Amethyst"
  },
  "mainSource": {
    "source": "DMG",
    "page": 134
  },
  "allSources": [
    {
      "source": "DMG",
      "page": 134
    },
    {
      "source": "XDMG",
      "page": 0
    }
  ],
  "relatedVersions": [
    "Amethyst|XDMG"
  ],
  "zh": {
    "name": "紫晶",
    "entries": [
      "一种透明的深紫色宝石。"
    ],
    "html": "一种透明的深紫色宝石。"
  },
  "en": {
    "name": "Amethyst",
    "entries": [
      "A transparent deep purple gemstone."
    ],
    "html": "A transparent deep purple gemstone."
  },
  "bonus": {}
}