{
  "dataType": "item",
  "uid": "item_Amethyst|XDMG ",
  "id": "Amethyst|XDMG",
  "value": 10000,
  "rarity": "none",
  "isBaseItem": false,
  "baseItem": "",
  "displayName": {
    "zh": "紫晶",
    "en": "Amethyst"
  },
  "mainSource": {
    "source": "XDMG",
    "page": 214
  },
  "allSources": [
    {
      "source": "XDMG",
      "page": 214
    }
  ],
  "relatedVersions": [
    "Amethyst|DMG"
  ],
  "zh": {
    "name": "紫晶",
    "entries": [
      "一颗深紫色的宝石。"
    ],
    "html": "一颗深紫色的宝石。"
  },
  "en": {
    "name": "Amethyst",
    "entries": [
      "A deep purple gemstone."
    ],
    "html": "A deep purple gemstone."
  },
  "bonus": {}
}