{
  "dataType": "item",
  "uid": "item_Amethyst Lodestone|FTD ",
  "id": "Amethyst Lodestone|FTD",
  "rarity": "very rare",
  "isBaseItem": false,
  "baseItem": "",
  "displayName": {
    "zh": "紫水晶磁石",
    "en": "Amethyst Lodestone"
  },
  "mainSource": {
    "source": "FTD",
    "page": 22
  },
  "allSources": [
    {
      "source": "FTD",
      "page": 22
    }
  ],
  "zh": {
    "name": "紫水晶磁石",
    "entries": [
      "这块拳头大小的紫水晶被注入了紫水晶龙扭曲引力的能力。当你持用这块磁石时，你在力量豁免上具有优势。",
      "磁石有 6发充能，当你持用这块磁石时可以消耗充能使用以下特性。磁石在每日黎明时恢复{@dice 1d6}发充能。",
      {
        "ENG_name": "Flight",
        "name": "飞行",
        "type": "entries",
        "entries": [
          "以一个附赠动作，你可以消耗1发充能在十分钟内获得飞行的能力。在此期间你获得等同于你的步行速度的飞行速度，并且可以悬浮。"
        ]
      },
      {
        "ENG_name": "Gravitational Thrust",
        "name": "引力猛推",
        "type": "entries",
        "entries": [
          "以一个动作，你可以消耗一发充能将重力集中在60尺内一个你能看到的生物周围。目标必须通过一个{@dc 18}的力量豁免，否则朝你选择的方向被推出20尺。"
        ]
      },
      {
        "ENG_name": "Reverse Gravity",
        "name": "反转重力",
        "type": "entries",
        "entries": [
          "以一个动作，你可以消耗3发充能通过磁石施放{@spell 反转重力}（豁免{@dc 18}）。"
        ]
      }
    ],
    "html": "这块拳头大小的紫水晶被注入了紫水晶龙扭曲引力的能力。当你持用这块磁石时，你在力量豁免上具有优势。\n磁石有 6发充能，当你持用这块磁石时可以消耗充能使用以下特性。磁石在每日黎明时恢复{{@dice|1d6}}发充能。\n<div class=\"parser-entries\"><div class=\"parser-entries-name\">飞行</div><div class=\"parser-entries-eng-name\">Flight</div><div class=\"parser-entries-content\">以一个附赠动作，你可以消耗1发充能在十分钟内获得飞行的能力。在此期间你获得等同于你的步行速度的飞行速度，并且可以悬浮。</div></div>\n<div class=\"parser-entries\"><div class=\"parser-entries-name\">引力猛推</div><div class=\"parser-entries-eng-name\">Gravitational Thrust</div><div class=\"parser-entries-content\">以一个动作，你可以消耗一发充能将重力集中在60尺内一个你能看到的生物周围。目标必须通过一个{{@dc|18}}的力量豁免，否则朝你选择的方向被推出20尺。</div></div>\n<div class=\"parser-entries\"><div class=\"parser-entries-name\">反转重力</div><div class=\"parser-entries-eng-name\">Reverse Gravity</div><div class=\"parser-entries-content\">以一个动作，你可以消耗3发充能通过磁石施放{{@spell|反转重力}}（豁免{{@dc|18}}）。</div></div>"
  },
  "en": {
    "name": "Amethyst Lodestone",
    "entries": [
      "This fist-sized chunk of amethyst is infused with an amethyst dragon's ability to bend gravitational forces. While you are carrying the lodestone, you have advantage on Strength saving throws.",
      "The lodestone has 6 charges for the following properties, which you can use while you are holding the stone. The stone regains {@dice 1d6} expended charges daily at dawn.",
      {
        "type": "entries",
        "name": "Flight",
        "entries": [
          "As a bonus action, you can expend 1 charge to gain the power of flight for 10 minutes. For the duration, you gain a flying speed equal to your walking speed, and you can hover."
        ]
      },
      {
        "type": "entries",
        "name": "Gravitational Thrust",
        "entries": [
          "As an action, you can expend 1 charge to focus gravity around a creature you can see within 60 feet of you. The target must succeed on a {@dc 18} Strength saving throw or be pushed up to 20 feet in a direction of your choice."
        ]
      },
      {
        "type": "entries",
        "name": "Reverse Gravity",
        "entries": [
          "As an action, you can expend 3 charges to cast {@spell reverse gravity} from the stone (save {@dc 18})."
        ]
      }
    ],
    "html": "This fist-sized chunk of amethyst is infused with an amethyst dragon's ability to bend gravitational forces. While you are carrying the lodestone, you have advantage on Strength saving throws.\nThe lodestone has 6 charges for the following properties, which you can use while you are holding the stone. The stone regains {{@dice|1d6}} expended charges daily at dawn.\n<div class=\"parser-entries\"><div class=\"parser-entries-name\">Flight</div><div class=\"parser-entries-content\">As a bonus action, you can expend 1 charge to gain the power of flight for 10 minutes. For the duration, you gain a flying speed equal to your walking speed, and you can hover.</div></div>\n<div class=\"parser-entries\"><div class=\"parser-entries-name\">Gravitational Thrust</div><div class=\"parser-entries-content\">As an action, you can expend 1 charge to focus gravity around a creature you can see within 60 feet of you. The target must succeed on a {{@dc|18}} Strength saving throw or be pushed up to 20 feet in a direction of your choice.</div></div>\n<div class=\"parser-entries\"><div class=\"parser-entries-name\">Reverse Gravity</div><div class=\"parser-entries-content\">As an action, you can expend 3 charges to cast {{@spell|reverse gravity}} from the stone (save {{@dc|18}}).</div></div>"
  },
  "charge": {
    "max": 6,
    "rechargeAt": "dawn",
    "rechargeAmount": "{@dice 1d6}"
  },
  "bonus": {}
}