{
  "dataType": "item",
  "uid": "item_Amulet of the Black Skull|ToA ",
  "id": "Amulet of the Black Skull|ToA",
  "weight": 1,
  "rarity": "very rare",
  "isBaseItem": false,
  "baseItem": "",
  "displayName": {
    "zh": "黑颅骨护符",
    "en": "Amulet of the Black Skull"
  },
  "mainSource": {
    "source": "ToA",
    "page": 206
  },
  "allSources": [
    {
      "source": "ToA",
      "page": 206
    }
  ],
  "zh": {
    "name": "黑颅骨护符",
    "entries": [
      "这个护身符由黑曜石雕刻而成，形状像一个尖叫的人形骷髅头，有红宝石眼睛和翡翠牙齿。它挂在一个铁链项链上。",
      "这个护身符有6次充能，每天黎明时会通过{@dice 1d6}恢复充能。佩戴护身符时，你可以使用一个动作消耗其中1次充能，将自己和你穿戴或携带的任何物品传送到你100尺范围内的地点。你选择的目的地不需要在你的视线范围内，但必须是你熟悉的（换句话说，你曾经见过或访问过的地方），并且必须和你存在于同一平面。这个效果不受九神之墓上施加的魔法限制；因此，护身符可以用来进出墓穴。",
      "如果你不是不死生物，每次使用护身符传送时，你必须进行一次{@dc 16}体质豁免检定。若豁免失败，黑色骷髅会发出咯咯的笑声，而你在传送过程中会发生变化。这一变化会在你到达目的地时立即生效，并通过掷百分骰并参考黑色骷髅变化表随机决定。",
      {
        "type": "table",
        "caption": "黑颅骨变形",
        "colLabels": [
          "{@dice d100}",
          "变形"
        ],
        "colStyles": [
          "col-1 text-center",
          "col-11"
        ],
        "rows": [
          [
            "01-20",
            "{@creature 阿瑟瑞克|ToA}的标志被烧印在你的皮肤上，这是一个诅咒，只能通过{@spell 移除诅咒}法术或类似的魔法来解除。在诅咒结束之前，你的生命值无法通过魔法恢复。"
          ],
          [
            "21-35",
            "你像被{@spell 变巨/缩小术}法术影响一样变得更大，除了这个效果持续1小时。"
          ],
          [
            "36-50",
            "你变小了，就像受到了{@spell 变巨/缩小术}法术的影响，除了这个效果持续1小时。"
          ],
          [
            "51-70",
            "你到达目的地时，除了黑色骷髅头护身符外，身上没有穿戴任何东西。你之前穿戴或携带的其他物品会出现在你周围100尺内的任意一个随机空闲空间中。"
          ],
          [
            "71-95",
            "你处于{@condition 麻痹}状态，持续1分钟，或者直到这个效果被{@spell 次级复原术}法术或类似的魔法结束。"
          ],
          [
            "96-00",
            "你变得{@condition 石化}。这个效果只能通过{@spell 高等复原术}法术或类似的魔法来结束。"
          ]
        ]
      }
    ],
    "html": "这个护身符由黑曜石雕刻而成，形状像一个尖叫的人形骷髅头，有红宝石眼睛和翡翠牙齿。它挂在一个铁链项链上。\n这个护身符有6次充能，每天黎明时会通过{{@dice|1d6}}恢复充能。佩戴护身符时，你可以使用一个动作消耗其中1次充能，将自己和你穿戴或携带的任何物品传送到你100尺范围内的地点。你选择的目的地不需要在你的视线范围内，但必须是你熟悉的（换句话说，你曾经见过或访问过的地方），并且必须和你存在于同一平面。这个效果不受九神之墓上施加的魔法限制；因此，护身符可以用来进出墓穴。\n如果你不是不死生物，每次使用护身符传送时，你必须进行一次{{@dc|16}}体质豁免检定。若豁免失败，黑色骷髅会发出咯咯的笑声，而你在传送过程中会发生变化。这一变化会在你到达目的地时立即生效，并通过掷百分骰并参考黑色骷髅变化表随机决定。\n<table class=\"wiki-table\"><caption>黑颅骨变形</caption><tr><th class=\"parser-col-1 text-center\">{{@dice|d100}}</th><th class=\"parser-col-11\">变形</th></tr><tr><td class=\"parser-col-1 text-center\">01-20</td><td class=\"parser-col-11\">{{@creature|阿瑟瑞克|ToA}}的标志被烧印在你的皮肤上，这是一个诅咒，只能通过{{@spell|移除诅咒}}法术或类似的魔法来解除。在诅咒结束之前，你的生命值无法通过魔法恢复。</td></tr><tr><td class=\"parser-col-1 text-center\">21-35</td><td class=\"parser-col-11\">你像被{{@spell|变巨/缩小术}}法术影响一样变得更大，除了这个效果持续1小时。</td></tr><tr><td class=\"parser-col-1 text-center\">36-50</td><td class=\"parser-col-11\">你变小了，就像受到了{{@spell|变巨/缩小术}}法术的影响，除了这个效果持续1小时。</td></tr><tr><td class=\"parser-col-1 text-center\">51-70</td><td class=\"parser-col-11\">你到达目的地时，除了黑色骷髅头护身符外，身上没有穿戴任何东西。你之前穿戴或携带的其他物品会出现在你周围100尺内的任意一个随机空闲空间中。</td></tr><tr><td class=\"parser-col-1 text-center\">71-95</td><td class=\"parser-col-11\">你处于{{@condition|麻痹}}状态，持续1分钟，或者直到这个效果被{{@spell|次级复原术}}法术或类似的魔法结束。</td></tr><tr><td class=\"parser-col-1 text-center\">96-00</td><td class=\"parser-col-11\">你变得{{@condition|石化}}。这个效果只能通过{{@spell|高等复原术}}法术或类似的魔法来结束。</td></tr></table>"
  },
  "en": {
    "name": "Amulet of the Black Skull",
    "entries": [
      "This amulet is carved from obsidian and shaped like a screaming humanoid skull, with ruby eyes and emeralds for teeth. It hangs from an iron chain necklace.",
      "The amulet has 6 charges and regains {@dice 1d6} charges daily at dawn. While wearing the amulet, you can use an action to expend 1 of its charges to transport yourself and anything you are wearing or carrying to a location within 100 feet of you. The destination you choose doesn't need to be in your line of sight, but it must be familiar to you (in other words, a place you have seen or visited), and it must be on the same plane of existence as you. This effect isn't subject to the magic restrictions placed on the Tomb of the Nine Gods; thus, the amulet can be used to enter and exit the tomb.",
      "If you aren't undead, you must make a {@dc 16} Constitution saving throw each time you use the amulet to teleport. On a failed saving throw, the black skull cackles as you are transformed in transit. The transformation takes effect as soon as you arrive at the destination, and is determined randomly by rolling percentile dice and consulting the Black Skull Transformation table.",
      {
        "type": "table",
        "caption": "Black Skull Transformation",
        "colLabels": [
          "{@dice d100}",
          "Transformation"
        ],
        "colStyles": [
          "col-1 text-center",
          "col-11"
        ],
        "rows": [
          [
            "01-20",
            "The symbol of {@creature Acererak|ToA} is burned into your flesh, a curse that can only be removed with a {@spell remove curse} spell or similar magic. Until the curse ends, your hit points can't be restored by magic."
          ],
          [
            "21-35",
            "You grow larger as if affected by an {@spell enlarge/reduce} spell, except the effect lasts for 1 hour."
          ],
          [
            "36-50",
            "You grow smaller as if affected by an {@spell enlarge/reduce} spell, except the effect lasts for 1 hour."
          ],
          [
            "51-70",
            "You arrive at the destination wearing nothing but the amulet of the black skull. Everything else that you were wearing or carrying appears in a random unoccupied space within 100 feet of you."
          ],
          [
            "71-95",
            "You are {@condition paralyzed} for 1 minute or until this effect is ended with a {@spell lesser restoration} spell or similar magic."
          ],
          [
            "96-00",
            "You become {@condition petrified}. This effect can be ended only with a {@spell greater restoration} spell or similar magic."
          ]
        ]
      }
    ],
    "html": "This amulet is carved from obsidian and shaped like a screaming humanoid skull, with ruby eyes and emeralds for teeth. It hangs from an iron chain necklace.\nThe amulet has 6 charges and regains {{@dice|1d6}} charges daily at dawn. While wearing the amulet, you can use an action to expend 1 of its charges to transport yourself and anything you are wearing or carrying to a location within 100 feet of you. The destination you choose doesn't need to be in your line of sight, but it must be familiar to you (in other words, a place you have seen or visited), and it must be on the same plane of existence as you. This effect isn't subject to the magic restrictions placed on the Tomb of the Nine Gods; thus, the amulet can be used to enter and exit the tomb.\nIf you aren't undead, you must make a {{@dc|16}} Constitution saving throw each time you use the amulet to teleport. On a failed saving throw, the black skull cackles as you are transformed in transit. The transformation takes effect as soon as you arrive at the destination, and is determined randomly by rolling percentile dice and consulting the Black Skull Transformation table.\n<table class=\"wiki-table\"><caption>Black Skull Transformation</caption><tr><th class=\"parser-col-1 text-center\">{{@dice|d100}}</th><th class=\"parser-col-11\">Transformation</th></tr><tr><td class=\"parser-col-1 text-center\">01-20</td><td class=\"parser-col-11\">The symbol of {{@creature|Acererak|ToA}} is burned into your flesh, a curse that can only be removed with a {{@spell|remove curse}} spell or similar magic. Until the curse ends, your hit points can't be restored by magic.</td></tr><tr><td class=\"parser-col-1 text-center\">21-35</td><td class=\"parser-col-11\">You grow larger as if affected by an {{@spell|enlarge/reduce}} spell, except the effect lasts for 1 hour.</td></tr><tr><td class=\"parser-col-1 text-center\">36-50</td><td class=\"parser-col-11\">You grow smaller as if affected by an {{@spell|enlarge/reduce}} spell, except the effect lasts for 1 hour.</td></tr><tr><td class=\"parser-col-1 text-center\">51-70</td><td class=\"parser-col-11\">You arrive at the destination wearing nothing but the amulet of the black skull. Everything else that you were wearing or carrying appears in a random unoccupied space within 100 feet of you.</td></tr><tr><td class=\"parser-col-1 text-center\">71-95</td><td class=\"parser-col-11\">You are {{@condition|paralyzed}} for 1 minute or until this effect is ended with a {{@spell|lesser restoration}} spell or similar magic.</td></tr><tr><td class=\"parser-col-1 text-center\">96-00</td><td class=\"parser-col-11\">You become {{@condition|petrified}}. This effect can be ended only with a {{@spell|greater restoration}} spell or similar magic.</td></tr></table>"
  },
  "charge": {
    "max": 6,
    "rechargeAt": "dawn",
    "rechargeAmount": "{@dice 1d6}"
  },
  "bonus": {}
}