{
  "dataType": "item",
  "uid": "item_Amulet of Protection from Turning|TftYP ",
  "id": "Amulet of Protection from Turning|TftYP",
  "weight": 1,
  "rarity": "rare",
  "isBaseItem": false,
  "baseItem": "",
  "displayName": {
    "zh": "防转护符",
    "en": "Amulet of Protection from Turning"
  },
  "mainSource": {
    "source": "TftYP",
    "page": 228
  },
  "allSources": [
    {
      "source": "TftYP",
      "page": 228
    }
  ],
  "zh": {
    "name": "防转护符",
    "entries": [
      "佩戴这枚由银与绿松石制成的护符时，你抵抗\"驱散亡灵\"效应的豁免检定具有优势。",
      "你抵抗此类效应的豁免检定失败时，可以选择改为豁免成功。你可以如此做三次，已消耗的使用次数每日拂晓时充能。每当一个驱散亡灵效应对你使用时，该护符会发出银蓝色的光芒数秒。"
    ],
    "html": "佩戴这枚由银与绿松石制成的护符时，你抵抗\"驱散亡灵\"效应的豁免检定具有优势。\n你抵抗此类效应的豁免检定失败时，可以选择改为豁免成功。你可以如此做三次，已消耗的使用次数每日拂晓时充能。每当一个驱散亡灵效应对你使用时，该护符会发出银蓝色的光芒数秒。"
  },
  "en": {
    "name": "Amulet of Protection from Turning",
    "entries": [
      "While you wear this amulet of silver and turquoise, you have advantage on saving throws against effects that turn undead.",
      "If you fail a saving throw against such an effect, you can choose to succeed instead. You can do so three times, and expended uses recharge daily at dawn. Each time an effect that turns undead is used against you, the amulet glows with silvery blue light for a few seconds."
    ],
    "html": "While you wear this amulet of silver and turquoise, you have advantage on saving throws against effects that turn undead.\nIf you fail a saving throw against such an effect, you can choose to succeed instead. You can do so three times, and expended uses recharge daily at dawn. Each time an effect that turns undead is used against you, the amulet glows with silvery blue light for a few seconds."
  },
  "bonus": {}
}