{
  "dataType": "item",
  "uid": "item_Amulet|XPHB ",
  "id": "Amulet|XPHB",
  "weight": 1,
  "value": 500,
  "rarity": "none",
  "isBaseItem": false,
  "baseItem": "",
  "displayName": {
    "zh": "护符",
    "en": "Amulet"
  },
  "mainSource": {
    "source": "XPHB",
    "page": 226
  },
  "allSources": [
    {
      "source": "XPHB",
      "page": 226
    }
  ],
  "relatedVersions": [
    "Amulet|PHB"
  ],
  "zh": {
    "name": "护符",
    "entries": [
      "为了让护身符成为一个有效的圣徽，它必须被佩戴或持有。"
    ],
    "html": "为了让护身符成为一个有效的圣徽，它必须被佩戴或持有。"
  },
  "en": {
    "name": "Amulet",
    "entries": [
      "For an Amulet to be an effective Holy Symbol, it must be worn or held."
    ],
    "html": "For an Amulet to be an effective Holy Symbol, it must be worn or held."
  },
  "bonus": {}
}