{
  "dataType": "item",
  "uid": "item_Amulet of the Planes|XDMG ",
  "id": "Amulet of the Planes|XDMG",
  "weight": 1,
  "rarity": "very rare",
  "isBaseItem": false,
  "baseItem": "",
  "displayName": {
    "zh": "位面护符",
    "en": "Amulet of the Planes"
  },
  "mainSource": {
    "source": "XDMG",
    "page": 150
  },
  "allSources": [
    {
      "source": "XDMG",
      "page": 150
    }
  ],
  "relatedVersions": [
    "Amulet of the Planes|DMG"
  ],
  "zh": {
    "name": "位面护符",
    "entries": [
      "佩戴此护身符时，你可以进行一次{@action 魔法|XPHB}动作来命名一个你所熟悉的位于另一个存在平面的地点。然后进行一次{@dc 15}智力({@skill 奥秘|XPHB})检定。成功通过检定时，你施放{@spell 位面转移|XPHB}。失败则你以及距离你15英尺内的每个生物和物体会随机传送到一个目的地，该目的地是通过掷{@dice 1d100}并参照下表来确定的。",
      {
        "type": "table",
        "colStyles": [
          "col-2 text-center",
          "col-10"
        ],
        "colLabels": [
          "1d100",
          "目的地"
        ],
        "rows": [
          [
            "01-60",
            "你命名的平面上的随机位置"
          ],
          [
            "61-70",
            "随机内层位面位置，通过掷骰{@dice 1d6}确定：掷出{@b 1}时，为风元素位面；掷出{@b 2}时，为土元素位面；掷出{@b 3}时，为火元素位面；掷出{@b 4}时，为水元素位面；掷出{@b 5}时，为妖精荒野；掷出{@b 6}时，为影界"
          ],
          [
            "71-80",
            "随机外层位面位置，通过掷1d8决定：掷出{@b 1}时，阿博瑞亚；掷出{@b 2}时，阿卡迪亚；掷出{@b 3}时，兽域；掷出{@b 4}时，比托比亚；掷出{@b 5}时，伊留西姆；掷出{@b 6}时，机械境；掷出{@b 7}时，天界山；掷出{@b 8}时，伊斯加德"
          ],
          [
            "81-90",
            "随机外层位面位置，通过掷骰{@dice 1d8}确定：掷出{@b 1}时为深渊；掷出{@b 2}时为阿凯隆；掷出{@b 3}时为卡塞里；掷出{@b 4}时为盖赫纳；掷出{@b 5}时为哈迪斯；掷出{@b 6}时为混沌之海；掷出{@b 7}时为九层地狱；掷出{@b 8}时为混沌魔域"
          ],
          [
            "91-00",
            "星界上的随机位置"
          ]
        ]
      }
    ],
    "html": "佩戴此护身符时，你可以进行一次{{@action|魔法|XPHB}}动作来命名一个你所熟悉的位于另一个存在平面的地点。然后进行一次{{@dc|15}}智力({{@skill|奥秘|XPHB}})检定。成功通过检定时，你施放{{@spell|位面转移|XPHB}}。失败则你以及距离你15英尺内的每个生物和物体会随机传送到一个目的地，该目的地是通过掷{{@dice|1d100}}并参照下表来确定的。\n<table class=\"wiki-table\"><tr><th class=\"parser-col-2 text-center\">1d100</th><th class=\"parser-col-10\">目的地</th></tr><tr><td class=\"parser-col-2 text-center\">01-60</td><td class=\"parser-col-10\">你命名的平面上的随机位置</td></tr><tr><td class=\"parser-col-2 text-center\">61-70</td><td class=\"parser-col-10\">随机内层位面位置，通过掷骰{{@dice|1d6}}确定：掷出{{@b|1}}时，为风元素位面；掷出{{@b|2}}时，为土元素位面；掷出{{@b|3}}时，为火元素位面；掷出{{@b|4}}时，为水元素位面；掷出{{@b|5}}时，为妖精荒野；掷出{{@b|6}}时，为影界</td></tr><tr><td class=\"parser-col-2 text-center\">71-80</td><td class=\"parser-col-10\">随机外层位面位置，通过掷1d8决定：掷出{{@b|1}}时，阿博瑞亚；掷出{{@b|2}}时，阿卡迪亚；掷出{{@b|3}}时，兽域；掷出{{@b|4}}时，比托比亚；掷出{{@b|5}}时，伊留西姆；掷出{{@b|6}}时，机械境；掷出{{@b|7}}时，天界山；掷出{{@b|8}}时，伊斯加德</td></tr><tr><td class=\"parser-col-2 text-center\">81-90</td><td class=\"parser-col-10\">随机外层位面位置，通过掷骰{{@dice|1d8}}确定：掷出{{@b|1}}时为深渊；掷出{{@b|2}}时为阿凯隆；掷出{{@b|3}}时为卡塞里；掷出{{@b|4}}时为盖赫纳；掷出{{@b|5}}时为哈迪斯；掷出{{@b|6}}时为混沌之海；掷出{{@b|7}}时为九层地狱；掷出{{@b|8}}时为混沌魔域</td></tr><tr><td class=\"parser-col-2 text-center\">91-00</td><td class=\"parser-col-10\">星界上的随机位置</td></tr></table>"
  },
  "en": {
    "name": "Amulet of the Planes",
    "entries": [
      "While wearing this amulet, you can take a {@action Magic|XPHB} action to name a location that you are familiar with on another plane of existence. Then make a {@dc 15} Intelligence ({@skill Arcana|XPHB}) check. On a successful check, you cast {@spell Plane Shift|XPHB}. On a failed check, you and each creature and object within 15 feet of you travel to a random destination determined by rolling {@dice 1d100} and consulting the following table.",
      {
        "type": "table",
        "colStyles": [
          "col-2 text-center",
          "col-10"
        ],
        "colLabels": [
          "1d100",
          "Destination"
        ],
        "rows": [
          [
            "01-60",
            "Random location on the plane you named"
          ],
          [
            "61-70",
            "Random location on an Inner Plane determined by rolling {@dice 1d6}: on a {@b 1}, the Plane of Air; on a {@b 2}, the Plane of Earth; on a {@b 3}, the Plane of Fire; on a {@b 4}, the Plane of Water; on a {@b 5}, the Feywild; on a {@b 6}, the Shadowfell"
          ],
          [
            "71-80",
            "Random location on an Outer Plane determined by rolling 1d8: on a {@b 1}, Arborea; on a {@b 2}, Arcadia; on a {@b 3}, the Beastlands; on a {@b 4}, Bytopia; on a {@b 5}, Elysium; on a {@b 6}, Mechanus; on a {@b 7}, Mount Celestia; on an {@b 8}, Ysgard"
          ],
          [
            "81-90",
            "Random location on an Outer Plane determined by rolling {@dice 1d8}: on a {@b 1}, the Abyss; on a {@b 2}, Acheron; on a {@b 3}, Carceri; on a {@b 4}, Gehenna; on a {@b 5}, Hades; on a {@b 6}, Limbo; on a {@b 7}, the Nine Hells; on an {@b 8}, Pandemonium"
          ],
          [
            "91-00",
            "Random location on the Astral Plane"
          ]
        ]
      }
    ],
    "html": "While wearing this amulet, you can take a {{@action|Magic|XPHB}} action to name a location that you are familiar with on another plane of existence. Then make a {{@dc|15}} Intelligence ({{@skill|Arcana|XPHB}}) check. On a successful check, you cast {{@spell|Plane Shift|XPHB}}. On a failed check, you and each creature and object within 15 feet of you travel to a random destination determined by rolling {{@dice|1d100}} and consulting the following table.\n<table class=\"wiki-table\"><tr><th class=\"parser-col-2 text-center\">1d100</th><th class=\"parser-col-10\">Destination</th></tr><tr><td class=\"parser-col-2 text-center\">01-60</td><td class=\"parser-col-10\">Random location on the plane you named</td></tr><tr><td class=\"parser-col-2 text-center\">61-70</td><td class=\"parser-col-10\">Random location on an Inner Plane determined by rolling {{@dice|1d6}}: on a {{@b|1}}, the Plane of Air; on a {{@b|2}}, the Plane of Earth; on a {{@b|3}}, the Plane of Fire; on a {{@b|4}}, the Plane of Water; on a {{@b|5}}, the Feywild; on a {{@b|6}}, the Shadowfell</td></tr><tr><td class=\"parser-col-2 text-center\">71-80</td><td class=\"parser-col-10\">Random location on an Outer Plane determined by rolling 1d8: on a {{@b|1}}, Arborea; on a {{@b|2}}, Arcadia; on a {{@b|3}}, the Beastlands; on a {{@b|4}}, Bytopia; on a {{@b|5}}, Elysium; on a {{@b|6}}, Mechanus; on a {{@b|7}}, Mount Celestia; on an {{@b|8}}, Ysgard</td></tr><tr><td class=\"parser-col-2 text-center\">81-90</td><td class=\"parser-col-10\">Random location on an Outer Plane determined by rolling {{@dice|1d8}}: on a {{@b|1}}, the Abyss; on a {{@b|2}}, Acheron; on a {{@b|3}}, Carceri; on a {{@b|4}}, Gehenna; on a {{@b|5}}, Hades; on a {{@b|6}}, Limbo; on a {{@b|7}}, the Nine Hells; on an {{@b|8}}, Pandemonium</td></tr><tr><td class=\"parser-col-2 text-center\">91-00</td><td class=\"parser-col-10\">Random location on the Astral Plane</td></tr></table>"
  },
  "bonus": {}
}