{
  "dataType": "item",
  "uid": "item_Amulet of Appearance|CoA ",
  "id": "Amulet of Appearance|CoA",
  "rarity": "rare",
  "isBaseItem": false,
  "baseItem": "",
  "displayName": {
    "zh": "外表护符",
    "en": "Amulet of Appearance"
  },
  "mainSource": {
    "source": "CoA",
    "page": 267
  },
  "allSources": [
    {
      "source": "CoA",
      "page": 267
    }
  ],
  "zh": {
    "name": "外表护符",
    "entries": [
      "你的盔甲、武器和其他装备总是闪耀着仿佛刚刚擦亮的光芒。即使你受伤，伤口也不会显现在他人面前。你对{@condition 恐慌}（惊恐）和{@condition 中毒}（中毒）状态免疫，因为这些状态会破坏你优雅的外表。然而，每当你本应受到这些状态之一的影响时，物质位面上你之前见过的一个随机非邪恶人形生物反而会受到该状态的影响。你知道这一点。"
    ],
    "html": "你的盔甲、武器和其他装备总是闪耀着仿佛刚刚擦亮的光芒。即使你受伤，伤口也不会显现在他人面前。你对{{@condition|恐慌}}（惊恐）和{{@condition|中毒}}（中毒）状态免疫，因为这些状态会破坏你优雅的外表。然而，每当你本应受到这些状态之一的影响时，物质位面上你之前见过的一个随机非邪恶人形生物反而会受到该状态的影响。你知道这一点。"
  },
  "en": {
    "name": "Amulet of Appearance",
    "entries": [
      "Your armor, weapons, and other equipment always shine as if just polished. Even if you're wounded, your wounds do not appear to others. You're immune to the {@condition frightened} and {@condition poisoned} conditions, as these would otherwise ruin your elegant appearance. However, whenever you would otherwise have been affected by one of these conditions, a random non-evil Humanoid on the Material Plane whom you have previously met gets the condition instead. You know this."
    ],
    "html": "Your armor, weapons, and other equipment always shine as if just polished. Even if you're wounded, your wounds do not appear to others. You're immune to the {{@condition|frightened}} and {{@condition|poisoned}} conditions, as these would otherwise ruin your elegant appearance. However, whenever you would otherwise have been affected by one of these conditions, a random non-evil Humanoid on the Material Plane whom you have previously met gets the condition instead. You know this."
  },
  "bonus": {}
}