{
  "dataType": "item",
  "uid": "item_Amulet|PHB ",
  "id": "Amulet|PHB",
  "weight": 1,
  "value": 500,
  "rarity": "none",
  "isBaseItem": false,
  "baseItem": "",
  "displayName": {
    "zh": "护符",
    "en": "Amulet"
  },
  "mainSource": {
    "source": "PHB",
    "page": 151
  },
  "allSources": [
    {
      "source": "PHB",
      "page": 151
    },
    {
      "source": "XPHB",
      "page": 0
    }
  ],
  "relatedVersions": [
    "Amulet|XPHB"
  ],
  "zh": {
    "name": "护符",
    "entries": [],
    "html": ""
  },
  "en": {
    "name": "Amulet",
    "entries": [],
    "html": ""
  },
  "bonus": {}
}