{
  "dataType": "item",
  "uid": "item_Amulet of Proof against Detection and Location|DMG ",
  "id": "Amulet of Proof against Detection and Location|DMG",
  "weight": 1,
  "rarity": "uncommon",
  "isBaseItem": false,
  "baseItem": "",
  "displayName": {
    "zh": "反侦护符",
    "en": "Amulet of Proof against Detection and Location"
  },
  "mainSource": {
    "source": "DMG",
    "page": 150
  },
  "allSources": [
    {
      "source": "DMG",
      "page": 150
    },
    {
      "source": "XDMG",
      "page": 0
    }
  ],
  "relatedVersions": [
    "Amulet of Proof against Detection and Location|XDMG"
  ],
  "zh": {
    "name": "反侦护符",
    "entries": [
      "佩戴此护符期间，{@filter 预言|spells|school=D}魔法将无法发现你。你无法被这类魔法选为目标，任何人都无法通过魔法探测器察觉到你。"
    ],
    "html": "佩戴此护符期间，{{@filter|预言|spells|school=D}}魔法将无法发现你。你无法被这类魔法选为目标，任何人都无法通过魔法探测器察觉到你。"
  },
  "en": {
    "name": "Amulet of Proof against Detection and Location",
    "entries": [
      "While wearing this amulet, you are hidden from {@filter divination|spells|school=D} magic. You can't be targeted by such magic or perceived through magical scrying sensors."
    ],
    "html": "While wearing this amulet, you are hidden from {{@filter|divination|spells|school=D}} magic. You can't be targeted by such magic or perceived through magical scrying sensors."
  },
  "bonus": {}
}