{
  "dataType": "item",
  "uid": "item_Amulet of Health|DMG ",
  "id": "Amulet of Health|DMG",
  "weight": 1,
  "rarity": "rare",
  "isBaseItem": false,
  "baseItem": "",
  "displayName": {
    "zh": "健康护符",
    "en": "Amulet of Health"
  },
  "mainSource": {
    "source": "DMG",
    "page": 150
  },
  "allSources": [
    {
      "source": "DMG",
      "page": 150
    },
    {
      "source": "XDMG",
      "page": 0
    }
  ],
  "relatedVersions": [
    "Amulet of Health|XDMG"
  ],
  "zh": {
    "name": "健康护符",
    "entries": [
      "佩戴此护符期间，你的体质值变为19。如果你的体质值在未佩戴护符时已经大于或等于19，则此护符无效。"
    ],
    "html": "佩戴此护符期间，你的体质值变为19。如果你的体质值在未佩戴护符时已经大于或等于19，则此护符无效。"
  },
  "en": {
    "name": "Amulet of Health",
    "entries": [
      "Your Constitution score is 19 while you wear this amulet. It has no effect on you if your Constitution score is already 19 or higher without it."
    ],
    "html": "Your Constitution score is 19 while you wear this amulet. It has no effect on you if your Constitution score is already 19 or higher without it."
  },
  "bonus": {}
}