{
  "dataType": "item",
  "uid": "item_Antitoxin (vial)|PHB ",
  "id": "Antitoxin (vial)|PHB",
  "value": 5000,
  "rarity": "none",
  "isBaseItem": false,
  "baseItem": "",
  "displayName": {
    "zh": "抗毒剂 (小瓶)",
    "en": "Antitoxin (vial)"
  },
  "mainSource": {
    "source": "PHB",
    "page": 151
  },
  "allSources": [
    {
      "source": "PHB",
      "page": 151
    },
    {
      "source": "XPHB",
      "page": 0
    }
  ],
  "relatedVersions": [
    "Antitoxin|XPHB"
  ],
  "zh": {
    "name": "抗毒剂 (小瓶)",
    "entries": [
      "喝下瓶内液体的生物在1小时内进行对抗对毒素的豁免检定时具有优势。它无法为不死生物或构装生物提供任何增益。"
    ],
    "html": "喝下瓶内液体的生物在1小时内进行对抗对毒素的豁免检定时具有优势。它无法为不死生物或构装生物提供任何增益。"
  },
  "en": {
    "name": "Antitoxin (vial)",
    "entries": [
      "A creature that drinks this vial of liquid gains advantage on saving throws against poison for 1 hour. It confers no benefit to undead or constructs."
    ],
    "html": "A creature that drinks this vial of liquid gains advantage on saving throws against poison for 1 hour. It confers no benefit to undead or constructs."
  },
  "bonus": {}
}