{
  "dataType": "item",
  "uid": "item_Antimatter Rifle|XDMG",
  "id": "Antimatter Rifle|XDMG",
  "weight": 10,
  "rarity": "none",
  "isBaseItem": true,
  "displayName": {
    "zh": "反物质步枪",
    "en": "Antimatter Rifle"
  },
  "mainSource": {
    "source": "XDMG",
    "page": 73
  },
  "allSources": [
    {
      "source": "XDMG",
      "page": 73
    }
  ],
  "relatedVersions": [
    "Antimatter Rifle|DMG"
  ],
  "zh": {
    "name": "反物质步枪",
    "entries": [],
    "html": ""
  },
  "en": {
    "name": "Antimatter Rifle",
    "entries": [],
    "html": ""
  },
  "weapon": {
    "category": "martial",
    "dmgs": [
      "6d8"
    ],
    "dmgType": "N",
    "range": {
      "min": 120,
      "max": 360
    },
    "reload": 2,
    "ammoType": "energy cell|xdmg"
  },
  "bonus": {}
}