{
  "dataType": "item",
  "uid": "item_Aquamarine|DMG ",
  "id": "Aquamarine|DMG",
  "value": 50000,
  "rarity": "none",
  "isBaseItem": false,
  "baseItem": "",
  "displayName": {
    "zh": "蓝晶",
    "en": "Aquamarine"
  },
  "mainSource": {
    "source": "DMG",
    "page": 134
  },
  "allSources": [
    {
      "source": "DMG",
      "page": 134
    },
    {
      "source": "XDMG",
      "page": 0
    }
  ],
  "relatedVersions": [
    "Aquamarine|XDMG"
  ],
  "zh": {
    "name": "蓝晶",
    "entries": [
      "一种透明的淡蓝绿色宝石。"
    ],
    "html": "一种透明的淡蓝绿色宝石。"
  },
  "en": {
    "name": "Aquamarine",
    "entries": [
      "A transparent pale blue-green gemstone."
    ],
    "html": "A transparent pale blue-green gemstone."
  },
  "bonus": {}
}