{
  "dataType": "item",
  "uid": "item_Arcane Propulsion Arm|ERLW ",
  "id": "Arcane Propulsion Arm|ERLW",
  "rarity": "very rare",
  "isBaseItem": false,
  "baseItem": "",
  "displayName": {
    "zh": "喷流式奥能臂",
    "en": "Arcane Propulsion Arm"
  },
  "mainSource": {
    "source": "ERLW",
    "page": 276
  },
  "allSources": [
    {
      "source": "ERLW",
      "page": 276
    }
  ],
  "zh": {
    "name": "喷流式奥能臂",
    "entries": [
      "这是一种由卡尼斯家族奇械师研发的假肢。要想同调该物品，你必须将其接在手臂的手腕、肘部或肩膀上，然后这个假肢就会魔法般地形成它所替代肢体的复制品。",
      "完成同调后，这件假肢提供你如下收益：",
      {
        "type": "list",
        "items": [
          "这个假肢完全成为了你身体的一部分。",
          "你可以使用一个动作卸下这个假肢，且当你解除与假肢的同调时，它将自动脱卸。但假肢无法在违背你意愿的情况下被移除。",
          "这个假肢是一件魔法近战武器，你对其拥有熟练。它能在命中时造成{@damage 1d8}点力场伤害，且具有投掷特性，其正常范围为20尺，最大范围为60尺。当投掷时，假肢将脱离并飞向攻击目标，然后立即返回你身边并重新连接。"
        ]
      }
    ],
    "html": "这是一种由卡尼斯家族奇械师研发的假肢。要想同调该物品，你必须将其接在手臂的手腕、肘部或肩膀上，然后这个假肢就会魔法般地形成它所替代肢体的复制品。\n完成同调后，这件假肢提供你如下收益：\n<ul class=\"parser-list parser-list-default\"><li>这个假肢完全成为了你身体的一部分。</li><li>你可以使用一个动作卸下这个假肢，且当你解除与假肢的同调时，它将自动脱卸。但假肢无法在违背你意愿的情况下被移除。</li><li>这个假肢是一件魔法近战武器，你对其拥有熟练。它能在命中时造成{{@damage|1d8}}点力场伤害，且具有投掷特性，其正常范围为20尺，最大范围为60尺。当投掷时，假肢将脱离并飞向攻击目标，然后立即返回你身边并重新连接。</li></ul>"
  },
  "en": {
    "name": "Arcane Propulsion Arm",
    "entries": [
      "This prosthetic appendage was developed by artificers of House Cannith. To attune to this item, you must attach it to your arm at the wrist, elbow, or shoulder, at which point the prosthetic magically forms a copy of the appendage it's replacing.",
      "While attached, the prosthetic provides these benefits:",
      {
        "type": "list",
        "items": [
          "The prosthetic is a fully capable part of your body.",
          "You can take an action to remove the prosthetic, and it removes itself if your attunement to it ends. It can't be removed against your will.",
          "The prosthetic is a magic melee weapon with which you're proficient. It deals {@damage 1d8} force damage on a hit and has the thrown property, with a normal range of 20 feet and a long range of 60 feet. When thrown, the prosthetic detaches and flies at the target of the attack, then immediately returns to you and reattaches."
        ]
      }
    ],
    "html": "This prosthetic appendage was developed by artificers of House Cannith. To attune to this item, you must attach it to your arm at the wrist, elbow, or shoulder, at which point the prosthetic magically forms a copy of the appendage it's replacing.\nWhile attached, the prosthetic provides these benefits:\n<ul class=\"parser-list parser-list-default\"><li>The prosthetic is a fully capable part of your body.</li><li>You can take an action to remove the prosthetic, and it removes itself if your attunement to it ends. It can't be removed against your will.</li><li>The prosthetic is a magic melee weapon with which you're proficient. It deals {{@damage|1d8}} force damage on a hit and has the thrown property, with a normal range of 20 feet and a long range of 60 feet. When thrown, the prosthetic detaches and flies at the target of the attack, then immediately returns to you and reattaches.</li></ul>"
  },
  "bonus": {}
}