{
  "dataType": "item",
  "uid": "item_Arcane Cannon|EGW ",
  "id": "Arcane Cannon|EGW",
  "rarity": "very rare",
  "isBaseItem": false,
  "baseItem": "",
  "displayName": {
    "zh": "奥术火炮",
    "en": "Arcane Cannon"
  },
  "mainSource": {
    "source": "EGW",
    "page": 265
  },
  "allSources": [
    {
      "source": "EGW",
      "page": 265
    }
  ],
  "zh": {
    "name": "奥术火炮",
    "entries": [
      "这门大型火炮被注入了魔法。它不需要常规弹药，也不需要装填。使用这门火炮瞄准目标和发射各需要一个动作。火炮发射后，必须等待5分钟才能再次发射。",
      "发射这门火炮的生物将从下列效应中选择一个，作为火炮所造成的效应：",
      {
        "ENG_name": "Acid Jet",
        "name": "强酸喷射",
        "type": "entries",
        "entries": [
          "火炮射出酸液，并覆盖一处300尺长，5尺宽的线状区域。该区域内的每个生物都必须进行一次{@dc 15}的敏捷豁免，豁免失败者将受到22（{@damage 4d10}）的强酸伤害，豁免成功则伤害减半。此外，敏捷豁免失败的生物在它每回合开始时受到11（{@damage 2d10}）的强酸伤害。该生物可以使用一个动作，并使用一品脱或以上的水洗落身上的酸液以终止此效应。"
        ]
      },
      {
        "ENG_name": "Fire Jet",
        "name": "火焰喷射",
        "type": "entries",
        "entries": [
          "火炮射出烈焰，并覆盖一处300尺长，5尺宽的线状区域。该区域内的每个生物都必须进行一次{@dc 15}的敏捷豁免，豁免失败者将受到33（{@damage 6d10}）的火焰伤害，豁免成功则伤害减半。此外，区域内所有未被持有或穿戴的易燃物品都将被点燃。"
        ]
      },
      {
        "ENG_name": "Frost Shot",
        "name": "冰霜射击",
        "type": "entries",
        "entries": [
          "火炮对1200尺内的一个可见位置射出一颗冰霜弹，冰霜弹在抵达目标点后爆炸，目标点周围30尺球状区域内的每个生物都必须进行一次{@dc 15}的体质豁免。豁免失败者将受到22（{@damage 4d10}）的冷冻伤害，并在下一分钟内速度减少10尺。豁免成功则伤害减半，速度不受影响。此外，速度减少的生物在其每回合结束时可以再进行一次体质豁免。如果豁免成功，则该目标身上的该效应终止。"
        ]
      },
      {
        "ENG_name": "Lightning Shot",
        "name": "闪电射击",
        "type": "entries",
        "entries": [
          "火炮对1200尺内的一个可见位置射出一颗闪电弹，闪电弹在抵达目标点后爆炸，目标点周围20尺球状区域内的每个生物都必须进行一次{@dc 15}的敏捷豁免，豁免失败者将受到33（{@damage 6d10}）的闪电伤害，豁免成功则伤害减半。穿戴金属质护甲的生物在进行此豁免时有劣势。"
        ]
      },
      {
        "ENG_name": "Poison Spray",
        "name": "毒气喷溅",
        "type": "entries",
        "entries": [
          "火炮喷出毒气并覆盖一处60尺的锥状区域。该区域内的每个生物必须进行一次{@dc 15}的体质豁免。豁免失败时，该生物受到22（{@damage 4d10}）毒素伤害并被{@condition 中毒}1分钟。豁免成功时，该生物受到一半伤害且不会{@condition 中毒}。以此方式{@condition 中毒}的生物可以在其每回合结束时重复进行该豁免检定，成功则结束其身上的该效应。"
        ]
      }
    ],
    "html": "这门大型火炮被注入了魔法。它不需要常规弹药，也不需要装填。使用这门火炮瞄准目标和发射各需要一个动作。火炮发射后，必须等待5分钟才能再次发射。\n发射这门火炮的生物将从下列效应中选择一个，作为火炮所造成的效应：\n<div class=\"parser-entries\"><div class=\"parser-entries-name\">强酸喷射</div><div class=\"parser-entries-eng-name\">Acid Jet</div><div class=\"parser-entries-content\">火炮射出酸液，并覆盖一处300尺长，5尺宽的线状区域。该区域内的每个生物都必须进行一次{{@dc|15}}的敏捷豁免，豁免失败者将受到22（{{@damage|4d10}}）的强酸伤害，豁免成功则伤害减半。此外，敏捷豁免失败的生物在它每回合开始时受到11（{{@damage|2d10}}）的强酸伤害。该生物可以使用一个动作，并使用一品脱或以上的水洗落身上的酸液以终止此效应。</div></div>\n<div class=\"parser-entries\"><div class=\"parser-entries-name\">火焰喷射</div><div class=\"parser-entries-eng-name\">Fire Jet</div><div class=\"parser-entries-content\">火炮射出烈焰，并覆盖一处300尺长，5尺宽的线状区域。该区域内的每个生物都必须进行一次{{@dc|15}}的敏捷豁免，豁免失败者将受到33（{{@damage|6d10}}）的火焰伤害，豁免成功则伤害减半。此外，区域内所有未被持有或穿戴的易燃物品都将被点燃。</div></div>\n<div class=\"parser-entries\"><div class=\"parser-entries-name\">冰霜射击</div><div class=\"parser-entries-eng-name\">Frost Shot</div><div class=\"parser-entries-content\">火炮对1200尺内的一个可见位置射出一颗冰霜弹，冰霜弹在抵达目标点后爆炸，目标点周围30尺球状区域内的每个生物都必须进行一次{{@dc|15}}的体质豁免。豁免失败者将受到22（{{@damage|4d10}}）的冷冻伤害，并在下一分钟内速度减少10尺。豁免成功则伤害减半，速度不受影响。此外，速度减少的生物在其每回合结束时可以再进行一次体质豁免。如果豁免成功，则该目标身上的该效应终止。</div></div>\n<div class=\"parser-entries\"><div class=\"parser-entries-name\">闪电射击</div><div class=\"parser-entries-eng-name\">Lightning Shot</div><div class=\"parser-entries-content\">火炮对1200尺内的一个可见位置射出一颗闪电弹，闪电弹在抵达目标点后爆炸，目标点周围20尺球状区域内的每个生物都必须进行一次{{@dc|15}}的敏捷豁免，豁免失败者将受到33（{{@damage|6d10}}）的闪电伤害，豁免成功则伤害减半。穿戴金属质护甲的生物在进行此豁免时有劣势。</div></div>\n<div class=\"parser-entries\"><div class=\"parser-entries-name\">毒气喷溅</div><div class=\"parser-entries-eng-name\">Poison Spray</div><div class=\"parser-entries-content\">火炮喷出毒气并覆盖一处60尺的锥状区域。该区域内的每个生物必须进行一次{{@dc|15}}的体质豁免。豁免失败时，该生物受到22（{{@damage|4d10}}）毒素伤害并被{{@condition|中毒}}1分钟。豁免成功时，该生物受到一半伤害且不会{{@condition|中毒}}。以此方式{{@condition|中毒}}的生物可以在其每回合结束时重复进行该豁免检定，成功则结束其身上的该效应。</div></div>"
  },
  "en": {
    "name": "Arcane Cannon",
    "entries": [
      "This Large cannon is imbued with magic. It requires no ammunition and doesn't need to be loaded. It takes one action to aim the cannon and one action to fire it. After the cannon has fired, it must recharge for 5 minutes before it can be fired again.",
      "The creature firing the cannon chooses the effect from the following options:",
      {
        "type": "entries",
        "name": "Acid Jet",
        "entries": [
          "The cannon discharges acid in a line 300 feet long and 5 feet wide. Each creature in that line must make a {@dc 15} Dexterity saving throw, taking 22 ({@damage 4d10}) acid damage on a failed save, or half as much damage on a successful one. In addition, a creature that fails its saving throw takes 11 ({@damage 2d10}) acid damage at the start of each of its turns; a creature can end this damage by using its action to wash off the acid with a pint or more of water."
        ]
      },
      {
        "type": "entries",
        "name": "Fire Jet",
        "entries": [
          "The cannon discharges fire in a line 300 feet long and 5 feet wide. Each creature in the area must make a {@dc 15} Dexterity saving throw, taking 33 ({@damage 6d10}) fire damage on a failed save, or half as much damage on a successful one. The fire ignites any flammable objects in the area that aren't being worn or carried."
        ]
      },
      {
        "type": "entries",
        "name": "Frost Shot",
        "entries": [
          "The cannon shoots a ball of frost to a point you can see within 1,200 feet of the cannon. The ball then expands to form a 30-foot-radius sphere centered on that point. Each creature in that area must make a {@dc 15} Constitution saving throw. On a failed save, a creature takes 22 ({@damage 4d10}) cold damage, and its speed is reduced by 10 feet for 1 minute. On a successful save, the creature takes half as much damage, and its speed isn't reduced. A creature whose speed is reduced by this effect can repeat the save at the end of each of its turns, ending the effect on itself on a success."
        ]
      },
      {
        "type": "entries",
        "name": "Lightning Shot",
        "entries": [
          "The cannon shoots a ball of lightning to a point you can see within 1,200 feet of the cannon. The lightning then expands to form a 20-foot-radius sphere centered on that point. Each creature in that area must make a {@dc 15} Dexterity saving throw, taking 33 ({@damage 6d10}) lightning damage on a failed save, or half as much damage on a successful one. Creatures wearing metal armor have disadvantage on the save."
        ]
      },
      {
        "type": "entries",
        "name": "Poison Spray",
        "entries": [
          "The cannon expels poison gas in a 60-foot cone. Each creature in that area must make a {@dc 15} Constitution saving throw. On a failed save, the creature takes 22 ({@damage 4d10}) poison damage and is {@condition poisoned} for 1 minute. On a successful save, the creature takes half as much damage and isn't {@condition poisoned}. A creature {@condition poisoned} in this way can repeat the saving throw at the end of each of its turns, ending the effect on itself on a success."
        ]
      }
    ],
    "html": "This Large cannon is imbued with magic. It requires no ammunition and doesn't need to be loaded. It takes one action to aim the cannon and one action to fire it. After the cannon has fired, it must recharge for 5 minutes before it can be fired again.\nThe creature firing the cannon chooses the effect from the following options:\n<div class=\"parser-entries\"><div class=\"parser-entries-name\">Acid Jet</div><div class=\"parser-entries-content\">The cannon discharges acid in a line 300 feet long and 5 feet wide. Each creature in that line must make a {{@dc|15}} Dexterity saving throw, taking 22 ({{@damage|4d10}}) acid damage on a failed save, or half as much damage on a successful one. In addition, a creature that fails its saving throw takes 11 ({{@damage|2d10}}) acid damage at the start of each of its turns; a creature can end this damage by using its action to wash off the acid with a pint or more of water.</div></div>\n<div class=\"parser-entries\"><div class=\"parser-entries-name\">Fire Jet</div><div class=\"parser-entries-content\">The cannon discharges fire in a line 300 feet long and 5 feet wide. Each creature in the area must make a {{@dc|15}} Dexterity saving throw, taking 33 ({{@damage|6d10}}) fire damage on a failed save, or half as much damage on a successful one. The fire ignites any flammable objects in the area that aren't being worn or carried.</div></div>\n<div class=\"parser-entries\"><div class=\"parser-entries-name\">Frost Shot</div><div class=\"parser-entries-content\">The cannon shoots a ball of frost to a point you can see within 1,200 feet of the cannon. The ball then expands to form a 30-foot-radius sphere centered on that point. Each creature in that area must make a {{@dc|15}} Constitution saving throw. On a failed save, a creature takes 22 ({{@damage|4d10}}) cold damage, and its speed is reduced by 10 feet for 1 minute. On a successful save, the creature takes half as much damage, and its speed isn't reduced. A creature whose speed is reduced by this effect can repeat the save at the end of each of its turns, ending the effect on itself on a success.</div></div>\n<div class=\"parser-entries\"><div class=\"parser-entries-name\">Lightning Shot</div><div class=\"parser-entries-content\">The cannon shoots a ball of lightning to a point you can see within 1,200 feet of the cannon. The lightning then expands to form a 20-foot-radius sphere centered on that point. Each creature in that area must make a {{@dc|15}} Dexterity saving throw, taking 33 ({{@damage|6d10}}) lightning damage on a failed save, or half as much damage on a successful one. Creatures wearing metal armor have disadvantage on the save.</div></div>\n<div class=\"parser-entries\"><div class=\"parser-entries-name\">Poison Spray</div><div class=\"parser-entries-content\">The cannon expels poison gas in a 60-foot cone. Each creature in that area must make a {{@dc|15}} Constitution saving throw. On a failed save, the creature takes 22 ({{@damage|4d10}}) poison damage and is {{@condition|poisoned}} for 1 minute. On a successful save, the creature takes half as much damage and isn't {{@condition|poisoned}}. A creature {{@condition|poisoned}} in this way can repeat the saving throw at the end of each of its turns, ending the effect on itself on a success.</div></div>"
  },
  "bonus": {}
}