{
  "dataType": "item",
  "uid": "item_Arrow|PHB",
  "id": "Arrow|PHB",
  "weight": 0.05,
  "value": 5,
  "rarity": "none",
  "isBaseItem": true,
  "displayName": {
    "zh": "箭",
    "en": "Arrow"
  },
  "mainSource": {
    "source": "PHB",
    "page": 150
  },
  "allSources": [
    {
      "source": "PHB",
      "page": 150
    },
    {
      "source": "XPHB",
      "page": 0
    }
  ],
  "relatedVersions": [
    "Arrow|XPHB"
  ],
  "zh": {
    "name": "箭",
    "entries": [],
    "html": ""
  },
  "en": {
    "name": "Arrow",
    "entries": [],
    "html": ""
  },
  "bonus": {}
}