{
  "dataType": "item",
  "uid": "item_Arrow-Catching Shield|DMG ",
  "id": "Arrow-Catching Shield|DMG",
  "weight": 6,
  "rarity": "rare",
  "isBaseItem": false,
  "baseItem": "",
  "displayName": {
    "zh": "吸矢盾",
    "en": "Arrow-Catching Shield"
  },
  "mainSource": {
    "source": "DMG",
    "page": 152
  },
  "allSources": [
    {
      "source": "DMG",
      "page": 152
    },
    {
      "source": "XDMG",
      "page": 0
    }
  ],
  "relatedVersions": [
    "Arrow-Catching Shield|XDMG"
  ],
  "zh": {
    "name": "吸矢盾",
    "entries": [
      "持用这面盾牌期间，你对抗远程攻击的AC具有+2加值。该加值将加在盾牌通常提供的AC加值上。此外，当又攻击者向你周围5尺范围内的目标发动远程攻击时，你可以使用反应以替代该目标成为此次攻击的目标。"
    ],
    "html": "持用这面盾牌期间，你对抗远程攻击的AC具有+2加值。该加值将加在盾牌通常提供的AC加值上。此外，当又攻击者向你周围5尺范围内的目标发动远程攻击时，你可以使用反应以替代该目标成为此次攻击的目标。"
  },
  "en": {
    "name": "Arrow-Catching Shield",
    "entries": [
      "You gain a +2 bonus to AC against ranged attacks while you wield this shield. This bonus is in addition to the shield's normal bonus to AC. In addition, whenever an attacker makes a ranged attack against a target within 5 feet of you, you can use your reaction to become the target of the attack instead."
    ],
    "html": "You gain a +2 bonus to AC against ranged attacks while you wield this shield. This bonus is in addition to the shield's normal bonus to AC. In addition, whenever an attacker makes a ranged attack against a target within 5 feet of you, you can use your reaction to become the target of the attack instead."
  },
  "bonus": {
    "ac": 2
  }
}