{
  "dataType": "item",
  "uid": "item_Arrow|XPHB",
  "id": "Arrow|XPHB",
  "weight": 0.05,
  "value": 5,
  "rarity": "none",
  "isBaseItem": true,
  "displayName": {
    "zh": "箭",
    "en": "Arrow"
  },
  "mainSource": {
    "source": "XPHB",
    "page": 222
  },
  "allSources": [
    {
      "source": "XPHB",
      "page": 222
    }
  ],
  "relatedVersions": [
    "Arrow|PHB"
  ],
  "zh": {
    "name": "箭",
    "entries": [
      "箭是与具有弹药特性的武器一起使用来进行远程攻击的。每次使用该武器攻击时，你都会消耗一件弹药。从箭袋、箭盒或其他容器中取出弹药是攻击动作的一部分（你需要一只空闲的手来装填单手武器）。在战斗结束时，你可以通过花一分钟时间搜索战场来回收你消耗的一半弹药。",
      "箭矢通常存放在{@item 箭袋|XPHB}中（需单独购买）。"
    ],
    "html": "箭是与具有弹药特性的武器一起使用来进行远程攻击的。每次使用该武器攻击时，你都会消耗一件弹药。从箭袋、箭盒或其他容器中取出弹药是攻击动作的一部分（你需要一只空闲的手来装填单手武器）。在战斗结束时，你可以通过花一分钟时间搜索战场来回收你消耗的一半弹药。\n箭矢通常存放在{{@item|箭袋|XPHB}}中（需单独购买）。"
  },
  "en": {
    "name": "Arrow",
    "entries": [
      "Arrows are used with a weapon that has the ammunition property to make a ranged attack. Each time you attack with the weapon, you expend one piece of ammunition. Drawing the ammunition from a quiver, case, or other container is part of the attack (you need a free hand to load a one-handed weapon). At the end of the battle, you can recover half your expended ammunition by taking a minute to search the battlefield.",
      "Arrows are typically stored in a {@item Quiver|XPHB} (bought separately)."
    ],
    "html": "Arrows are used with a weapon that has the ammunition property to make a ranged attack. Each time you attack with the weapon, you expend one piece of ammunition. Drawing the ammunition from a quiver, case, or other container is part of the attack (you need a free hand to load a one-handed weapon). At the end of the battle, you can recover half your expended ammunition by taking a minute to search the battlefield.\nArrows are typically stored in a {{@item|Quiver|XPHB}} (bought separately)."
  },
  "bonus": {}
}