{
  "dataType": "item",
  "uid": "item_Assassin's Blood|XDMG ",
  "id": "Assassin's Blood|XDMG",
  "value": 15000,
  "rarity": "none",
  "isBaseItem": false,
  "baseItem": "",
  "displayName": {
    "zh": "刺客之血",
    "en": "Assassin's Blood"
  },
  "mainSource": {
    "source": "XDMG",
    "page": 90
  },
  "allSources": [
    {
      "source": "XDMG",
      "page": 90
    }
  ],
  "relatedVersions": [
    "Assassin's Blood|DMG"
  ],
  "zh": {
    "name": "刺客之血",
    "entries": [
      "受到刺客之血影响的生物需要进行一次 {@dc 10} 体质豁免检定。若豁免失败，该生物将受到 6（{@damage 1d12}）点毒素伤害，并获得 {@condition 中毒|XPHB} 状态，持续 24 小时。若豁免成功，该生物仅受到一半的伤害。"
    ],
    "html": "受到刺客之血影响的生物需要进行一次 {{@dc|10}} 体质豁免检定。若豁免失败，该生物将受到 6（{{@damage|1d12}}）点毒素伤害，并获得 {{@condition|中毒|XPHB}} 状态，持续 24 小时。若豁免成功，该生物仅受到一半的伤害。"
  },
  "en": {
    "name": "Assassin's Blood",
    "entries": [
      "A creature subjected to Assassin's Blood makes a {@dc 10} Constitution saving throw. On a failed save, the creature takes 6 ({@damage 1d12}) Poison damage and has the {@condition Poisoned|XPHB} condition for 24 hours. On a successful save, the creature takes half as much damage only."
    ],
    "html": "A creature subjected to Assassin's Blood makes a {{@dc|10}} Constitution saving throw. On a failed save, the creature takes 6 ({{@damage|1d12}}) Poison damage and has the {{@condition|Poisoned|XPHB}} condition for 24 hours. On a successful save, the creature takes half as much damage only."
  },
  "bonus": {}
}