{
  "dataType": "item",
  "uid": "item_Astral Shard|TCE ",
  "id": "Astral Shard|TCE",
  "weight": 1,
  "rarity": "rare",
  "isBaseItem": false,
  "baseItem": "",
  "displayName": {
    "zh": "星界碎晶",
    "en": "Astral Shard"
  },
  "mainSource": {
    "source": "TCE",
    "page": 120
  },
  "allSources": [
    {
      "source": "TCE",
      "page": 120
    }
  ],
  "zh": {
    "name": "星界碎晶",
    "entries": [
      "这块水晶是一块来自星界位面的坚硬碎晶，银色的迷雾在其表面上流转。作为一个动作，你可以将碎晶附上一件微型物件（如一把武器或一块珠宝）或摘下。当同调结束时它会掉落下来。当你持握或穿戴碎晶时，你可以将其作为法器使用。",
      "当你持握或穿戴碎晶，并在一道法术上应用一种超魔法选项时，可以在施展法术后立即传送到至多30尺内一个你能看见且未被占据的位置。"
    ],
    "html": "这块水晶是一块来自星界位面的坚硬碎晶，银色的迷雾在其表面上流转。作为一个动作，你可以将碎晶附上一件微型物件（如一把武器或一块珠宝）或摘下。当同调结束时它会掉落下来。当你持握或穿戴碎晶时，你可以将其作为法器使用。\n当你持握或穿戴碎晶，并在一道法术上应用一种超魔法选项时，可以在施展法术后立即传送到至多30尺内一个你能看见且未被占据的位置。"
  },
  "en": {
    "name": "Astral Shard",
    "entries": [
      "This crystal is a solidified shard of the Astral Plane, swirling with silver mist. As an action, you can attach the shard to a Tiny object (such as a weapon or a piece of jewelry) or detach it. It falls off if your attunement to it ends. You can use the shard as a spellcasting focus while you hold or wear it.",
      "When you use a Metamagic option on a spell while you are holding or wearing the shard, immediately after casting the spell you can teleport to an unoccupied space you can see within 30 feet of you."
    ],
    "html": "This crystal is a solidified shard of the Astral Plane, swirling with silver mist. As an action, you can attach the shard to a Tiny object (such as a weapon or a piece of jewelry) or detach it. It falls off if your attunement to it ends. You can use the shard as a spellcasting focus while you hold or wear it.\nWhen you use a Metamagic option on a spell while you are holding or wearing the shard, immediately after casting the spell you can teleport to an unoccupied space you can see within 30 feet of you."
  },
  "bonus": {}
}