{
  "dataType": "item",
  "uid": "item_Astromancy Archive|TCE ",
  "id": "Astromancy Archive|TCE",
  "weight": 3,
  "rarity": "rare",
  "isBaseItem": false,
  "baseItem": "",
  "displayName": {
    "zh": "星卜编集",
    "en": "Astromancy Archive"
  },
  "mainSource": {
    "source": "TCE",
    "page": 120
  },
  "allSources": [
    {
      "source": "TCE",
      "page": 120
    }
  ],
  "zh": {
    "name": "星卜编集",
    "entries": [
      "这个由铰接同心环构成的黄铜圆盘可展开成一个浑天仪。以一个附赠动作，你可以将其展开为浑天仪或折叠回圆盘。在被找到时，它包含了以下法术，且在你与其同调后对你视为法师法术：{@spell 卜筮术}、{@spell 预言术}、{@spell 寻路术}、{@spell 预见术}、{@spell 生物定位术}与{@spell 物件定位术}。你可以将其作为法术书，法术被编刻在其圆环上。",
      "当你持握编集时，你可以将其作为你法师法术的法器。",
      "编集具有3发充能，且每天黎明时恢复{@dice 1d3}发已消耗的充能。你持握它时，可以通过以下方式消耗充能：",
      {
        "type": "list",
        "items": [
          "如果你花费1分钟时间研究此编集，你可以消耗1发充能来将你的一道已准备法术替换为编集中的另一道法术。新法术必须是预言学派的法术。",
          "当一个30内你可见的生物进行一次攻击检定、属性检定或豁免检定时，你可以使用你的反应并消耗1发充能使那个生物骰一个{@dice d4}并将其数值作为原掷骰的加值或减值（由你选择）。你可以在看见掷骰结束，但在宣布结果之前使用该反应。"
        ]
      }
    ],
    "html": "这个由铰接同心环构成的黄铜圆盘可展开成一个浑天仪。以一个附赠动作，你可以将其展开为浑天仪或折叠回圆盘。在被找到时，它包含了以下法术，且在你与其同调后对你视为法师法术：{{@spell|卜筮术}}、{{@spell|预言术}}、{{@spell|寻路术}}、{{@spell|预见术}}、{{@spell|生物定位术}}与{{@spell|物件定位术}}。你可以将其作为法术书，法术被编刻在其圆环上。\n当你持握编集时，你可以将其作为你法师法术的法器。\n编集具有3发充能，且每天黎明时恢复{{@dice|1d3}}发已消耗的充能。你持握它时，可以通过以下方式消耗充能：\n<ul class=\"parser-list parser-list-default\"><li>如果你花费1分钟时间研究此编集，你可以消耗1发充能来将你的一道已准备法术替换为编集中的另一道法术。新法术必须是预言学派的法术。</li><li>当一个30内你可见的生物进行一次攻击检定、属性检定或豁免检定时，你可以使用你的反应并消耗1发充能使那个生物骰一个{{@dice|d4}}并将其数值作为原掷骰的加值或减值（由你选择）。你可以在看见掷骰结束，但在宣布结果之前使用该反应。</li></ul>"
  },
  "en": {
    "name": "Astromancy Archive",
    "entries": [
      "This brass disc of articulated, concentric rings unfolds into an armillary sphere. As a bonus action, you can unfold it into the sphere or back into a disc. When found, it contains the following spells, which are wizard spells for you while you are attuned to it: {@spell augury}, {@spell divination}, {@spell find the path}, {@spell foresight}, {@spell locate creature}, and {@spell locate object}. It functions as a spellbook for you, with spells encoded on the rings.",
      "While you are holding the archive, you can use it as a spellcasting focus for your wizard spells.",
      "The archive has 3 charges, and it regains {@dice 1d3} expended charges daily at dawn. You can use the charges in the following ways while holding it:",
      {
        "type": "list",
        "items": [
          "If you spend 1 minute studying the archive, you can expend 1 charge to replace one of your prepared wizard spells with a different spell in the archive. The new spell must be of the divination school.",
          "When a creature you can see within 30 feet of you makes an attack roll, an ability check, or a saving throw, you can use your reaction to expend 1 charge and force the creature to roll a {@dice d4} and apply the number rolled as a bonus or penalty (your choice) to the original roll. You can do this after you see the roll but before its effects are applied."
        ]
      }
    ],
    "html": "This brass disc of articulated, concentric rings unfolds into an armillary sphere. As a bonus action, you can unfold it into the sphere or back into a disc. When found, it contains the following spells, which are wizard spells for you while you are attuned to it: {{@spell|augury}}, {{@spell|divination}}, {{@spell|find the path}}, {{@spell|foresight}}, {{@spell|locate creature}}, and {{@spell|locate object}}. It functions as a spellbook for you, with spells encoded on the rings.\nWhile you are holding the archive, you can use it as a spellcasting focus for your wizard spells.\nThe archive has 3 charges, and it regains {{@dice|1d3}} expended charges daily at dawn. You can use the charges in the following ways while holding it:\n<ul class=\"parser-list parser-list-default\"><li>If you spend 1 minute studying the archive, you can expend 1 charge to replace one of your prepared wizard spells with a different spell in the archive. The new spell must be of the divination school.</li><li>When a creature you can see within 30 feet of you makes an attack roll, an ability check, or a saving throw, you can use your reaction to expend 1 charge and force the creature to roll a {{@dice|d4}} and apply the number rolled as a bonus or penalty (your choice) to the original roll. You can do this after you see the roll but before its effects are applied.</li></ul>"
  },
  "charge": {
    "max": 3,
    "rechargeAt": "dawn",
    "rechargeAmount": "{@dice 1d3}"
  },
  "bonus": {}
}