{
  "dataType": "item",
  "uid": "item_Automatic Rifle|DMG",
  "id": "Automatic Rifle|DMG",
  "weight": 8,
  "rarity": "none",
  "isBaseItem": true,
  "displayName": {
    "zh": "自动步枪",
    "en": "Automatic Rifle"
  },
  "mainSource": {
    "source": "DMG",
    "page": 268
  },
  "allSources": [
    {
      "source": "DMG",
      "page": 268
    },
    {
      "source": "XDMG",
      "page": 0
    }
  ],
  "relatedVersions": [
    "Automatic Rifle|XDMG"
  ],
  "zh": {
    "name": "自动步枪",
    "entries": [],
    "html": ""
  },
  "en": {
    "name": "Automatic Rifle",
    "entries": [],
    "html": ""
  },
  "weapon": {
    "category": "martial",
    "dmgs": [
      "2d8"
    ],
    "dmgType": "P",
    "range": {
      "min": 80,
      "max": 240
    },
    "reload": 30,
    "ammoType": "modern bullet"
  },
  "bonus": {}
}