{
  "dataType": "item",
  "uid": "item_Automatic Pistol|DMG",
  "id": "Automatic Pistol|DMG",
  "weight": 3,
  "rarity": "none",
  "isBaseItem": true,
  "displayName": {
    "zh": "自动手枪",
    "en": "Automatic Pistol"
  },
  "mainSource": {
    "source": "DMG",
    "page": 268
  },
  "allSources": [
    {
      "source": "DMG",
      "page": 268
    },
    {
      "source": "XDMG",
      "page": 0
    }
  ],
  "relatedVersions": [
    "Semiautomatic Pistol|XDMG"
  ],
  "zh": {
    "name": "自动手枪",
    "entries": [],
    "html": ""
  },
  "en": {
    "name": "Automatic Pistol",
    "entries": [],
    "html": ""
  },
  "weapon": {
    "category": "martial",
    "dmgs": [
      "2d6"
    ],
    "dmgType": "P",
    "range": {
      "min": 50,
      "max": 150
    },
    "reload": 15,
    "ammoType": "modern bullet"
  },
  "bonus": {}
}