{
  "dataType": "item",
  "uid": "item_Axe Beak|FRHoF ",
  "id": "Axe Beak|FRHoF",
  "value": 5000,
  "rarity": "none",
  "isBaseItem": false,
  "baseItem": "",
  "displayName": {
    "zh": "斧嘴鸟",
    "en": "Axe Beak"
  },
  "mainSource": {
    "source": "FRHoF",
    "page": 132
  },
  "allSources": [
    {
      "source": "FRHoF",
      "page": 132
    }
  ],
  "relatedVersions": [
    "Axe Beak|IDRotF"
  ],
  "zh": {
    "name": "斧嘴鸟",
    "entries": [
      "使用{@creature 斧嘴鸟|XMM}数据卡。"
    ],
    "html": "使用{{@creature|斧嘴鸟|XMM}}数据卡。"
  },
  "en": {
    "name": "Axe Beak",
    "entries": [
      "Use the {@creature Axe Beak|XMM} stat block."
    ],
    "html": "Use the {{@creature|Axe Beak|XMM}} stat block."
  },
  "bonus": {}
}