{
  "dataType": "item",
  "uid": "item_Axe of the Dwarvish Lords|XDMG ",
  "id": "Axe of the Dwarvish Lords|XDMG",
  "weight": 4,
  "rarity": "artifact",
  "isBaseItem": false,
  "baseItem": "battleaxe|xphb",
  "displayName": {
    "zh": "矮人王圣斧",
    "en": "Axe of the Dwarvish Lords"
  },
  "mainSource": {
    "source": "XDMG",
    "page": 231
  },
  "allSources": [
    {
      "source": "XDMG",
      "page": 231
    }
  ],
  "relatedVersions": [
    "Axe of the Dwarvish Lords|DMG"
  ],
  "zh": {
    "name": "矮人王圣斧",
    "entries": [
      "一位年轻的矮人王子出发去锻造一件武器，这件武器将被视为他人民团结的象征。他深入山下，比任何矮人曾经挖掘的地方都要深，王子来到了一座巨大火山的炽热核心。在创造之神摩拉丁的帮助下，他首先打造了四件强大的工具：星金属镐、地心熔炉、歌之砧和塑形锤。用这些工具，他锻造了矮人领主之斧。",
      "手持神器，王子为矮人部落带来了和平，结束了恩怨并回应了轻视。部落成为了盟友，他们击退了敌人，享受了一个繁荣的时代。这位年轻的矮人被铭记为第一任国王。当他年老时，他将武器，已经成为他的权力象征，传给了他的继承人。合法的继承人将斧头传给了后代。",
      "后来，在背叛和邪恶盛行的时代，这把斧头在一场因贪婪其力量和它所赋予的地位而引发的血腥内战中丢失了。几个世纪后，矮人们仍在寻找这把斧头，许多冒险者也以此为职业，追逐着谣言，掠夺古老的地窖，试图找到它。",
      {
        "ENG_name": "Magic Weapon",
        "name": "魔化武器",
        "type": "entries",
        "entries": [
          "矮人领主之斧是一件魔法武器，使用它进行攻击和伤害检定时可以获得+3的加值。",
          "当你用斧头攻击一个生物并且在攻击检定中掷出了20点在{@dice d20}上时，斧头会额外造成20点挥砍伤害。",
          "这把斧头具有{@itemProperty T|XPHB|投掷}特性，正常射程为20英尺，长射程为60英尺。当你使用这个武器进行远程攻击并且击中目标时，它会造成额外的{@damage 1d8}力场伤害，如果目标是巨人类型的生物，则会造成额外的{@damage 2d8}力场伤害。在击中或未击中后，武器会立即飞回你的手中。"
        ]
      },
      {
        "ENG_name": "Blessings of Moradin",
        "name": "摩拉丁的祝福",
        "type": "entries",
        "entries": [
          "当与斧头共鸣时，你获得以下好处：",
          {
            "type": "list",
            "style": "list-hang-notitle",
            "items": [
              {
                "ENG_name": "Darkvision",
                "name": "黑暗视觉",
                "type": "item",
                "entries": [
                  "你获得60尺{@sense 黑暗视觉|XPHB}。如果你已经有{@sense 黑暗视觉|XPHB}，则其范围提升60尺。"
                ]
              },
              {
                "ENG_name": "Fortitude of Stone",
                "name": "石之刚毅",
                "type": "item",
                "entries": [
                  "你的体质增加了2点，最高不超过20点。"
                ]
              },
              {
                "ENG_name": "Gifts of the Creator",
                "name": "造物之赐",
                "type": "item",
                "entries": [
                  "你熟练掌握了{@item 酿酒工具|XPHB}、{@item 石匠工具|XPHB}和{@item 铁匠工具|XPHB}。"
                ]
              },
              {
                "ENG_name": "One with the Forge",
                "name": "锻冶之伴",
                "type": "item",
                "entries": [
                  "你对毒素伤害具有{@variantrule 免疫|XPHB}，对火焰伤害具有{@variantrule 抗性|XPHB}。"
                ]
              },
              {
                "ENG_name": "Sunder",
                "name": "断裁分离",
                "type": "item",
                "entries": [
                  "当你用斧头击中物体时，物体会受到最大可能的伤害。"
                ]
              }
            ]
          }
        ]
      },
      {
        "ENG_name": "Conjure Earth Elemental",
        "name": "咒唤土元素",
        "type": "entries",
        "entries": [
          "持有这把斧头时，你可以采取一个{@action 魔法|XPHB}动作来召唤一个{@creature 土元素|XMM}。它出现在你选择的30英尺内的未被占据的空间，理解你的语言，服从你的命令，并在你的{@variantrule 先攻|XPHB}计数后立即行动。元素在24小时后消失，当它死亡时，或者当你以一个{@variantrule 附赠动作|XPHB}将其解散时。直到下一个黎明，你不能再使用这个特性。"
        ]
      },
      {
        "ENG_name": "Random Properties",
        "name": "随机词条",
        "type": "entries",
        "entries": [
          "这把斧头有以下随机属性：",
          {
            "type": "list",
            "items": [
              "2项{@table 神器词条; 次要增益词条|XDMG|弱效增益}属性",
              "1 项{@table 神器词条; 主要增益词条|XDMG|强效增益}属性",
              "2项{@table 神器词条; 次要减益词条|XDMG|弱效减益}属性"
            ]
          }
        ]
      },
      {
        "ENG_name": "Travel the Depths",
        "name": "地幔潜游",
        "type": "entries",
        "entries": [
          "你可以采取一个{@action 魔法|XPHB}动作，将斧头触摸到固定的矮人石制建筑上，并从斧头施放{@spell 传送术|XPHB}。如果你的目的地是地下，那么就不会有意外发生或到达一个意想不到的地方。你必须等待3天才能再次使用这个特性。"
        ]
      },
      {
        "ENG_name": "Destroying the Axe",
        "name": "摧毁战斧",
        "type": "entries",
        "entries": [
          "要摧毁这把斧头的唯一方法是将其在创造它的地心熔炉中熔化。它必须在燃烧的熔炉中保持50年，直到最终屈服于火焰并被消耗。"
        ]
      }
    ],
    "html": "一位年轻的矮人王子出发去锻造一件武器，这件武器将被视为他人民团结的象征。他深入山下，比任何矮人曾经挖掘的地方都要深，王子来到了一座巨大火山的炽热核心。在创造之神摩拉丁的帮助下，他首先打造了四件强大的工具：星金属镐、地心熔炉、歌之砧和塑形锤。用这些工具，他锻造了矮人领主之斧。\n手持神器，王子为矮人部落带来了和平，结束了恩怨并回应了轻视。部落成为了盟友，他们击退了敌人，享受了一个繁荣的时代。这位年轻的矮人被铭记为第一任国王。当他年老时，他将武器，已经成为他的权力象征，传给了他的继承人。合法的继承人将斧头传给了后代。\n后来，在背叛和邪恶盛行的时代，这把斧头在一场因贪婪其力量和它所赋予的地位而引发的血腥内战中丢失了。几个世纪后，矮人们仍在寻找这把斧头，许多冒险者也以此为职业，追逐着谣言，掠夺古老的地窖，试图找到它。\n<div class=\"parser-entries\"><div class=\"parser-entries-name\">魔化武器</div><div class=\"parser-entries-eng-name\">Magic Weapon</div><div class=\"parser-entries-content\">矮人领主之斧是一件魔法武器，使用它进行攻击和伤害检定时可以获得+3的加值。当你用斧头攻击一个生物并且在攻击检定中掷出了20点在{{@dice|d20}}上时，斧头会额外造成20点挥砍伤害。这把斧头具有{{@itemProperty|T|XPHB|投掷}}特性，正常射程为20英尺，长射程为60英尺。当你使用这个武器进行远程攻击并且击中目标时，它会造成额外的{{@damage|1d8}}力场伤害，如果目标是巨人类型的生物，则会造成额外的{{@damage|2d8}}力场伤害。在击中或未击中后，武器会立即飞回你的手中。</div></div>\n<div class=\"parser-entries\"><div class=\"parser-entries-name\">摩拉丁的祝福</div><div class=\"parser-entries-eng-name\">Blessings of Moradin</div><div class=\"parser-entries-content\">当与斧头共鸣时，你获得以下好处：<ul class=\"parser-list parser-list-list-hang-notitle\"><li class=\"parser-list-item\"><span class=\"parser-list-item-name\">黑暗视觉</span><span class=\"parser-list-item-eng-name\">Darkvision</span><div class=\"parser-list-item-entries\">你获得60尺{{@sense|黑暗视觉|XPHB}}。如果你已经有{{@sense|黑暗视觉|XPHB}}，则其范围提升60尺。</div></li><li class=\"parser-list-item\"><span class=\"parser-list-item-name\">石之刚毅</span><span class=\"parser-list-item-eng-name\">Fortitude of Stone</span><div class=\"parser-list-item-entries\">你的体质增加了2点，最高不超过20点。</div></li><li class=\"parser-list-item\"><span class=\"parser-list-item-name\">造物之赐</span><span class=\"parser-list-item-eng-name\">Gifts of the Creator</span><div class=\"parser-list-item-entries\">你熟练掌握了{{@item|酿酒工具|XPHB}}、{{@item|石匠工具|XPHB}}和{{@item|铁匠工具|XPHB}}。</div></li><li class=\"parser-list-item\"><span class=\"parser-list-item-name\">锻冶之伴</span><span class=\"parser-list-item-eng-name\">One with the Forge</span><div class=\"parser-list-item-entries\">你对毒素伤害具有{{@variantrule|免疫|XPHB}}，对火焰伤害具有{{@variantrule|抗性|XPHB}}。</div></li><li class=\"parser-list-item\"><span class=\"parser-list-item-name\">断裁分离</span><span class=\"parser-list-item-eng-name\">Sunder</span><div class=\"parser-list-item-entries\">当你用斧头击中物体时，物体会受到最大可能的伤害。</div></li></ul></div></div>\n<div class=\"parser-entries\"><div class=\"parser-entries-name\">咒唤土元素</div><div class=\"parser-entries-eng-name\">Conjure Earth Elemental</div><div class=\"parser-entries-content\">持有这把斧头时，你可以采取一个{{@action|魔法|XPHB}}动作来召唤一个{{@creature|土元素|XMM}}。它出现在你选择的30英尺内的未被占据的空间，理解你的语言，服从你的命令，并在你的{{@variantrule|先攻|XPHB}}计数后立即行动。元素在24小时后消失，当它死亡时，或者当你以一个{{@variantrule|附赠动作|XPHB}}将其解散时。直到下一个黎明，你不能再使用这个特性。</div></div>\n<div class=\"parser-entries\"><div class=\"parser-entries-name\">随机词条</div><div class=\"parser-entries-eng-name\">Random Properties</div><div class=\"parser-entries-content\">这把斧头有以下随机属性：<ul class=\"parser-list parser-list-default\"><li>2项{{@table|神器词条; 次要增益词条|XDMG|弱效增益}}属性</li><li>1 项{{@table|神器词条; 主要增益词条|XDMG|强效增益}}属性</li><li>2项{{@table|神器词条; 次要减益词条|XDMG|弱效减益}}属性</li></ul></div></div>\n<div class=\"parser-entries\"><div class=\"parser-entries-name\">地幔潜游</div><div class=\"parser-entries-eng-name\">Travel the Depths</div><div class=\"parser-entries-content\">你可以采取一个{{@action|魔法|XPHB}}动作，将斧头触摸到固定的矮人石制建筑上，并从斧头施放{{@spell|传送术|XPHB}}。如果你的目的地是地下，那么就不会有意外发生或到达一个意想不到的地方。你必须等待3天才能再次使用这个特性。</div></div>\n<div class=\"parser-entries\"><div class=\"parser-entries-name\">摧毁战斧</div><div class=\"parser-entries-eng-name\">Destroying the Axe</div><div class=\"parser-entries-content\">要摧毁这把斧头的唯一方法是将其在创造它的地心熔炉中熔化。它必须在燃烧的熔炉中保持50年，直到最终屈服于火焰并被消耗。</div></div>"
  },
  "en": {
    "name": "Axe of the Dwarvish Lords",
    "entries": [
      "A young dwarf prince set out to forge a weapon that would be regarded as a symbol of unity among his people. Venturing deep under the mountains, deeper than any dwarf had ever delved, the prince came to the blazing heart of a great volcano. With the aid of Moradin, a god of creation, he first crafted four mighty tools: the Starmetal Pick, the Earthheart Forge, the Anvil of Songs, and the Shaping Hammer. With these tools, he forged the Axe of the Dwarvish Lords.",
      "Armed with the Artifact, the prince brought peace to the dwarf clans, ending grudges and answering slights. The clans became allies, and they threw back their enemies and enjoyed an era of prosperity. This young dwarf is remembered as the First King. When he became old, he passed the weapon, which had become his badge of office, to his heir. The rightful inheritors passed the axe on for many generations.",
      "Later, in an era marked by treachery and wickedness, the axe was lost in a bloody civil war fomented by greed for its power and the status it bestowed. Centuries later, the dwarves still search for the axe, and many adventurers have made careers of chasing after rumors and plundering old vaults to find it.",
      {
        "type": "entries",
        "name": "Magic Weapon",
        "entries": [
          "The Axe of the Dwarvish Lords is a magic weapon that grants a +3 bonus to attack rolls and damage rolls made with it.",
          "When you attack a creature with the axe and roll a 20 on the {@dice d20} for the attack roll, the axe deals an extra 20 Slashing damage.",
          "The axe has {@itemProperty T|XPHB|Thrown} with a normal range of 20 feet and a long range of 60 feet. When you hit with a ranged attack using this weapon, it deals an extra {@damage 1d8} Force damage, or an extra {@damage 2d8} Force damage if the target is a creature of the Giant type. Immediately after hitting or missing, the weapon flies back to your hand."
        ]
      },
      {
        "type": "entries",
        "name": "Blessings of Moradin",
        "entries": [
          "While attuned to the axe, you gain the following benefits:",
          {
            "type": "list",
            "style": "list-hang-notitle",
            "items": [
              {
                "type": "item",
                "name": "Darkvision",
                "entries": [
                  "You gain {@sense Darkvision|XPHB} with a range of 60 feet. If you already have {@sense Darkvision|XPHB}, its range increases by 60 feet."
                ]
              },
              {
                "type": "item",
                "name": "Fortitude of Stone",
                "entries": [
                  "Your Constitution increases by 2, to a maximum of 20."
                ]
              },
              {
                "type": "item",
                "name": "Gifts of the Creator",
                "entries": [
                  "You have proficiency with {@item Brewer's Supplies|XPHB}, {@item Mason's Tools|XPHB}, and {@item Smith's Tools|XPHB}."
                ]
              },
              {
                "type": "item",
                "name": "One with the Forge",
                "entries": [
                  "You have {@variantrule Immunity|XPHB} to Poison damage and {@variantrule Resistance|XPHB} to Fire damage."
                ]
              },
              {
                "type": "item",
                "name": "Sunder",
                "entries": [
                  "When you hit an object with the axe, the object takes the maximum amount of damage possible."
                ]
              }
            ]
          }
        ]
      },
      {
        "type": "entries",
        "name": "Conjure Earth Elemental",
        "entries": [
          "While holding the axe, you can take a {@action Magic|XPHB} action to summon an {@creature Earth Elemental|XMM}. It appears in an unoccupied space you choose within 30 feet of yourself, understands your languages, obeys your commands, and takes its turn immediately after you on your {@variantrule Initiative|XPHB} count. The elemental disappears after 24 hours, when it dies, or when you dismiss it as a {@variantrule Bonus Action|XPHB}. You can't use this property again until the next dawn."
        ]
      },
      {
        "type": "entries",
        "name": "Random Properties",
        "entries": [
          "The axe has the following random properties:",
          {
            "type": "list",
            "items": [
              "2 {@table Artifact Properties; Minor Beneficial Properties|XDMG|minor beneficial} properties",
              "1 {@table Artifact Properties; Major Beneficial Properties|XDMG|major beneficial} property",
              "2 {@table Artifact Properties; Minor Detrimental Properties|XDMG|minor detrimental} properties"
            ]
          }
        ]
      },
      {
        "type": "entries",
        "name": "Travel the Depths",
        "entries": [
          "You can take a {@action Magic|XPHB} action to touch the axe to a fixed piece of dwarven stonework and cast {@spell Teleport|XPHB} from the axe. If your intended destination is underground, there is no chance of a mishap or arriving somewhere unexpected. You can't use this property again until 3 days have passed."
        ]
      },
      {
        "type": "entries",
        "name": "Destroying the Axe",
        "entries": [
          "The only way to destroy the axe is to melt it down in the Earthheart Forge, where it was created. It must remain in the burning forge for 50 years before it finally succumbs to the fire and is consumed."
        ]
      }
    ],
    "html": "A young dwarf prince set out to forge a weapon that would be regarded as a symbol of unity among his people. Venturing deep under the mountains, deeper than any dwarf had ever delved, the prince came to the blazing heart of a great volcano. With the aid of Moradin, a god of creation, he first crafted four mighty tools: the Starmetal Pick, the Earthheart Forge, the Anvil of Songs, and the Shaping Hammer. With these tools, he forged the Axe of the Dwarvish Lords.\nArmed with the Artifact, the prince brought peace to the dwarf clans, ending grudges and answering slights. The clans became allies, and they threw back their enemies and enjoyed an era of prosperity. This young dwarf is remembered as the First King. When he became old, he passed the weapon, which had become his badge of office, to his heir. The rightful inheritors passed the axe on for many generations.\nLater, in an era marked by treachery and wickedness, the axe was lost in a bloody civil war fomented by greed for its power and the status it bestowed. Centuries later, the dwarves still search for the axe, and many adventurers have made careers of chasing after rumors and plundering old vaults to find it.\n<div class=\"parser-entries\"><div class=\"parser-entries-name\">Magic Weapon</div><div class=\"parser-entries-content\">The Axe of the Dwarvish Lords is a magic weapon that grants a +3 bonus to attack rolls and damage rolls made with it.When you attack a creature with the axe and roll a 20 on the {{@dice|d20}} for the attack roll, the axe deals an extra 20 Slashing damage.The axe has {{@itemProperty|T|XPHB|Thrown}} with a normal range of 20 feet and a long range of 60 feet. When you hit with a ranged attack using this weapon, it deals an extra {{@damage|1d8}} Force damage, or an extra {{@damage|2d8}} Force damage if the target is a creature of the Giant type. Immediately after hitting or missing, the weapon flies back to your hand.</div></div>\n<div class=\"parser-entries\"><div class=\"parser-entries-name\">Blessings of Moradin</div><div class=\"parser-entries-content\">While attuned to the axe, you gain the following benefits:<ul class=\"parser-list parser-list-list-hang-notitle\"><li class=\"parser-list-item\"><span class=\"parser-list-item-name\">Darkvision</span><div class=\"parser-list-item-entries\">You gain {{@sense|Darkvision|XPHB}} with a range of 60 feet. If you already have {{@sense|Darkvision|XPHB}}, its range increases by 60 feet.</div></li><li class=\"parser-list-item\"><span class=\"parser-list-item-name\">Fortitude of Stone</span><div class=\"parser-list-item-entries\">Your Constitution increases by 2, to a maximum of 20.</div></li><li class=\"parser-list-item\"><span class=\"parser-list-item-name\">Gifts of the Creator</span><div class=\"parser-list-item-entries\">You have proficiency with {{@item|Brewer's Supplies|XPHB}}, {{@item|Mason's Tools|XPHB}}, and {{@item|Smith's Tools|XPHB}}.</div></li><li class=\"parser-list-item\"><span class=\"parser-list-item-name\">One with the Forge</span><div class=\"parser-list-item-entries\">You have {{@variantrule|Immunity|XPHB}} to Poison damage and {{@variantrule|Resistance|XPHB}} to Fire damage.</div></li><li class=\"parser-list-item\"><span class=\"parser-list-item-name\">Sunder</span><div class=\"parser-list-item-entries\">When you hit an object with the axe, the object takes the maximum amount of damage possible.</div></li></ul></div></div>\n<div class=\"parser-entries\"><div class=\"parser-entries-name\">Conjure Earth Elemental</div><div class=\"parser-entries-content\">While holding the axe, you can take a {{@action|Magic|XPHB}} action to summon an {{@creature|Earth Elemental|XMM}}. It appears in an unoccupied space you choose within 30 feet of yourself, understands your languages, obeys your commands, and takes its turn immediately after you on your {{@variantrule|Initiative|XPHB}} count. The elemental disappears after 24 hours, when it dies, or when you dismiss it as a {{@variantrule|Bonus Action|XPHB}}. You can't use this property again until the next dawn.</div></div>\n<div class=\"parser-entries\"><div class=\"parser-entries-name\">Random Properties</div><div class=\"parser-entries-content\">The axe has the following random properties:<ul class=\"parser-list parser-list-default\"><li>2 {{@table|Artifact Properties; Minor Beneficial Properties|XDMG|minor beneficial}} properties</li><li>1 {{@table|Artifact Properties; Major Beneficial Properties|XDMG|major beneficial}} property</li><li>2 {{@table|Artifact Properties; Minor Detrimental Properties|XDMG|minor detrimental}} properties</li></ul></div></div>\n<div class=\"parser-entries\"><div class=\"parser-entries-name\">Travel the Depths</div><div class=\"parser-entries-content\">You can take a {{@action|Magic|XPHB}} action to touch the axe to a fixed piece of dwarven stonework and cast {{@spell|Teleport|XPHB}} from the axe. If your intended destination is underground, there is no chance of a mishap or arriving somewhere unexpected. You can't use this property again until 3 days have passed.</div></div>\n<div class=\"parser-entries\"><div class=\"parser-entries-name\">Destroying the Axe</div><div class=\"parser-entries-content\">The only way to destroy the axe is to melt it down in the Earthheart Forge, where it was created. It must remain in the burning forge for 50 years before it finally succumbs to the fire and is consumed.</div></div>"
  },
  "bonus": {
    "weapon": 3
  }
}