{
  "dataType": "item",
  "uid": "item_Axe Beak|IDRotF ",
  "id": "Axe Beak|IDRotF",
  "value": 5000,
  "rarity": "none",
  "isBaseItem": false,
  "baseItem": "",
  "displayName": {
    "zh": "斧嘴鸟",
    "en": "Axe Beak"
  },
  "mainSource": {
    "source": "IDRotF",
    "page": 20
  },
  "allSources": [
    {
      "source": "IDRotF",
      "page": 20
    },
    {
      "source": "FRHoF",
      "page": 0
    }
  ],
  "relatedVersions": [
    "Axe Beak|FRHoF"
  ],
  "zh": {
    "name": "斧嘴鸟",
    "entries": [
      "一只{@creature 斧嘴鸟}的张开的脚趾使其能够跑过雪地，并且它能承载与骡子一样多的重量。在十镇可以以50金币购买一只驯养的斧嘴鸟。"
    ],
    "html": "一只{{@creature|斧嘴鸟}}的张开的脚趾使其能够跑过雪地，并且它能承载与骡子一样多的重量。在十镇可以以50金币购买一只驯养的斧嘴鸟。"
  },
  "en": {
    "name": "Axe Beak",
    "entries": [
      "An {@creature axe beak}'s splayed toes allow it to run across snow, and it can carry as much weight as a mule. A domesticated axe beak can be purchased in Ten-Towns for 50 gp."
    ],
    "html": "An {{@creature|axe beak}}'s splayed toes allow it to run across snow, and it can carry as much weight as a mule. A domesticated axe beak can be purchased in Ten-Towns for 50 gp."
  },
  "bonus": {}
}