{
  "dataType": "item",
  "uid": "item_Azorius Keyrune|GGR ",
  "id": "Azorius Keyrune|GGR",
  "rarity": "rare",
  "isBaseItem": false,
  "baseItem": "",
  "displayName": {
    "zh": "俄佐立符镇兵",
    "en": "Azorius Keyrune"
  },
  "mainSource": {
    "source": "GGR",
    "page": 177
  },
  "allSources": [
    {
      "source": "GGR",
      "page": 177
    }
  ],
  "zh": {
    "name": "俄佐立符镇兵",
    "entries": [
      "这件符镇兵由纯白大理石与天青石雕琢成一羽高贵的猛禽。它能够变为一只{@creature 巨鹰}，持续至多1小时。该巨鹰在你身边1英里范围内时，你可以与其进行心灵交流。你可以用一个动作将自己的视觉和听觉切换到该巨鹰的感官，持续至你下一回合开始，并享有其敏锐视力的增益。在此期间，你本体的感官则等同于陷入耳聋以及目盲状态。",
      "当你用一个动作说出该物品的命令语并将符镇兵放置于你5尺内一处未被占据的空间时，符镇兵变为一个{@creature 巨鹰}。如果雕附近的空间不足以容纳该生物，符镇兵将不会变化。",
      "该生物对于你和你的同伴、与你同公会的其他成员（除非那些公会成员对你敌对）保持友好关系。它理解你掌握的语言并服从你的口头命令。如果你不发出任何命令，该雕会进行{@action 回避}动作并移动以躲避危险。",
      "持续时间结束时，该生物恢复为符镇兵形态。当该生物生命值降至0时，或当你使用一个动作再次说出命令语并触及它时，它会提前恢复为符镇兵形态。当该生物恢复为符镇兵形态后，经过36小时才能再次变为生物形态。"
    ],
    "html": "这件符镇兵由纯白大理石与天青石雕琢成一羽高贵的猛禽。它能够变为一只{{@creature|巨鹰}}，持续至多1小时。该巨鹰在你身边1英里范围内时，你可以与其进行心灵交流。你可以用一个动作将自己的视觉和听觉切换到该巨鹰的感官，持续至你下一回合开始，并享有其敏锐视力的增益。在此期间，你本体的感官则等同于陷入耳聋以及目盲状态。\n当你用一个动作说出该物品的命令语并将符镇兵放置于你5尺内一处未被占据的空间时，符镇兵变为一个{{@creature|巨鹰}}。如果雕附近的空间不足以容纳该生物，符镇兵将不会变化。\n该生物对于你和你的同伴、与你同公会的其他成员（除非那些公会成员对你敌对）保持友好关系。它理解你掌握的语言并服从你的口头命令。如果你不发出任何命令，该雕会进行{{@action|回避}}动作并移动以躲避危险。\n持续时间结束时，该生物恢复为符镇兵形态。当该生物生命值降至0时，或当你使用一个动作再次说出命令语并触及它时，它会提前恢复为符镇兵形态。当该生物恢复为符镇兵形态后，经过36小时才能再次变为生物形态。"
  },
  "en": {
    "name": "Azorius Keyrune",
    "entries": [
      "This keyrune is carved from white marble and lapis lazuli to resemble a noble bird of prey. It can become a {@creature giant eagle} for up to 1 hour. While the transformed eagle is within 1 mile of you, you can communicate with it telepathically. As an action, you can see through the eagle's eyes and hear what it hears until the start of your next turn, and you gain the benefit of its keen sight. During this time, you are deaf and blind with regard to your own senses.",
      "When you use an action to speak the item's command word and place the keyrune on the ground in an unoccupied space within 5 feet of you, the keyrune transforms into a {@creature giant eagle}. If there isn't enough space for the eagle, the keyrune doesn't transform.",
      "The creature is friendly to you, your companions, and other members of your guild (unless those guild members are hostile to you). It understands your languages and obeys your spoken commands. If you issue no commands, the eagle takes the {@action Dodge} action and moves to avoid danger.",
      "At the end of the duration, the creature reverts to its keyrune form. It reverts early if it drops to 0 hit points or if you use an action to speak the command word again while touching it. When the creature reverts to its keyrune form, it can't transform again until 36 hours have passed."
    ],
    "html": "This keyrune is carved from white marble and lapis lazuli to resemble a noble bird of prey. It can become a {{@creature|giant eagle}} for up to 1 hour. While the transformed eagle is within 1 mile of you, you can communicate with it telepathically. As an action, you can see through the eagle's eyes and hear what it hears until the start of your next turn, and you gain the benefit of its keen sight. During this time, you are deaf and blind with regard to your own senses.\nWhen you use an action to speak the item's command word and place the keyrune on the ground in an unoccupied space within 5 feet of you, the keyrune transforms into a {{@creature|giant eagle}}. If there isn't enough space for the eagle, the keyrune doesn't transform.\nThe creature is friendly to you, your companions, and other members of your guild (unless those guild members are hostile to you). It understands your languages and obeys your spoken commands. If you issue no commands, the eagle takes the {{@action|Dodge}} action and moves to avoid danger.\nAt the end of the duration, the creature reverts to its keyrune form. It reverts early if it drops to 0 hit points or if you use an action to speak the command word again while touching it. When the creature reverts to its keyrune form, it can't transform again until 36 hours have passed."
  },
  "bonus": {}
}