{
  "dataType": "item",
  "uid": "item_Azuredge|WDH ",
  "id": "Azuredge|WDH",
  "weight": 4,
  "rarity": "legendary",
  "isBaseItem": false,
  "baseItem": "battleaxe|phb",
  "displayName": {
    "zh": "蔚蓝之锋",
    "en": "Azuredge"
  },
  "mainSource": {
    "source": "WDH",
    "page": 189
  },
  "allSources": [
    {
      "source": "WDH",
      "page": 189
    }
  ],
  "zh": {
    "name": "蔚蓝之锋",
    "entries": [
      "这把智能战斧由大法师阿格海隆锻造，旨在保卫水深城。它目前的持有者是名为{@creature 麦伦·战龙|WDH}的前灰烬之力成员，但这件武器正在寻找新的主人。",
      "Azuredge有一个实心钢制手柄，上面刻有细小的符文，用蓝色龙皮包裹，并在尾端镶嵌了一颗星形蓝宝石。斧头由银、黄金和钢的合金锻造而成，其边缘不断闪烁着深蓝色的光辉。",
      "使用这把魔法武器进行攻击和伤害骰时，你获得+3的加值。{@spell 护盾术}法术无法防御这把斧头，它能够穿透该法术的魔法力量屏障。",
      "当你用斧头击中恶魔或不死生物时，冰冷的蓝色火焰从其刀刃爆发出来，对目标造成额外的{@damage 2d6}光耀伤害。",
      {
        "ENG_name": "Hurling",
        "name": "猛投",
        "type": "entries",
        "entries": [
          "这把战斧有3次充能。你可以消耗1次充能并用斧头进行远程攻击，像具有投掷属性的武器一样投掷它，正常射程为60尺，长射程为180尺。无论击中与否，斧头都会在当前回合结束时飞回到你手中，落在你选择的你的空手中或你的空间内（由你决定）。斧头在黎明时每天恢复所有消耗的充能。"
        ]
      },
      {
        "ENG_name": "Illumination",
        "name": "照明",
        "type": "entries",
        "entries": [
          "当持有这把斧头时，你可以使用一个动作使斧头发出蓝色光芒或熄灭这个光芒。这个光芒在30尺半径内发出明亮的光，并在额外的30尺内发出微光。"
        ]
      },
      {
        "ENG_name": "Sentience",
        "name": "智能",
        "type": "entries",
        "entries": [
          "Azuredge是一个有感知能力的守序中立武器，感知为12，感知为15，魅力为15。它具有听力和{@sense 黑暗视觉}，范围可达120尺。",
          "这把武器能通过心灵感应与其持有者沟通，并且能说、读和理解通用语。它的声音平静而细腻。武器能感知到120尺范围内非守序生物的存在。"
        ]
      },
      {
        "ENG_name": "Personality",
        "name": "个性",
        "type": "entries",
        "entries": [
          "Azuredge誓言保护Waterdeep，它希望被一个遵守法律的人所使用，这个人愿意为城市的防御奉献一切。这把武器很有耐心，它会花时间找到它的理想使用者。",
          "如果有人试图违背Azuredge的意愿使用它，这把斧头可以变得比正常重十倍，并且可以神奇地粘附到它接触到的任何中等大小或更大的物体或表面上。一旦这样做，斧头就无法被挥舞。除了使用{@spell 祈愿术}法术外，没有什么能将斧头从它粘附的物体或表面上分离出来而不破坏其中一个，尽管斧头可以随时选择结束这个效果。"
        ]
      }
    ],
    "html": "这把智能战斧由大法师阿格海隆锻造，旨在保卫水深城。它目前的持有者是名为{{@creature|麦伦·战龙|WDH}}的前灰烬之力成员，但这件武器正在寻找新的主人。\nAzuredge有一个实心钢制手柄，上面刻有细小的符文，用蓝色龙皮包裹，并在尾端镶嵌了一颗星形蓝宝石。斧头由银、黄金和钢的合金锻造而成，其边缘不断闪烁着深蓝色的光辉。\n使用这把魔法武器进行攻击和伤害骰时，你获得+3的加值。{{@spell|护盾术}}法术无法防御这把斧头，它能够穿透该法术的魔法力量屏障。\n当你用斧头击中恶魔或不死生物时，冰冷的蓝色火焰从其刀刃爆发出来，对目标造成额外的{{@damage|2d6}}光耀伤害。\n<div class=\"parser-entries\"><div class=\"parser-entries-name\">猛投</div><div class=\"parser-entries-eng-name\">Hurling</div><div class=\"parser-entries-content\">这把战斧有3次充能。你可以消耗1次充能并用斧头进行远程攻击，像具有投掷属性的武器一样投掷它，正常射程为60尺，长射程为180尺。无论击中与否，斧头都会在当前回合结束时飞回到你手中，落在你选择的你的空手中或你的空间内（由你决定）。斧头在黎明时每天恢复所有消耗的充能。</div></div>\n<div class=\"parser-entries\"><div class=\"parser-entries-name\">照明</div><div class=\"parser-entries-eng-name\">Illumination</div><div class=\"parser-entries-content\">当持有这把斧头时，你可以使用一个动作使斧头发出蓝色光芒或熄灭这个光芒。这个光芒在30尺半径内发出明亮的光，并在额外的30尺内发出微光。</div></div>\n<div class=\"parser-entries\"><div class=\"parser-entries-name\">智能</div><div class=\"parser-entries-eng-name\">Sentience</div><div class=\"parser-entries-content\">Azuredge是一个有感知能力的守序中立武器，感知为12，感知为15，魅力为15。它具有听力和{{@sense|黑暗视觉}}，范围可达120尺。这把武器能通过心灵感应与其持有者沟通，并且能说、读和理解通用语。它的声音平静而细腻。武器能感知到120尺范围内非守序生物的存在。</div></div>\n<div class=\"parser-entries\"><div class=\"parser-entries-name\">个性</div><div class=\"parser-entries-eng-name\">Personality</div><div class=\"parser-entries-content\">Azuredge誓言保护Waterdeep，它希望被一个遵守法律的人所使用，这个人愿意为城市的防御奉献一切。这把武器很有耐心，它会花时间找到它的理想使用者。如果有人试图违背Azuredge的意愿使用它，这把斧头可以变得比正常重十倍，并且可以神奇地粘附到它接触到的任何中等大小或更大的物体或表面上。一旦这样做，斧头就无法被挥舞。除了使用{{@spell|祈愿术}}法术外，没有什么能将斧头从它粘附的物体或表面上分离出来而不破坏其中一个，尽管斧头可以随时选择结束这个效果。</div></div>"
  },
  "en": {
    "name": "Azuredge",
    "entries": [
      "Forged by the archwizard Ahghairon, this intelligent battleaxe was crafted to defend Waterdeep. Its current wielder is a former member of Force Grey named {@creature Meloon Wardragon|WDH}, but the weapon is searching for a new owner.",
      "Azuredge has a solid steel handle etched with tiny runes, wrapped in blue dragon hide with a star sapphire set into the pommel. The axe head is forged from silver, electrum, and steel alloys whose edges constantly shimmer with a deep blue luminescence.",
      "You gain a +3 bonus to attack and damage rolls made with this magic weapon. The {@spell shield} spell provides no defense against the axe, which passes through that spell's barrier of magical force.",
      "When you hit a fiend or an undead with the axe, cold blue flames erupt from its blade and deal an extra {@damage 2d6} radiant damage to the target.",
      {
        "type": "entries",
        "name": "Hurling",
        "entries": [
          "The battleaxe has 3 charges. You can expend 1 charge and make a ranged attack with the axe, hurling it as if it had the thrown property with a normal range of 60 feet and a long range of 180 feet. Whether it hits or misses, the axe flies back to you at the end of the current turn, landing in your open hand or at your feet in your space (as you choose). The axe regains all expended charges daily at dawn."
        ]
      },
      {
        "type": "entries",
        "name": "Illumination",
        "entries": [
          "While holding the axe, you can use an action to cause the axe to glow blue or to quench the glow. This glow sheds bright light in a 30-foot radius and dim light for an additional 30 feet."
        ]
      },
      {
        "type": "entries",
        "name": "Sentience",
        "entries": [
          "Azuredge is a sentient lawful neutral weapon with an Intelligence of 12, a Wisdom of 15, and a Charisma of 15. It has hearing and {@sense darkvision} out to a range of 120 feet.",
          "The weapon communicates telepathically with its wielder and can speak, read, and understand Common. It has a calm, delicate voice. The weapon can sense the presence of non-lawful creatures within 120 feet of it."
        ]
      },
      {
        "type": "entries",
        "name": "Personality",
        "entries": [
          "Azuredge is sworn to protect Waterdeep, and it desires to be wielded by a law-abiding person willing to dedicate everything to the city's defense. The weapon is patient and takes its time finding its ideal wielder.",
          "If someone tries to use Azuredge against its will, the axe can become ten times heavier than normal, and can magically adhere to any Medium or larger object or surface it comes into contact with. Once it does so, the axe can't be wielded. Nothing short of a {@spell wish} spell can separate the axe from the item or surface to which it is adhered without destroying one or the other, though the axe can choose to end the effect at any time."
        ]
      }
    ],
    "html": "Forged by the archwizard Ahghairon, this intelligent battleaxe was crafted to defend Waterdeep. Its current wielder is a former member of Force Grey named {{@creature|Meloon Wardragon|WDH}}, but the weapon is searching for a new owner.\nAzuredge has a solid steel handle etched with tiny runes, wrapped in blue dragon hide with a star sapphire set into the pommel. The axe head is forged from silver, electrum, and steel alloys whose edges constantly shimmer with a deep blue luminescence.\nYou gain a +3 bonus to attack and damage rolls made with this magic weapon. The {{@spell|shield}} spell provides no defense against the axe, which passes through that spell's barrier of magical force.\nWhen you hit a fiend or an undead with the axe, cold blue flames erupt from its blade and deal an extra {{@damage|2d6}} radiant damage to the target.\n<div class=\"parser-entries\"><div class=\"parser-entries-name\">Hurling</div><div class=\"parser-entries-content\">The battleaxe has 3 charges. You can expend 1 charge and make a ranged attack with the axe, hurling it as if it had the thrown property with a normal range of 60 feet and a long range of 180 feet. Whether it hits or misses, the axe flies back to you at the end of the current turn, landing in your open hand or at your feet in your space (as you choose). The axe regains all expended charges daily at dawn.</div></div>\n<div class=\"parser-entries\"><div class=\"parser-entries-name\">Illumination</div><div class=\"parser-entries-content\">While holding the axe, you can use an action to cause the axe to glow blue or to quench the glow. This glow sheds bright light in a 30-foot radius and dim light for an additional 30 feet.</div></div>\n<div class=\"parser-entries\"><div class=\"parser-entries-name\">Sentience</div><div class=\"parser-entries-content\">Azuredge is a sentient lawful neutral weapon with an Intelligence of 12, a Wisdom of 15, and a Charisma of 15. It has hearing and {{@sense|darkvision}} out to a range of 120 feet.The weapon communicates telepathically with its wielder and can speak, read, and understand Common. It has a calm, delicate voice. The weapon can sense the presence of non-lawful creatures within 120 feet of it.</div></div>\n<div class=\"parser-entries\"><div class=\"parser-entries-name\">Personality</div><div class=\"parser-entries-content\">Azuredge is sworn to protect Waterdeep, and it desires to be wielded by a law-abiding person willing to dedicate everything to the city's defense. The weapon is patient and takes its time finding its ideal wielder.If someone tries to use Azuredge against its will, the axe can become ten times heavier than normal, and can magically adhere to any Medium or larger object or surface it comes into contact with. Once it does so, the axe can't be wielded. Nothing short of a {{@spell|wish}} spell can separate the axe from the item or surface to which it is adhered without destroying one or the other, though the axe can choose to end the effect at any time.</div></div>"
  },
  "charge": {
    "max": 3,
    "rechargeAt": "dawn",
    "rechargeAmount": 3
  },
  "bonus": {
    "weapon": 3
  }
}