{
  "dataType": "item",
  "uid": "item_Backpack Parachute|WDH ",
  "id": "Backpack Parachute|WDH",
  "rarity": "unknown",
  "isBaseItem": false,
  "baseItem": "",
  "displayName": {
    "zh": "降落伞包",
    "en": "Backpack Parachute"
  },
  "mainSource": {
    "source": "WDH",
    "page": 47
  },
  "allSources": [
    {
      "source": "WDH",
      "page": 47
    }
  ],
  "zh": {
    "name": "降落伞包",
    "entries": [
      "穿戴这件装备的人形生物可以在坠落时作为反应动作部署降落伞，或者在其他时候作为动作部署。降落伞需要至少一个10尺的立方体空间来部署，并且它打开的速度不足以减缓少于60尺的坠落。如果它有足够的时间和空间正确部署，降落伞可以让它穿戴者安全着陆，不承受坠落伤害。一旦使用过，降落伞需要10分钟重新打包。"
    ],
    "html": "穿戴这件装备的人形生物可以在坠落时作为反应动作部署降落伞，或者在其他时候作为动作部署。降落伞需要至少一个10尺的立方体空间来部署，并且它打开的速度不足以减缓少于60尺的坠落。如果它有足够的时间和空间正确部署，降落伞可以让它穿戴者安全着陆，不承受坠落伤害。一旦使用过，降落伞需要10分钟重新打包。"
  },
  "en": {
    "name": "Backpack Parachute",
    "entries": [
      "A humanoid wearing this piece of gear can deploy the parachute as a reaction while falling, or as an action otherwise. The parachute requires at least a 10-foot cube of unoccupied space in which to deploy, and it doesn't open fast enough to slow a fall of less than 60 feet. If it has sufficient time and space to deploy properly, the parachute allows its wearer to land without taking falling damage. Once it has been used, the parachute takes 10 minutes to repack."
    ],
    "html": "A humanoid wearing this piece of gear can deploy the parachute as a reaction while falling, or as an action otherwise. The parachute requires at least a 10-foot cube of unoccupied space in which to deploy, and it doesn't open fast enough to slow a fall of less than 60 feet. If it has sufficient time and space to deploy properly, the parachute allows its wearer to land without taking falling damage. Once it has been used, the parachute takes 10 minutes to repack."
  },
  "bonus": {}
}