{
  "dataType": "item",
  "uid": "item_Backpack|PHB ",
  "id": "Backpack|PHB",
  "weight": 5,
  "value": 200,
  "rarity": "none",
  "isBaseItem": false,
  "baseItem": "",
  "displayName": {
    "zh": "背包",
    "en": "Backpack"
  },
  "mainSource": {
    "source": "PHB",
    "page": 153
  },
  "allSources": [
    {
      "source": "PHB",
      "page": 153
    },
    {
      "source": "XPHB",
      "page": 0
    }
  ],
  "relatedVersions": [
    "Backpack|XPHB"
  ],
  "zh": {
    "name": "背包",
    "entries": [
      "背包可以容纳一立方尺或30磅的物品。你还可以将物品系在背包外面，例如一卷铺盖或是一卷绳索。"
    ],
    "html": "背包可以容纳一立方尺或30磅的物品。你还可以将物品系在背包外面，例如一卷铺盖或是一卷绳索。"
  },
  "en": {
    "name": "Backpack",
    "entries": [
      "A backpack can hold one cubic foot or 30 pounds of gear. You can also strap items, such as a bedroll or a coil of rope, to the outside of a backpack."
    ],
    "html": "A backpack can hold one cubic foot or 30 pounds of gear. You can also strap items, such as a bedroll or a coil of rope, to the outside of a backpack."
  },
  "bonus": {}
}