{
  "dataType": "item",
  "uid": "item_Bag of Tricks, Rust|XDMG ",
  "id": "Bag of Tricks, Rust|XDMG",
  "rarity": "uncommon",
  "isBaseItem": false,
  "baseItem": "",
  "displayName": {
    "zh": "魔术袋，铁锈色",
    "en": "Bag of Tricks, Rust"
  },
  "mainSource": {
    "source": "XDMG",
    "page": 234
  },
  "allSources": [
    {
      "source": "XDMG",
      "page": 234
    }
  ],
  "relatedVersions": [
    "Bag of Tricks, Rust|DMG"
  ],
  "zh": {
    "name": "魔术袋，铁锈色",
    "entries": [
      "这个由锈布制成的袋子看起来是空的。然而，伸手进袋子里，却发现有一个小而毛茸茸的物体。",
      "你可以采取一个{@action 魔法|XPHB}动作从包中取出这个毛茸茸的物体，并将其投掷至多20英尺远。当物体落地时，它会变成你通过掷下面的表格来确定的生物。查看{@book 怪物图鉴|XMM}以获取该生物的统计数据块。生物在下一个黎明时消失，或者当它被减少到0{@variantrule 生命值|XPHB}时消失。",
      "这个生物对你和你的盟友是{@variantrule 友好 【态度】|XPHB|友好}的，并且在你的{@variantrule 先攻|XPHB}计数后立即行动。你可以使用{@variantrule 附赠动作|XPHB}来指挥生物如何移动以及在它的下一个回合采取什么行动，比如攻击一个敌人。如果没有这样的指令，生物会根据其天性采取行动。",
      "袋子抽出三件毛绒物件后，要经过下次黎明才能再用。",
      {
        "type": "table",
        "colStyles": [
          "col-2 text-center",
          "col-10"
        ],
        "colLabels": [
          "1d8",
          "creature"
        ],
        "rows": [
          [
            "1",
            "{@creature 老鼠|XMM}"
          ],
          [
            "2",
            "{@creature 猫头鹰|XMM}"
          ],
          [
            "3",
            "{@creature 獒犬|XMM}"
          ],
          [
            "4",
            "{@creature 山羊|XMM}"
          ],
          [
            "5",
            "{@creature 巨山羊|XMM}"
          ],
          [
            "6",
            "{@creature 巨野猪|XMM}"
          ],
          [
            "7",
            "{@creature 狮子|XMM}"
          ],
          [
            "8",
            "{@creature 棕熊|XMM}"
          ]
        ]
      }
    ],
    "html": "这个由锈布制成的袋子看起来是空的。然而，伸手进袋子里，却发现有一个小而毛茸茸的物体。\n你可以采取一个{{@action|魔法|XPHB}}动作从包中取出这个毛茸茸的物体，并将其投掷至多20英尺远。当物体落地时，它会变成你通过掷下面的表格来确定的生物。查看{{@book|怪物图鉴|XMM}}以获取该生物的统计数据块。生物在下一个黎明时消失，或者当它被减少到0{{@variantrule|生命值|XPHB}}时消失。\n这个生物对你和你的盟友是{{@variantrule|友好 【态度】|XPHB|友好}}的，并且在你的{{@variantrule|先攻|XPHB}}计数后立即行动。你可以使用{{@variantrule|附赠动作|XPHB}}来指挥生物如何移动以及在它的下一个回合采取什么行动，比如攻击一个敌人。如果没有这样的指令，生物会根据其天性采取行动。\n袋子抽出三件毛绒物件后，要经过下次黎明才能再用。\n<table class=\"wiki-table\"><tr><th class=\"parser-col-2 text-center\">1d8</th><th class=\"parser-col-10\">creature</th></tr><tr><td class=\"parser-col-2 text-center\">1</td><td class=\"parser-col-10\">{{@creature|老鼠|XMM}}</td></tr><tr><td class=\"parser-col-2 text-center\">2</td><td class=\"parser-col-10\">{{@creature|猫头鹰|XMM}}</td></tr><tr><td class=\"parser-col-2 text-center\">3</td><td class=\"parser-col-10\">{{@creature|獒犬|XMM}}</td></tr><tr><td class=\"parser-col-2 text-center\">4</td><td class=\"parser-col-10\">{{@creature|山羊|XMM}}</td></tr><tr><td class=\"parser-col-2 text-center\">5</td><td class=\"parser-col-10\">{{@creature|巨山羊|XMM}}</td></tr><tr><td class=\"parser-col-2 text-center\">6</td><td class=\"parser-col-10\">{{@creature|巨野猪|XMM}}</td></tr><tr><td class=\"parser-col-2 text-center\">7</td><td class=\"parser-col-10\">{{@creature|狮子|XMM}}</td></tr><tr><td class=\"parser-col-2 text-center\">8</td><td class=\"parser-col-10\">{{@creature|棕熊|XMM}}</td></tr></table>"
  },
  "en": {
    "name": "Bag of Tricks, Rust",
    "entries": [
      "This bag made from rust cloth appears empty. Reaching inside the bag, however, reveals the presence of a small, fuzzy object.",
      "You can take a {@action Magic|XPHB} action to pull the fuzzy object from the bag and throw it up to 20 feet. When the object lands, it transforms into a creature you determine by rolling on the table below. See the {@book Monster Manual|XMM} for the creature's stat block. The creature vanishes at the next dawn or when it is reduced to 0 {@variantrule Hit Points|XPHB}.",
      "The creature is {@variantrule Friendly [Attitude]|XPHB|Friendly} to you and your allies, and it acts immediately after you on your {@variantrule Initiative|XPHB} count. You can take a {@variantrule Bonus Action|XPHB} to command how the creature moves and what action it takes on its next turn, such as attacking an enemy. In the absence of such orders, the creature acts in a fashion appropriate to its nature.",
      "Once three fuzzy objects have been pulled from the bag, the bag can't be used again until the next dawn.",
      {
        "type": "table",
        "colStyles": [
          "col-2 text-center",
          "col-10"
        ],
        "colLabels": [
          "1d8",
          "Creature"
        ],
        "rows": [
          [
            "1",
            "{@creature Rat|XMM}"
          ],
          [
            "2",
            "{@creature Owl|XMM}"
          ],
          [
            "3",
            "{@creature Mastiff|XMM}"
          ],
          [
            "4",
            "{@creature Goat|XMM}"
          ],
          [
            "5",
            "{@creature Giant Goat|XMM}"
          ],
          [
            "6",
            "{@creature Giant Boar|XMM}"
          ],
          [
            "7",
            "{@creature Lion|XMM}"
          ],
          [
            "8",
            "{@creature Brown Bear|XMM}"
          ]
        ]
      }
    ],
    "html": "This bag made from rust cloth appears empty. Reaching inside the bag, however, reveals the presence of a small, fuzzy object.\nYou can take a {{@action|Magic|XPHB}} action to pull the fuzzy object from the bag and throw it up to 20 feet. When the object lands, it transforms into a creature you determine by rolling on the table below. See the {{@book|Monster Manual|XMM}} for the creature's stat block. The creature vanishes at the next dawn or when it is reduced to 0 {{@variantrule|Hit Points|XPHB}}.\nThe creature is {{@variantrule|Friendly [Attitude]|XPHB|Friendly}} to you and your allies, and it acts immediately after you on your {{@variantrule|Initiative|XPHB}} count. You can take a {{@variantrule|Bonus Action|XPHB}} to command how the creature moves and what action it takes on its next turn, such as attacking an enemy. In the absence of such orders, the creature acts in a fashion appropriate to its nature.\nOnce three fuzzy objects have been pulled from the bag, the bag can't be used again until the next dawn.\n<table class=\"wiki-table\"><tr><th class=\"parser-col-2 text-center\">1d8</th><th class=\"parser-col-10\">Creature</th></tr><tr><td class=\"parser-col-2 text-center\">1</td><td class=\"parser-col-10\">{{@creature|Rat|XMM}}</td></tr><tr><td class=\"parser-col-2 text-center\">2</td><td class=\"parser-col-10\">{{@creature|Owl|XMM}}</td></tr><tr><td class=\"parser-col-2 text-center\">3</td><td class=\"parser-col-10\">{{@creature|Mastiff|XMM}}</td></tr><tr><td class=\"parser-col-2 text-center\">4</td><td class=\"parser-col-10\">{{@creature|Goat|XMM}}</td></tr><tr><td class=\"parser-col-2 text-center\">5</td><td class=\"parser-col-10\">{{@creature|Giant Goat|XMM}}</td></tr><tr><td class=\"parser-col-2 text-center\">6</td><td class=\"parser-col-10\">{{@creature|Giant Boar|XMM}}</td></tr><tr><td class=\"parser-col-2 text-center\">7</td><td class=\"parser-col-10\">{{@creature|Lion|XMM}}</td></tr><tr><td class=\"parser-col-2 text-center\">8</td><td class=\"parser-col-10\">{{@creature|Brown Bear|XMM}}</td></tr></table>"
  },
  "bonus": {}
}