{
  "dataType": "item",
  "uid": "item_Bag of Devouring|XDMG ",
  "id": "Bag of Devouring|XDMG",
  "rarity": "very rare",
  "isBaseItem": false,
  "baseItem": "",
  "displayName": {
    "zh": "吞噬袋",
    "en": "Bag of Devouring"
  },
  "mainSource": {
    "source": "XDMG",
    "page": 234
  },
  "allSources": [
    {
      "source": "XDMG",
      "page": 234
    }
  ],
  "relatedVersions": [
    "Bag of Devouring|DMG"
  ],
  "zh": {
    "name": "吞噬袋",
    "entries": [
      "这个袋子看起来像一个{@item 次元袋|XDMG}，但实际上是一个巨大异次元生物的进食口。将袋子翻转过来可以关闭这个口。",
      "附着在袋子上的跨维度生物可以感知放置在袋子内的任何物品。完全放置在袋子内的动物或植物物质会被吞噬并永远消失。当活体生物的部分被放入袋子时，如有人将手伸入袋子，有 {@chance 50} 的几率该生物会被拉入袋中。袋中的生物可以采取行动尝试逃脱，成功通过 {@dc 15} 力量（{@skill 运动|XPHB}）检定即可逃脱。另一生物可以采取行动伸手入袋将生物拉出，成功通过 {@dc 20} 力量（{@skill 运动|XPHB}）检定即可做到，前提是拉取者不会先被拉入袋中。任何在其回合开始时仍在袋中的生物会被吞噬，其身体被摧毁。",
      "无生命物件可以存放在袋子里，袋子至多可容纳1立方尺的东西。此外，该袋子每日会有一次将其内的所有物件吐到另一存在位面。具体哪个位面由DM决定。",
      "袋子被戳破或撕裂时即被摧毁。其内的所有东西都将被传送到星界位面的随机地点。"
    ],
    "html": "这个袋子看起来像一个{{@item|次元袋|XDMG}}，但实际上是一个巨大异次元生物的进食口。将袋子翻转过来可以关闭这个口。\n附着在袋子上的跨维度生物可以感知放置在袋子内的任何物品。完全放置在袋子内的动物或植物物质会被吞噬并永远消失。当活体生物的部分被放入袋子时，如有人将手伸入袋子，有 {{@chance|50}} 的几率该生物会被拉入袋中。袋中的生物可以采取行动尝试逃脱，成功通过 {{@dc|15}} 力量（{{@skill|运动|XPHB}}）检定即可逃脱。另一生物可以采取行动伸手入袋将生物拉出，成功通过 {{@dc|20}} 力量（{{@skill|运动|XPHB}}）检定即可做到，前提是拉取者不会先被拉入袋中。任何在其回合开始时仍在袋中的生物会被吞噬，其身体被摧毁。\n无生命物件可以存放在袋子里，袋子至多可容纳1立方尺的东西。此外，该袋子每日会有一次将其内的所有物件吐到另一存在位面。具体哪个位面由DM决定。\n袋子被戳破或撕裂时即被摧毁。其内的所有东西都将被传送到星界位面的随机地点。"
  },
  "en": {
    "name": "Bag of Devouring",
    "entries": [
      "This bag resembles a {@item Bag of Holding|XDMG} but is a feeding orifice for a gigantic extradimensional creature. Turning the bag inside out closes the orifice.",
      "The extradimensional creature attached to the bag can sense whatever is placed inside the bag. Animal or vegetable matter placed wholly in the bag is devoured and lost forever. When part of a living creature is placed in the bag, as happens when someone reaches inside it, there is a {@chance 50} chance that the creature is pulled inside the bag. A creature inside the bag can take an action to try to escape, doing so with a successful {@dc 15} Strength ({@skill Athletics|XPHB}) check. Another creature can take an action to reach into the bag to pull a creature out, doing so with a successful {@dc 20} Strength ({@skill Athletics|XPHB}) check, provided the puller isn't pulled inside the bag first. Any creature that starts its turn inside the bag is devoured, its body destroyed.",
      "Inanimate objects can be stored in the bag, which can hold a cubic foot of such material. However, once each day, the bag swallows any objects inside it and spits them out into another plane of existence. The DM determines the time and plane.",
      "If the bag is pierced or torn, it is destroyed, and anything contained within it is transported to a random location on the Astral Plane."
    ],
    "html": "This bag resembles a {{@item|Bag of Holding|XDMG}} but is a feeding orifice for a gigantic extradimensional creature. Turning the bag inside out closes the orifice.\nThe extradimensional creature attached to the bag can sense whatever is placed inside the bag. Animal or vegetable matter placed wholly in the bag is devoured and lost forever. When part of a living creature is placed in the bag, as happens when someone reaches inside it, there is a {{@chance|50}} chance that the creature is pulled inside the bag. A creature inside the bag can take an action to try to escape, doing so with a successful {{@dc|15}} Strength ({{@skill|Athletics|XPHB}}) check. Another creature can take an action to reach into the bag to pull a creature out, doing so with a successful {{@dc|20}} Strength ({{@skill|Athletics|XPHB}}) check, provided the puller isn't pulled inside the bag first. Any creature that starts its turn inside the bag is devoured, its body destroyed.\nInanimate objects can be stored in the bag, which can hold a cubic foot of such material. However, once each day, the bag swallows any objects inside it and spits them out into another plane of existence. The DM determines the time and plane.\nIf the bag is pierced or torn, it is destroyed, and anything contained within it is transported to a random location on the Astral Plane."
  },
  "bonus": {}
}