{
  "dataType": "item",
  "uid": "item_Bag of Beans|XDMG ",
  "id": "Bag of Beans|XDMG",
  "rarity": "rare",
  "isBaseItem": false,
  "baseItem": "",
  "displayName": {
    "zh": "魔豆之袋",
    "en": "Bag of Beans"
  },
  "mainSource": {
    "source": "XDMG",
    "page": 233
  },
  "allSources": [
    {
      "source": "XDMG",
      "page": 233
    }
  ],
  "relatedVersions": [
    "Bag of Beans|DMG"
  ],
  "zh": {
    "name": "魔豆之袋",
    "entries": [
      "这个沉重的布袋在被发现时包含{@dice 3d4}干豆。无论包含多少豆子，袋子的重量始终是半磅，并且当它不再包含任何豆子时，它会变成一个非魔法物品。",
      "如果你从袋子里倒出一颗或多颗豆子，它们会在以它们为中心的10英尺半径的{@variantrule 球状 [效应区域]|XPHB|球状}内爆炸。所有倒出的豆子都会在爆炸中被摧毁，{@variantrule 球状 [效应区域]|XPHB|球状}内的每个生物，包括你自己，都需要进行一次{@dc 15}敏捷豁免检定，检定失败则受到{@damage 5d4}力场伤害，检定成功则只受到一半伤害。",
      "如果你从袋子里拿出一颗豆子，将其种在泥土或沙子中，然后浇水，豆子会消失，1分钟后在种植的地方产生效果。DM可以从以下表格中选择一个效果，或者随机决定效果。",
      {
        "type": "table",
        "colStyles": [
          "col-2 text-center",
          "col-10"
        ],
        "colLabels": [
          "1d100",
          "效应"
        ],
        "rows": [
          [
            "01",
            "{@dice 5d4} 个毒蘑菇生长出来。如果一个生物吃了一个毒蘑菇，掷一个骰子。如果是奇数，食用者必须成功通过一个 {@dc 15} 体质豁免，否则会受到 {@damage 5d6} 点毒素伤害，并在1小时内获得 {@condition 中毒|XPHB} 状态。如果是偶数，食用者会获得 {@dice 5d6} 点 {@variantrule 临时生命值|XPHB}，持续1小时。"
          ],
          [
            "02-10",
            "一个间歇泉喷发，将水、啤酒、蛋黄酱、茶、醋、葡萄酒或油（由DM选择）喷到空中30英尺高，持续{@dice 1d4}分钟。"
          ],
          [
            "11-20",
            "一个{@creature 树人|XMM}生长出来。掷任意骰子。如果是奇数，树精是混乱邪恶的。如果是偶数，树精是混乱善良的。"
          ],
          [
            "21-30",
            "一个与你相似的有生命但无法移动的石像站起来，对你进行口头威胁。如果你离开它而其他人靠近，它会将你描述为最可恶的恶棍，并引导新来的人找到并攻击你。如果你和雕像存在于同一平面，它就知道你在哪里。雕像在24小时后变得无生命。"
          ],
          [
            "31-40",
            "一个绿色火焰的营火出现并燃烧24小时，直到被熄灭。"
          ],
          [
            "41-50",
            "三个{@b 尖叫菌}生长出来。"
          ],
          [
            "51-60",
            "{@dice 1d4 + 4} 亮粉色的蟾蜍爬了出来。每当蟾蜍被触摸时，它就会变成一个大型或更小的怪物，由DM选择，并且根据其阵营和性质行动。怪物存在1分钟后，就会在一团亮粉色的烟雾中消失。"
          ],
          [
            "61-70",
            "一只饥饿的{@creature 鲨蜥|XMM}钻出地面并发动攻击。"
          ],
          [
            "71-80",
            "一棵果树生长。它结有{@dice 1d10 + 20}个果实，其中{@dice 1d8}个是随机决定的药水。树在1小时后消失。采摘的果实保留，任何魔法效果持续30天。"
          ],
          [
            "81-90",
            "一个由 {@dice 1d4 + 3} 颗彩虹色的蛋组成的巢穴突然出现。任何生物吃下蛋后需要进行一个 {@dc 20} 的体质豁免检定。如果检定成功，该生物永久提升其最低的属性值1点，若有多项属性值相同且最低，则随机选择其中一个属性值进行提升。如果检定失败，该生物会因内部爆炸而受到 {@damage 10d6} 的力场伤害。"
          ],
          [
            "91-95",
            "一个底面为60英尺正方形的金字塔向上爆发。内部有一个墓室，包含一个{@creature 木乃伊|XMM}，一个{@creature 木乃伊领主|XMM}，或者由DM选择的其他不死生物。它的石棺中包含DM选择的宝藏。"
          ],
          [
            "96-00",
            "一个巨大的豆茎生长出来，长到DM选择的高度。顶部通向DM选择的地方，比如一个绝佳的观景点、云巨人的城堡，或者另一个存在平面。"
          ]
        ]
      }
    ],
    "html": "这个沉重的布袋在被发现时包含{{@dice|3d4}}干豆。无论包含多少豆子，袋子的重量始终是半磅，并且当它不再包含任何豆子时，它会变成一个非魔法物品。\n如果你从袋子里倒出一颗或多颗豆子，它们会在以它们为中心的10英尺半径的{{@variantrule|球状 [效应区域]|XPHB|球状}}内爆炸。所有倒出的豆子都会在爆炸中被摧毁，{{@variantrule|球状 [效应区域]|XPHB|球状}}内的每个生物，包括你自己，都需要进行一次{{@dc|15}}敏捷豁免检定，检定失败则受到{{@damage|5d4}}力场伤害，检定成功则只受到一半伤害。\n如果你从袋子里拿出一颗豆子，将其种在泥土或沙子中，然后浇水，豆子会消失，1分钟后在种植的地方产生效果。DM可以从以下表格中选择一个效果，或者随机决定效果。\n<table class=\"wiki-table\"><tr><th class=\"parser-col-2 text-center\">1d100</th><th class=\"parser-col-10\">效应</th></tr><tr><td class=\"parser-col-2 text-center\">01</td><td class=\"parser-col-10\">{{@dice|5d4}} 个毒蘑菇生长出来。如果一个生物吃了一个毒蘑菇，掷一个骰子。如果是奇数，食用者必须成功通过一个 {{@dc|15}} 体质豁免，否则会受到 {{@damage|5d6}} 点毒素伤害，并在1小时内获得 {{@condition|中毒|XPHB}} 状态。如果是偶数，食用者会获得 {{@dice|5d6}} 点 {{@variantrule|临时生命值|XPHB}}，持续1小时。</td></tr><tr><td class=\"parser-col-2 text-center\">02-10</td><td class=\"parser-col-10\">一个间歇泉喷发，将水、啤酒、蛋黄酱、茶、醋、葡萄酒或油（由DM选择）喷到空中30英尺高，持续{{@dice|1d4}}分钟。</td></tr><tr><td class=\"parser-col-2 text-center\">11-20</td><td class=\"parser-col-10\">一个{{@creature|树人|XMM}}生长出来。掷任意骰子。如果是奇数，树精是混乱邪恶的。如果是偶数，树精是混乱善良的。</td></tr><tr><td class=\"parser-col-2 text-center\">21-30</td><td class=\"parser-col-10\">一个与你相似的有生命但无法移动的石像站起来，对你进行口头威胁。如果你离开它而其他人靠近，它会将你描述为最可恶的恶棍，并引导新来的人找到并攻击你。如果你和雕像存在于同一平面，它就知道你在哪里。雕像在24小时后变得无生命。</td></tr><tr><td class=\"parser-col-2 text-center\">31-40</td><td class=\"parser-col-10\">一个绿色火焰的营火出现并燃烧24小时，直到被熄灭。</td></tr><tr><td class=\"parser-col-2 text-center\">41-50</td><td class=\"parser-col-10\">三个{{@b|尖叫菌}}生长出来。</td></tr><tr><td class=\"parser-col-2 text-center\">51-60</td><td class=\"parser-col-10\">{{@dice|1d4 + 4}} 亮粉色的蟾蜍爬了出来。每当蟾蜍被触摸时，它就会变成一个大型或更小的怪物，由DM选择，并且根据其阵营和性质行动。怪物存在1分钟后，就会在一团亮粉色的烟雾中消失。</td></tr><tr><td class=\"parser-col-2 text-center\">61-70</td><td class=\"parser-col-10\">一只饥饿的{{@creature|鲨蜥|XMM}}钻出地面并发动攻击。</td></tr><tr><td class=\"parser-col-2 text-center\">71-80</td><td class=\"parser-col-10\">一棵果树生长。它结有{{@dice|1d10 + 20}}个果实，其中{{@dice|1d8}}个是随机决定的药水。树在1小时后消失。采摘的果实保留，任何魔法效果持续30天。</td></tr><tr><td class=\"parser-col-2 text-center\">81-90</td><td class=\"parser-col-10\">一个由 {{@dice|1d4 + 3}} 颗彩虹色的蛋组成的巢穴突然出现。任何生物吃下蛋后需要进行一个 {{@dc|20}} 的体质豁免检定。如果检定成功，该生物永久提升其最低的属性值1点，若有多项属性值相同且最低，则随机选择其中一个属性值进行提升。如果检定失败，该生物会因内部爆炸而受到 {{@damage|10d6}} 的力场伤害。</td></tr><tr><td class=\"parser-col-2 text-center\">91-95</td><td class=\"parser-col-10\">一个底面为60英尺正方形的金字塔向上爆发。内部有一个墓室，包含一个{{@creature|木乃伊|XMM}}，一个{{@creature|木乃伊领主|XMM}}，或者由DM选择的其他不死生物。它的石棺中包含DM选择的宝藏。</td></tr><tr><td class=\"parser-col-2 text-center\">96-00</td><td class=\"parser-col-10\">一个巨大的豆茎生长出来，长到DM选择的高度。顶部通向DM选择的地方，比如一个绝佳的观景点、云巨人的城堡，或者另一个存在平面。</td></tr></table>"
  },
  "en": {
    "name": "Bag of Beans",
    "entries": [
      "This heavy cloth bag contains {@dice 3d4} dry beans when found. The bag weighs half a pound regardless of how many beans it contains and becomes a nonmagical item when it no longer contains any beans.",
      "If you dump one or more beans out of the bag, they explode in a 10-foot-radius {@variantrule Sphere [Area of Effect]|XPHB|Sphere} centered on them. All the dumped beans are destroyed in the explosion, and each creature in the {@variantrule Sphere [Area of Effect]|XPHB|Sphere}, including you, makes a {@dc 15} Dexterity saving throw, taking {@damage 5d4} Force damage on a failed save or half as much damage on a successful one.",
      "If you remove a bean from the bag, plant it in dirt or sand, and then water it, the bean disappears as it produces an effect 1 minute later from the ground where it was planted. The DM can choose an effect from the following table or determine it randomly.",
      {
        "type": "table",
        "colStyles": [
          "col-2 text-center",
          "col-10"
        ],
        "colLabels": [
          "1d100",
          "Effect"
        ],
        "rows": [
          [
            "01",
            "{@dice 5d4} toadstools sprout. If a creature eats a toadstool, roll any die. On an odd roll, the eater must succeed on a {@dc 15} Constitution saving throw or take {@damage 5d6} Poison damage and have the {@condition Poisoned|XPHB} condition for 1 hour. On an even roll, the eater gains {@dice 5d6} {@variantrule Temporary Hit Points|XPHB} for 1 hour."
          ],
          [
            "02-10",
            "A geyser erupts and spouts water, beer, mayonnaise, tea, vinegar, wine, or oil (DM's choice) 30 feet into the air for {@dice 1d4} minutes."
          ],
          [
            "11-20",
            "A {@creature Treant|XMM} sprouts. Roll any die. On an odd roll, the treant is Chaotic Evil. On an even roll, the treant is Chaotic Good."
          ],
          [
            "21-30",
            "An animate but immobile stone statue in your likeness rises and makes verbal threats against you. If you leave it and others come near, it describes you as the most heinous of villains and directs the newcomers to find and attack you. If you are on the same plane of existence as the statue, it knows where you are. The statue becomes inanimate after 24 hours."
          ],
          [
            "31-40",
            "A campfire with green flames springs forth and burns for 24 hours or until it is extinguished."
          ],
          [
            "41-50",
            "Three {@b Shrieker Fungi} sprout."
          ],
          [
            "51-60",
            "{@dice 1d4 + 4} bright-pink toads crawl forth. Whenever a toad is touched, it transforms into a Large or smaller monster of the DM's choice that acts in accordance with its alignment and nature. The monster remains for 1 minute, then disappears in a puff of bright-pink smoke."
          ],
          [
            "61-70",
            "A hungry {@creature Bulette|XMM} burrows up and attacks."
          ],
          [
            "71-80",
            "A fruit tree grows. It has {@dice 1d10 + 20} fruit, {@dice 1d8} of which act as randomly determined potions. The tree vanishes after 1 hour. Picked fruit remains, retaining any magic for 30 days."
          ],
          [
            "81-90",
            "A nest of {@dice 1d4 + 3} rainbow-colored eggs springs up. Any creature that eats an egg makes a {@dc 20} Constitution saving throw. On a successful save, a creature permanently increases its lowest ability score by 1, randomly choosing among equally low scores. On a failed save, the creature takes {@damage 10d6} Force damage from an internal explosion."
          ],
          [
            "91-95",
            "A pyramid with a 60-foot-square base bursts upward. Inside is a burial chamber containing a {@creature Mummy|XMM}, a {@creature Mummy Lord|XMM}, or some other Undead of the DM's choice. Its sarcophagus contains treasure of the DM's choice."
          ],
          [
            "96-00",
            "A giant beanstalk sprouts, growing to a height of the DM's choice. The top leads where the DM chooses, such as to a great view, a cloud giant's castle, or another plane of existence."
          ]
        ]
      }
    ],
    "html": "This heavy cloth bag contains {{@dice|3d4}} dry beans when found. The bag weighs half a pound regardless of how many beans it contains and becomes a nonmagical item when it no longer contains any beans.\nIf you dump one or more beans out of the bag, they explode in a 10-foot-radius {{@variantrule|Sphere [Area of Effect]|XPHB|Sphere}} centered on them. All the dumped beans are destroyed in the explosion, and each creature in the {{@variantrule|Sphere [Area of Effect]|XPHB|Sphere}}, including you, makes a {{@dc|15}} Dexterity saving throw, taking {{@damage|5d4}} Force damage on a failed save or half as much damage on a successful one.\nIf you remove a bean from the bag, plant it in dirt or sand, and then water it, the bean disappears as it produces an effect 1 minute later from the ground where it was planted. The DM can choose an effect from the following table or determine it randomly.\n<table class=\"wiki-table\"><tr><th class=\"parser-col-2 text-center\">1d100</th><th class=\"parser-col-10\">Effect</th></tr><tr><td class=\"parser-col-2 text-center\">01</td><td class=\"parser-col-10\">{{@dice|5d4}} toadstools sprout. If a creature eats a toadstool, roll any die. On an odd roll, the eater must succeed on a {{@dc|15}} Constitution saving throw or take {{@damage|5d6}} Poison damage and have the {{@condition|Poisoned|XPHB}} condition for 1 hour. On an even roll, the eater gains {{@dice|5d6}} {{@variantrule|Temporary Hit Points|XPHB}} for 1 hour.</td></tr><tr><td class=\"parser-col-2 text-center\">02-10</td><td class=\"parser-col-10\">A geyser erupts and spouts water, beer, mayonnaise, tea, vinegar, wine, or oil (DM's choice) 30 feet into the air for {{@dice|1d4}} minutes.</td></tr><tr><td class=\"parser-col-2 text-center\">11-20</td><td class=\"parser-col-10\">A {{@creature|Treant|XMM}} sprouts. Roll any die. On an odd roll, the treant is Chaotic Evil. On an even roll, the treant is Chaotic Good.</td></tr><tr><td class=\"parser-col-2 text-center\">21-30</td><td class=\"parser-col-10\">An animate but immobile stone statue in your likeness rises and makes verbal threats against you. If you leave it and others come near, it describes you as the most heinous of villains and directs the newcomers to find and attack you. If you are on the same plane of existence as the statue, it knows where you are. The statue becomes inanimate after 24 hours.</td></tr><tr><td class=\"parser-col-2 text-center\">31-40</td><td class=\"parser-col-10\">A campfire with green flames springs forth and burns for 24 hours or until it is extinguished.</td></tr><tr><td class=\"parser-col-2 text-center\">41-50</td><td class=\"parser-col-10\">Three {{@b|Shrieker Fungi}} sprout.</td></tr><tr><td class=\"parser-col-2 text-center\">51-60</td><td class=\"parser-col-10\">{{@dice|1d4 + 4}} bright-pink toads crawl forth. Whenever a toad is touched, it transforms into a Large or smaller monster of the DM's choice that acts in accordance with its alignment and nature. The monster remains for 1 minute, then disappears in a puff of bright-pink smoke.</td></tr><tr><td class=\"parser-col-2 text-center\">61-70</td><td class=\"parser-col-10\">A hungry {{@creature|Bulette|XMM}} burrows up and attacks.</td></tr><tr><td class=\"parser-col-2 text-center\">71-80</td><td class=\"parser-col-10\">A fruit tree grows. It has {{@dice|1d10 + 20}} fruit, {{@dice|1d8}} of which act as randomly determined potions. The tree vanishes after 1 hour. Picked fruit remains, retaining any magic for 30 days.</td></tr><tr><td class=\"parser-col-2 text-center\">81-90</td><td class=\"parser-col-10\">A nest of {{@dice|1d4 + 3}} rainbow-colored eggs springs up. Any creature that eats an egg makes a {{@dc|20}} Constitution saving throw. On a successful save, a creature permanently increases its lowest ability score by 1, randomly choosing among equally low scores. On a failed save, the creature takes {{@damage|10d6}} Force damage from an internal explosion.</td></tr><tr><td class=\"parser-col-2 text-center\">91-95</td><td class=\"parser-col-10\">A pyramid with a 60-foot-square base bursts upward. Inside is a burial chamber containing a {{@creature|Mummy|XMM}}, a {{@creature|Mummy Lord|XMM}}, or some other Undead of the DM's choice. Its sarcophagus contains treasure of the DM's choice.</td></tr><tr><td class=\"parser-col-2 text-center\">96-00</td><td class=\"parser-col-10\">A giant beanstalk sprouts, growing to a height of the DM's choice. The top leads where the DM chooses, such as to a great view, a cloud giant's castle, or another plane of existence.</td></tr></table>"
  },
  "bonus": {}
}