{
  "dataType": "item",
  "uid": "item_Bag of Holding|XDMG ",
  "id": "Bag of Holding|XDMG",
  "weight": 5,
  "rarity": "uncommon",
  "isBaseItem": false,
  "baseItem": "",
  "displayName": {
    "zh": "次元袋",
    "en": "Bag of Holding"
  },
  "mainSource": {
    "source": "XDMG",
    "page": 234
  },
  "allSources": [
    {
      "source": "XDMG",
      "page": 234
    }
  ],
  "relatedVersions": [
    "Bag of Holding|DMG"
  ],
  "zh": {
    "name": "次元袋",
    "entries": [
      "这个袋子的内部空间比外部尺寸大得多——内部大约有2英尺见方，4英尺深。这个袋子可以承重高达500磅，体积不超过64立方英尺。无论内容物如何，袋子的重量都是5磅。从袋子中取出物品需要一个{@action 操作|XPHB}动作。",
      "如果袋子超载、被刺穿或撕裂，它将被摧毁，其内容物将散落在星界。如果袋子被翻过来，其内容物将完好无损地溢出，但必须将袋子恢复原状才能再次使用。袋子里有足够的空气供呼吸10分钟，由里面的呼吸生物数量平分。",
      "将一个次元袋放入由{@item 霍华德的便利袋|XDMG}、便携洞或类似物品创造的超空间内，会立即摧毁这两件物品，并打开通往星界平面的门。门出现在一个物品被放入另一个物品的位置。以门为中心的10英尺半径{@variantrule 球状 [效应区域]|XPHB|球状}内的任何生物都会被吸入星界平面上的一个随机位置。然后门关闭。这个门是单向的，无法重新打开。"
    ],
    "html": "这个袋子的内部空间比外部尺寸大得多——内部大约有2英尺见方，4英尺深。这个袋子可以承重高达500磅，体积不超过64立方英尺。无论内容物如何，袋子的重量都是5磅。从袋子中取出物品需要一个{{@action|操作|XPHB}}动作。\n如果袋子超载、被刺穿或撕裂，它将被摧毁，其内容物将散落在星界。如果袋子被翻过来，其内容物将完好无损地溢出，但必须将袋子恢复原状才能再次使用。袋子里有足够的空气供呼吸10分钟，由里面的呼吸生物数量平分。\n将一个次元袋放入由{{@item|霍华德的便利袋|XDMG}}、便携洞或类似物品创造的超空间内，会立即摧毁这两件物品，并打开通往星界平面的门。门出现在一个物品被放入另一个物品的位置。以门为中心的10英尺半径{{@variantrule|球状 [效应区域]|XPHB|球状}}内的任何生物都会被吸入星界平面上的一个随机位置。然后门关闭。这个门是单向的，无法重新打开。"
  },
  "en": {
    "name": "Bag of Holding",
    "entries": [
      "This bag has an interior space considerably larger than its outside dimensions—roughly 2 feet square and 4 feet deep on the inside. The bag can hold up to 500 pounds, not exceeding a volume of 64 cubic feet. The bag weighs 5 pounds, regardless of its contents. Retrieving an item from the bag requires a {@action Utilize|XPHB} action.",
      "If the bag is overloaded, pierced, or torn, it is destroyed, and its contents are scattered in the Astral Plane. If the bag is turned inside out, its contents spill forth unharmed, but the bag must be put right before it can be used again. The bag holds enough air for 10 minutes of breathing, divided by the number of breathing creatures inside.",
      "Placing a Bag of Holding inside an extradimensional space created by a {@item Heward's Handy Haversack|XDMG}, Portable Hole, or similar item instantly destroys both items and opens a gate to the Astral Plane. The gate originates where the one item was placed inside the other. Any creature within a 10-foot-radius {@variantrule Sphere [Area of Effect]|XPHB|Sphere} centered on the gate is sucked through it to a random location on the Astral Plane. The gate then closes. The gate is one-way and can't be reopened."
    ],
    "html": "This bag has an interior space considerably larger than its outside dimensions—roughly 2 feet square and 4 feet deep on the inside. The bag can hold up to 500 pounds, not exceeding a volume of 64 cubic feet. The bag weighs 5 pounds, regardless of its contents. Retrieving an item from the bag requires a {{@action|Utilize|XPHB}} action.\nIf the bag is overloaded, pierced, or torn, it is destroyed, and its contents are scattered in the Astral Plane. If the bag is turned inside out, its contents spill forth unharmed, but the bag must be put right before it can be used again. The bag holds enough air for 10 minutes of breathing, divided by the number of breathing creatures inside.\nPlacing a Bag of Holding inside an extradimensional space created by a {{@item|Heward's Handy Haversack|XDMG}}, Portable Hole, or similar item instantly destroys both items and opens a gate to the Astral Plane. The gate originates where the one item was placed inside the other. Any creature within a 10-foot-radius {{@variantrule|Sphere [Area of Effect]|XPHB|Sphere}} centered on the gate is sucked through it to a random location on the Astral Plane. The gate then closes. The gate is one-way and can't be reopened."
  },
  "bonus": {}
}