{
  "dataType": "item",
  "uid": "item_Bag of Devouring|DMG ",
  "id": "Bag of Devouring|DMG",
  "weight": 15,
  "rarity": "very rare",
  "isBaseItem": false,
  "baseItem": "",
  "displayName": {
    "zh": "吞噬袋",
    "en": "Bag of Devouring"
  },
  "mainSource": {
    "source": "DMG",
    "page": 153
  },
  "allSources": [
    {
      "source": "DMG",
      "page": 153
    },
    {
      "source": "XDMG",
      "page": 0
    }
  ],
  "relatedVersions": [
    "Bag of Devouring|XDMG"
  ],
  "zh": {
    "name": "吞噬袋",
    "entries": [
      "这个表面上看起来像是{@item 次元袋}的袋子实际上是某个巨大异次元生物的进食口。将袋子内外翻转就可以关闭进食口的通道。",
      "与这个袋子关联的异次元生物可以感知到任何放入袋中的东西。完整放入袋中的动物或植物将被吞噬而永久消失。当活物的一部分被放入袋中时（例如有人把手伸入袋子里时），该生物有{@chance 50}概率被拖入袋中。进入袋中的生物可以用一个动作进行一次{@dc 15}的力量检定以从中逃脱。另一个生物可以用一个动作进行一次{@dc 20}的力量检定来将被吞噬的生物拉出来（前提是该生物自己没被拖入袋中）。任何在袋中开始其自己回合的生物都将被吞噬，其躯体被摧毁。",
      "无生命物件可以存放在袋子里，袋子至多可容纳1立方尺的东西。此外，该袋子每日会有一次将其内的所有物件吐到另一存在位面。具体哪个位面由DM决定。",
      "袋子被戳破或撕裂时即被摧毁。其内的所有东西都将被传送到星界位面的随机地点。"
    ],
    "html": "这个表面上看起来像是{{@item|次元袋}}的袋子实际上是某个巨大异次元生物的进食口。将袋子内外翻转就可以关闭进食口的通道。\n与这个袋子关联的异次元生物可以感知到任何放入袋中的东西。完整放入袋中的动物或植物将被吞噬而永久消失。当活物的一部分被放入袋中时（例如有人把手伸入袋子里时），该生物有{{@chance|50}}概率被拖入袋中。进入袋中的生物可以用一个动作进行一次{{@dc|15}}的力量检定以从中逃脱。另一个生物可以用一个动作进行一次{{@dc|20}}的力量检定来将被吞噬的生物拉出来（前提是该生物自己没被拖入袋中）。任何在袋中开始其自己回合的生物都将被吞噬，其躯体被摧毁。\n无生命物件可以存放在袋子里，袋子至多可容纳1立方尺的东西。此外，该袋子每日会有一次将其内的所有物件吐到另一存在位面。具体哪个位面由DM决定。\n袋子被戳破或撕裂时即被摧毁。其内的所有东西都将被传送到星界位面的随机地点。"
  },
  "en": {
    "name": "Bag of Devouring",
    "entries": [
      "This bag superficially resembles a {@item bag of holding} but is a feeding orifice for a gigantic extradimensional creature. Turning the bag inside out closes the orifice.",
      "The extradimensional creature attached to the bag can sense whatever is placed inside the bag. Animal or vegetable matter placed wholly in the bag is devoured and lost forever. When part of a living creature is placed in the bag, as happens when someone reaches inside it, there is a {@chance 50} chance that the creature is pulled inside the bag. A creature inside the bag can use its action to try to escape with a successful {@dc 15} Strength check. Another creature can use its action to reach into the bag to pull a creature out, doing so with a successful {@dc 20} Strength check (provided it isn't pulled inside the bag first). Any creature that starts its turn inside the bag is devoured, its body destroyed.",
      "Inanimate objects can be stored in the bag, which can hold a cubic foot of such material. However, once each day, the bag swallows any objects inside it and spits them out into another plane of existence. The DM determines the time and plane.",
      "If the bag is pierced or torn, it is destroyed, and anything contained within it is transported to a random location on the Astral Plane."
    ],
    "html": "This bag superficially resembles a {{@item|bag of holding}} but is a feeding orifice for a gigantic extradimensional creature. Turning the bag inside out closes the orifice.\nThe extradimensional creature attached to the bag can sense whatever is placed inside the bag. Animal or vegetable matter placed wholly in the bag is devoured and lost forever. When part of a living creature is placed in the bag, as happens when someone reaches inside it, there is a {{@chance|50}} chance that the creature is pulled inside the bag. A creature inside the bag can use its action to try to escape with a successful {{@dc|15}} Strength check. Another creature can use its action to reach into the bag to pull a creature out, doing so with a successful {{@dc|20}} Strength check (provided it isn't pulled inside the bag first). Any creature that starts its turn inside the bag is devoured, its body destroyed.\nInanimate objects can be stored in the bag, which can hold a cubic foot of such material. However, once each day, the bag swallows any objects inside it and spits them out into another plane of existence. The DM determines the time and plane.\nIf the bag is pierced or torn, it is destroyed, and anything contained within it is transported to a random location on the Astral Plane."
  },
  "bonus": {}
}