{
  "dataType": "item",
  "uid": "item_Bagpipes|XPHB",
  "id": "Bagpipes|XPHB",
  "weight": 6,
  "value": 3000,
  "rarity": "none",
  "isBaseItem": true,
  "displayName": {
    "zh": "风笛",
    "en": "Bagpipes"
  },
  "mainSource": {
    "source": "XPHB",
    "page": 221
  },
  "allSources": [
    {
      "source": "XPHB",
      "page": 221
    }
  ],
  "relatedVersions": [
    "Bagpipes|PHB"
  ],
  "zh": {
    "name": "风笛",
    "entries": [
      {
        "type": "list",
        "style": "list-hang-notitle",
        "items": [
          {
            "ENG_name": "Ability:",
            "name": "属性：",
            "type": "item",
            "entries": [
              "魅力"
            ]
          },
          {
            "ENG_name": "Utilize:",
            "name": "操作：",
            "type": "item",
            "entries": [
              "演奏一首已知曲目（{@dc 10}），或即兴创作一首歌曲（{@dc 15}）"
            ]
          }
        ]
      }
    ],
    "html": "<ul class=\"parser-list parser-list-list-hang-notitle\"><li class=\"parser-list-item\"><span class=\"parser-list-item-name\">属性：</span><span class=\"parser-list-item-eng-name\">Ability:</span><div class=\"parser-list-item-entries\">魅力</div></li><li class=\"parser-list-item\"><span class=\"parser-list-item-name\">操作：</span><span class=\"parser-list-item-eng-name\">Utilize:</span><div class=\"parser-list-item-entries\">演奏一首已知曲目（{{@dc|10}}），或即兴创作一首歌曲（{{@dc|15}}）</div></li></ul>"
  },
  "en": {
    "name": "Bagpipes",
    "entries": [
      {
        "type": "list",
        "style": "list-hang-notitle",
        "items": [
          {
            "name": "Ability:",
            "type": "item",
            "entries": [
              "Charisma"
            ]
          },
          {
            "name": "Utilize:",
            "type": "item",
            "entries": [
              "Play a known tune ({@dc 10}), or improvise a song ({@dc 15})"
            ]
          }
        ]
      }
    ],
    "html": "<ul class=\"parser-list parser-list-list-hang-notitle\"><li class=\"parser-list-item\"><span class=\"parser-list-item-name\">Ability:</span><div class=\"parser-list-item-entries\">Charisma</div></li><li class=\"parser-list-item\"><span class=\"parser-list-item-name\">Utilize:</span><div class=\"parser-list-item-entries\">Play a known tune ({{@dc|10}}), or improvise a song ({{@dc|15}})</div></li></ul>"
  },
  "bonus": {}
}