{
  "dataType": "item",
  "uid": "item_Balance of Harmony|TftYP ",
  "id": "Balance of Harmony|TftYP",
  "weight": 1,
  "rarity": "uncommon",
  "isBaseItem": false,
  "baseItem": "",
  "displayName": {
    "zh": "和谐天平",
    "en": "Balance of Harmony"
  },
  "mainSource": {
    "source": "TftYP",
    "page": 228
  },
  "allSources": [
    {
      "source": "TftYP",
      "page": 228
    }
  ],
  "zh": {
    "name": "和谐天平",
    "entries": [
      "这件天平的两个秤盘上分别纹有一个天界徽记和一个邪魔徽记。你可以用它主持施展 侦测善恶 的法术仪式。以该方式使用时，你要先将其置放于稳定平面上，然后在两侧秤盘中倒入圣水，或是各放一枚价值100gp 的透明宝石。若它保持静止则代表什么都没侦测到，若向善（天界徽记）或恶（邪魔徽记）的一侧倾斜并轻微摇摆则代表侦测出满足该法术作用条件，但既不属于善良也不属于邪恶阵营的生物。在仪式结束时触碰天平，你将知晓通常情况下相应法术所传达的讯息，随后效应终止。{@spell 侦测善恶}"
    ],
    "html": "这件天平的两个秤盘上分别纹有一个天界徽记和一个邪魔徽记。你可以用它主持施展 侦测善恶 的法术仪式。以该方式使用时，你要先将其置放于稳定平面上，然后在两侧秤盘中倒入圣水，或是各放一枚价值100gp 的透明宝石。若它保持静止则代表什么都没侦测到，若向善（天界徽记）或恶（邪魔徽记）的一侧倾斜并轻微摇摆则代表侦测出满足该法术作用条件，但既不属于善良也不属于邪恶阵营的生物。在仪式结束时触碰天平，你将知晓通常情况下相应法术所传达的讯息，随后效应终止。{{@spell|侦测善恶}}"
  },
  "en": {
    "name": "Balance of Harmony",
    "entries": [
      "This scale bears celestial symbols on one pan and fiendish symbols on the other. You can use the scale to cast {@spell detect evil and good} as a ritual. Doing so requires you to place the scale on a solid surface, then sprinkle the pans with holy water or place a transparent gem worth 100 gp in each pan. The scale remains motionless if it detects nothing, tips to one side or the other for good (consecrated) or evil (desecrated), and fluctuates slightly if it detects a creature appropriate to the spell but neither good nor evil. By touching the scales after casting the ritual, you instantly learn any information the spell can normally convey, and then the effect ends."
    ],
    "html": "This scale bears celestial symbols on one pan and fiendish symbols on the other. You can use the scale to cast {{@spell|detect evil and good}} as a ritual. Doing so requires you to place the scale on a solid surface, then sprinkle the pans with holy water or place a transparent gem worth 100 gp in each pan. The scale remains motionless if it detects nothing, tips to one side or the other for good (consecrated) or evil (desecrated), and fluctuates slightly if it detects a creature appropriate to the spell but neither good nor evil. By touching the scales after casting the ritual, you instantly learn any information the spell can normally convey, and then the effect ends."
  },
  "bonus": {}
}