{
  "dataType": "item",
  "uid": "item_Ball Bearings|XPHB ",
  "id": "Ball Bearings|XPHB",
  "weight": 2,
  "value": 100,
  "rarity": "none",
  "isBaseItem": false,
  "baseItem": "",
  "displayName": {
    "zh": "滚珠",
    "en": "Ball Bearings"
  },
  "mainSource": {
    "source": "XPHB",
    "page": 224
  },
  "allSources": [
    {
      "source": "XPHB",
      "page": 224
    }
  ],
  "relatedVersions": [
    "Ball Bearings (bag of 1,000)|PHB"
  ],
  "zh": {
    "name": "滚珠",
    "entries": [
      "以一个{@action 操作|XPHB}动作，你能把一小包滚珠撒至地面，并覆盖你周围10尺内的一处10尺方形区域。任何生物每回合首次进入这片区域时都必须通过一次{@dc 10}的敏捷豁免，否则陷入{@condition 倒地|XPHB}状态。重新收集这些滚珠需要花费10分钟时间。"
    ],
    "html": "以一个{{@action|操作|XPHB}}动作，你能把一小包滚珠撒至地面，并覆盖你周围10尺内的一处10尺方形区域。任何生物每回合首次进入这片区域时都必须通过一次{{@dc|10}}的敏捷豁免，否则陷入{{@condition|倒地|XPHB}}状态。重新收集这些滚珠需要花费10分钟时间。"
  },
  "en": {
    "name": "Ball Bearings",
    "entries": [
      "As a {@action Utilize|XPHB} action, you can spill Ball Bearings from their pouch. They spread to cover a level, 10-foot-square area within 10 feet of yourself. A creature that enters this area for the first time on a turn must succeed on a {@dc 10} Dexterity saving throw or have the {@condition Prone|XPHB} condition. It takes 10 minutes to recover the Ball Bearings."
    ],
    "html": "As a {{@action|Utilize|XPHB}} action, you can spill Ball Bearings from their pouch. They spread to cover a level, 10-foot-square area within 10 feet of yourself. A creature that enters this area for the first time on a turn must succeed on a {{@dc|10}} Dexterity saving throw or have the {{@condition|Prone|XPHB}} condition. It takes 10 minutes to recover the Ball Bearings."
  },
  "bonus": {}
}