{
  "dataType": "item",
  "uid": "item_Ball Bearings (bag of 1,000)|PHB ",
  "id": "Ball Bearings (bag of 1,000)|PHB",
  "weight": 2,
  "value": 100,
  "rarity": "none",
  "isBaseItem": false,
  "baseItem": "",
  "displayName": {
    "zh": "滚珠(一袋1,000粒)",
    "en": "Ball Bearings (bag of 1,000)"
  },
  "mainSource": {
    "source": "PHB",
    "page": 151
  },
  "allSources": [
    {
      "source": "PHB",
      "page": 151
    },
    {
      "source": "XPHB",
      "page": 0
    }
  ],
  "relatedVersions": [
    "Ball Bearings|XPHB"
  ],
  "zh": {
    "name": "滚珠(一袋1,000粒)",
    "entries": [
      "你可以用一个动作将这些小金属珠从袋子中洒出，并覆盖一片边长10尺的方形区域。穿过这片区域的生物必须进行一次{@dc 10}的敏捷豁免，豁免失败则摔至{@condition 倒地}。以半速穿过该区域的生物不需要进行该豁免。"
    ],
    "html": "你可以用一个动作将这些小金属珠从袋子中洒出，并覆盖一片边长10尺的方形区域。穿过这片区域的生物必须进行一次{{@dc|10}}的敏捷豁免，豁免失败则摔至{{@condition|倒地}}。以半速穿过该区域的生物不需要进行该豁免。"
  },
  "en": {
    "name": "Ball Bearings (bag of 1,000)",
    "entries": [
      "As an action, you can spill these tiny metal balls from their pouch to cover a level area 10 feet square. A creature moving across the covered area must succeed on a {@dc 10} Dexterity saving throw or fall {@condition prone}. A creature moving through the area at half speed doesn't need to make the saving throw."
    ],
    "html": "As an action, you can spill these tiny metal balls from their pouch to cover a level area 10 feet square. A creature moving across the covered area must succeed on a {{@dc|10}} Dexterity saving throw or fall {{@condition|prone}}. A creature moving through the area at half speed doesn't need to make the saving throw."
  },
  "bonus": {}
}