{
  "dataType": "item",
  "uid": "item_Banded Agate|XDMG ",
  "id": "Banded Agate|XDMG",
  "value": 1000,
  "rarity": "none",
  "isBaseItem": false,
  "baseItem": "",
  "displayName": {
    "zh": "条纹玛瑙",
    "en": "Banded Agate"
  },
  "mainSource": {
    "source": "XDMG",
    "page": 214
  },
  "allSources": [
    {
      "source": "XDMG",
      "page": 214
    }
  ],
  "relatedVersions": [
    "Banded Agate|DMG"
  ],
  "zh": {
    "name": "条纹玛瑙",
    "entries": [
      "一颗带有条纹的棕色、蓝色、白色或红色的宝石。"
    ],
    "html": "一颗带有条纹的棕色、蓝色、白色或红色的宝石。"
  },
  "en": {
    "name": "Banded Agate",
    "entries": [
      "A striped brown, blue, white, or red gemstone."
    ],
    "html": "A striped brown, blue, white, or red gemstone."
  },
  "bonus": {}
}