{
  "dataType": "item",
  "uid": "item_Barking Box|WDH ",
  "id": "Barking Box|WDH",
  "rarity": "unknown",
  "isBaseItem": false,
  "baseItem": "",
  "displayName": {
    "zh": "吠叫箱",
    "en": "Barking Box"
  },
  "mainSource": {
    "source": "WDH",
    "page": 47
  },
  "allSources": [
    {
      "source": "WDH",
      "page": 47
    }
  ],
  "zh": {
    "name": "吠叫箱",
    "entries": [
      "这个金属立方体，每边6英寸，顶部有一个曲柄。使用动作来上发条可以激活箱子8小时。在激活状态下，只要箱子和振动源接触相同的地面或物质，它就会在检测到15尺内的振动时吠叫。箱子一侧的开关可以设置设备发出小狗的吠叫或大狗的吠叫。"
    ],
    "html": "这个金属立方体，每边6英寸，顶部有一个曲柄。使用动作来上发条可以激活箱子8小时。在激活状态下，只要箱子和振动源接触相同的地面或物质，它就会在检测到15尺内的振动时吠叫。箱子一侧的开关可以设置设备发出小狗的吠叫或大狗的吠叫。"
  },
  "en": {
    "name": "Barking Box",
    "entries": [
      "This metal cube, 6 inches on a side, has a crank on top. Using an action to wind the crank activates the box for 8 hours. While activated, the box barks whenever it detects vibrations within 15 feet of it, as long as the box and the source of the vibrations are in contact with the same ground or substance. A switch on one side of the box sets the device to emit either a small dog's bark or a large dog's bark."
    ],
    "html": "This metal cube, 6 inches on a side, has a crank on top. Using an action to wind the crank activates the box for 8 hours. While activated, the box barks whenever it detects vibrations within 15 feet of it, as long as the box and the source of the vibrations are in contact with the same ground or substance. A switch on one side of the box sets the device to emit either a small dog's bark or a large dog's bark."
  },
  "bonus": {}
}