{
  "dataType": "item",
  "uid": "item_Barrel|XPHB ",
  "id": "Barrel|XPHB",
  "weight": 70,
  "value": 200,
  "rarity": "none",
  "isBaseItem": false,
  "baseItem": "",
  "displayName": {
    "zh": "木桶",
    "en": "Barrel"
  },
  "mainSource": {
    "source": "XPHB",
    "page": 224
  },
  "allSources": [
    {
      "source": "XPHB",
      "page": 224
    }
  ],
  "relatedVersions": [
    "Barrel|PHB"
  ],
  "zh": {
    "name": "木桶",
    "entries": [
      "一个木桶能够至多装入40加仑的液体或4立方尺的干燥货物。"
    ],
    "html": "一个木桶能够至多装入40加仑的液体或4立方尺的干燥货物。"
  },
  "en": {
    "name": "Barrel",
    "entries": [
      "A Barrel holds up to 40 gallons of liquid or up to 4 cubic feet of dry goods."
    ],
    "html": "A Barrel holds up to 40 gallons of liquid or up to 4 cubic feet of dry goods."
  },
  "bonus": {}
}