{
  "dataType": "item",
  "uid": "item_Barrier Tattoo (Small)|TCE ",
  "id": "Barrier Tattoo (Small)|TCE",
  "rarity": "uncommon",
  "isBaseItem": false,
  "baseItem": "",
  "displayName": {
    "zh": "屏障刺青（小）",
    "en": "Barrier Tattoo (Small)"
  },
  "mainSource": {
    "source": "TCE",
    "page": 122
  },
  "allSources": [
    {
      "source": "TCE",
      "page": 122
    }
  ],
  "zh": {
    "name": "屏障刺青（小）",
    "entries": [
      "该魔法刺青用一根特殊的针制作，用液态金属般的墨水绘有代表防护的图案。",
      {
        "ENG_name": "Tattoo Attunement",
        "name": "刺青同调",
        "type": "entries",
        "entries": [
          "同调此物品时，你需要将针持握，并抵在你想要让刺青出现 的那处皮肤上。当同调完成时，针头会化为墨水再变成刺青。",
          "若你与刺青的同调结束，刺青会消失，针头会再次出现在你的位置中。"
        ]
      },
      {
        "ENG_name": "Protection",
        "name": "守护",
        "type": "entries",
        "entries": [
          "当你没有穿戴护甲的时候，刺青会给予你12+你的敏捷加值的护甲等级。你装备盾牌时，仍可以获得刺青的增益。"
        ]
      }
    ],
    "html": "该魔法刺青用一根特殊的针制作，用液态金属般的墨水绘有代表防护的图案。\n<div class=\"parser-entries\"><div class=\"parser-entries-name\">刺青同调</div><div class=\"parser-entries-eng-name\">Tattoo Attunement</div><div class=\"parser-entries-content\">同调此物品时，你需要将针持握，并抵在你想要让刺青出现 的那处皮肤上。当同调完成时，针头会化为墨水再变成刺青。若你与刺青的同调结束，刺青会消失，针头会再次出现在你的位置中。</div></div>\n<div class=\"parser-entries\"><div class=\"parser-entries-name\">守护</div><div class=\"parser-entries-eng-name\">Protection</div><div class=\"parser-entries-content\">当你没有穿戴护甲的时候，刺青会给予你12+你的敏捷加值的护甲等级。你装备盾牌时，仍可以获得刺青的增益。</div></div>"
  },
  "en": {
    "name": "Barrier Tattoo (Small)",
    "entries": [
      "Produced by a special needle, this magic tattoo depicts protective imagery and uses ink that resembles liquid metal.",
      {
        "type": "entries",
        "name": "Tattoo Attunement",
        "entries": [
          "To attune to this item, you hold the needle to your skin where you want the tattoo to appear, pressing the needle there throughout the attunement process. When the attunement is complete, the needle turns into the ink that becomes the tattoo, which appears on the skin.",
          "If your attunement to the tattoo ends, the tattoo vanishes, and the needle reappears in your space."
        ]
      },
      {
        "type": "entries",
        "name": "Protection",
        "entries": [
          "While you aren't wearing armor, the tattoo grants you an Armor Class of 12 + your dexterity bonus. You can use a shield and still gain this benefit."
        ]
      }
    ],
    "html": "Produced by a special needle, this magic tattoo depicts protective imagery and uses ink that resembles liquid metal.\n<div class=\"parser-entries\"><div class=\"parser-entries-name\">Tattoo Attunement</div><div class=\"parser-entries-content\">To attune to this item, you hold the needle to your skin where you want the tattoo to appear, pressing the needle there throughout the attunement process. When the attunement is complete, the needle turns into the ink that becomes the tattoo, which appears on the skin.If your attunement to the tattoo ends, the tattoo vanishes, and the needle reappears in your space.</div></div>\n<div class=\"parser-entries\"><div class=\"parser-entries-name\">Protection</div><div class=\"parser-entries-content\">While you aren't wearing armor, the tattoo grants you an Armor Class of 12 + your dexterity bonus. You can use a shield and still gain this benefit.</div></div>"
  },
  "bonus": {}
}