{
  "dataType": "item",
  "uid": "item_Barrier Peaks Trinket|LLK ",
  "id": "Barrier Peaks Trinket|LLK",
  "rarity": "none",
  "isBaseItem": false,
  "baseItem": "",
  "displayName": {
    "zh": "屏障峰饰品",
    "en": "Barrier Peaks Trinket"
  },
  "mainSource": {
    "source": "LLK",
    "page": 7
  },
  "allSources": [
    {
      "source": "LLK",
      "page": 7
    }
  ],
  "zh": {
    "name": "屏障峰饰品",
    "entries": [
      "当角色们在苦恼之身修道院或Daoine Gloine城市中搜索不寻常的装备或碎片时，随时在下面的表格上滚动以确定他们找到了什么。每个角色在冒险过程中会找到一个屏障峰小饰品。",
      {
        "type": "table",
        "caption": "屏障峰饰品",
        "colLabels": [
          "d100",
          "饰品"
        ],
        "colStyles": [
          "text-center col-2",
          "col-10"
        ],
        "rows": [
          [
            "01–02",
            "一个手持装置，内含一颗发光的绿色宝石，当没有氧气时宝石会变暗"
          ],
          [
            "03–04",
            "一个一尺长，蛋形的物体，由缝合的皮革制成"
          ],
          [
            "05–06",
            "一个黑色金属圆柱体，当拿在手中时，它会讲述一个未知动植物物种的历史"
          ],
          [
            "07–08",
            "一个圆柱形的罐子，里面装有一个未知来源的腌制甲壳类动物"
          ],
          [
            "09–10",
            "一个小型拇指按钮存储筒，按下时会释放一个无用的铁钥匙"
          ],
          [
            "11–12",
            "一个不寻常的纹章斗篷别针，当轻敲时会发出短暂的音乐号角"
          ],
          [
            "13–14",
            "一个手持管，当挤压时会吸入灰尘，并将其捕获在一个可拆卸的隔间里"
          ],
          [
            "15–16",
            "一个未知材料制成的闪烁圆盘"
          ],
          [
            "17–18",
            "一个可以扭动并缓慢点击回到原位的旋钮，当它回到原位时会发出响亮的铃声"
          ],
          [
            "19–20",
            "一个苹果大小的金属悬浮球，它会跟随你周围"
          ],
          [
            "21–22",
            "一个未知昆虫的{@condition 石化}茧"
          ],
          [
            "23–24",
            "一个青铜护手，上面有许多插槽，任何被压入这些插槽的物体都会被猛烈地排出"
          ],
          [
            "25–26",
            "一个盒子，当打开时会播放一段用未知语言的虚幻信息"
          ],
          [
            "27–28",
            "一根棒子，当你按下靠近尖端的按钮时会让你忘记最后五分钟"
          ],
          [
            "29–30",
            "一个手掌大小的圆柱体，当你挤压时会发出一束无害的发光蓝光"
          ],
          [
            "31–32",
            "一个珠子，当它被藏在任一耳朵里时会抑制你的听力，导致你处于{@condition 耳聋}状态"
          ],
          [
            "33–34",
            "一个护身符，它在你头顶显示你当前的生命值为绿色条形图，当你的生命值总量减少时，条形图会缩短"
          ],
          [
            "35–36",
            "一个盒子，里面装有一百粒无味的蓝色药丸，吞下后没有明显的效果"
          ],
          [
            "37–38",
            "一个金属机械谜题，没有明显的解决方案"
          ],
          [
            "39–40",
            "一个金属陀螺，旋转时永远不会倾倒"
          ],
          [
            "41–42",
            "两条布质材料的条带，每条的一面涂有柔软的、像毛发一样的绒毛"
          ],
          [
            "43–44",
            "一个简单的金属丝金字塔，它可以保鲜放在其上方的任何食物"
          ],
          [
            "45–46",
            "一张用未知文字标记的星图"
          ],
          [
            "47–48",
            "一块黑色玻璃矩形，当你用手指划过时会显示出难以辨认的奥术符文"
          ],
          [
            "49–50",
            "一张示意图，展示了一个不可能复杂的设备的内部运作"
          ],
          [
            "51–52",
            "一双由柔软多彩材料制成的舒适鞋子"
          ],
          [
            "53–54",
            "一面镜子，当你轻敲你的倒影时会让你看起来更美丽"
          ],
          [
            "55–56",
            "一个机械金属小狗，激活后会嬉戏地跟随你四处走动"
          ],
          [
            "57–58",
            "一个会说话的手镯，它只会纠正你的语法"
          ],
          [
            "59–60",
            "一块可以去除任何污渍的肥皂"
          ],
          [
            "61–62",
            "一本用通用语写的日志，由一个来自一个与你的世界相似但又不完全相同的人所写"
          ],
          [
            "63–64",
            "一个桶，里面装有一客份令人作呕但营养丰富的粘液，它会在一周的时间里慢慢重新填满"
          ],
          [
            "65–66",
            "一份激活神秘且能毁灭世界的设备的使用说明书"
          ],
          [
            "67–68",
            "一个小而柔软的圆盘，当它放在任一眼睛上方时，会显示奇怪的移动符号"
          ],
          [
            "69–70",
            "一个带有大而多彩按钮的小桌子，每个按钮按下时都会播放一个不和谐的音乐号角"
          ],
          [
            "71–72",
            "一副有色眼镜，戴上后可以减少阳光的眩光"
          ],
          [
            "73–74",
            "一个由未知材料制成的充气睡袋，使用时会慢慢放气"
          ],
          [
            "75–76",
            "一根顶端带有钝金属钳子的棒子，其握力可以通过旋转螺丝来调节"
          ],
          [
            "77–78",
            "一顶破旧的头盔，上面有一个透明的橙色面罩，戴上时可以翻转到位"
          ],
          [
            "79–80",
            "一幅神秘城市的动画地图，似乎在追踪五个生物的移动"
          ],
          [
            "81–82",
            "一种喷雾式雾气圆柱，喷在头上时可以完美保持你的发型。"
          ],
          [
            "83–84",
            "一根会说话的魔杖，当你用它指向任何植物时，它会告诉你植物的名字"
          ],
          [
            "85–86",
            "一个金属手镯，它可以显示你自上次长休以来走过的步数"
          ],
          [
            "87–88",
            "一个小型手持设备，它可以在你指向的任何东西上投射出一个发光的小点"
          ],
          [
            "89–90",
            "一块矩形玻璃，在其表面显示一个十二位的倒计时。"
          ],
          [
            "91–92",
            "一张将神秘公式按照颜色编码排列的壁挂图表"
          ],
          [
            "93–94",
            "一个手持设备，你可以使用它的按钮输入任何数学问题，它都能解决"
          ],
          [
            "95–96",
            "一个带有斑点的棕色毛球，看起来像是活的"
          ],
          [
            "97–98",
            "一个复杂的水晶棋盘游戏，你不知道如何玩"
          ],
          [
            "99–00",
            "一个大型玻璃矩形，当你按下其底部的按钮时，会显示一场黑白图案的风暴"
          ]
        ]
      }
    ],
    "html": "当角色们在苦恼之身修道院或Daoine Gloine城市中搜索不寻常的装备或碎片时，随时在下面的表格上滚动以确定他们找到了什么。每个角色在冒险过程中会找到一个屏障峰小饰品。\n<table class=\"wiki-table\"><caption>屏障峰饰品</caption><tr><th class=\"parser-text-center col-2\">d100</th><th class=\"parser-col-10\">饰品</th></tr><tr><td class=\"parser-text-center col-2\">01–02</td><td class=\"parser-col-10\">一个手持装置，内含一颗发光的绿色宝石，当没有氧气时宝石会变暗</td></tr><tr><td class=\"parser-text-center col-2\">03–04</td><td class=\"parser-col-10\">一个一尺长，蛋形的物体，由缝合的皮革制成</td></tr><tr><td class=\"parser-text-center col-2\">05–06</td><td class=\"parser-col-10\">一个黑色金属圆柱体，当拿在手中时，它会讲述一个未知动植物物种的历史</td></tr><tr><td class=\"parser-text-center col-2\">07–08</td><td class=\"parser-col-10\">一个圆柱形的罐子，里面装有一个未知来源的腌制甲壳类动物</td></tr><tr><td class=\"parser-text-center col-2\">09–10</td><td class=\"parser-col-10\">一个小型拇指按钮存储筒，按下时会释放一个无用的铁钥匙</td></tr><tr><td class=\"parser-text-center col-2\">11–12</td><td class=\"parser-col-10\">一个不寻常的纹章斗篷别针，当轻敲时会发出短暂的音乐号角</td></tr><tr><td class=\"parser-text-center col-2\">13–14</td><td class=\"parser-col-10\">一个手持管，当挤压时会吸入灰尘，并将其捕获在一个可拆卸的隔间里</td></tr><tr><td class=\"parser-text-center col-2\">15–16</td><td class=\"parser-col-10\">一个未知材料制成的闪烁圆盘</td></tr><tr><td class=\"parser-text-center col-2\">17–18</td><td class=\"parser-col-10\">一个可以扭动并缓慢点击回到原位的旋钮，当它回到原位时会发出响亮的铃声</td></tr><tr><td class=\"parser-text-center col-2\">19–20</td><td class=\"parser-col-10\">一个苹果大小的金属悬浮球，它会跟随你周围</td></tr><tr><td class=\"parser-text-center col-2\">21–22</td><td class=\"parser-col-10\">一个未知昆虫的{{@condition|石化}}茧</td></tr><tr><td class=\"parser-text-center col-2\">23–24</td><td class=\"parser-col-10\">一个青铜护手，上面有许多插槽，任何被压入这些插槽的物体都会被猛烈地排出</td></tr><tr><td class=\"parser-text-center col-2\">25–26</td><td class=\"parser-col-10\">一个盒子，当打开时会播放一段用未知语言的虚幻信息</td></tr><tr><td class=\"parser-text-center col-2\">27–28</td><td class=\"parser-col-10\">一根棒子，当你按下靠近尖端的按钮时会让你忘记最后五分钟</td></tr><tr><td class=\"parser-text-center col-2\">29–30</td><td class=\"parser-col-10\">一个手掌大小的圆柱体，当你挤压时会发出一束无害的发光蓝光</td></tr><tr><td class=\"parser-text-center col-2\">31–32</td><td class=\"parser-col-10\">一个珠子，当它被藏在任一耳朵里时会抑制你的听力，导致你处于{{@condition|耳聋}}状态</td></tr><tr><td class=\"parser-text-center col-2\">33–34</td><td class=\"parser-col-10\">一个护身符，它在你头顶显示你当前的生命值为绿色条形图，当你的生命值总量减少时，条形图会缩短</td></tr><tr><td class=\"parser-text-center col-2\">35–36</td><td class=\"parser-col-10\">一个盒子，里面装有一百粒无味的蓝色药丸，吞下后没有明显的效果</td></tr><tr><td class=\"parser-text-center col-2\">37–38</td><td class=\"parser-col-10\">一个金属机械谜题，没有明显的解决方案</td></tr><tr><td class=\"parser-text-center col-2\">39–40</td><td class=\"parser-col-10\">一个金属陀螺，旋转时永远不会倾倒</td></tr><tr><td class=\"parser-text-center col-2\">41–42</td><td class=\"parser-col-10\">两条布质材料的条带，每条的一面涂有柔软的、像毛发一样的绒毛</td></tr><tr><td class=\"parser-text-center col-2\">43–44</td><td class=\"parser-col-10\">一个简单的金属丝金字塔，它可以保鲜放在其上方的任何食物</td></tr><tr><td class=\"parser-text-center col-2\">45–46</td><td class=\"parser-col-10\">一张用未知文字标记的星图</td></tr><tr><td class=\"parser-text-center col-2\">47–48</td><td class=\"parser-col-10\">一块黑色玻璃矩形，当你用手指划过时会显示出难以辨认的奥术符文</td></tr><tr><td class=\"parser-text-center col-2\">49–50</td><td class=\"parser-col-10\">一张示意图，展示了一个不可能复杂的设备的内部运作</td></tr><tr><td class=\"parser-text-center col-2\">51–52</td><td class=\"parser-col-10\">一双由柔软多彩材料制成的舒适鞋子</td></tr><tr><td class=\"parser-text-center col-2\">53–54</td><td class=\"parser-col-10\">一面镜子，当你轻敲你的倒影时会让你看起来更美丽</td></tr><tr><td class=\"parser-text-center col-2\">55–56</td><td class=\"parser-col-10\">一个机械金属小狗，激活后会嬉戏地跟随你四处走动</td></tr><tr><td class=\"parser-text-center col-2\">57–58</td><td class=\"parser-col-10\">一个会说话的手镯，它只会纠正你的语法</td></tr><tr><td class=\"parser-text-center col-2\">59–60</td><td class=\"parser-col-10\">一块可以去除任何污渍的肥皂</td></tr><tr><td class=\"parser-text-center col-2\">61–62</td><td class=\"parser-col-10\">一本用通用语写的日志，由一个来自一个与你的世界相似但又不完全相同的人所写</td></tr><tr><td class=\"parser-text-center col-2\">63–64</td><td class=\"parser-col-10\">一个桶，里面装有一客份令人作呕但营养丰富的粘液，它会在一周的时间里慢慢重新填满</td></tr><tr><td class=\"parser-text-center col-2\">65–66</td><td class=\"parser-col-10\">一份激活神秘且能毁灭世界的设备的使用说明书</td></tr><tr><td class=\"parser-text-center col-2\">67–68</td><td class=\"parser-col-10\">一个小而柔软的圆盘，当它放在任一眼睛上方时，会显示奇怪的移动符号</td></tr><tr><td class=\"parser-text-center col-2\">69–70</td><td class=\"parser-col-10\">一个带有大而多彩按钮的小桌子，每个按钮按下时都会播放一个不和谐的音乐号角</td></tr><tr><td class=\"parser-text-center col-2\">71–72</td><td class=\"parser-col-10\">一副有色眼镜，戴上后可以减少阳光的眩光</td></tr><tr><td class=\"parser-text-center col-2\">73–74</td><td class=\"parser-col-10\">一个由未知材料制成的充气睡袋，使用时会慢慢放气</td></tr><tr><td class=\"parser-text-center col-2\">75–76</td><td class=\"parser-col-10\">一根顶端带有钝金属钳子的棒子，其握力可以通过旋转螺丝来调节</td></tr><tr><td class=\"parser-text-center col-2\">77–78</td><td class=\"parser-col-10\">一顶破旧的头盔，上面有一个透明的橙色面罩，戴上时可以翻转到位</td></tr><tr><td class=\"parser-text-center col-2\">79–80</td><td class=\"parser-col-10\">一幅神秘城市的动画地图，似乎在追踪五个生物的移动</td></tr><tr><td class=\"parser-text-center col-2\">81–82</td><td class=\"parser-col-10\">一种喷雾式雾气圆柱，喷在头上时可以完美保持你的发型。</td></tr><tr><td class=\"parser-text-center col-2\">83–84</td><td class=\"parser-col-10\">一根会说话的魔杖，当你用它指向任何植物时，它会告诉你植物的名字</td></tr><tr><td class=\"parser-text-center col-2\">85–86</td><td class=\"parser-col-10\">一个金属手镯，它可以显示你自上次长休以来走过的步数</td></tr><tr><td class=\"parser-text-center col-2\">87–88</td><td class=\"parser-col-10\">一个小型手持设备，它可以在你指向的任何东西上投射出一个发光的小点</td></tr><tr><td class=\"parser-text-center col-2\">89–90</td><td class=\"parser-col-10\">一块矩形玻璃，在其表面显示一个十二位的倒计时。</td></tr><tr><td class=\"parser-text-center col-2\">91–92</td><td class=\"parser-col-10\">一张将神秘公式按照颜色编码排列的壁挂图表</td></tr><tr><td class=\"parser-text-center col-2\">93–94</td><td class=\"parser-col-10\">一个手持设备，你可以使用它的按钮输入任何数学问题，它都能解决</td></tr><tr><td class=\"parser-text-center col-2\">95–96</td><td class=\"parser-col-10\">一个带有斑点的棕色毛球，看起来像是活的</td></tr><tr><td class=\"parser-text-center col-2\">97–98</td><td class=\"parser-col-10\">一个复杂的水晶棋盘游戏，你不知道如何玩</td></tr><tr><td class=\"parser-text-center col-2\">99–00</td><td class=\"parser-col-10\">一个大型玻璃矩形，当你按下其底部的按钮时，会显示一场黑白图案的风暴</td></tr></table>"
  },
  "en": {
    "name": "Barrier Peaks Trinket",
    "entries": [
      "At any point while the characters are searching through unusual equipment or detritus in the Monastery of the Distressed Body or the city of Daoine Gloine, roll on the following table to determine what they find. Each character finds one Barrier Peaks trinket over the course of the adventure.",
      {
        "type": "table",
        "caption": "Barrier Peaks Trinkets",
        "colLabels": [
          "d100",
          "Trinket"
        ],
        "colStyles": [
          "text-center col-2",
          "col-10"
        ],
        "rows": [
          [
            "01–02",
            "A handheld device containing a glowing green gem that darkens when no oxygen is present"
          ],
          [
            "03–04",
            "A foot-long, egg-shaped object made from stitched leather"
          ],
          [
            "05–06",
            "A black metal cylinder that dictates the history of an unknown plant or animal species when held"
          ],
          [
            "07–08",
            "A cylindrical jar containing a pickled crustacean of unknown origin"
          ],
          [
            "09–10",
            "A small thumb-button storage cylinder that releases a useless iron key when pressed"
          ],
          [
            "11–12",
            "An unusual heraldic cloak pin that emits a short musical fanfare when tapped"
          ],
          [
            "13–14",
            "A handheld tube that sucks in dust when squeezed and captures it in a detachable compartment"
          ],
          [
            "15–16",
            "A scintillating disk of unknown material"
          ],
          [
            "17–18",
            "A dial that can be twisted to slowly click back to its origin, whereupon it emits a loud ringing noise"
          ],
          [
            "19–20",
            "A hovering, apple-sized orb of metal that follows you around"
          ],
          [
            "21–22",
            "The {@condition petrified} cocoon of an unknown insect"
          ],
          [
            "23–24",
            "A bronze gauntlet set with many slots, and which violently expels any object pressed into those slots"
          ],
          [
            "25–26",
            "A box that plays an illusory message in an unknown language when opened"
          ],
          [
            "27–28",
            "A rod that causes you to forget the last five minutes when you press a button near its tip"
          ],
          [
            "29–30",
            "A palm-sized cylinder that emits a harmless ray of glowing blue light when squeezed"
          ],
          [
            "31–32",
            "A bead that suppresses your hearing when secreted inside either ear, causing you to be {@condition deafened}"
          ],
          [
            "33–34",
            "An amulet that displays your current health as a green bar above your head, with the bar retracting as your hit point total decreases"
          ],
          [
            "35–36",
            "A casket containing one hundred tasteless blue pills that produce no discernible effect when swallowed"
          ],
          [
            "37–38",
            "A metal mechanical puzzle with no apparent solution"
          ],
          [
            "39–40",
            "A metal spinning top that never tips over when spun"
          ],
          [
            "41–42",
            "Two strips of cloth-like material, each coated with a soft, hair-like fuzz on one side"
          ],
          [
            "43–44",
            "A simple wire pyramid that preserves any foodstuffs it is placed over"
          ],
          [
            "45–46",
            "A star chart labeled in an unknown script"
          ],
          [
            "47–48",
            "A rectangle of black glass that displays indecipherable arcane runes when you swipe your finger across it"
          ],
          [
            "49–50",
            "A schematic that shows the inner workings of an impossibly complex device"
          ],
          [
            "51–52",
            "An odd pair of comfortable shoes made from supple, multicolored material"
          ],
          [
            "53–54",
            "A mirror that makes you appear more beautiful when you tap your reflection"
          ],
          [
            "55–56",
            "A mechanical metal puppy that playfully follows you around when activated"
          ],
          [
            "57–58",
            "A talking bracelet that speaks only to correct your grammar"
          ],
          [
            "59–60",
            "A bar of soap that can remove any stain"
          ],
          [
            "61–62",
            "A journal in Common, written by someone in a world similar to but not quite the same as your own"
          ],
          [
            "63–64",
            "A tub containing one serving of disgusting but nutritious goop that refills itself slowly over the course of one week"
          ],
          [
            "65–66",
            "An instruction manual for activating a mysterious, world-destroying device"
          ],
          [
            "67–68",
            "A small supple disk that displays weird moving symbols when placed over either eye"
          ],
          [
            "69–70",
            "A tiny desk set with large, colorful buttons, each of which plays a discordant musical fanfare when pressed"
          ],
          [
            "71–72",
            "A pair of tinted spectacles that reduce the glare of the sun when worn"
          ],
          [
            "73–74",
            "An inflatable bedroll made from an unknown material, and which slowly deflates when used"
          ],
          [
            "75–76",
            "A rod tipped with a blunt metal pincer whose grip can be adjusted by turning a screw"
          ],
          [
            "77–78",
            "A battered helmet with a transparent orange visor that flips into place when donned"
          ],
          [
            "79–80",
            "An animated map of a mysterious city that appears to be tracking the movements of five creatures"
          ],
          [
            "81–82",
            "A cylinder of mist that holds your hair perfectly in shape when sprayed onto your head"
          ],
          [
            "83–84",
            "A talking wand that tells you the name of any plant you point it at"
          ],
          [
            "85–86",
            "A metal bracelet that displays the number of steps you've taken since your last long rest"
          ],
          [
            "87–88",
            "A tiny handheld device that projects a glowing dot onto whatever you point it at"
          ],
          [
            "89–90",
            "A rectangular piece of glass that displays a twelve-digit countdown on its surface"
          ],
          [
            "91–92",
            "A wall chart of mysterious formulae arranged into a color-coded grid"
          ],
          [
            "93–94",
            "A handheld device that solves any math problem you input using its buttons"
          ],
          [
            "95–96",
            "A ball of speckled brown fur that appears to be alive"
          ],
          [
            "97–98",
            "A complicated crystal board game that you don't know how to play"
          ],
          [
            "99–00",
            "A large glass rectangle that displays a storm of black and white patterns when you press a button on its underside"
          ]
        ]
      }
    ],
    "html": "At any point while the characters are searching through unusual equipment or detritus in the Monastery of the Distressed Body or the city of Daoine Gloine, roll on the following table to determine what they find. Each character finds one Barrier Peaks trinket over the course of the adventure.\n<table class=\"wiki-table\"><caption>Barrier Peaks Trinkets</caption><tr><th class=\"parser-text-center col-2\">d100</th><th class=\"parser-col-10\">Trinket</th></tr><tr><td class=\"parser-text-center col-2\">01–02</td><td class=\"parser-col-10\">A handheld device containing a glowing green gem that darkens when no oxygen is present</td></tr><tr><td class=\"parser-text-center col-2\">03–04</td><td class=\"parser-col-10\">A foot-long, egg-shaped object made from stitched leather</td></tr><tr><td class=\"parser-text-center col-2\">05–06</td><td class=\"parser-col-10\">A black metal cylinder that dictates the history of an unknown plant or animal species when held</td></tr><tr><td class=\"parser-text-center col-2\">07–08</td><td class=\"parser-col-10\">A cylindrical jar containing a pickled crustacean of unknown origin</td></tr><tr><td class=\"parser-text-center col-2\">09–10</td><td class=\"parser-col-10\">A small thumb-button storage cylinder that releases a useless iron key when pressed</td></tr><tr><td class=\"parser-text-center col-2\">11–12</td><td class=\"parser-col-10\">An unusual heraldic cloak pin that emits a short musical fanfare when tapped</td></tr><tr><td class=\"parser-text-center col-2\">13–14</td><td class=\"parser-col-10\">A handheld tube that sucks in dust when squeezed and captures it in a detachable compartment</td></tr><tr><td class=\"parser-text-center col-2\">15–16</td><td class=\"parser-col-10\">A scintillating disk of unknown material</td></tr><tr><td class=\"parser-text-center col-2\">17–18</td><td class=\"parser-col-10\">A dial that can be twisted to slowly click back to its origin, whereupon it emits a loud ringing noise</td></tr><tr><td class=\"parser-text-center col-2\">19–20</td><td class=\"parser-col-10\">A hovering, apple-sized orb of metal that follows you around</td></tr><tr><td class=\"parser-text-center col-2\">21–22</td><td class=\"parser-col-10\">The {{@condition|petrified}} cocoon of an unknown insect</td></tr><tr><td class=\"parser-text-center col-2\">23–24</td><td class=\"parser-col-10\">A bronze gauntlet set with many slots, and which violently expels any object pressed into those slots</td></tr><tr><td class=\"parser-text-center col-2\">25–26</td><td class=\"parser-col-10\">A box that plays an illusory message in an unknown language when opened</td></tr><tr><td class=\"parser-text-center col-2\">27–28</td><td class=\"parser-col-10\">A rod that causes you to forget the last five minutes when you press a button near its tip</td></tr><tr><td class=\"parser-text-center col-2\">29–30</td><td class=\"parser-col-10\">A palm-sized cylinder that emits a harmless ray of glowing blue light when squeezed</td></tr><tr><td class=\"parser-text-center col-2\">31–32</td><td class=\"parser-col-10\">A bead that suppresses your hearing when secreted inside either ear, causing you to be {{@condition|deafened}}</td></tr><tr><td class=\"parser-text-center col-2\">33–34</td><td class=\"parser-col-10\">An amulet that displays your current health as a green bar above your head, with the bar retracting as your hit point total decreases</td></tr><tr><td class=\"parser-text-center col-2\">35–36</td><td class=\"parser-col-10\">A casket containing one hundred tasteless blue pills that produce no discernible effect when swallowed</td></tr><tr><td class=\"parser-text-center col-2\">37–38</td><td class=\"parser-col-10\">A metal mechanical puzzle with no apparent solution</td></tr><tr><td class=\"parser-text-center col-2\">39–40</td><td class=\"parser-col-10\">A metal spinning top that never tips over when spun</td></tr><tr><td class=\"parser-text-center col-2\">41–42</td><td class=\"parser-col-10\">Two strips of cloth-like material, each coated with a soft, hair-like fuzz on one side</td></tr><tr><td class=\"parser-text-center col-2\">43–44</td><td class=\"parser-col-10\">A simple wire pyramid that preserves any foodstuffs it is placed over</td></tr><tr><td class=\"parser-text-center col-2\">45–46</td><td class=\"parser-col-10\">A star chart labeled in an unknown script</td></tr><tr><td class=\"parser-text-center col-2\">47–48</td><td class=\"parser-col-10\">A rectangle of black glass that displays indecipherable arcane runes when you swipe your finger across it</td></tr><tr><td class=\"parser-text-center col-2\">49–50</td><td class=\"parser-col-10\">A schematic that shows the inner workings of an impossibly complex device</td></tr><tr><td class=\"parser-text-center col-2\">51–52</td><td class=\"parser-col-10\">An odd pair of comfortable shoes made from supple, multicolored material</td></tr><tr><td class=\"parser-text-center col-2\">53–54</td><td class=\"parser-col-10\">A mirror that makes you appear more beautiful when you tap your reflection</td></tr><tr><td class=\"parser-text-center col-2\">55–56</td><td class=\"parser-col-10\">A mechanical metal puppy that playfully follows you around when activated</td></tr><tr><td class=\"parser-text-center col-2\">57–58</td><td class=\"parser-col-10\">A talking bracelet that speaks only to correct your grammar</td></tr><tr><td class=\"parser-text-center col-2\">59–60</td><td class=\"parser-col-10\">A bar of soap that can remove any stain</td></tr><tr><td class=\"parser-text-center col-2\">61–62</td><td class=\"parser-col-10\">A journal in Common, written by someone in a world similar to but not quite the same as your own</td></tr><tr><td class=\"parser-text-center col-2\">63–64</td><td class=\"parser-col-10\">A tub containing one serving of disgusting but nutritious goop that refills itself slowly over the course of one week</td></tr><tr><td class=\"parser-text-center col-2\">65–66</td><td class=\"parser-col-10\">An instruction manual for activating a mysterious, world-destroying device</td></tr><tr><td class=\"parser-text-center col-2\">67–68</td><td class=\"parser-col-10\">A small supple disk that displays weird moving symbols when placed over either eye</td></tr><tr><td class=\"parser-text-center col-2\">69–70</td><td class=\"parser-col-10\">A tiny desk set with large, colorful buttons, each of which plays a discordant musical fanfare when pressed</td></tr><tr><td class=\"parser-text-center col-2\">71–72</td><td class=\"parser-col-10\">A pair of tinted spectacles that reduce the glare of the sun when worn</td></tr><tr><td class=\"parser-text-center col-2\">73–74</td><td class=\"parser-col-10\">An inflatable bedroll made from an unknown material, and which slowly deflates when used</td></tr><tr><td class=\"parser-text-center col-2\">75–76</td><td class=\"parser-col-10\">A rod tipped with a blunt metal pincer whose grip can be adjusted by turning a screw</td></tr><tr><td class=\"parser-text-center col-2\">77–78</td><td class=\"parser-col-10\">A battered helmet with a transparent orange visor that flips into place when donned</td></tr><tr><td class=\"parser-text-center col-2\">79–80</td><td class=\"parser-col-10\">An animated map of a mysterious city that appears to be tracking the movements of five creatures</td></tr><tr><td class=\"parser-text-center col-2\">81–82</td><td class=\"parser-col-10\">A cylinder of mist that holds your hair perfectly in shape when sprayed onto your head</td></tr><tr><td class=\"parser-text-center col-2\">83–84</td><td class=\"parser-col-10\">A talking wand that tells you the name of any plant you point it at</td></tr><tr><td class=\"parser-text-center col-2\">85–86</td><td class=\"parser-col-10\">A metal bracelet that displays the number of steps you've taken since your last long rest</td></tr><tr><td class=\"parser-text-center col-2\">87–88</td><td class=\"parser-col-10\">A tiny handheld device that projects a glowing dot onto whatever you point it at</td></tr><tr><td class=\"parser-text-center col-2\">89–90</td><td class=\"parser-col-10\">A rectangular piece of glass that displays a twelve-digit countdown on its surface</td></tr><tr><td class=\"parser-text-center col-2\">91–92</td><td class=\"parser-col-10\">A wall chart of mysterious formulae arranged into a color-coded grid</td></tr><tr><td class=\"parser-text-center col-2\">93–94</td><td class=\"parser-col-10\">A handheld device that solves any math problem you input using its buttons</td></tr><tr><td class=\"parser-text-center col-2\">95–96</td><td class=\"parser-col-10\">A ball of speckled brown fur that appears to be alive</td></tr><tr><td class=\"parser-text-center col-2\">97–98</td><td class=\"parser-col-10\">A complicated crystal board game that you don't know how to play</td></tr><tr><td class=\"parser-text-center col-2\">99–00</td><td class=\"parser-col-10\">A large glass rectangle that displays a storm of black and white patterns when you press a button on its underside</td></tr></table>"
  },
  "bonus": {}
}