{
  "dataType": "item",
  "uid": "item_Basic Poison|XPHB ",
  "id": "Basic Poison|XPHB",
  "value": 10000,
  "rarity": "none",
  "isBaseItem": false,
  "baseItem": "",
  "displayName": {
    "zh": "基础毒药",
    "en": "Basic Poison"
  },
  "mainSource": {
    "source": "XPHB",
    "page": 227
  },
  "allSources": [
    {
      "source": "XPHB",
      "page": 227
    }
  ],
  "relatedVersions": [
    "Basic Poison (vial)|PHB"
  ],
  "zh": {
    "name": "基础毒药",
    "entries": [
      "以一个{@variantrule 附赠动作|XPHB}，你可以将一小瓶基础毒药涂抹在一把武器或至多三枚弹药上。当一个生物受到由涂过毒的武器或弹药所造成的穿刺或劈砍伤害时，该生物将受到额外{@damage 1d4}点毒素伤害。毒药一旦被涂抹，毒效只会持续1分钟或直至造成了额外伤害。"
    ],
    "html": "以一个{{@variantrule|附赠动作|XPHB}}，你可以将一小瓶基础毒药涂抹在一把武器或至多三枚弹药上。当一个生物受到由涂过毒的武器或弹药所造成的穿刺或劈砍伤害时，该生物将受到额外{{@damage|1d4}}点毒素伤害。毒药一旦被涂抹，毒效只会持续1分钟或直至造成了额外伤害。"
  },
  "en": {
    "name": "Basic Poison",
    "entries": [
      "As a {@variantrule Bonus Action|XPHB}, you can use a vial of Basic Poison to coat one weapon or up to three pieces of ammunition. A creature that takes Piercing or Slashing damage from the poisoned weapon or ammunition takes an extra {@damage 1d4} Poison damage. Once applied, the poison retains potency for 1 minute or until its damage is dealt, whichever comes first."
    ],
    "html": "As a {{@variantrule|Bonus Action|XPHB}}, you can use a vial of Basic Poison to coat one weapon or up to three pieces of ammunition. A creature that takes Piercing or Slashing damage from the poisoned weapon or ammunition takes an extra {{@damage|1d4}} Poison damage. Once applied, the poison retains potency for 1 minute or until its damage is dealt, whichever comes first."
  },
  "bonus": {}
}