{
  "dataType": "item",
  "uid": "item_Battle Standard of Infernal Power|BGDIA ",
  "id": "Battle Standard of Infernal Power|BGDIA",
  "rarity": "very rare",
  "isBaseItem": false,
  "baseItem": "",
  "displayName": {
    "zh": "地狱之力的战斗旗帜",
    "en": "Battle Standard of Infernal Power"
  },
  "mainSource": {
    "source": "BGDIA",
    "page": 223
  },
  "allSources": [
    {
      "source": "BGDIA",
      "page": 223
    }
  ],
  "zh": {
    "name": "地狱之力的战斗旗帜",
    "entries": [
      "这个地狱锻造的战旗由地狱铁制成，并配有一个无法打开的小笼子，里面装着一个{@creature 小恶魔}。被困的{@creature 小恶魔}处于{@condition 失能}状态，它的笼子有AC 19，10点生命值，并且对所有类型的伤害都免疫，除了力场伤害。如果被杀死或以某种方式释放，{@creature 小恶魔}将在一团烟雾中消失，并且只要笼子完好，就会有一个新的存在出现在笼子里。",
      "当你持有这面旗帜时，你的武器攻击以及所有300尺内盟友生物的攻击被视为魔法攻击，以便克服伤害免疫和抗性。"
    ],
    "html": "这个地狱锻造的战旗由地狱铁制成，并配有一个无法打开的小笼子，里面装着一个{{@creature|小恶魔}}。被困的{{@creature|小恶魔}}处于{{@condition|失能}}状态，它的笼子有AC 19，10点生命值，并且对所有类型的伤害都免疫，除了力场伤害。如果被杀死或以某种方式释放，{{@creature|小恶魔}}将在一团烟雾中消失，并且只要笼子完好，就会有一个新的存在出现在笼子里。\n当你持有这面旗帜时，你的武器攻击以及所有300尺内盟友生物的攻击被视为魔法攻击，以便克服伤害免疫和抗性。"
  },
  "en": {
    "name": "Battle Standard of Infernal Power",
    "entries": [
      "This hell-forged battle standard is made of infernal iron and fitted with a small, unopenable cage containing a {@creature quasit}. The trapped {@creature quasit} is {@condition incapacitated}, and its cage has AC 19, 10 hit points, and immunity to all types of damage except force damage. If killed or somehow released, the {@creature quasit} disappears in a cloud of smoke, and a new one appears in the cage, provided the cage is intact.",
      "While you hold the banner, your weapon attacks and those of all allied creatures within 300 feet of you count as magical for the purposes of overcoming damage immunities and resistances."
    ],
    "html": "This hell-forged battle standard is made of infernal iron and fitted with a small, unopenable cage containing a {{@creature|quasit}}. The trapped {{@creature|quasit}} is {{@condition|incapacitated}}, and its cage has AC 19, 10 hit points, and immunity to all types of damage except force damage. If killed or somehow released, the {{@creature|quasit}} disappears in a cloud of smoke, and a new one appears in the cage, provided the cage is intact.\nWhile you hold the banner, your weapon attacks and those of all allied creatures within 300 feet of you count as magical for the purposes of overcoming damage immunities and resistances."
  },
  "bonus": {}
}