{
  "dataType": "item",
  "uid": "item_Battleaxe|PHB",
  "id": "Battleaxe|PHB",
  "weight": 4,
  "value": 1000,
  "rarity": "none",
  "isBaseItem": true,
  "displayName": {
    "zh": "战斧",
    "en": "Battleaxe"
  },
  "mainSource": {
    "source": "PHB",
    "page": 149
  },
  "allSources": [
    {
      "source": "PHB",
      "page": 149
    },
    {
      "source": "XPHB",
      "page": 0
    }
  ],
  "relatedVersions": [
    "Battleaxe|XPHB"
  ],
  "zh": {
    "name": "战斧",
    "entries": [],
    "html": ""
  },
  "en": {
    "name": "Battleaxe",
    "entries": [],
    "html": ""
  },
  "weapon": {
    "category": "martial",
    "dmgs": [
      "1d8",
      "1d10"
    ],
    "dmgType": "S"
  },
  "bonus": {}
}