{
  "dataType": "item",
  "uid": "item_Battering Shield|EGW ",
  "id": "Battering Shield|EGW",
  "weight": 6,
  "rarity": "rare",
  "isBaseItem": false,
  "baseItem": "shield|PHB",
  "displayName": {
    "zh": "撞击盾",
    "en": "Battering Shield"
  },
  "mainSource": {
    "source": "EGW",
    "page": 266
  },
  "allSources": [
    {
      "source": "EGW",
      "page": 266
    }
  ],
  "zh": {
    "name": "撞击盾",
    "entries": [
      "持握此铁制塔盾时，你在AC上获得+1加值。此加值是在盾牌本身的AC加值之外的。",
      "此外，该盾牌拥有3发充能，并在每天黎明时恢复{@dice 1d3}发已消耗的充能。如果你持握此盾牌并将一个处于你触及范围内的生物推开至少5尺，你可以消耗1发充能使该生物被额外推开10尺、使其{@condition 倒地}，或同时产生这两种效果。"
    ],
    "html": "持握此铁制塔盾时，你在AC上获得+1加值。此加值是在盾牌本身的AC加值之外的。\n此外，该盾牌拥有3发充能，并在每天黎明时恢复{{@dice|1d3}}发已消耗的充能。如果你持握此盾牌并将一个处于你触及范围内的生物推开至少5尺，你可以消耗1发充能使该生物被额外推开10尺、使其{{@condition|倒地}}，或同时产生这两种效果。"
  },
  "en": {
    "name": "Battering Shield",
    "entries": [
      "While holding this iron tower shield, you gain a +1 bonus to AC. This bonus is in addition to the shield's normal bonus to AC.",
      "Additionally, the shield has 3 charges, and it regains {@dice 1d3} expended charges daily at dawn. If you are holding the shield and push a creature within your reach at least 5 feet away, you can expend 1 charge to push that creature an additional 10 feet, knock it {@condition prone}, or both."
    ],
    "html": "While holding this iron tower shield, you gain a +1 bonus to AC. This bonus is in addition to the shield's normal bonus to AC.\nAdditionally, the shield has 3 charges, and it regains {{@dice|1d3}} expended charges daily at dawn. If you are holding the shield and push a creature within your reach at least 5 feet away, you can expend 1 charge to push that creature an additional 10 feet, knock it {{@condition|prone}}, or both."
  },
  "charge": {
    "max": 3,
    "rechargeAt": "dawn",
    "rechargeAmount": "{@dice 1d3}"
  },
  "bonus": {
    "ac": 1
  }
}