{
  "dataType": "item",
  "uid": "item_Bead of Refreshment|XDMG ",
  "id": "Bead of Refreshment|XDMG",
  "rarity": "common",
  "isBaseItem": false,
  "baseItem": "",
  "displayName": {
    "zh": "净水珠",
    "en": "Bead of Refreshment"
  },
  "mainSource": {
    "source": "XDMG",
    "page": 235
  },
  "allSources": [
    {
      "source": "XDMG",
      "page": 235
    }
  ],
  "relatedVersions": [
    "Bead of Refreshment|XGE"
  ],
  "zh": {
    "name": "净水珠",
    "entries": [
      "这种无味的、凝胶状的小珠在液体中溶解，可以将多达一品脱的液体转变为新鲜的、冷的饮用水。这种小珠对魔法液体或有害物质（如毒药）没有影响。"
    ],
    "html": "这种无味的、凝胶状的小珠在液体中溶解，可以将多达一品脱的液体转变为新鲜的、冷的饮用水。这种小珠对魔法液体或有害物质（如毒药）没有影响。"
  },
  "en": {
    "name": "Bead of Refreshment",
    "entries": [
      "This flavorless, gelatinous bead dissolves in liquid, transforming up to a pint of the liquid into fresh, cold drinking water. The bead has no effect on magical liquids or harmful substances such as poison."
    ],
    "html": "This flavorless, gelatinous bead dissolves in liquid, transforming up to a pint of the liquid into fresh, cold drinking water. The bead has no effect on magical liquids or harmful substances such as poison."
  },
  "bonus": {}
}