{
  "dataType": "item",
  "uid": "item_Bead of Nourishment|XDMG ",
  "id": "Bead of Nourishment|XDMG",
  "rarity": "common",
  "isBaseItem": false,
  "baseItem": "",
  "displayName": {
    "zh": "营养珠",
    "en": "Bead of Nourishment"
  },
  "mainSource": {
    "source": "XDMG",
    "page": 235
  },
  "allSources": [
    {
      "source": "XDMG",
      "page": 235
    }
  ],
  "relatedVersions": [
    "Bead of Nourishment|XGE"
  ],
  "zh": {
    "name": "营养珠",
    "entries": [
      "这种无味的、胶状的小珠在您的舌头上溶解，提供相当于1天口粮的营养。"
    ],
    "html": "这种无味的、胶状的小珠在您的舌头上溶解，提供相当于1天口粮的营养。"
  },
  "en": {
    "name": "Bead of Nourishment",
    "entries": [
      "This flavorless, gelatinous bead dissolves on your tongue and provides as much nourishment as 1 day of Rations."
    ],
    "html": "This flavorless, gelatinous bead dissolves on your tongue and provides as much nourishment as 1 day of Rations."
  },
  "bonus": {}
}