{
  "dataType": "item",
  "uid": "item_Bedroll|XPHB ",
  "id": "Bedroll|XPHB",
  "weight": 7,
  "value": 100,
  "rarity": "none",
  "isBaseItem": false,
  "baseItem": "",
  "displayName": {
    "zh": "铺盖",
    "en": "Bedroll"
  },
  "mainSource": {
    "source": "XPHB",
    "page": 224
  },
  "allSources": [
    {
      "source": "XPHB",
      "page": 224
    }
  ],
  "relatedVersions": [
    "Bedroll|PHB"
  ],
  "zh": {
    "name": "铺盖",
    "entries": [
      "一卷铺盖能睡下一个小型或中型生物。躺在铺盖中时，你自动通过抵抗{@hazard 严寒|XDMG}的豁免检定（详见{@book 城主指南|XDMG}）。"
    ],
    "html": "一卷铺盖能睡下一个小型或中型生物。躺在铺盖中时，你自动通过抵抗{{@hazard|严寒|XDMG}}的豁免检定（详见{{@book|城主指南|XDMG}}）。"
  },
  "en": {
    "name": "Bedroll",
    "entries": [
      "A Bedroll sleeps one Small or Medium creature. While in a Bedroll, you automatically succeed on saving throws against {@hazard extreme cold|XDMG} (see the {@book Dungeon Master's Guide|XDMG})."
    ],
    "html": "A Bedroll sleeps one Small or Medium creature. While in a Bedroll, you automatically succeed on saving throws against {{@hazard|extreme cold|XDMG}} (see the {{@book|Dungeon Master's Guide|XDMG}})."
  },
  "bonus": {}
}