{
  "dataType": "item",
  "uid": "item_Bejeweled ivory drinking horn with gold inlay (Brazen Coalition)|PSX ",
  "id": "Bejeweled ivory drinking horn with gold inlay (Brazen Coalition)|PSX",
  "value": 750000,
  "rarity": "none",
  "isBaseItem": false,
  "baseItem": "",
  "displayName": {
    "zh": "镶金工艺的象牙饮角（莽霸联盟）",
    "en": "Bejeweled ivory drinking horn with gold inlay (Brazen Coalition)"
  },
  "mainSource": {
    "source": "PSX",
    "page": 25
  },
  "allSources": [
    {
      "source": "PSX",
      "page": 25
    }
  ],
  "zh": {
    "name": "镶金工艺的象牙饮角（莽霸联盟）",
    "entries": [],
    "html": ""
  },
  "en": {
    "name": "Bejeweled ivory drinking horn with gold inlay (Brazen Coalition)",
    "entries": [],
    "html": ""
  },
  "bonus": {}
}