{
  "dataType": "item",
  "uid": "item_Bejeweled ivory drinking horn with gold filigree|XDMG ",
  "id": "Bejeweled ivory drinking horn with gold filigree|XDMG",
  "value": 750000,
  "rarity": "none",
  "isBaseItem": false,
  "baseItem": "",
  "displayName": {
    "zh": "镶有宝石的金丝象牙角杯",
    "en": "Bejeweled ivory drinking horn with gold filigree"
  },
  "mainSource": {
    "source": "XDMG",
    "page": 215
  },
  "allSources": [
    {
      "source": "XDMG",
      "page": 215
    }
  ],
  "relatedVersions": [
    "Bejeweled ivory drinking horn with gold filigree|DMG"
  ],
  "zh": {
    "name": "镶有宝石的金丝象牙角杯",
    "entries": [],
    "html": ""
  },
  "en": {
    "name": "Bejeweled ivory drinking horn with gold filigree",
    "entries": [],
    "html": ""
  },
  "bonus": {}
}