{
  "dataType": "item",
  "uid": "item_Belt of Dwarvenkind|DMG ",
  "id": "Belt of Dwarvenkind|DMG",
  "rarity": "rare",
  "isBaseItem": false,
  "baseItem": "",
  "displayName": {
    "zh": "矮人腰带",
    "en": "Belt of Dwarvenkind"
  },
  "mainSource": {
    "source": "DMG",
    "page": 155
  },
  "allSources": [
    {
      "source": "DMG",
      "page": 155
    },
    {
      "source": "XDMG",
      "page": 0
    }
  ],
  "relatedVersions": [
    "Belt of Dwarvenkind|XDMG"
  ],
  "zh": {
    "name": "矮人腰带",
    "entries": [
      "着装此腰带期间，你获得以下增益：",
      {
        "type": "list",
        "items": [
          "你的体质值增加2，上限为20。",
          "你进行与矮人互动的魅力（{@skill 游说}）检定时具有优势。"
        ]
      },
      "此外，如果你与此腰带同调且能够长出胡须，则在每天的黎明时分你有{@chance 50}的概率长出一把大胡子；如果你已经长有胡须，则你的胡须会明显变得更厚。",
      "如果你不是一名矮人，你在着装此腰带期间获得以下额外的增益：",
      {
        "type": "list",
        "items": [
          "你进行对抗毒素的豁免时具有优势，你拥有毒素伤害的伤害抗性。",
          "你获得{@sense 黑暗视觉}范围60尺。",
          "你可以说、读、写矮人语。"
        ]
      }
    ],
    "html": "着装此腰带期间，你获得以下增益：\n<ul class=\"parser-list parser-list-default\"><li>你的体质值增加2，上限为20。</li><li>你进行与矮人互动的魅力（{{@skill|游说}}）检定时具有优势。</li></ul>\n此外，如果你与此腰带同调且能够长出胡须，则在每天的黎明时分你有{{@chance|50}}的概率长出一把大胡子；如果你已经长有胡须，则你的胡须会明显变得更厚。\n如果你不是一名矮人，你在着装此腰带期间获得以下额外的增益：\n<ul class=\"parser-list parser-list-default\"><li>你进行对抗毒素的豁免时具有优势，你拥有毒素伤害的伤害抗性。</li><li>你获得{{@sense|黑暗视觉}}范围60尺。</li><li>你可以说、读、写矮人语。</li></ul>"
  },
  "en": {
    "name": "Belt of Dwarvenkind",
    "entries": [
      "While wearing this belt, you gain the following benefits:",
      {
        "type": "list",
        "items": [
          "Your Constitution score increases by 2, to a maximum of 20.",
          "You have advantage on Charisma ({@skill Persuasion}) checks made to interact with dwarves."
        ]
      },
      "In addition, while attuned to the belt, you have a {@chance 50} chance each day at dawn of growing a full beard if you're capable of growing one, or a visibly thicker beard if you already have one.",
      "If you aren't a dwarf, you gain the following additional benefits while wearing the belt:",
      {
        "type": "list",
        "items": [
          "You have advantage on saving throws against poison, and you have resistance against poison damage.",
          "You have {@sense darkvision} out to a range of 60 feet.",
          "You can speak, read, and write Dwarvish."
        ]
      }
    ],
    "html": "While wearing this belt, you gain the following benefits:\n<ul class=\"parser-list parser-list-default\"><li>Your Constitution score increases by 2, to a maximum of 20.</li><li>You have advantage on Charisma ({{@skill|Persuasion}}) checks made to interact with dwarves.</li></ul>\nIn addition, while attuned to the belt, you have a {{@chance|50}} chance each day at dawn of growing a full beard if you're capable of growing one, or a visibly thicker beard if you already have one.\nIf you aren't a dwarf, you gain the following additional benefits while wearing the belt:\n<ul class=\"parser-list parser-list-default\"><li>You have advantage on saving throws against poison, and you have resistance against poison damage.</li><li>You have {{@sense|darkvision}} out to a range of 60 feet.</li><li>You can speak, read, and write Dwarvish.</li></ul>"
  },
  "bonus": {}
}