{
  "dataType": "item",
  "uid": "item_Belt of Hill Giant Strength|XDMG ",
  "id": "Belt of Hill Giant Strength|XDMG",
  "rarity": "rare",
  "isBaseItem": false,
  "baseItem": "",
  "displayName": {
    "zh": "山丘巨人力量腰带",
    "en": "Belt of Hill Giant Strength"
  },
  "mainSource": {
    "source": "XDMG",
    "page": 236
  },
  "allSources": [
    {
      "source": "XDMG",
      "page": 236
    }
  ],
  "relatedVersions": [
    "Belt of Hill Giant Strength|DMG"
  ],
  "zh": {
    "name": "山丘巨人力量腰带",
    "entries": [
      "着装此腰带期间，你的力量值变为21。如果你未着装该腰带的情况下，力量值已经大于或等于腰带的数值，则此物品无效。"
    ],
    "html": "着装此腰带期间，你的力量值变为21。如果你未着装该腰带的情况下，力量值已经大于或等于腰带的数值，则此物品无效。"
  },
  "en": {
    "name": "Belt of Hill Giant Strength",
    "entries": [
      "While wearing this belt, your Strength score changes to 21. The item has no effect on you if your Strength without the belt is equal to or greater than the belt's score."
    ],
    "html": "While wearing this belt, your Strength score changes to 21. The item has no effect on you if your Strength without the belt is equal to or greater than the belt's score."
  },
  "bonus": {}
}