{
  "dataType": "item",
  "uid": "item_Belt of Dwarvenkind|XDMG ",
  "id": "Belt of Dwarvenkind|XDMG",
  "rarity": "rare",
  "isBaseItem": false,
  "baseItem": "",
  "displayName": {
    "zh": "矮人腰带",
    "en": "Belt of Dwarvenkind"
  },
  "mainSource": {
    "source": "XDMG",
    "page": 235
  },
  "allSources": [
    {
      "source": "XDMG",
      "page": 235
    }
  ],
  "relatedVersions": [
    "Belt of Dwarvenkind|DMG"
  ],
  "zh": {
    "name": "矮人腰带",
    "entries": [
      "着装此腰带期间，你获得以下增益：",
      {
        "type": "list",
        "style": "list-hang-notitle",
        "items": [
          {
            "ENG_name": "Dwarvish",
            "name": "矮人语",
            "type": "item",
            "entries": [
              "你懂得矮人语。"
            ]
          },
          {
            "ENG_name": "Friend of Dwarvenkind",
            "name": "矮人之友",
            "type": "item",
            "entries": [
              "你在与矮人和杜尔加尔互动时具有{@variantrule 优势|XPHB}在魅力（{@skill 游说|XPHB}）检定上。"
            ]
          },
          {
            "ENG_name": "Toughness",
            "name": "刚毅",
            "type": "item",
            "entries": [
              "你的体质增加了2点，最高不超过20点。",
              "此外，当你与腰带共鸣时，如果你能长出胡须，或者你已经长有胡须，每天黎明时你都有{@chance 50}的几率长出完整的胡须，或者使已有的胡须更加浓密。",
              "如果你不是矮人或杜尔加，穿戴腰带时你将获得以下额外好处："
            ]
          },
          {
            "ENG_name": "Darkvision",
            "name": "黑暗视觉",
            "type": "item",
            "entries": [
              "你有范围为60尺的{@sense 黑暗视觉|XPHB}。"
            ]
          },
          {
            "ENG_name": "Resilience",
            "name": "韧性",
            "type": "item",
            "entries": [
              "你具有毒素伤害的{@variantrule 抗性|XPHB}。此外，你为避免/结束{@condition 中毒|XPHB}状态所做的豁免检定具有{@variantrule 优势|XPHB}。"
            ]
          }
        ]
      }
    ],
    "html": "着装此腰带期间，你获得以下增益：\n<ul class=\"parser-list parser-list-list-hang-notitle\"><li class=\"parser-list-item\"><span class=\"parser-list-item-name\">矮人语</span><span class=\"parser-list-item-eng-name\">Dwarvish</span><div class=\"parser-list-item-entries\">你懂得矮人语。</div></li><li class=\"parser-list-item\"><span class=\"parser-list-item-name\">矮人之友</span><span class=\"parser-list-item-eng-name\">Friend of Dwarvenkind</span><div class=\"parser-list-item-entries\">你在与矮人和杜尔加尔互动时具有{{@variantrule|优势|XPHB}}在魅力（{{@skill|游说|XPHB}}）检定上。</div></li><li class=\"parser-list-item\"><span class=\"parser-list-item-name\">刚毅</span><span class=\"parser-list-item-eng-name\">Toughness</span><div class=\"parser-list-item-entries\">你的体质增加了2点，最高不超过20点。此外，当你与腰带共鸣时，如果你能长出胡须，或者你已经长有胡须，每天黎明时你都有{{@chance|50}}的几率长出完整的胡须，或者使已有的胡须更加浓密。如果你不是矮人或杜尔加，穿戴腰带时你将获得以下额外好处：</div></li><li class=\"parser-list-item\"><span class=\"parser-list-item-name\">黑暗视觉</span><span class=\"parser-list-item-eng-name\">Darkvision</span><div class=\"parser-list-item-entries\">你有范围为60尺的{{@sense|黑暗视觉|XPHB}}。</div></li><li class=\"parser-list-item\"><span class=\"parser-list-item-name\">韧性</span><span class=\"parser-list-item-eng-name\">Resilience</span><div class=\"parser-list-item-entries\">你具有毒素伤害的{{@variantrule|抗性|XPHB}}。此外，你为避免/结束{{@condition|中毒|XPHB}}状态所做的豁免检定具有{{@variantrule|优势|XPHB}}。</div></li></ul>"
  },
  "en": {
    "name": "Belt of Dwarvenkind",
    "entries": [
      "While wearing this belt, you gain the following benefits:",
      {
        "type": "list",
        "style": "list-hang-notitle",
        "items": [
          {
            "type": "item",
            "name": "Dwarvish",
            "entries": [
              "You know Dwarvish."
            ]
          },
          {
            "type": "item",
            "name": "Friend of Dwarvenkind",
            "entries": [
              "You have {@variantrule Advantage|XPHB} on Charisma ({@skill Persuasion|XPHB}) checks made to interact with dwarves and duergar."
            ]
          },
          {
            "type": "item",
            "name": "Toughness",
            "entries": [
              "Your Constitution increases by 2, to a maximum of 20.",
              "In addition, while attuned to the belt, you have a {@chance 50} chance each day at dawn of growing a full beard if you can grow one, or a thicker beard if you already have one.",
              "If you aren't a dwarf or duergar, you gain the following additional benefits while wearing the belt:"
            ]
          },
          {
            "type": "item",
            "name": "Darkvision",
            "entries": [
              "You have {@sense Darkvision|XPHB} with a range of 60 feet."
            ]
          },
          {
            "type": "item",
            "name": "Resilience",
            "entries": [
              "You have {@variantrule Resistance|XPHB} to Poison damage. You also have {@variantrule Advantage|XPHB} on saving throws you make to avoid or end the {@condition Poisoned|XPHB} condition."
            ]
          }
        ]
      }
    ],
    "html": "While wearing this belt, you gain the following benefits:\n<ul class=\"parser-list parser-list-list-hang-notitle\"><li class=\"parser-list-item\"><span class=\"parser-list-item-name\">Dwarvish</span><div class=\"parser-list-item-entries\">You know Dwarvish.</div></li><li class=\"parser-list-item\"><span class=\"parser-list-item-name\">Friend of Dwarvenkind</span><div class=\"parser-list-item-entries\">You have {{@variantrule|Advantage|XPHB}} on Charisma ({{@skill|Persuasion|XPHB}}) checks made to interact with dwarves and duergar.</div></li><li class=\"parser-list-item\"><span class=\"parser-list-item-name\">Toughness</span><div class=\"parser-list-item-entries\">Your Constitution increases by 2, to a maximum of 20.In addition, while attuned to the belt, you have a {{@chance|50}} chance each day at dawn of growing a full beard if you can grow one, or a thicker beard if you already have one.If you aren't a dwarf or duergar, you gain the following additional benefits while wearing the belt:</div></li><li class=\"parser-list-item\"><span class=\"parser-list-item-name\">Darkvision</span><div class=\"parser-list-item-entries\">You have {{@sense|Darkvision|XPHB}} with a range of 60 feet.</div></li><li class=\"parser-list-item\"><span class=\"parser-list-item-name\">Resilience</span><div class=\"parser-list-item-entries\">You have {{@variantrule|Resistance|XPHB}} to Poison damage. You also have {{@variantrule|Advantage|XPHB}} on saving throws you make to avoid or end the {{@condition|Poisoned|XPHB}} condition.</div></li></ul>"
  },
  "bonus": {}
}