{
  "dataType": "item",
  "uid": "item_Belt of Fire Giant Strength|DMG ",
  "id": "Belt of Fire Giant Strength|DMG",
  "rarity": "very rare",
  "isBaseItem": false,
  "baseItem": "",
  "displayName": {
    "zh": "火巨人力量腰带",
    "en": "Belt of Fire Giant Strength"
  },
  "mainSource": {
    "source": "DMG",
    "page": 155
  },
  "allSources": [
    {
      "source": "DMG",
      "page": 155
    },
    {
      "source": "XDMG",
      "page": 0
    }
  ],
  "relatedVersions": [
    "Belt of Fire Giant Strength|XDMG"
  ],
  "zh": {
    "name": "火巨人力量腰带",
    "entries": [
      "着装此腰带期间，你的力量值变为25。如果你未着装该腰带的情况下，力量值已经大于或等于腰带的数值，则此物品无效。"
    ],
    "html": "着装此腰带期间，你的力量值变为25。如果你未着装该腰带的情况下，力量值已经大于或等于腰带的数值，则此物品无效。"
  },
  "en": {
    "name": "Belt of Fire Giant Strength",
    "entries": [
      "While wearing this belt, your Strength score changes to 25. The item has no effect on you if your Strength without the belt is equal to or greater than the belt's score."
    ],
    "html": "While wearing this belt, your Strength score changes to 25. The item has no effect on you if your Strength without the belt is equal to or greater than the belt's score."
  },
  "bonus": {}
}