{
  "dataType": "item",
  "uid": "item_Birdpipes|SCAG",
  "id": "Birdpipes|SCAG",
  "rarity": "none",
  "isBaseItem": true,
  "displayName": {
    "zh": "鸟箫",
    "en": "Birdpipes"
  },
  "mainSource": {
    "source": "SCAG",
    "page": 124
  },
  "allSources": [
    {
      "source": "SCAG",
      "page": 124
    }
  ],
  "zh": {
    "name": "鸟箫",
    "entries": [
      "排箫pan pipes或半羊人排箫satyr pipes，又被称为芦管shalm，这些乐器作为{@deity 黎尔拉|费伦|SCAG}的神圣之物深受木精灵和野精灵吟游诗人喜爱。"
    ],
    "html": "排箫pan pipes或半羊人排箫satyr pipes，又被称为芦管shalm，这些乐器作为{{@deity|黎尔拉|费伦|SCAG}}的神圣之物深受木精灵和野精灵吟游诗人喜爱。"
  },
  "en": {
    "name": "Birdpipes",
    "entries": [
      "Pan pipes or satyr pipes, also known as the shalm, these are sacred to {@deity Lliira|Faerûnian|scag} and popular with wood elf and wild elf bards."
    ],
    "html": "Pan pipes or satyr pipes, also known as the shalm, these are sacred to {{@deity|Lliira|Faerûnian|scag}} and popular with wood elf and wild elf bards."
  },
  "bonus": {}
}