{
  "dataType": "item",
  "uid": "item_Bit and bridle|PHB ",
  "id": "Bit and bridle|PHB",
  "weight": 1,
  "value": 200,
  "rarity": "none",
  "isBaseItem": false,
  "baseItem": "",
  "displayName": {
    "zh": "辔具",
    "en": "Bit and bridle"
  },
  "mainSource": {
    "source": "PHB",
    "page": 157
  },
  "allSources": [
    {
      "source": "PHB",
      "page": 157
    }
  ],
  "zh": {
    "name": "辔具",
    "entries": [],
    "html": ""
  },
  "en": {
    "name": "Bit and bridle",
    "entries": [],
    "html": ""
  },
  "bonus": {}
}