{
  "dataType": "item",
  "uid": "item_Black Dragon Mask|HotDQ ",
  "id": "Black Dragon Mask|HotDQ",
  "rarity": "legendary",
  "isBaseItem": false,
  "baseItem": "",
  "displayName": {
    "zh": "黑龙面具",
    "en": "Black Dragon Mask"
  },
  "mainSource": {
    "source": "HotDQ",
    "page": 94
  },
  "allSources": [
    {
      "source": "HotDQ",
      "page": 94
    }
  ],
  "zh": {
    "name": "黑龙面具",
    "entries": [
      "这个光滑乌木制成的带角面具有着角和类似骷髅的面容。面具会重新塑形以适应与其共鸣的佩戴者。当你佩戴并与其共鸣时，你可以使用以下属性。",
      {
        "ENG_name": "Damage Absorption",
        "name": "伤害吸收",
        "type": "entries",
        "entries": [
          "你对强酸伤害具有抗性。如果你已经从其他来源具有强酸伤害抗性，你将获得对强酸伤害的免疫。如果你已经从其他来源获得强酸伤害免疫，你将重新获得等同于你受到的任何强酸伤害一半的生命值。"
        ]
      },
      {
        "ENG_name": "Draconic Majesty",
        "name": "龙形威严",
        "type": "entries",
        "entries": [
          "当你没有穿戴盔甲时，你可以将你的魅力加值加到你的护甲等级上。"
        ]
      },
      {
        "ENG_name": "Dragon Breath",
        "name": "龙息",
        "type": "entries",
        "entries": [
          "如果你拥有需要休息才能重新充能的吐息武器，它将获得6的充能次数。"
        ]
      },
      {
        "ENG_name": "Dragon Sight",
        "name": "龙之视界",
        "type": "entries",
        "entries": [
          "你获得了半径60尺的{@sense 黑暗视觉}，或者如果你已经拥有这种感知能力，则额外增加60尺的{@sense 黑暗视觉}。每天一次，你可以获得范围为30尺的{@sense 盲视}，持续5分钟。"
        ]
      },
      {
        "ENG_name": "Dragon Tongue",
        "name": "龙言",
        "type": "entries",
        "entries": [
          "你可以讲和理解龙语。此外，你在对黑龙进行的任何魅力检定时都有优势。"
        ]
      },
      {
        "ENG_name": "Legendary Resistance",
        "name": "传奇抗性",
        "type": "entries",
        "entries": [
          "（每日一次）如果你未能通过一次豁免检定，你可以选择成功。"
        ]
      },
      {
        "ENG_name": "Water Breathing",
        "name": "水下呼吸",
        "type": "entries",
        "entries": [
          "你可以在水下呼吸。"
        ]
      }
    ],
    "html": "这个光滑乌木制成的带角面具有着角和类似骷髅的面容。面具会重新塑形以适应与其共鸣的佩戴者。当你佩戴并与其共鸣时，你可以使用以下属性。\n<div class=\"parser-entries\"><div class=\"parser-entries-name\">伤害吸收</div><div class=\"parser-entries-eng-name\">Damage Absorption</div><div class=\"parser-entries-content\">你对强酸伤害具有抗性。如果你已经从其他来源具有强酸伤害抗性，你将获得对强酸伤害的免疫。如果你已经从其他来源获得强酸伤害免疫，你将重新获得等同于你受到的任何强酸伤害一半的生命值。</div></div>\n<div class=\"parser-entries\"><div class=\"parser-entries-name\">龙形威严</div><div class=\"parser-entries-eng-name\">Draconic Majesty</div><div class=\"parser-entries-content\">当你没有穿戴盔甲时，你可以将你的魅力加值加到你的护甲等级上。</div></div>\n<div class=\"parser-entries\"><div class=\"parser-entries-name\">龙息</div><div class=\"parser-entries-eng-name\">Dragon Breath</div><div class=\"parser-entries-content\">如果你拥有需要休息才能重新充能的吐息武器，它将获得6的充能次数。</div></div>\n<div class=\"parser-entries\"><div class=\"parser-entries-name\">龙之视界</div><div class=\"parser-entries-eng-name\">Dragon Sight</div><div class=\"parser-entries-content\">你获得了半径60尺的{{@sense|黑暗视觉}}，或者如果你已经拥有这种感知能力，则额外增加60尺的{{@sense|黑暗视觉}}。每天一次，你可以获得范围为30尺的{{@sense|盲视}}，持续5分钟。</div></div>\n<div class=\"parser-entries\"><div class=\"parser-entries-name\">龙言</div><div class=\"parser-entries-eng-name\">Dragon Tongue</div><div class=\"parser-entries-content\">你可以讲和理解龙语。此外，你在对黑龙进行的任何魅力检定时都有优势。</div></div>\n<div class=\"parser-entries\"><div class=\"parser-entries-name\">传奇抗性</div><div class=\"parser-entries-eng-name\">Legendary Resistance</div><div class=\"parser-entries-content\">（每日一次）如果你未能通过一次豁免检定，你可以选择成功。</div></div>\n<div class=\"parser-entries\"><div class=\"parser-entries-name\">水下呼吸</div><div class=\"parser-entries-eng-name\">Water Breathing</div><div class=\"parser-entries-content\">你可以在水下呼吸。</div></div>"
  },
  "en": {
    "name": "Black Dragon Mask",
    "entries": [
      "This horned mask of glossy ebony has horns and a skull-like mien. The mask reshapes to fit a wearer attuned to it. While you are wearing the mask and attuned to it, you can access the following properties.",
      {
        "type": "entries",
        "name": "Damage Absorption",
        "entries": [
          "You have resistance to acid damage. If you already have damage resistance to acid from another source, you gain immunity to acid damage. If you already have immunity to acid damage from another source, you regain hit points equal to half of any acid damage you are dealt."
        ]
      },
      {
        "type": "entries",
        "name": "Draconic Majesty",
        "entries": [
          "While you are wearing no armor, you can add your Charisma bonus to your Armor Class."
        ]
      },
      {
        "type": "entries",
        "name": "Dragon Breath",
        "entries": [
          "If you have a breath weapon that requires rest to recharge, it gains a recharge of 6."
        ]
      },
      {
        "type": "entries",
        "name": "Dragon Sight",
        "entries": [
          "You gain {@sense darkvision} with a radius of 60 feet, or an additional 60 feet of {@sense darkvision} if you already have that sense. Once per day, you can gain {@sense blindsight} out to a range of 30 feet for 5 minutes."
        ]
      },
      {
        "type": "entries",
        "name": "Dragon Tongue",
        "entries": [
          "You can speak and understand Draconic. You also have advantage on any Charisma check you make against Black dragons."
        ]
      },
      {
        "type": "entries",
        "name": "Legendary Resistance",
        "entries": [
          "(1/Day) If you fail a saving throw, you can choose to succeed instead."
        ]
      },
      {
        "type": "entries",
        "name": "Water Breathing",
        "entries": [
          "You can breathe underwater."
        ]
      }
    ],
    "html": "This horned mask of glossy ebony has horns and a skull-like mien. The mask reshapes to fit a wearer attuned to it. While you are wearing the mask and attuned to it, you can access the following properties.\n<div class=\"parser-entries\"><div class=\"parser-entries-name\">Damage Absorption</div><div class=\"parser-entries-content\">You have resistance to acid damage. If you already have damage resistance to acid from another source, you gain immunity to acid damage. If you already have immunity to acid damage from another source, you regain hit points equal to half of any acid damage you are dealt.</div></div>\n<div class=\"parser-entries\"><div class=\"parser-entries-name\">Draconic Majesty</div><div class=\"parser-entries-content\">While you are wearing no armor, you can add your Charisma bonus to your Armor Class.</div></div>\n<div class=\"parser-entries\"><div class=\"parser-entries-name\">Dragon Breath</div><div class=\"parser-entries-content\">If you have a breath weapon that requires rest to recharge, it gains a recharge of 6.</div></div>\n<div class=\"parser-entries\"><div class=\"parser-entries-name\">Dragon Sight</div><div class=\"parser-entries-content\">You gain {{@sense|darkvision}} with a radius of 60 feet, or an additional 60 feet of {{@sense|darkvision}} if you already have that sense. Once per day, you can gain {{@sense|blindsight}} out to a range of 30 feet for 5 minutes.</div></div>\n<div class=\"parser-entries\"><div class=\"parser-entries-name\">Dragon Tongue</div><div class=\"parser-entries-content\">You can speak and understand Draconic. You also have advantage on any Charisma check you make against Black dragons.</div></div>\n<div class=\"parser-entries\"><div class=\"parser-entries-name\">Legendary Resistance</div><div class=\"parser-entries-content\">(1/Day) If you fail a saving throw, you can choose to succeed instead.</div></div>\n<div class=\"parser-entries\"><div class=\"parser-entries-name\">Water Breathing</div><div class=\"parser-entries-content\">You can breathe underwater.</div></div>"
  },
  "bonus": {}
}