{
  "dataType": "item",
  "uid": "item_Black velvet mask stitched with silver thread|XDMG ",
  "id": "Black velvet mask stitched with silver thread|XDMG",
  "value": 2500,
  "rarity": "none",
  "isBaseItem": false,
  "baseItem": "",
  "displayName": {
    "zh": "由银丝缝制的黑天鹅绒面具",
    "en": "Black velvet mask stitched with silver thread"
  },
  "mainSource": {
    "source": "XDMG",
    "page": 215
  },
  "allSources": [
    {
      "source": "XDMG",
      "page": 215
    }
  ],
  "relatedVersions": [
    "Black velvet mask stitched with silver thread|DMG"
  ],
  "zh": {
    "name": "由银丝缝制的黑天鹅绒面具",
    "entries": [],
    "html": ""
  },
  "en": {
    "name": "Black velvet mask stitched with silver thread",
    "entries": [],
    "html": ""
  },
  "bonus": {}
}