{
  "dataType": "item",
  "uid": "item_Black Opal|XDMG ",
  "id": "Black Opal|XDMG",
  "value": 100000,
  "rarity": "none",
  "isBaseItem": false,
  "baseItem": "",
  "displayName": {
    "zh": "黑蛋白石",
    "en": "Black Opal"
  },
  "mainSource": {
    "source": "XDMG",
    "page": 214
  },
  "allSources": [
    {
      "source": "XDMG",
      "page": 214
    }
  ],
  "relatedVersions": [
    "Black Opal|DMG"
  ],
  "zh": {
    "name": "黑蛋白石",
    "entries": [
      "一颗带有黑色斑点和金色斑点的深绿色宝石。"
    ],
    "html": "一颗带有黑色斑点和金色斑点的深绿色宝石。"
  },
  "en": {
    "name": "Black Opal",
    "entries": [
      "A dark green with black mottling and golden flecks gemstone."
    ],
    "html": "A dark green with black mottling and golden flecks gemstone."
  },
  "bonus": {}
}