{
  "dataType": "item",
  "uid": "item_Blackstaff|WDH ",
  "id": "Blackstaff|WDH",
  "weight": 4,
  "rarity": "legendary",
  "isBaseItem": false,
  "baseItem": "",
  "displayName": {
    "zh": "黑杖",
    "en": "Blackstaff"
  },
  "mainSource": {
    "source": "WDH",
    "page": 190
  },
  "allSources": [
    {
      "source": "WDH",
      "page": 190
    }
  ],
  "zh": {
    "name": "黑杖",
    "entries": [
      "黑杖是一根有感知能力的、刻有符文的法杖，上面镶嵌着细长的银脉。它是水深城最高级别的法师——黑杖的办公室象征。作为黑杖的合法拥有者，瓦吉拉·萨法尔是唯一能够与之调和的人。然而，法杖也可以选择一个新主人（见下文\"个性\"）。",
      "该法杖可以用作一把魔法长棍，你在用它发动的攻击检定和伤害掷骰获得+2加值。持握法杖期间，你的护甲等级、豁免检定和法术攻击检定获得+2加值。",
      "这把法杖有20发充能用于以下属性。法杖每天黎明时恢复{@dice 2d8 + 4}发已消耗的充能。如果你消耗了最后一发充能，骰一次{@dice d20}。如果骰值为1，法杖将保留其攻击检定和伤害掷骰的+2加值但失去所有其他属性。如果骰值为20，法杖恢复{@dice 1d8 + 2}发充能。",
      {
        "ENG_name": "Power Strike",
        "name": "威力打击",
        "type": "entries",
        "entries": [
          "用这把法杖发动近战攻击并命中时，你可以消耗1发充能以对目标造成额外{@damage 1d6}点力场伤害。"
        ]
      },
      {
        "ENG_name": "Spells",
        "name": "法术",
        "type": "entries",
        "entries": [
          "持握此法杖期间，你可以用一个动作消耗1发或更多充能以施展以下法术之一，使用你的法术豁免DC和法术攻击加值：{@spell 寒冰锥}（5发充能）、{@spell 火球术}（5环版本，5发充能）、{@spell 法术无效结界}（6发充能）、{@spell 定身怪物}（5发充能）、{@spell 浮空术}（2发充能）、{@spell 闪电束}（5环版本，5发充能）、{@spell 魔法飞弹}（1发充能）、{@spell 衰弱射线}（1发充能）或{@spell 力场墙}（5发充能）。"
        ]
      },
      {
        "ENG_name": "Retributive Strike",
        "name": "复仇打击",
        "type": "entries",
        "entries": [
          "你可以用一个动作在自己的膝盖上或坚固的表面上折断这把法杖，释放复仇性的打击。法杖将毁灭并产生一场以其为中心半径30尺的爆炸，释放其剩余的所有魔力。",
          "你有{@chance 50}的概率被传送到某个随机位面以避开爆炸。如果你未能避开该效应，你将受到等于16×法杖剩余充能数的力场伤害。区域内的其他生物必须进行一次{@dc 17}的敏捷豁免。豁免失败的生物根据它距离爆炸中心的距离承受伤害，如下表所示。豁免成功的生物则伤害减半。",
          {
            "type": "table",
            "colLabels": [
              "距离源点",
              "效应"
            ],
            "colStyles": [
              "col-3",
              "col-9"
            ],
            "rows": [
              [
                "10尺距离或更近",
                "8×法杖剩余充能数"
              ],
              [
                "11至20尺距离",
                "6×法杖剩余充能数"
              ],
              [
                "21~30 尺远",
                "4 × 法杖剩余充能数"
              ]
            ]
          }
        ]
      },
      {
        "ENG_name": "Animate Walking Statues",
        "name": "活化自走雕像",
        "type": "entries",
        "entries": [
          "你可以作为动作消耗法杖的1次或多次充能来激活或停用一个或多个{@creature 深水城自走雕像|WDH|深水城自走雕像}。你必须在城市中才能使用这个属性，并且每消耗一次充能可以激活或停用一个雕像。被激活的雕像遵从Khelben Arunsun的灵魂的心灵感应命令，其灵魂被困在法杖内（见下面的\"个性\"）。如果被停用或法杖被破坏，行走雕像将变得无生命。"
        ]
      },
      {
        "ENG_name": "Dispel Magic",
        "name": "解除魔法",
        "type": "entries",
        "entries": [
          "您可以消耗法杖的一个充能作为附赠动作，对您用黑杖尖端触摸的生物、物体或魔法效果施放{@spell 解除魔法}。如果目标是一个不情愿的生物或该生物拥有的物品，您必须先用黑杖进行近战攻击击中该生物，然后才能消耗充能施放法术。"
        ]
      },
      {
        "ENG_name": "Drain Magic",
        "name": "汲取魔法",
        "type": "entries",
        "entries": [
          "这个属性只影响使用法术位的生物。当你使用黑杖进行近战攻击并击中这样一个生物时，你可以作为附赠动作消耗法杖的1个充能，导致目标消耗其能够施放的最高等级的法术位，而不需要施放法术。如果目标已经消耗了所有法术位，则不发生任何效果。以这种方式消耗的法术位将在目标完成长休后正常恢复。"
        ]
      },
      {
        "ENG_name": "Master of Enchantment",
        "name": "惑控大师",
        "type": "entries",
        "entries": [
          "当你持有法杖时施放一个1级或更高等级的魅惑法术，你可以进行一次智力（{@skill 奥秘}）检定，难度等级为10加上法术等级。如果检定成功，你可以不消耗法术位施放法术。"
        ]
      },
      {
        "ENG_name": "Sentience",
        "name": "智能",
        "type": "entries",
        "entries": [
          "黑杖是一个具有中立阵营意识的法杖，感知为22，感知为15，魅力为18。它具有听力和{@sense 黑暗视觉}，范围可达120尺，并且可以与任何持有它的生物心灵感应沟通。"
        ]
      },
      {
        "ENG_name": "Personality",
        "name": "个性",
        "type": "entries",
        "entries": [
          "法杖内困有所有前任黑杖的灵魂。其创造者，Khelben Arunsun，是它们中的主要个性。像Khelben一样，法杖极其狡猾且善于操控。它更倾向于在不施加直接控制的情况下为其主人提供建议。法杖的主要目标是保护水深城及其开放领主，目前是Laeral Silverhand。其次要目标是帮助其持有者变得更强大。",
          "如果黑杖的持有者不再服务于法杖的意愿，法杖将停止运作，直到找到一个值得信赖的继承人——一个对水深城的忠诚无可置疑的人。"
        ]
      },
      {
        "ENG_name": "Spirit Trap",
        "name": "灵魂陷阱",
        "type": "entries",
        "entries": [
          "当黑杖持有者死亡时，那个个体的灵魂会与之前黑杖持有者的灵魂一起被困在法杖中。（如果黑杖持有者的灵魂被困在法杖中，则无法被复活。）",
          "摧毁法杖将释放困在其中的灵魂，但在那种情况下，Khelben的灵魂可以将自己置于任何剩余的法杖碎片中。包含Khelben灵魂的碎片具有法杖的感知属性，但没有其他属性。只要这个法杖碎片存在，Khelben的灵魂可以在任何时候重新完整地恢复法杖。当法杖被重新制作时，之前黑杖持有者的灵魂将再次被困在其中。"
        ]
      }
    ],
    "html": "黑杖是一根有感知能力的、刻有符文的法杖，上面镶嵌着细长的银脉。它是水深城最高级别的法师——黑杖的办公室象征。作为黑杖的合法拥有者，瓦吉拉·萨法尔是唯一能够与之调和的人。然而，法杖也可以选择一个新主人（见下文\"个性\"）。\n该法杖可以用作一把魔法长棍，你在用它发动的攻击检定和伤害掷骰获得+2加值。持握法杖期间，你的护甲等级、豁免检定和法术攻击检定获得+2加值。\n这把法杖有20发充能用于以下属性。法杖每天黎明时恢复{{@dice|2d8 + 4}}发已消耗的充能。如果你消耗了最后一发充能，骰一次{{@dice|d20}}。如果骰值为1，法杖将保留其攻击检定和伤害掷骰的+2加值但失去所有其他属性。如果骰值为20，法杖恢复{{@dice|1d8 + 2}}发充能。\n<div class=\"parser-entries\"><div class=\"parser-entries-name\">威力打击</div><div class=\"parser-entries-eng-name\">Power Strike</div><div class=\"parser-entries-content\">用这把法杖发动近战攻击并命中时，你可以消耗1发充能以对目标造成额外{{@damage|1d6}}点力场伤害。</div></div>\n<div class=\"parser-entries\"><div class=\"parser-entries-name\">法术</div><div class=\"parser-entries-eng-name\">Spells</div><div class=\"parser-entries-content\">持握此法杖期间，你可以用一个动作消耗1发或更多充能以施展以下法术之一，使用你的法术豁免DC和法术攻击加值：{{@spell|寒冰锥}}（5发充能）、{{@spell|火球术}}（5环版本，5发充能）、{{@spell|法术无效结界}}（6发充能）、{{@spell|定身怪物}}（5发充能）、{{@spell|浮空术}}（2发充能）、{{@spell|闪电束}}（5环版本，5发充能）、{{@spell|魔法飞弹}}（1发充能）、{{@spell|衰弱射线}}（1发充能）或{{@spell|力场墙}}（5发充能）。</div></div>\n<div class=\"parser-entries\"><div class=\"parser-entries-name\">复仇打击</div><div class=\"parser-entries-eng-name\">Retributive Strike</div><div class=\"parser-entries-content\">你可以用一个动作在自己的膝盖上或坚固的表面上折断这把法杖，释放复仇性的打击。法杖将毁灭并产生一场以其为中心半径30尺的爆炸，释放其剩余的所有魔力。你有{{@chance|50}}的概率被传送到某个随机位面以避开爆炸。如果你未能避开该效应，你将受到等于16×法杖剩余充能数的力场伤害。区域内的其他生物必须进行一次{{@dc|17}}的敏捷豁免。豁免失败的生物根据它距离爆炸中心的距离承受伤害，如下表所示。豁免成功的生物则伤害减半。<table class=\"wiki-table\"><tr><th class=\"parser-col-3\">距离源点</th><th class=\"parser-col-9\">效应</th></tr><tr><td class=\"parser-col-3\">10尺距离或更近</td><td class=\"parser-col-9\">8×法杖剩余充能数</td></tr><tr><td class=\"parser-col-3\">11至20尺距离</td><td class=\"parser-col-9\">6×法杖剩余充能数</td></tr><tr><td class=\"parser-col-3\">21~30 尺远</td><td class=\"parser-col-9\">4 × 法杖剩余充能数</td></tr></table></div></div>\n<div class=\"parser-entries\"><div class=\"parser-entries-name\">活化自走雕像</div><div class=\"parser-entries-eng-name\">Animate Walking Statues</div><div class=\"parser-entries-content\">你可以作为动作消耗法杖的1次或多次充能来激活或停用一个或多个{{@creature|深水城自走雕像|WDH|深水城自走雕像}}。你必须在城市中才能使用这个属性，并且每消耗一次充能可以激活或停用一个雕像。被激活的雕像遵从Khelben Arunsun的灵魂的心灵感应命令，其灵魂被困在法杖内（见下面的\"个性\"）。如果被停用或法杖被破坏，行走雕像将变得无生命。</div></div>\n<div class=\"parser-entries\"><div class=\"parser-entries-name\">解除魔法</div><div class=\"parser-entries-eng-name\">Dispel Magic</div><div class=\"parser-entries-content\">您可以消耗法杖的一个充能作为附赠动作，对您用黑杖尖端触摸的生物、物体或魔法效果施放{{@spell|解除魔法}}。如果目标是一个不情愿的生物或该生物拥有的物品，您必须先用黑杖进行近战攻击击中该生物，然后才能消耗充能施放法术。</div></div>\n<div class=\"parser-entries\"><div class=\"parser-entries-name\">汲取魔法</div><div class=\"parser-entries-eng-name\">Drain Magic</div><div class=\"parser-entries-content\">这个属性只影响使用法术位的生物。当你使用黑杖进行近战攻击并击中这样一个生物时，你可以作为附赠动作消耗法杖的1个充能，导致目标消耗其能够施放的最高等级的法术位，而不需要施放法术。如果目标已经消耗了所有法术位，则不发生任何效果。以这种方式消耗的法术位将在目标完成长休后正常恢复。</div></div>\n<div class=\"parser-entries\"><div class=\"parser-entries-name\">惑控大师</div><div class=\"parser-entries-eng-name\">Master of Enchantment</div><div class=\"parser-entries-content\">当你持有法杖时施放一个1级或更高等级的魅惑法术，你可以进行一次智力（{{@skill|奥秘}}）检定，难度等级为10加上法术等级。如果检定成功，你可以不消耗法术位施放法术。</div></div>\n<div class=\"parser-entries\"><div class=\"parser-entries-name\">智能</div><div class=\"parser-entries-eng-name\">Sentience</div><div class=\"parser-entries-content\">黑杖是一个具有中立阵营意识的法杖，感知为22，感知为15，魅力为18。它具有听力和{{@sense|黑暗视觉}}，范围可达120尺，并且可以与任何持有它的生物心灵感应沟通。</div></div>\n<div class=\"parser-entries\"><div class=\"parser-entries-name\">个性</div><div class=\"parser-entries-eng-name\">Personality</div><div class=\"parser-entries-content\">法杖内困有所有前任黑杖的灵魂。其创造者，Khelben Arunsun，是它们中的主要个性。像Khelben一样，法杖极其狡猾且善于操控。它更倾向于在不施加直接控制的情况下为其主人提供建议。法杖的主要目标是保护水深城及其开放领主，目前是Laeral Silverhand。其次要目标是帮助其持有者变得更强大。如果黑杖的持有者不再服务于法杖的意愿，法杖将停止运作，直到找到一个值得信赖的继承人——一个对水深城的忠诚无可置疑的人。</div></div>\n<div class=\"parser-entries\"><div class=\"parser-entries-name\">灵魂陷阱</div><div class=\"parser-entries-eng-name\">Spirit Trap</div><div class=\"parser-entries-content\">当黑杖持有者死亡时，那个个体的灵魂会与之前黑杖持有者的灵魂一起被困在法杖中。（如果黑杖持有者的灵魂被困在法杖中，则无法被复活。）摧毁法杖将释放困在其中的灵魂，但在那种情况下，Khelben的灵魂可以将自己置于任何剩余的法杖碎片中。包含Khelben灵魂的碎片具有法杖的感知属性，但没有其他属性。只要这个法杖碎片存在，Khelben的灵魂可以在任何时候重新完整地恢复法杖。当法杖被重新制作时，之前黑杖持有者的灵魂将再次被困在其中。</div></div>"
  },
  "en": {
    "name": "Blackstaff",
    "entries": [
      "The Blackstaff is a sentient, rune-carved staff set with thin silver veins. It is the symbol of office for the Blackstaff, the highest-ranking wizard in Waterdeep. As the rightful owner of the Blackstaff, Vajra Safahr is the only one who can become attuned to it. The staff can, however, choose a new owner (see \"Personality\" below).",
      "This staff can be wielded as a magic quarterstaff that grants a +2 bonus to attack and damage rolls made with it. While holding it, you gain a +2 bonus to Armor Class, saving throws, and spell attack rolls.",
      "The staff has 20 charges for the following properties. The staff regains {@dice 2d8 + 4} expended charges daily at dawn. If you expend the last charge, roll a {@dice d20}. On a 1, the staff retains its +2 bonus to attack and damage roll but loses all other properties. On a 20, the staff regain {@dice 1d8 + 2} charges.",
      {
        "name": "Power Strike",
        "type": "entries",
        "entries": [
          "When you hit with a melee attack using the staff, you can expend 1 charge to deal an extra {@damage 1d6} force damage to the target."
        ]
      },
      {
        "type": "entries",
        "name": "Spells",
        "entries": [
          "While holding this staff, you can use an action to expend 1 or more of its charges to cast one of the following spells from it, using your spell save DC and spell attack bonus: {@spell cone of cold} (5 charges), {@spell fireball} (5th-level version, 5 charges), {@spell globe of invulnerability} (6 charges), {@spell hold monster} (5 charges), {@spell levitate} (2 charges), {@spell lightning bolt} (5th-level version, 5 charges), {@spell magic missile} (1 charge), {@spell ray of enfeeblement} (1 charge), or {@spell wall of force} (5 charges)."
        ]
      },
      {
        "name": "Retributive Strike",
        "type": "entries",
        "entries": [
          "You can use an action to break the staff over your knee or against a solid surface, performing a retributive strike. The staff is destroyed and releases its remaining magic in an explosion that expands to fill a 30-foot-radius sphere centered on it.",
          "You have a {@chance 50} chance to instantly travel to a random plane of existence, avoiding the explosion. If you fail to avoid the effect, you take force damage equal to 16 × the number of charges in the staff. Every other creature in the area must make a {@dc 17} Dexterity saving throw. On a failed save, a creature takes an amount of damage based on how far away it is from the point of origin, as shown in the following table. On a successful save, a creature takes half as much damage.",
          {
            "type": "table",
            "colLabels": [
              "Distance from Origin",
              "Effect"
            ],
            "colStyles": [
              "col-3",
              "col-9"
            ],
            "rows": [
              [
                "10 ft. away or closer",
                "8 × the number of charges in the staff"
              ],
              [
                "11 to 20 ft. away",
                "6 × the number of charges in the staff"
              ],
              [
                "21 to 30 ft. away",
                "4 × the number of charges in the staff"
              ]
            ]
          }
        ]
      },
      {
        "type": "entries",
        "name": "Animate Walking Statues",
        "entries": [
          "You can expend 1 or more of the staff's charges as an action to animate or deactivate one or more of the {@creature walking statue of Waterdeep|wdh|walking statues of Waterdeep}. You must be in the city to use this property, and you can animate or deactivate one statue for each charge expended. An animated statue obeys the telepathic commands of Khelben Arunsun's spirit, which is trapped inside the staff (see \"Personality\" below). A walking statue becomes inanimate if deactivated or if the staff is broken."
        ]
      },
      {
        "type": "entries",
        "name": "Dispel Magic",
        "entries": [
          "You can expend 1 of the staff's charges as a bonus action to cast {@spell dispel magic} on a creature, an object, or a magical effect that you touch with the tip of the staff. If the target is an unwilling creature or an object in the possession of such a creature, you must hit the creature with a melee attack using the Blackstaff before you can expend the charge to cast the spell."
        ]
      },
      {
        "type": "entries",
        "name": "Drain Magic",
        "entries": [
          "This property affects only creatures that use spell slots. When you hit such a creature with a melee attack using the Blackstaff, you can expend 1 of the staff's charges as a bonus action, causing the target to expend one spell slot of the highest spell level it can cast without casting a spell. If the target has already expended all its spell slots, nothing happens. Spell slots that are expended in this fashion are regained when the target finishes a long rest, as normal."
        ]
      },
      {
        "type": "entries",
        "name": "Master of Enchantment",
        "entries": [
          "When you cast an enchantment spell of 1st level or higher while holding the staff, you can make an Intelligence ({@skill Arcana}) check with a DC of 10 + the level of the spell. If the check succeeds, you cast the spell without expending a spell slot."
        ]
      },
      {
        "type": "entries",
        "name": "Sentience",
        "entries": [
          "The Blackstaff is a sentient staff of neutral alignment, with an Intelligence of 22, a Wisdom of 15, and a Charisma of 18. It has hearing and {@sense darkvision} out to a range of 120 feet, and it can communicate telepathically with any creature that is holding it."
        ]
      },
      {
        "type": "entries",
        "name": "Personality",
        "entries": [
          "The staff has the spirits of all previous Blackstaffs trapped within it. Its creator, Khelben Arunsun, is the dominant personality among them. Like Khelben, the staff is extremely devious and manipulative. It prefers to counsel its owner without exerting outright control. The staff's primary goal is to protect Waterdeep and its Open Lord, currently Laeral Silverhand. Its secondary goal is to help its wielder become more powerful.",
          "In the event that the holder of the office of the Blackstaff no longer serves the staff's wishes, the staff ceases to function until it finds a worthy inheritor—someone whose loyalty to Waterdeep is beyond reproach."
        ]
      },
      {
        "type": "entries",
        "name": "Spirit Trap",
        "entries": [
          "When the Blackstaff dies, the spirit of that individual becomes trapped in the staff along with the spirits of the previous Blackstaffs. (A Blackstaff whose spirit is trapped in the staff can't be raised from the dead.)",
          "Destroying the staff would release the spirits trapped inside it, but in that event, Khelben's spirit can lodge itself inside any one piece of the staff that remains. The piece containing Khelben's spirit has the staff's Sentience property but none of its other properties. As long as this piece of the staff exists, Khelben's spirit can make the staff whole again whenever he wishes. When the staff is remade, the spirits of the previous Blackstaffs become trapped inside it again."
        ]
      }
    ],
    "html": "The Blackstaff is a sentient, rune-carved staff set with thin silver veins. It is the symbol of office for the Blackstaff, the highest-ranking wizard in Waterdeep. As the rightful owner of the Blackstaff, Vajra Safahr is the only one who can become attuned to it. The staff can, however, choose a new owner (see \"Personality\" below).\nThis staff can be wielded as a magic quarterstaff that grants a +2 bonus to attack and damage rolls made with it. While holding it, you gain a +2 bonus to Armor Class, saving throws, and spell attack rolls.\nThe staff has 20 charges for the following properties. The staff regains {{@dice|2d8 + 4}} expended charges daily at dawn. If you expend the last charge, roll a {{@dice|d20}}. On a 1, the staff retains its +2 bonus to attack and damage roll but loses all other properties. On a 20, the staff regain {{@dice|1d8 + 2}} charges.\n<div class=\"parser-entries\"><div class=\"parser-entries-name\">Power Strike</div><div class=\"parser-entries-content\">When you hit with a melee attack using the staff, you can expend 1 charge to deal an extra {{@damage|1d6}} force damage to the target.</div></div>\n<div class=\"parser-entries\"><div class=\"parser-entries-name\">Spells</div><div class=\"parser-entries-content\">While holding this staff, you can use an action to expend 1 or more of its charges to cast one of the following spells from it, using your spell save DC and spell attack bonus: {{@spell|cone of cold}} (5 charges), {{@spell|fireball}} (5th-level version, 5 charges), {{@spell|globe of invulnerability}} (6 charges), {{@spell|hold monster}} (5 charges), {{@spell|levitate}} (2 charges), {{@spell|lightning bolt}} (5th-level version, 5 charges), {{@spell|magic missile}} (1 charge), {{@spell|ray of enfeeblement}} (1 charge), or {{@spell|wall of force}} (5 charges).</div></div>\n<div class=\"parser-entries\"><div class=\"parser-entries-name\">Retributive Strike</div><div class=\"parser-entries-content\">You can use an action to break the staff over your knee or against a solid surface, performing a retributive strike. The staff is destroyed and releases its remaining magic in an explosion that expands to fill a 30-foot-radius sphere centered on it.You have a {{@chance|50}} chance to instantly travel to a random plane of existence, avoiding the explosion. If you fail to avoid the effect, you take force damage equal to 16 × the number of charges in the staff. Every other creature in the area must make a {{@dc|17}} Dexterity saving throw. On a failed save, a creature takes an amount of damage based on how far away it is from the point of origin, as shown in the following table. On a successful save, a creature takes half as much damage.<table class=\"wiki-table\"><tr><th class=\"parser-col-3\">Distance from Origin</th><th class=\"parser-col-9\">Effect</th></tr><tr><td class=\"parser-col-3\">10 ft. away or closer</td><td class=\"parser-col-9\">8 × the number of charges in the staff</td></tr><tr><td class=\"parser-col-3\">11 to 20 ft. away</td><td class=\"parser-col-9\">6 × the number of charges in the staff</td></tr><tr><td class=\"parser-col-3\">21 to 30 ft. away</td><td class=\"parser-col-9\">4 × the number of charges in the staff</td></tr></table></div></div>\n<div class=\"parser-entries\"><div class=\"parser-entries-name\">Animate Walking Statues</div><div class=\"parser-entries-content\">You can expend 1 or more of the staff's charges as an action to animate or deactivate one or more of the {{@creature|walking statue of Waterdeep|wdh|walking statues of Waterdeep}}. You must be in the city to use this property, and you can animate or deactivate one statue for each charge expended. An animated statue obeys the telepathic commands of Khelben Arunsun's spirit, which is trapped inside the staff (see \"Personality\" below). A walking statue becomes inanimate if deactivated or if the staff is broken.</div></div>\n<div class=\"parser-entries\"><div class=\"parser-entries-name\">Dispel Magic</div><div class=\"parser-entries-content\">You can expend 1 of the staff's charges as a bonus action to cast {{@spell|dispel magic}} on a creature, an object, or a magical effect that you touch with the tip of the staff. If the target is an unwilling creature or an object in the possession of such a creature, you must hit the creature with a melee attack using the Blackstaff before you can expend the charge to cast the spell.</div></div>\n<div class=\"parser-entries\"><div class=\"parser-entries-name\">Drain Magic</div><div class=\"parser-entries-content\">This property affects only creatures that use spell slots. When you hit such a creature with a melee attack using the Blackstaff, you can expend 1 of the staff's charges as a bonus action, causing the target to expend one spell slot of the highest spell level it can cast without casting a spell. If the target has already expended all its spell slots, nothing happens. Spell slots that are expended in this fashion are regained when the target finishes a long rest, as normal.</div></div>\n<div class=\"parser-entries\"><div class=\"parser-entries-name\">Master of Enchantment</div><div class=\"parser-entries-content\">When you cast an enchantment spell of 1st level or higher while holding the staff, you can make an Intelligence ({{@skill|Arcana}}) check with a DC of 10 + the level of the spell. If the check succeeds, you cast the spell without expending a spell slot.</div></div>\n<div class=\"parser-entries\"><div class=\"parser-entries-name\">Sentience</div><div class=\"parser-entries-content\">The Blackstaff is a sentient staff of neutral alignment, with an Intelligence of 22, a Wisdom of 15, and a Charisma of 18. It has hearing and {{@sense|darkvision}} out to a range of 120 feet, and it can communicate telepathically with any creature that is holding it.</div></div>\n<div class=\"parser-entries\"><div class=\"parser-entries-name\">Personality</div><div class=\"parser-entries-content\">The staff has the spirits of all previous Blackstaffs trapped within it. Its creator, Khelben Arunsun, is the dominant personality among them. Like Khelben, the staff is extremely devious and manipulative. It prefers to counsel its owner without exerting outright control. The staff's primary goal is to protect Waterdeep and its Open Lord, currently Laeral Silverhand. Its secondary goal is to help its wielder become more powerful.In the event that the holder of the office of the Blackstaff no longer serves the staff's wishes, the staff ceases to function until it finds a worthy inheritor—someone whose loyalty to Waterdeep is beyond reproach.</div></div>\n<div class=\"parser-entries\"><div class=\"parser-entries-name\">Spirit Trap</div><div class=\"parser-entries-content\">When the Blackstaff dies, the spirit of that individual becomes trapped in the staff along with the spirits of the previous Blackstaffs. (A Blackstaff whose spirit is trapped in the staff can't be raised from the dead.)Destroying the staff would release the spirits trapped inside it, but in that event, Khelben's spirit can lodge itself inside any one piece of the staff that remains. The piece containing Khelben's spirit has the staff's Sentience property but none of its other properties. As long as this piece of the staff exists, Khelben's spirit can make the staff whole again whenever he wishes. When the staff is remade, the spirits of the previous Blackstaffs become trapped inside it again.</div></div>"
  },
  "charge": {
    "max": 20,
    "rechargeAt": "dawn",
    "rechargeAmount": "{@dice 2d8 + 4}"
  },
  "bonus": {
    "weapon": 2,
    "spellAttack": 2,
    "ac": 2,
    "savingThrow": 2
  }
}