{
  "dataType": "item",
  "uid": "item_Black Pearl|DMG ",
  "id": "Black Pearl|DMG",
  "value": 50000,
  "rarity": "none",
  "isBaseItem": false,
  "baseItem": "",
  "displayName": {
    "zh": "黑珍珠",
    "en": "Black Pearl"
  },
  "mainSource": {
    "source": "DMG",
    "page": 134
  },
  "allSources": [
    {
      "source": "DMG",
      "page": 134
    },
    {
      "source": "XDMG",
      "page": 0
    }
  ],
  "relatedVersions": [
    "Black Pearl|XDMG"
  ],
  "zh": {
    "name": "黑珍珠",
    "entries": [
      "一颗不透明的纯黑色宝石。"
    ],
    "html": "一颗不透明的纯黑色宝石。"
  },
  "en": {
    "name": "Black Pearl",
    "entries": [
      "An opaque pure black gemstone."
    ],
    "html": "An opaque pure black gemstone."
  },
  "bonus": {}
}