{
  "dataType": "item",
  "uid": "item_Black Sap|EGW ",
  "id": "Black Sap|EGW",
  "value": 30000,
  "rarity": "none",
  "isBaseItem": false,
  "baseItem": "",
  "displayName": {
    "zh": "黑液",
    "en": "Black Sap"
  },
  "mainSource": {
    "source": "EGW",
    "page": 152
  },
  "allSources": [
    {
      "source": "EGW",
      "page": 152
    }
  ],
  "zh": {
    "name": "黑液",
    "entries": [
      "这种从死亡柳树的深色树枝上获取的焦油物质是一种强大的麻醉剂。它可以作为浓缩物吸入，也可以直接注射到血液中。受到一定剂量的黑液影响的生物，在{@dice 1d6}小时内不会被{@condition 恐慌}或{@condition 魅惑}。",
      "对于每剂消耗的黑液，一个生物必须成功通过{@dc 15}体质豁免否则陷入{@condition 中毒}{@dice 2d4}小时——此效果会随多剂使用而累积。"
    ],
    "html": "这种从死亡柳树的深色树枝上获取的焦油物质是一种强大的麻醉剂。它可以作为浓缩物吸入，也可以直接注射到血液中。受到一定剂量的黑液影响的生物，在{{@dice|1d6}}小时内不会被{{@condition|恐慌}}或{{@condition|魅惑}}。\n对于每剂消耗的黑液，一个生物必须成功通过{{@dc|15}}体质豁免否则陷入{{@condition|中毒}}{{@dice|2d4}}小时——此效果会随多剂使用而累积。"
  },
  "en": {
    "name": "Black Sap",
    "entries": [
      "This tarry substance harvested from the dark boughs of the death's head willow is a powerful intoxicant. It can be smoked as a concentrate or injected directly into the bloodstream. A creature subjected to a dose of black sap cannot be {@condition charmed} or {@condition frightened} for {@dice 1d6} hours.",
      "For each dose of black sap consumed, a creature must succeed on a {@dc 15} Constitution saving throw or become {@condition poisoned} for {@dice 2d4} hours—an effect that is cumulative with multiple doses."
    ],
    "html": "This tarry substance harvested from the dark boughs of the death's head willow is a powerful intoxicant. It can be smoked as a concentrate or injected directly into the bloodstream. A creature subjected to a dose of black sap cannot be {{@condition|charmed}} or {{@condition|frightened}} for {{@dice|1d6}} hours.\nFor each dose of black sap consumed, a creature must succeed on a {{@dc|15}} Constitution saving throw or become {{@condition|poisoned}} for {{@dice|2d4}} hours—an effect that is cumulative with multiple doses."
  },
  "bonus": {}
}