{
  "dataType": "item",
  "uid": "item_Black Ghost Orchid Seed|JttRC ",
  "id": "Black Ghost Orchid Seed|JttRC",
  "rarity": "none",
  "isBaseItem": false,
  "baseItem": "",
  "displayName": {
    "zh": "黑幽灵兰种子",
    "en": "Black Ghost Orchid Seed"
  },
  "mainSource": {
    "source": "JttRC",
    "page": 212
  },
  "allSources": [
    {
      "source": "JttRC",
      "page": 212
    }
  ],
  "zh": {
    "name": "黑幽灵兰种子",
    "entries": [
      "每隔几年，幽灵兰殖民地就会长出一个像人类拳头一样厚的黑色荚果，里面装着三颗柔软的黑色种子。任何食用了这些黑色种子的生物都会受到法术 {@spell 假死术} 的影响。如果该生物不知道荚果的效果或不想受到影响，它可以通过成功通过一个 {@dc 16} 体质豁免检定来抵抗这个效果。否则，它被视为愿意接受该法术的对象。"
    ],
    "html": "每隔几年，幽灵兰殖民地就会长出一个像人类拳头一样厚的黑色荚果，里面装着三颗柔软的黑色种子。任何食用了这些黑色种子的生物都会受到法术 {{@spell|假死术}} 的影响。如果该生物不知道荚果的效果或不想受到影响，它可以通过成功通过一个 {{@dc|16}} 体质豁免检定来抵抗这个效果。否则，它被视为愿意接受该法术的对象。"
  },
  "en": {
    "name": "Black Ghost Orchid Seed",
    "entries": [
      "Every few years, a ghost orchid colony grows a black pod as thick as a human fist that holds three soft, black seeds. A creature that consumes one of these black seeds is affected by the spell {@spell feign death}. If the creature is unaware of the pod's effects or does not wish to be affected, it can resist the effect by succeeding on a {@dc 16} Constitution saving throw. Otherwise, it is considered to be a willing recipient of the spell."
    ],
    "html": "Every few years, a ghost orchid colony grows a black pod as thick as a human fist that holds three soft, black seeds. A creature that consumes one of these black seeds is affected by the spell {{@spell|feign death}}. If the creature is unaware of the pod's effects or does not wish to be affected, it can resist the effect by succeeding on a {{@dc|16}} Constitution saving throw. Otherwise, it is considered to be a willing recipient of the spell."
  },
  "bonus": {}
}