{
  "dataType": "item",
  "uid": "item_Black Sapphire|XDMG ",
  "id": "Black Sapphire|XDMG",
  "value": 500000,
  "rarity": "none",
  "isBaseItem": false,
  "baseItem": "",
  "displayName": {
    "zh": "黑蓝宝石",
    "en": "Black Sapphire"
  },
  "mainSource": {
    "source": "XDMG",
    "page": 214
  },
  "allSources": [
    {
      "source": "XDMG",
      "page": 214
    }
  ],
  "relatedVersions": [
    "Black Sapphire|DMG"
  ],
  "zh": {
    "name": "黑蓝宝石",
    "entries": [
      "一颗带有发光亮点的光泽黑色宝石。"
    ],
    "html": "一颗带有发光亮点的光泽黑色宝石。"
  },
  "en": {
    "name": "Black Sapphire",
    "entries": [
      "A lustrous black with glowing highlights gemstone."
    ],
    "html": "A lustrous black with glowing highlights gemstone."
  },
  "bonus": {}
}