{
  "dataType": "item",
  "uid": "item_Blackrazor|XDMG ",
  "id": "Blackrazor|XDMG",
  "weight": 6,
  "rarity": "artifact",
  "isBaseItem": false,
  "baseItem": "greatsword|xphb",
  "displayName": {
    "zh": "黑刃",
    "en": "Blackrazor"
  },
  "mainSource": {
    "source": "XDMG",
    "page": 236
  },
  "allSources": [
    {
      "source": "XDMG",
      "page": 236
    }
  ],
  "relatedVersions": [
    "Blackrazor|DMG"
  ],
  "zh": {
    "name": "黑刃",
    "entries": [
      "隐藏在白焰山地牢中，黑刃闪耀如一片布满星辰的夜空。其黑色剑鞘上装饰着切割过的黑曜石碎片。",
      "你在使用这把魔法武器进行攻击和伤害骰时获得+3加值。如果你用这把武器击中不死生物，你会受到{@damage 1d10} 坏死伤害，目标恢复{@dice 1d10} {@variantrule 生命值|XPHB}。如果这坏死伤害使你降至0{@variantrule 生命值|XPHB}，黑刃会吞噬你的灵魂（见下文的\"吞噬灵魂\"）。",
      "当你持有这把武器时，你对{@variantrule 免疫|XPHB}状态的{@condition 魅惑|XPHB}和{@condition 恐慌|XPHB}条件，并且你有{@sense 盲视|XPHB}，范围为30英尺。",
      {
        "ENG_name": "Devour Soul",
        "name": "吞噬灵魂",
        "type": "entries",
        "entries": [
          "每当你使用黑刃将一个生物的生命值降至0{@variantrule 生命值|XPHB}时，这把剑会杀死该生物并吞噬其灵魂，除非它是构装生物或不死生物。被黑刃吞噬灵魂的生物只能通过{@spell 祈愿术|XPHB}法术恢复生命。",
          "当黑刃吞噬了他人的灵魂时，你将获得等同于被杀死生物最大 {@variantrule 临时生命值|XPHB} 的 {@variantrule 生命值|XPHB|生命值}。"
        ]
      },
      {
        "ENG_name": "Haste",
        "name": "加速术",
        "type": "entries",
        "entries": [
          "黑刃可以对你施放{@spell 加速术|XPHB}，之后直到下一个黎明前它不能再施放这个法术。黑刃决定何时施放法术，法术会在你回合开始时生效。法术持续1分钟（不需要{@status 专注|XPHB}），或者直到黑刃决定结束它，它可以在你任何回合结束时这样做。"
        ]
      },
      {
        "ENG_name": "Sentience",
        "name": "智能",
        "type": "entries",
        "entries": [
          "黑刃是一把具有感知能力的混乱中立武器，智力为17，智慧为10，魅力为19。它具有听力和{@sense 黑暗视觉|XPHB}，视野范围达到120英尺。",
          "这把武器会说通用语，并且能够通过心灵感应与其持有者交流。它的声音低沉而回响。当你与它协调一致时，黑刃也能理解你所知道的所有语言。"
        ]
      },
      {
        "ENG_name": "Personality",
        "name": "个性",
        "type": "entries",
        "entries": [
          "黑刃以命令的口吻说话，仿佛习惯了被服从。这把剑的目的是吞噬灵魂。它不在乎它吞噬的是谁的灵魂，包括使用者的。这把剑相信所有的物质和能量都源自负能量的虚空，并且总有一天会回归其中。黑刃的使命就是加速这个过程。",
          "尽管它带有虚无主义色彩，黑刃对波涛和巨浪这两把被锁在白羽山下的其他武器感到一种奇怪的亲近。它希望三把武器能够重聚，并在战斗中一起使用，尽管它与巨浪激烈地意见不合，并且觉得波涛乏味。",
          "黑刃对灵魂的渴望必须定期得到满足。如果这把剑3天或更长时间没有吞噬一个灵魂，那么在下一个日落时分，它和它的持有者之间会发生冲突。"
        ]
      },
      {
        "ENG_name": "Destroying Blackrazor",
        "name": "摧毁黑刃",
        "type": "entries",
        "entries": [
          "黑刃可以通过在机械境的巨大齿轮中压碎来摧毁。普里穆斯，魔方人的创造者，也知道一系列黑刃无法忍受的音乐音调，这会导致剑碎裂。"
        ]
      }
    ],
    "html": "隐藏在白焰山地牢中，黑刃闪耀如一片布满星辰的夜空。其黑色剑鞘上装饰着切割过的黑曜石碎片。\n你在使用这把魔法武器进行攻击和伤害骰时获得+3加值。如果你用这把武器击中不死生物，你会受到{{@damage|1d10}} 坏死伤害，目标恢复{{@dice|1d10}} {{@variantrule|生命值|XPHB}}。如果这坏死伤害使你降至0{{@variantrule|生命值|XPHB}}，黑刃会吞噬你的灵魂（见下文的\"吞噬灵魂\"）。\n当你持有这把武器时，你对{{@variantrule|免疫|XPHB}}状态的{{@condition|魅惑|XPHB}}和{{@condition|恐慌|XPHB}}条件，并且你有{{@sense|盲视|XPHB}}，范围为30英尺。\n<div class=\"parser-entries\"><div class=\"parser-entries-name\">吞噬灵魂</div><div class=\"parser-entries-eng-name\">Devour Soul</div><div class=\"parser-entries-content\">每当你使用黑刃将一个生物的生命值降至0{{@variantrule|生命值|XPHB}}时，这把剑会杀死该生物并吞噬其灵魂，除非它是构装生物或不死生物。被黑刃吞噬灵魂的生物只能通过{{@spell|祈愿术|XPHB}}法术恢复生命。当黑刃吞噬了他人的灵魂时，你将获得等同于被杀死生物最大 {{@variantrule|临时生命值|XPHB}} 的 {{@variantrule|生命值|XPHB|生命值}}。</div></div>\n<div class=\"parser-entries\"><div class=\"parser-entries-name\">加速术</div><div class=\"parser-entries-eng-name\">Haste</div><div class=\"parser-entries-content\">黑刃可以对你施放{{@spell|加速术|XPHB}}，之后直到下一个黎明前它不能再施放这个法术。黑刃决定何时施放法术，法术会在你回合开始时生效。法术持续1分钟（不需要{{@status|专注|XPHB}}），或者直到黑刃决定结束它，它可以在你任何回合结束时这样做。</div></div>\n<div class=\"parser-entries\"><div class=\"parser-entries-name\">智能</div><div class=\"parser-entries-eng-name\">Sentience</div><div class=\"parser-entries-content\">黑刃是一把具有感知能力的混乱中立武器，智力为17，智慧为10，魅力为19。它具有听力和{{@sense|黑暗视觉|XPHB}}，视野范围达到120英尺。这把武器会说通用语，并且能够通过心灵感应与其持有者交流。它的声音低沉而回响。当你与它协调一致时，黑刃也能理解你所知道的所有语言。</div></div>\n<div class=\"parser-entries\"><div class=\"parser-entries-name\">个性</div><div class=\"parser-entries-eng-name\">Personality</div><div class=\"parser-entries-content\">黑刃以命令的口吻说话，仿佛习惯了被服从。这把剑的目的是吞噬灵魂。它不在乎它吞噬的是谁的灵魂，包括使用者的。这把剑相信所有的物质和能量都源自负能量的虚空，并且总有一天会回归其中。黑刃的使命就是加速这个过程。尽管它带有虚无主义色彩，黑刃对波涛和巨浪这两把被锁在白羽山下的其他武器感到一种奇怪的亲近。它希望三把武器能够重聚，并在战斗中一起使用，尽管它与巨浪激烈地意见不合，并且觉得波涛乏味。黑刃对灵魂的渴望必须定期得到满足。如果这把剑3天或更长时间没有吞噬一个灵魂，那么在下一个日落时分，它和它的持有者之间会发生冲突。</div></div>\n<div class=\"parser-entries\"><div class=\"parser-entries-name\">摧毁黑刃</div><div class=\"parser-entries-eng-name\">Destroying Blackrazor</div><div class=\"parser-entries-content\">黑刃可以通过在机械境的巨大齿轮中压碎来摧毁。普里穆斯，魔方人的创造者，也知道一系列黑刃无法忍受的音乐音调，这会导致剑碎裂。</div></div>"
  },
  "en": {
    "name": "Blackrazor",
    "entries": [
      "Hidden in the dungeon of White Plume Mountain, Blackrazor shines like a piece of night sky filled with stars. Its black scabbard is decorated with pieces of cut obsidian.",
      "You gain a +3 bonus to attack rolls and damage rolls made with this magic weapon. If you hit an Undead with this weapon, you take {@damage 1d10} Necrotic damage, and the target regains {@dice 1d10} {@variantrule Hit Points|XPHB}. If this Necrotic damage reduces you to 0 {@variantrule Hit Points|XPHB}, Blackrazor devours your soul (see \"Devour Soul\" below).",
      "While you hold this weapon, you have {@variantrule Immunity|XPHB} to the {@condition Charmed|XPHB} and {@condition Frightened|XPHB} conditions, and you have {@sense Blindsight|XPHB} with a range of 30 feet.",
      {
        "type": "entries",
        "name": "Devour Soul",
        "entries": [
          "Whenever you use Blackrazor to reduce a creature to 0 {@variantrule Hit Points|XPHB}, the sword slays the creature and devours its soul unless it is a Construct or an Undead. A creature whose soul has been devoured by Blackrazor can be restored to life only by a {@spell Wish|XPHB} spell.",
          "When Blackrazor devours a soul that isn't yours, you gain {@variantrule Temporary Hit Points|XPHB} equal to the slain creature's {@variantrule Hit Points|XPHB|Hit Point} maximum."
        ]
      },
      {
        "type": "entries",
        "name": "Haste",
        "entries": [
          "Blackrazor can cast {@spell Haste|XPHB} on you, after which it can't cast this spell again until the next dawn. Blackrazor decides when to cast the spell, which takes effect at the start of your turn. The spell lasts for 1 minute (no {@status Concentration|XPHB} required) or until Blackrazor decides to end it, which it can do at the end of any of your turns."
        ]
      },
      {
        "type": "entries",
        "name": "Sentience",
        "entries": [
          "Blackrazor is a sentient Chaotic Neutral weapon with an Intelligence of 17, a Wisdom of 10, and a Charisma of 19. It has hearing and {@sense Darkvision|XPHB} out to 120 feet.",
          "The weapon speaks Common and can communicate with its wielder telepathically. Its voice is deep and echoing. While you are attuned to it, Blackrazor also understands every language you know."
        ]
      },
      {
        "type": "entries",
        "name": "Personality",
        "entries": [
          "Blackrazor speaks with an imperious tone, as though accustomed to being obeyed.The sword's purpose is to consume souls. It doesn't care whose souls it eats, including the wielder's. The sword believes that all matter and energy sprang from a void of negative energy and will one day return to it. Blackrazor is meant to hurry that process along.",
          "Despite its nihilism, Blackrazor feels a strange kinship to Wave and Whelm, two other weapons locked away under White Plume Mountain. It wants the three weapons to be reunited and wielded together in combat, even though it violently disagrees with Whelm and finds Wave tedious.",
          "Blackrazor's hunger for souls must be regularly fed. If the sword goes 3 days or more without consuming a soul, a conflict between it and its wielder occurs at the next sunset."
        ]
      },
      {
        "type": "entries",
        "name": "Destroying Blackrazor",
        "entries": [
          "Blackrazor can be destroyed by crushing it in the great gears of Mechanus. Primus, the creator of the modrons, also knows a series of musical tones that Blackrazor can't stand to hear, causing the sword to shatter."
        ]
      }
    ],
    "html": "Hidden in the dungeon of White Plume Mountain, Blackrazor shines like a piece of night sky filled with stars. Its black scabbard is decorated with pieces of cut obsidian.\nYou gain a +3 bonus to attack rolls and damage rolls made with this magic weapon. If you hit an Undead with this weapon, you take {{@damage|1d10}} Necrotic damage, and the target regains {{@dice|1d10}} {{@variantrule|Hit Points|XPHB}}. If this Necrotic damage reduces you to 0 {{@variantrule|Hit Points|XPHB}}, Blackrazor devours your soul (see \"Devour Soul\" below).\nWhile you hold this weapon, you have {{@variantrule|Immunity|XPHB}} to the {{@condition|Charmed|XPHB}} and {{@condition|Frightened|XPHB}} conditions, and you have {{@sense|Blindsight|XPHB}} with a range of 30 feet.\n<div class=\"parser-entries\"><div class=\"parser-entries-name\">Devour Soul</div><div class=\"parser-entries-content\">Whenever you use Blackrazor to reduce a creature to 0 {{@variantrule|Hit Points|XPHB}}, the sword slays the creature and devours its soul unless it is a Construct or an Undead. A creature whose soul has been devoured by Blackrazor can be restored to life only by a {{@spell|Wish|XPHB}} spell.When Blackrazor devours a soul that isn't yours, you gain {{@variantrule|Temporary Hit Points|XPHB}} equal to the slain creature's {{@variantrule|Hit Points|XPHB|Hit Point}} maximum.</div></div>\n<div class=\"parser-entries\"><div class=\"parser-entries-name\">Haste</div><div class=\"parser-entries-content\">Blackrazor can cast {{@spell|Haste|XPHB}} on you, after which it can't cast this spell again until the next dawn. Blackrazor decides when to cast the spell, which takes effect at the start of your turn. The spell lasts for 1 minute (no {{@status|Concentration|XPHB}} required) or until Blackrazor decides to end it, which it can do at the end of any of your turns.</div></div>\n<div class=\"parser-entries\"><div class=\"parser-entries-name\">Sentience</div><div class=\"parser-entries-content\">Blackrazor is a sentient Chaotic Neutral weapon with an Intelligence of 17, a Wisdom of 10, and a Charisma of 19. It has hearing and {{@sense|Darkvision|XPHB}} out to 120 feet.The weapon speaks Common and can communicate with its wielder telepathically. Its voice is deep and echoing. While you are attuned to it, Blackrazor also understands every language you know.</div></div>\n<div class=\"parser-entries\"><div class=\"parser-entries-name\">Personality</div><div class=\"parser-entries-content\">Blackrazor speaks with an imperious tone, as though accustomed to being obeyed.The sword's purpose is to consume souls. It doesn't care whose souls it eats, including the wielder's. The sword believes that all matter and energy sprang from a void of negative energy and will one day return to it. Blackrazor is meant to hurry that process along.Despite its nihilism, Blackrazor feels a strange kinship to Wave and Whelm, two other weapons locked away under White Plume Mountain. It wants the three weapons to be reunited and wielded together in combat, even though it violently disagrees with Whelm and finds Wave tedious.Blackrazor's hunger for souls must be regularly fed. If the sword goes 3 days or more without consuming a soul, a conflict between it and its wielder occurs at the next sunset.</div></div>\n<div class=\"parser-entries\"><div class=\"parser-entries-name\">Destroying Blackrazor</div><div class=\"parser-entries-content\">Blackrazor can be destroyed by crushing it in the great gears of Mechanus. Primus, the creator of the modrons, also knows a series of musical tones that Blackrazor can't stand to hear, causing the sword to shatter.</div></div>"
  },
  "bonus": {
    "weapon": 3
  }
}