{
  "dataType": "item",
  "uid": "item_Blade of Broken Mirrors (Awakened)|EGW ",
  "id": "Blade of Broken Mirrors (Awakened)|EGW",
  "isBaseItem": false,
  "baseItem": "",
  "displayName": {
    "zh": "碎镜之锋（觉醒）",
    "en": "Blade of Broken Mirrors (Awakened)"
  },
  "mainSource": {
    "source": "EGW",
    "page": 0
  },
  "allSources": [
    {
      "source": "EGW",
      "page": 0
    }
  ],
  "zh": {
    "name": "碎镜之锋（觉醒）",
    "entries": [],
    "html": ""
  },
  "en": {
    "name": "Blade of Broken Mirrors (Awakened)",
    "entries": [],
    "html": ""
  },
  "bonus": {
    "weapon": 2
  }
}