{
  "dataType": "item",
  "uid": "item_Blanket|XPHB ",
  "id": "Blanket|XPHB",
  "weight": 3,
  "value": 50,
  "rarity": "none",
  "isBaseItem": false,
  "baseItem": "",
  "displayName": {
    "zh": "毯子",
    "en": "Blanket"
  },
  "mainSource": {
    "source": "XPHB",
    "page": 224
  },
  "allSources": [
    {
      "source": "XPHB",
      "page": 224
    }
  ],
  "relatedVersions": [
    "Blanket|PHB"
  ],
  "zh": {
    "name": "毯子",
    "entries": [
      "包裹在毯子中期间，你在抵抗{@hazard 严寒|XDMG}的豁免检定上具有{@variantrule 优势|XPHB}（详见{@book 城主指南|XDMG}）。"
    ],
    "html": "包裹在毯子中期间，你在抵抗{{@hazard|严寒|XDMG}}的豁免检定上具有{{@variantrule|优势|XPHB}}（详见{{@book|城主指南|XDMG}}）。"
  },
  "en": {
    "name": "Blanket",
    "entries": [
      "While wrapped in a blanket, you have {@variantrule Advantage|XPHB} on saving throws against {@hazard extreme cold|XDMG} (see the {@book Dungeon Master's Guide|XDMG})."
    ],
    "html": "While wrapped in a blanket, you have {{@variantrule|Advantage|XPHB}} on saving throws against {{@hazard|extreme cold|XDMG}} (see the {{@book|Dungeon Master's Guide|XDMG}})."
  },
  "bonus": {}
}