{
  "dataType": "item",
  "uid": "item_Blanket|PHB ",
  "id": "Blanket|PHB",
  "weight": 3,
  "value": 50,
  "rarity": "none",
  "isBaseItem": false,
  "baseItem": "",
  "displayName": {
    "zh": "毯子",
    "en": "Blanket"
  },
  "mainSource": {
    "source": "PHB",
    "page": 150
  },
  "allSources": [
    {
      "source": "PHB",
      "page": 150
    },
    {
      "source": "XPHB",
      "page": 0
    }
  ],
  "relatedVersions": [
    "Blanket|XPHB"
  ],
  "zh": {
    "name": "毯子",
    "entries": [],
    "html": ""
  },
  "en": {
    "name": "Blanket",
    "entries": [],
    "html": ""
  },
  "bonus": {}
}