{
  "dataType": "item",
  "uid": "item_Blasting Powder|EGW ",
  "id": "Blasting Powder|EGW",
  "rarity": "none",
  "isBaseItem": false,
  "baseItem": "",
  "displayName": {
    "zh": "爆破粉",
    "en": "Blasting Powder"
  },
  "mainSource": {
    "source": "EGW",
    "page": 225
  },
  "allSources": [
    {
      "source": "EGW",
      "page": 225
    }
  ],
  "zh": {
    "name": "爆破粉",
    "entries": [
      "这种不稳定的炼金粉末装在一个小袋中。当被明火或引信点燃时，粉末会爆炸。每个位于爆炸袋5尺内的生物必须进行一次{@dc 13}的敏捷豁免，豁免失败者受到{@damage 3d6}的钝击伤害，豁免成功则伤害减半。",
      "一个角色可以将多个爆破粉袋绑在一起，使它们同时爆炸。每额外增加一个粉袋，伤害增加{@dice 1d6}（最多{@dice 10d6}），爆炸半径增加5尺（最多20尺）。"
    ],
    "html": "这种不稳定的炼金粉末装在一个小袋中。当被明火或引信点燃时，粉末会爆炸。每个位于爆炸袋5尺内的生物必须进行一次{{@dc|13}}的敏捷豁免，豁免失败者受到{{@damage|3d6}}的钝击伤害，豁免成功则伤害减半。\n一个角色可以将多个爆破粉袋绑在一起，使它们同时爆炸。每额外增加一个粉袋，伤害增加{{@dice|1d6}}（最多{{@dice|10d6}}），爆炸半径增加5尺（最多20尺）。"
  },
  "en": {
    "name": "Blasting Powder",
    "entries": [
      "This volatile alchemical powder comes in a small pouch. When ignited by an open flame or a fuse, the powder explodes. Each creature within 5 feet of the exploding pouch must make a {@dc 13} Dexterity saving throw, taking {@damage 3d6} bludgeoning damage on a failed save, or half as much damage on a successful one.",
      "A character can bind multiple pouches of blasting powder together so they explode at the same time. Each additional pouch increases the damage by {@dice 1d6} (maximum of {@dice 10d6}) and the blast radius by 5 feet (maximum of 20 feet)."
    ],
    "html": "This volatile alchemical powder comes in a small pouch. When ignited by an open flame or a fuse, the powder explodes. Each creature within 5 feet of the exploding pouch must make a {{@dc|13}} Dexterity saving throw, taking {{@damage|3d6}} bludgeoning damage on a failed save, or half as much damage on a successful one.\nA character can bind multiple pouches of blasting powder together so they explode at the same time. Each additional pouch increases the damage by {{@dice|1d6}} (maximum of {{@dice|10d6}}) and the blast radius by 5 feet (maximum of 20 feet)."
  },
  "bonus": {}
}