{
  "dataType": "item",
  "uid": "item_Blasted Goggles|BMT ",
  "id": "Blasted Goggles|BMT",
  "rarity": "uncommon",
  "isBaseItem": false,
  "baseItem": "",
  "displayName": {
    "zh": "爆裂目镜",
    "en": "Blasted Goggles"
  },
  "mainSource": {
    "source": "BMT",
    "page": 174
  },
  "allSources": [
    {
      "source": "BMT",
      "page": 174
    }
  ],
  "zh": {
    "name": "爆裂目镜",
    "entries": [
      "这副工匠护目镜有3发充能。以一个动作，你可以消耗一发充能并从目镜中向一个位于你120尺内生物射出一道烈焰光线。目标必须成功通过一次{@dc 15}的敏捷豁免否则受到{@damage 3d6}火焰伤害。目镜在每日黎明恢复{@dice 1d3}发已消耗的充能。",
      {
        "ENG_name": "Cursed",
        "name": "诅咒",
        "type": "entries",
        "entries": [
          "目镜被诅咒了，而与目镜同调会令你也被诅咒。你无法摘下目镜，直到同调结束或者你被法术{@spell 移除诅咒}或类似魔法指定为目标。",
          "每当你使用目镜的烈焰光线且目标用于此豁免的{@dice d20}骰出了20时，目镜都会令你被{@quickref 视觉与光照||2||明亮光照}刺目。你陷入目盲状态，持续24小时。"
        ]
      }
    ],
    "html": "这副工匠护目镜有3发充能。以一个动作，你可以消耗一发充能并从目镜中向一个位于你120尺内生物射出一道烈焰光线。目标必须成功通过一次{{@dc|15}}的敏捷豁免否则受到{{@damage|3d6}}火焰伤害。目镜在每日黎明恢复{{@dice|1d3}}发已消耗的充能。\n<div class=\"parser-entries\"><div class=\"parser-entries-name\">诅咒</div><div class=\"parser-entries-eng-name\">Cursed</div><div class=\"parser-entries-content\">目镜被诅咒了，而与目镜同调会令你也被诅咒。你无法摘下目镜，直到同调结束或者你被法术{{@spell|移除诅咒}}或类似魔法指定为目标。每当你使用目镜的烈焰光线且目标用于此豁免的{{@dice|d20}}骰出了20时，目镜都会令你被{{@quickref|视觉与光照||2||明亮光照}}刺目。你陷入目盲状态，持续24小时。</div></div>"
  },
  "en": {
    "name": "Blasted Goggles",
    "entries": [
      "These tinker's goggles have 3 charges. As an action, you can expend 1 charge to shoot a beam of fiery light from the goggles at a creature you can see within 120 feet of yourself. The target must succeed on a {@dc 15} Dexterity saving throw or take {@damage 3d6} fire damage. The goggles regain {@dice 1d3} expended charges daily at dawn.",
      {
        "type": "entries",
        "name": "Cursed",
        "entries": [
          "The goggles are cursed, and becoming attuned to them extends the curse to you. You can't remove the goggles or end your attunement to them until you are targeted by a {@spell Remove Curse} spell or similar magic.",
          "Whenever you use the goggles' fiery beam and the target rolls a 20 on the {@dice d20} for the saving throw, the goggles expose you to a flash of violent {@quickref Vision and Light||2||bright light}. As a result, you have the blinded condition for 24 hours."
        ]
      }
    ],
    "html": "These tinker's goggles have 3 charges. As an action, you can expend 1 charge to shoot a beam of fiery light from the goggles at a creature you can see within 120 feet of yourself. The target must succeed on a {{@dc|15}} Dexterity saving throw or take {{@damage|3d6}} fire damage. The goggles regain {{@dice|1d3}} expended charges daily at dawn.\n<div class=\"parser-entries\"><div class=\"parser-entries-name\">Cursed</div><div class=\"parser-entries-content\">The goggles are cursed, and becoming attuned to them extends the curse to you. You can't remove the goggles or end your attunement to them until you are targeted by a {{@spell|Remove Curse}} spell or similar magic.Whenever you use the goggles' fiery beam and the target rolls a 20 on the {{@dice|d20}} for the saving throw, the goggles expose you to a flash of violent {{@quickref|Vision and Light||2||bright light}}. As a result, you have the blinded condition for 24 hours.</div></div>"
  },
  "charge": {
    "max": 3,
    "rechargeAt": "dawn",
    "rechargeAmount": "{@dice 1d3}"
  },
  "bonus": {}
}