{
  "dataType": "item",
  "uid": "item_Block and Tackle|XPHB ",
  "id": "Block and Tackle|XPHB",
  "weight": 5,
  "value": 100,
  "rarity": "none",
  "isBaseItem": false,
  "baseItem": "",
  "displayName": {
    "zh": "滑轮组",
    "en": "Block and Tackle"
  },
  "mainSource": {
    "source": "XPHB",
    "page": 224
  },
  "allSources": [
    {
      "source": "XPHB",
      "page": 224
    }
  ],
  "relatedVersions": [
    "Block and Tackle|PHB"
  ],
  "zh": {
    "name": "滑轮组",
    "entries": [
      "{@item 滑轮组|XPHB}允许你提起你正常能提动的四倍重量的物品。"
    ],
    "html": "{{@item|滑轮组|XPHB}}允许你提起你正常能提动的四倍重量的物品。"
  },
  "en": {
    "name": "Block and Tackle",
    "entries": [
      "A {@item Block and Tackle|XPHB} allows you to hoist up to four times the weight you can normally lift."
    ],
    "html": "A {{@item|Block and Tackle|XPHB}} allows you to hoist up to four times the weight you can normally lift."
  },
  "bonus": {}
}