{
  "dataType": "item",
  "uid": "item_Bloodstone|XDMG ",
  "id": "Bloodstone|XDMG",
  "value": 5000,
  "rarity": "none",
  "isBaseItem": false,
  "baseItem": "",
  "displayName": {
    "zh": "血石",
    "en": "Bloodstone"
  },
  "mainSource": {
    "source": "XDMG",
    "page": 214
  },
  "allSources": [
    {
      "source": "XDMG",
      "page": 214
    }
  ],
  "relatedVersions": [
    "Bloodstone|DMG"
  ],
  "zh": {
    "name": "血石",
    "entries": [
      "一块带有红色斑点的深灰色宝石。"
    ],
    "html": "一块带有红色斑点的深灰色宝石。"
  },
  "en": {
    "name": "Bloodstone",
    "entries": [
      "A dark gray with red flecks gemstone."
    ],
    "html": "A dark gray with red flecks gemstone."
  },
  "bonus": {}
}