{
  "dataType": "item",
  "uid": "item_Bloodstone|DMG ",
  "id": "Bloodstone|DMG",
  "value": 5000,
  "rarity": "none",
  "isBaseItem": false,
  "baseItem": "",
  "displayName": {
    "zh": "血石",
    "en": "Bloodstone"
  },
  "mainSource": {
    "source": "DMG",
    "page": 134
  },
  "allSources": [
    {
      "source": "DMG",
      "page": 134
    },
    {
      "source": "XDMG",
      "page": 0
    }
  ],
  "relatedVersions": [
    "Bloodstone|XDMG"
  ],
  "zh": {
    "name": "血石",
    "entries": [
      "一种不透明的深灰色带有红色斑点的宝石。"
    ],
    "html": "一种不透明的深灰色带有红色斑点的宝石。"
  },
  "en": {
    "name": "Bloodstone",
    "entries": [
      "An opaque dark gray with red flecks gemstone."
    ],
    "html": "An opaque dark gray with red flecks gemstone."
  },
  "bonus": {}
}