{
  "dataType": "item",
  "uid": "item_Blood of the Lycanthrope|IMR ",
  "id": "Blood of the Lycanthrope|IMR",
  "rarity": "none",
  "isBaseItem": false,
  "baseItem": "",
  "displayName": {
    "zh": "兽化之血",
    "en": "Blood of the Lycanthrope"
  },
  "mainSource": {
    "source": "IMR",
    "page": 93
  },
  "allSources": [
    {
      "source": "IMR",
      "page": 93
    }
  ],
  "zh": {
    "name": "兽化之血",
    "entries": [
      "当你与这本书产生共鸣时，你可以作为一个动作从它施放{@condition 失能}（进行一次{@dc 12}的豁免检定）。在你施放该condition之后，掷一个{@spell 移除诅咒}。如果掷出的结果为1-5，你无法在次日黎明之前再次使用这个特性。",
      "狼人病的类型取决于用于制造毒药的狼人。要随机确定狼人病的类型，请掷一个{@dice d6}：",
      {
        "type": "table",
        "colLabels": [
          "d6",
          "兽化"
        ],
        "colStyles": [
          "col-2 text-center",
          "col-10"
        ],
        "rows": [
          [
            "1-3",
            "{@creature 鼠人}"
          ],
          [
            "4-5",
            "{@creature 狼人}"
          ],
          [
            "6",
            "{@creature 野猪人}"
          ]
        ]
      }
    ],
    "html": "当你与这本书产生共鸣时，你可以作为一个动作从它施放{{@condition|失能}}（进行一次{{@dc|12}}的豁免检定）。在你施放该condition之后，掷一个{{@spell|移除诅咒}}。如果掷出的结果为1-5，你无法在次日黎明之前再次使用这个特性。\n狼人病的类型取决于用于制造毒药的狼人。要随机确定狼人病的类型，请掷一个{{@dice|d6}}：\n<table class=\"wiki-table\"><tr><th class=\"parser-col-2 text-center\">d6</th><th class=\"parser-col-10\">兽化</th></tr><tr><td class=\"parser-col-2 text-center\">1-3</td><td class=\"parser-col-10\">{{@creature|鼠人}}</td></tr><tr><td class=\"parser-col-2 text-center\">4-5</td><td class=\"parser-col-10\">{{@creature|狼人}}</td></tr><tr><td class=\"parser-col-2 text-center\">6</td><td class=\"parser-col-10\">{{@creature|野猪人}}</td></tr></table>"
  },
  "en": {
    "name": "Blood of the Lycanthrope",
    "entries": [
      "This poison is created from blood harvested from a dead or {@condition incapacitated} lycanthrope in its animal or hybrid form. A creature subjected to this poison must succeed on a {@dc 12} Constitution saving throw or be cursed with lycanthropy (see the Monster Manual). The curse lasts until removed by the {@spell remove curse} spell or similar magic.",
      "The type of lycanthropy depends on the lycanthrope used to create the poison. To determine the type of lycanthropy randomly, roll a {@dice d6}:",
      {
        "type": "table",
        "colLabels": [
          "d6",
          "Lycanthropy"
        ],
        "colStyles": [
          "col-2 text-center",
          "col-10"
        ],
        "rows": [
          [
            "1-3",
            "{@creature Wererat}"
          ],
          [
            "4-5",
            "{@creature Werewolf}"
          ],
          [
            "6",
            "{@creature Wereboar}"
          ]
        ]
      }
    ],
    "html": "This poison is created from blood harvested from a dead or {{@condition|incapacitated}} lycanthrope in its animal or hybrid form. A creature subjected to this poison must succeed on a {{@dc|12}} Constitution saving throw or be cursed with lycanthropy (see the Monster Manual). The curse lasts until removed by the {{@spell|remove curse}} spell or similar magic.\nThe type of lycanthropy depends on the lycanthrope used to create the poison. To determine the type of lycanthropy randomly, roll a {{@dice|d6}}:\n<table class=\"wiki-table\"><tr><th class=\"parser-col-2 text-center\">d6</th><th class=\"parser-col-10\">Lycanthropy</th></tr><tr><td class=\"parser-col-2 text-center\">1-3</td><td class=\"parser-col-10\">{{@creature|Wererat}}</td></tr><tr><td class=\"parser-col-2 text-center\">4-5</td><td class=\"parser-col-10\">{{@creature|Werewolf}}</td></tr><tr><td class=\"parser-col-2 text-center\">6</td><td class=\"parser-col-10\">{{@creature|Wereboar}}</td></tr></table>"
  },
  "bonus": {}
}