{
  "dataType": "item",
  "uid": "item_Blowgun Needles (50)|PHB",
  "id": "Blowgun Needles (50)|PHB",
  "weight": 1,
  "value": 100,
  "rarity": "none",
  "isBaseItem": true,
  "displayName": {
    "zh": "吹箭(50)",
    "en": "Blowgun Needles (50)"
  },
  "mainSource": {
    "source": "PHB",
    "page": 150
  },
  "allSources": [
    {
      "source": "PHB",
      "page": 150
    },
    {
      "source": "XPHB",
      "page": 0
    }
  ],
  "relatedVersions": [
    "Needles (50)|XPHB"
  ],
  "zh": {
    "name": "吹箭(50)",
    "entries": [],
    "html": ""
  },
  "en": {
    "name": "Blowgun Needles (50)",
    "entries": [],
    "html": ""
  },
  "bonus": {}
}