{
  "dataType": "item",
  "uid": "item_Blowgun Needle|PHB",
  "id": "Blowgun Needle|PHB",
  "weight": 0.02,
  "value": 2,
  "rarity": "none",
  "isBaseItem": true,
  "displayName": {
    "zh": "吹箭",
    "en": "Blowgun Needle"
  },
  "mainSource": {
    "source": "PHB",
    "page": 150
  },
  "allSources": [
    {
      "source": "PHB",
      "page": 150
    },
    {
      "source": "XPHB",
      "page": 0
    }
  ],
  "relatedVersions": [
    "Needle|XPHB"
  ],
  "zh": {
    "name": "吹箭",
    "entries": [],
    "html": ""
  },
  "en": {
    "name": "Blowgun Needle",
    "entries": [],
    "html": ""
  },
  "bonus": {}
}