{
  "dataType": "item",
  "uid": "item_Blowgun|XPHB",
  "id": "Blowgun|XPHB",
  "weight": 1,
  "value": 1000,
  "rarity": "none",
  "isBaseItem": true,
  "displayName": {
    "zh": "吹箭筒",
    "en": "Blowgun"
  },
  "mainSource": {
    "source": "XPHB",
    "page": 215
  },
  "allSources": [
    {
      "source": "XPHB",
      "page": 215
    }
  ],
  "relatedVersions": [
    "Blowgun|PHB"
  ],
  "zh": {
    "name": "吹箭筒",
    "entries": [],
    "html": ""
  },
  "en": {
    "name": "Blowgun",
    "entries": [],
    "html": ""
  },
  "weapon": {
    "category": "martial",
    "dmgs": [
      "1"
    ],
    "dmgType": "P",
    "range": {
      "min": 25,
      "max": 100
    },
    "ammoType": "needle|xphb"
  },
  "bonus": {}
}