{
  "dataType": "item",
  "uid": "item_Blue Dragon Mask|RoTOS ",
  "id": "Blue Dragon Mask|RoTOS",
  "rarity": "legendary",
  "isBaseItem": false,
  "baseItem": "",
  "displayName": {
    "zh": "蓝龙面具",
    "en": "Blue Dragon Mask"
  },
  "mainSource": {
    "source": "RoTOS",
    "page": 4
  },
  "allSources": [
    {
      "source": "RoTOS",
      "page": 4
    }
  ],
  "zh": {
    "name": "蓝龙面具",
    "entries": [
      "这个光滑的天蓝色面具在边缘有尖刺，中心有一个带脊的角。面具会重新塑形以适应与其协调的佩戴者。当你佩戴并与其协调时，你可以使用以下属性。",
      {
        "ENG_name": "Damage Absorption",
        "name": "伤害吸收",
        "type": "entries",
        "entries": [
          "你对闪电伤害具有抗性。如果你已经从其他来源具有对闪电伤害的抗性，你将改为对闪电伤害免疫。如果你已经从其他来源对闪电伤害免疫，每当你遭受闪电伤害时，你将不会受到任何此类伤害，并且恢复等于该类型伤害值一半的生命值。"
        ]
      },
      {
        "ENG_name": "Draconic Majesty",
        "name": "龙形威严",
        "type": "entries",
        "entries": [
          "当你没有穿戴盔甲时，你可以将你的魅力加值加到你的护甲等级上。"
        ]
      },
      {
        "ENG_name": "Dragon Breath",
        "name": "龙息",
        "type": "entries",
        "entries": [
          "如果你拥有需要休息才能重新充能的吐息武器，它将获得6的充能次数。"
        ]
      },
      {
        "ENG_name": "Dragon Sight",
        "name": "龙之视界",
        "type": "entries",
        "entries": [
          "你获得{@sense 黑暗视觉}，范围为60尺，或者如果你已经拥有该感觉，则额外增加60尺。每天一次，你可以获得{@sense 盲视}，范围为30尺，持续5分钟。"
        ]
      },
      {
        "ENG_name": "Dragon Tongue",
        "name": "龙言",
        "type": "entries",
        "entries": [
          "你可以说并理解龙语。此外，在对蓝龙进行任何魅力检定时，你具有优势。"
        ]
      },
      {
        "ENG_name": "Legendary Resistance",
        "name": "传奇抗性",
        "type": "entries",
        "entries": [
          "（每日一次）如果你未能通过一次豁免检定，你可以选择成功。"
        ]
      },
      {
        "ENG_name": "Lingering Shock",
        "name": "持续电击",
        "type": "entries",
        "entries": [
          "如果你对生物造成闪电伤害，直到它的下一个回合之前，它不能进行反应。"
        ]
      }
    ],
    "html": "这个光滑的天蓝色面具在边缘有尖刺，中心有一个带脊的角。面具会重新塑形以适应与其协调的佩戴者。当你佩戴并与其协调时，你可以使用以下属性。\n<div class=\"parser-entries\"><div class=\"parser-entries-name\">伤害吸收</div><div class=\"parser-entries-eng-name\">Damage Absorption</div><div class=\"parser-entries-content\">你对闪电伤害具有抗性。如果你已经从其他来源具有对闪电伤害的抗性，你将改为对闪电伤害免疫。如果你已经从其他来源对闪电伤害免疫，每当你遭受闪电伤害时，你将不会受到任何此类伤害，并且恢复等于该类型伤害值一半的生命值。</div></div>\n<div class=\"parser-entries\"><div class=\"parser-entries-name\">龙形威严</div><div class=\"parser-entries-eng-name\">Draconic Majesty</div><div class=\"parser-entries-content\">当你没有穿戴盔甲时，你可以将你的魅力加值加到你的护甲等级上。</div></div>\n<div class=\"parser-entries\"><div class=\"parser-entries-name\">龙息</div><div class=\"parser-entries-eng-name\">Dragon Breath</div><div class=\"parser-entries-content\">如果你拥有需要休息才能重新充能的吐息武器，它将获得6的充能次数。</div></div>\n<div class=\"parser-entries\"><div class=\"parser-entries-name\">龙之视界</div><div class=\"parser-entries-eng-name\">Dragon Sight</div><div class=\"parser-entries-content\">你获得{{@sense|黑暗视觉}}，范围为60尺，或者如果你已经拥有该感觉，则额外增加60尺。每天一次，你可以获得{{@sense|盲视}}，范围为30尺，持续5分钟。</div></div>\n<div class=\"parser-entries\"><div class=\"parser-entries-name\">龙言</div><div class=\"parser-entries-eng-name\">Dragon Tongue</div><div class=\"parser-entries-content\">你可以说并理解龙语。此外，在对蓝龙进行任何魅力检定时，你具有优势。</div></div>\n<div class=\"parser-entries\"><div class=\"parser-entries-name\">传奇抗性</div><div class=\"parser-entries-eng-name\">Legendary Resistance</div><div class=\"parser-entries-content\">（每日一次）如果你未能通过一次豁免检定，你可以选择成功。</div></div>\n<div class=\"parser-entries\"><div class=\"parser-entries-name\">持续电击</div><div class=\"parser-entries-eng-name\">Lingering Shock</div><div class=\"parser-entries-content\">如果你对生物造成闪电伤害，直到它的下一个回合之前，它不能进行反应。</div></div>"
  },
  "en": {
    "name": "Blue Dragon Mask",
    "entries": [
      "This mask of glossy azure has spikes around its edges and a ridged horn in its center. The mask reshapes to fit a wearer attuned to it. While you are wearing the mask and attuned to it, you can access the following properties.",
      {
        "type": "entries",
        "name": "Damage Absorption",
        "entries": [
          "You have resistance against lightning damage. If you already have resistance to lightning damage from another source, you instead have immunity to lightning damage. If you already have immunity to lightning damage from another source, whenever you are subjected to lightning damage, you take none of that damage and regain a number of hit points equal to half the damage dealt of that type."
        ]
      },
      {
        "type": "entries",
        "name": "Draconic Majesty",
        "entries": [
          "While you are wearing no armor, you can add your Charisma bonus to your Armor Class."
        ]
      },
      {
        "type": "entries",
        "name": "Dragon Breath",
        "entries": [
          "If you have a breath weapon that requires rest to recharge, it gains a recharge of 6."
        ]
      },
      {
        "type": "entries",
        "name": "Dragon Sight",
        "entries": [
          "You gain {@sense darkvision} out to 60 feet, or to an additional 60 feet if you already have that sense. Once per day, you can gain {@sense blindsight} out to 30 feet for 5 minutes."
        ]
      },
      {
        "type": "entries",
        "name": "Dragon Tongue",
        "entries": [
          "You can speak and understand Draconic. You also have advantage on any Charisma check you make against Blue Dragons."
        ]
      },
      {
        "type": "entries",
        "name": "Legendary Resistance",
        "entries": [
          "(1/Day) If you fail a saving throw, you can choose to succeed instead."
        ]
      },
      {
        "type": "entries",
        "name": "Lingering Shock",
        "entries": [
          "If you deal lightning damage to a creature, it can't take reactions until its next turn."
        ]
      }
    ],
    "html": "This mask of glossy azure has spikes around its edges and a ridged horn in its center. The mask reshapes to fit a wearer attuned to it. While you are wearing the mask and attuned to it, you can access the following properties.\n<div class=\"parser-entries\"><div class=\"parser-entries-name\">Damage Absorption</div><div class=\"parser-entries-content\">You have resistance against lightning damage. If you already have resistance to lightning damage from another source, you instead have immunity to lightning damage. If you already have immunity to lightning damage from another source, whenever you are subjected to lightning damage, you take none of that damage and regain a number of hit points equal to half the damage dealt of that type.</div></div>\n<div class=\"parser-entries\"><div class=\"parser-entries-name\">Draconic Majesty</div><div class=\"parser-entries-content\">While you are wearing no armor, you can add your Charisma bonus to your Armor Class.</div></div>\n<div class=\"parser-entries\"><div class=\"parser-entries-name\">Dragon Breath</div><div class=\"parser-entries-content\">If you have a breath weapon that requires rest to recharge, it gains a recharge of 6.</div></div>\n<div class=\"parser-entries\"><div class=\"parser-entries-name\">Dragon Sight</div><div class=\"parser-entries-content\">You gain {{@sense|darkvision}} out to 60 feet, or to an additional 60 feet if you already have that sense. Once per day, you can gain {{@sense|blindsight}} out to 30 feet for 5 minutes.</div></div>\n<div class=\"parser-entries\"><div class=\"parser-entries-name\">Dragon Tongue</div><div class=\"parser-entries-content\">You can speak and understand Draconic. You also have advantage on any Charisma check you make against Blue Dragons.</div></div>\n<div class=\"parser-entries\"><div class=\"parser-entries-name\">Legendary Resistance</div><div class=\"parser-entries-content\">(1/Day) If you fail a saving throw, you can choose to succeed instead.</div></div>\n<div class=\"parser-entries\"><div class=\"parser-entries-name\">Lingering Shock</div><div class=\"parser-entries-content\">If you deal lightning damage to a creature, it can't take reactions until its next turn.</div></div>"
  },
  "bonus": {}
}