{
  "dataType": "item",
  "uid": "item_Blue Dragon Scale Mail|XDMG ",
  "id": "Blue Dragon Scale Mail|XDMG",
  "weight": 45,
  "rarity": "very rare",
  "isBaseItem": false,
  "baseItem": "scale mail|xphb",
  "displayName": {
    "zh": "蓝龙鳞甲",
    "en": "Blue Dragon Scale Mail"
  },
  "mainSource": {
    "source": "XDMG",
    "page": 254
  },
  "allSources": [
    {
      "source": "XDMG",
      "page": 254
    }
  ],
  "relatedVersions": [
    "Blue Dragon Scale Mail|DMG"
  ],
  "zh": {
    "name": "蓝龙鳞甲",
    "entries": [
      "{#itemEntry 龙鳞甲|XDMG}"
    ],
    "html": "{#itemEntry 龙鳞甲|XDMG}"
  },
  "en": {
    "name": "Blue Dragon Scale Mail",
    "entries": [
      "{#itemEntry Dragon Scale Mail|XDMG}"
    ],
    "html": "{#itemEntry Dragon Scale Mail|XDMG}"
  },
  "bonus": {
    "ac": 1
  }
}