{
  "dataType": "item",
  "uid": "item_Blue Spinel|XDMG ",
  "id": "Blue Spinel|XDMG",
  "value": 50000,
  "rarity": "none",
  "isBaseItem": false,
  "baseItem": "",
  "displayName": {
    "zh": "蓝尖晶石",
    "en": "Blue Spinel"
  },
  "mainSource": {
    "source": "XDMG",
    "page": 214
  },
  "allSources": [
    {
      "source": "XDMG",
      "page": 214
    }
  ],
  "relatedVersions": [
    "Blue Spinel|DMG"
  ],
  "zh": {
    "name": "蓝尖晶石",
    "entries": [
      "一颗深蓝色的宝石。"
    ],
    "html": "一颗深蓝色的宝石。"
  },
  "en": {
    "name": "Blue Spinel",
    "entries": [
      "A deep blue gemstone."
    ],
    "html": "A deep blue gemstone."
  },
  "bonus": {}
}