{
  "dataType": "item",
  "uid": "item_Blue Spinel|DMG ",
  "id": "Blue Spinel|DMG",
  "value": 50000,
  "rarity": "none",
  "isBaseItem": false,
  "baseItem": "",
  "displayName": {
    "zh": "蓝尖晶石",
    "en": "Blue Spinel"
  },
  "mainSource": {
    "source": "DMG",
    "page": 134
  },
  "allSources": [
    {
      "source": "DMG",
      "page": 134
    },
    {
      "source": "XDMG",
      "page": 0
    }
  ],
  "relatedVersions": [
    "Blue Spinel|XDMG"
  ],
  "zh": {
    "name": "蓝尖晶石",
    "entries": [
      "一种透明的深蓝色宝石。"
    ],
    "html": "一种透明的深蓝色宝石。"
  },
  "en": {
    "name": "Blue Spinel",
    "entries": [
      "A transparent deep blue gemstone."
    ],
    "html": "A transparent deep blue gemstone."
  },
  "bonus": {}
}