{
  "dataType": "item",
  "uid": "item_Blue Sapphire|XDMG ",
  "id": "Blue Sapphire|XDMG",
  "value": 100000,
  "rarity": "none",
  "isBaseItem": false,
  "baseItem": "",
  "displayName": {
    "zh": "蓝色蓝宝石",
    "en": "Blue Sapphire"
  },
  "mainSource": {
    "source": "XDMG",
    "page": 214
  },
  "allSources": [
    {
      "source": "XDMG",
      "page": 214
    }
  ],
  "relatedVersions": [
    "Blue Sapphire|DMG"
  ],
  "zh": {
    "name": "蓝色蓝宝石",
    "entries": [
      "一颗中等蓝色的宝石"
    ],
    "html": "一颗中等蓝色的宝石"
  },
  "en": {
    "name": "Blue Sapphire",
    "entries": [
      "A medium blue gemstone."
    ],
    "html": "A medium blue gemstone."
  },
  "bonus": {}
}