{
  "dataType": "item",
  "uid": "item_Bombard|AAG ",
  "id": "Bombard|AAG",
  "value": 5000000,
  "rarity": "none",
  "isBaseItem": false,
  "baseItem": "",
  "displayName": {
    "zh": "炮舰",
    "en": "Bombard"
  },
  "mainSource": {
    "source": "AAG",
    "page": 26
  },
  "allSources": [
    {
      "source": "AAG",
      "page": 26
    }
  ],
  "zh": {
    "name": "炮舰",
    "entries": [
      "炮舰由诘弗人打造。每艘船的主要特征是一门巨大的火炮，能够发射巨型炮弹将其他船只炸成碎片。（火炮包含在舰船的花费之中。）一艘炮舰可以最多携带十四枚巨型炮弹，每枚重达10吨。这些炮弹占据了舰船货物的大部分重量。一个安装在尾甲板上的绞盘被用于将巨型炮弹装填到舰船上。",
      "炮舰可以漂浮和航行于水上，但是无法安全地降落于地面（它的龙骨会导致它侧翻）。"
    ],
    "html": "炮舰由诘弗人打造。每艘船的主要特征是一门巨大的火炮，能够发射巨型炮弹将其他船只炸成碎片。（火炮包含在舰船的花费之中。）一艘炮舰可以最多携带十四枚巨型炮弹，每枚重达10吨。这些炮弹占据了舰船货物的大部分重量。一个安装在尾甲板上的绞盘被用于将巨型炮弹装填到舰船上。\n炮舰可以漂浮和航行于水上，但是无法安全地降落于地面（它的龙骨会导致它侧翻）。"
  },
  "en": {
    "name": "Bombard",
    "entries": [
      "Bombards are built by giff. The major feature of each ship is an enormous cannon that fires massive cannon balls capable of blowing other ships to smithereens. (The cannon is included in the cost of the ship.) A bombard can carry up to fourteen giant cannon balls, each of which weighs 10 tons. These cannon balls make up most of the weight of the ship's cargo. A winch mounted on the aft deck is used to load the cannon balls on board.",
      "A bombard can float and sail on water, but it can't land safely on the ground (its keel would cause it to roll on its side)."
    ],
    "html": "Bombards are built by giff. The major feature of each ship is an enormous cannon that fires massive cannon balls capable of blowing other ships to smithereens. (The cannon is included in the cost of the ship.) A bombard can carry up to fourteen giant cannon balls, each of which weighs 10 tons. These cannon balls make up most of the weight of the ship's cargo. A winch mounted on the aft deck is used to load the cannon balls on board.\nA bombard can float and sail on water, but it can't land safely on the ground (its keel would cause it to roll on its side)."
  },
  "bonus": {}
}