{
  "dataType": "item",
  "uid": "item_Bomb|DMG ",
  "id": "Bomb|DMG",
  "weight": 1,
  "value": 15000,
  "rarity": "none",
  "isBaseItem": false,
  "baseItem": "",
  "displayName": {
    "zh": "炸弹",
    "en": "Bomb"
  },
  "mainSource": {
    "source": "DMG",
    "page": 268
  },
  "allSources": [
    {
      "source": "DMG",
      "page": 268
    },
    {
      "source": "XDMG",
      "page": 0
    }
  ],
  "relatedVersions": [
    "Bomb|XDMG"
  ],
  "zh": {
    "name": "炸弹",
    "entries": [
      "以一个动作，角色可以点燃这枚炸弹并将其投掷至60尺外的一点。该点周围5尺内的每个生物必须成功通过一次{@dc 12}的敏捷豁免，否则受到{@damage 3d6}点火焰伤害。"
    ],
    "html": "以一个动作，角色可以点燃这枚炸弹并将其投掷至60尺外的一点。该点周围5尺内的每个生物必须成功通过一次{{@dc|12}}的敏捷豁免，否则受到{{@damage|3d6}}点火焰伤害。"
  },
  "en": {
    "name": "Bomb",
    "entries": [
      "As an action, a character can light this bomb and throw it at a point up to 60 feet away. Each creature within 5 feet of that point must succeed on a {@dc 12} Dexterity saving throw or take {@damage 3d6} fire damage."
    ],
    "html": "As an action, a character can light this bomb and throw it at a point up to 60 feet away. Each creature within 5 feet of that point must succeed on a {{@dc|12}} Dexterity saving throw or take {{@damage|3d6}} fire damage."
  },
  "bonus": {}
}