{
  "dataType": "item",
  "uid": "item_Bonecounter|SDW ",
  "id": "Bonecounter|SDW",
  "weight": 4,
  "rarity": "rare",
  "isBaseItem": false,
  "baseItem": "mace|phb",
  "displayName": {
    "zh": "骨骸计数器",
    "en": "Bonecounter"
  },
  "mainSource": {
    "source": "SDW",
    "page": 0
  },
  "allSources": [
    {
      "source": "SDW",
      "page": 0
    }
  ],
  "zh": {
    "name": "骨骸计数器",
    "entries": [
      "这件武器是一把名为骨数者的魔法+2钉头锤。每当这件武器用来摧毁一个不死生物生物时，一枚银币就会出现在持有者的口袋里。"
    ],
    "html": "这件武器是一把名为骨数者的魔法+2钉头锤。每当这件武器用来摧毁一个不死生物生物时，一枚银币就会出现在持有者的口袋里。"
  },
  "en": {
    "name": "Bonecounter",
    "entries": [
      "This weapon is a magical +2 mace called Bonecounter. Whenever this weapon is used to destroy an undead creature, a single silver piece appears in the wielder's pocket."
    ],
    "html": "This weapon is a magical +2 mace called Bonecounter. Whenever this weapon is used to destroy an undead creature, a single silver piece appears in the wielder's pocket."
  },
  "bonus": {
    "weapon": 2
  }
}