{
  "dataType": "item",
  "uid": "item_Book of Exalted Deeds|XDMG ",
  "id": "Book of Exalted Deeds|XDMG",
  "weight": 5,
  "rarity": "artifact",
  "isBaseItem": false,
  "baseItem": "",
  "displayName": {
    "zh": "圣洁之书",
    "en": "Book of Exalted Deeds"
  },
  "mainSource": {
    "source": "XDMG",
    "page": 237
  },
  "allSources": [
    {
      "source": "XDMG",
      "page": 237
    }
  ],
  "relatedVersions": [
    "Book of Exalted Deeds|DMG"
  ],
  "zh": {
    "name": "圣洁之书",
    "entries": [
      "多元宇宙中所有善行的权威论述，《崇高行为之书》在许多宗教中占据着重要地位。这本书并非专门针对某个特定信仰的经文，其作者们在书中填满了他们对真正美德的个人愿景，为战胜邪恶提供指导。",
      "《崇高行为之书》很少在一个地方停留。一旦这本书被阅读，它就会消失到多元宇宙的某个角落，在那里它的道德指导可以给一个濒临危险的世界带来希望。尽管有人试图复制这部作品，但这样做的努力未能捕捉到它的魔法本质，也无法将它提供给那些心地纯洁、意志坚定的人的好处翻译出来。",
      "一个沉重的扣子，被打造成天使翅膀的形状，保护着书的内容安全。只有与书共鸣的生物才能释放扣住书的扣子。一旦书被打开，共鸣的生物必须花费80小时阅读和研究这本书，以消化其内容并获得其好处。",
      "其他生物翻阅这本书的开放页面可以阅读文本，但无法领悟更深层的含义，也无法获得任何好处。一个恶魔、亡灵或下层位面的神的仆从试图阅读这本书时，会受到{@damage 24d6}点光耀伤害。这种伤害无视{@variantrule 抗性|XPHB}和{@variantrule 免疫|XPHB}，并且无法通过任何方式减少或避免。一个生物如果因此伤害降至0点{@variantrule 生命值|XPHB}，会瞬间消失并被摧毁，留下它的财物。然后这本书也会消失，该生物对它的{@variantrule 同调|XPHB}结束。",
      "圣洁之书赋予的增益仅在你努力行善时持续。如果你在10天内未能至少执行一次仁慈或慷慨的行为，或者你自愿执行邪恶行为，你将失去这本书赋予的所有增益。",
      {
        "ENG_name": "Celestial Calm",
        "name": "天堂之谧",
        "type": "entries",
        "entries": [
          "当与这本书共鸣时，你对{@condition 魅惑|XPHB}和{@condition 恐慌|XPHB}状态具有{@variantrule 免疫|XPHB}，对心灵伤害具有{@variantrule 抗性|XPHB}。这些好处在你花费必要的时间阅读和研究这本书后变得永久。"
        ]
      },
      {
        "ENG_name": "Divine Wisdom",
        "name": "神圣感知",
        "type": "entries",
        "entries": [
          "在你花费了必要的时间阅读和研究这本书之后，你的力量值增加了2点，最高不超过24点。你不能从这本书中获得超过一次的好处。"
        ]
      },
      {
        "ENG_name": "Enlightened Magic",
        "name": "魔法启迪",
        "type": "entries",
        "entries": [
          "在你花费了必要的时间阅读和研究这本书之后，你消耗的任何法术位来施放法术都被视为高一级的法术位。"
        ]
      },
      {
        "ENG_name": "Halo",
        "name": "神光",
        "type": "entries",
        "entries": [
          "在你花费了阅读和研究这本书所需的时间后，你获得了一个保护性的光环。这个光环在10英尺范围内散发{@variantrule 明亮光照|XPHB}，在额外的10英尺范围内散发{@variantrule 微光光照|XPHB}。你可以作为一个{@variantrule 附赠动作|XPHB}来解除或显现光环。当光环存在时，你在魅力（{@skill 游说|XPHB}）检定上获得{@variantrule 优势|XPHB}。此外，在光环的{@variantrule 明亮光照|XPHB}范围内的恶魔和亡灵对你进行攻击检定时会遭受{@variantrule 劣势|XPHB}。"
        ]
      },
      {
        "ENG_name": "Random Properties",
        "name": "随机词条",
        "type": "entries",
        "entries": [
          "圣洁之书具有以下随机词条：",
          {
            "type": "list",
            "items": [
              "2项{@table 神器词条; 次要增益词条|XDMG|弱效增益}属性",
              "2项{@table 神器词条; 主要增益词条|XDMG|强效增益}属性"
            ]
          }
        ]
      },
      {
        "ENG_name": "Destroying the Book",
        "name": "摧毁此书",
        "type": "entries",
        "entries": [
          "《崇高行为之书》无法被摧毁。然而，将这本书沉入冥河斯提克斯中会抹去其页面上的所有文字和图像，使这本书在{@dice 1d100}年内失去效力。"
        ]
      }
    ],
    "html": "多元宇宙中所有善行的权威论述，《崇高行为之书》在许多宗教中占据着重要地位。这本书并非专门针对某个特定信仰的经文，其作者们在书中填满了他们对真正美德的个人愿景，为战胜邪恶提供指导。\n《崇高行为之书》很少在一个地方停留。一旦这本书被阅读，它就会消失到多元宇宙的某个角落，在那里它的道德指导可以给一个濒临危险的世界带来希望。尽管有人试图复制这部作品，但这样做的努力未能捕捉到它的魔法本质，也无法将它提供给那些心地纯洁、意志坚定的人的好处翻译出来。\n一个沉重的扣子，被打造成天使翅膀的形状，保护着书的内容安全。只有与书共鸣的生物才能释放扣住书的扣子。一旦书被打开，共鸣的生物必须花费80小时阅读和研究这本书，以消化其内容并获得其好处。\n其他生物翻阅这本书的开放页面可以阅读文本，但无法领悟更深层的含义，也无法获得任何好处。一个恶魔、亡灵或下层位面的神的仆从试图阅读这本书时，会受到{{@damage|24d6}}点光耀伤害。这种伤害无视{{@variantrule|抗性|XPHB}}和{{@variantrule|免疫|XPHB}}，并且无法通过任何方式减少或避免。一个生物如果因此伤害降至0点{{@variantrule|生命值|XPHB}}，会瞬间消失并被摧毁，留下它的财物。然后这本书也会消失，该生物对它的{{@variantrule|同调|XPHB}}结束。\n圣洁之书赋予的增益仅在你努力行善时持续。如果你在10天内未能至少执行一次仁慈或慷慨的行为，或者你自愿执行邪恶行为，你将失去这本书赋予的所有增益。\n<div class=\"parser-entries\"><div class=\"parser-entries-name\">天堂之谧</div><div class=\"parser-entries-eng-name\">Celestial Calm</div><div class=\"parser-entries-content\">当与这本书共鸣时，你对{{@condition|魅惑|XPHB}}和{{@condition|恐慌|XPHB}}状态具有{{@variantrule|免疫|XPHB}}，对心灵伤害具有{{@variantrule|抗性|XPHB}}。这些好处在你花费必要的时间阅读和研究这本书后变得永久。</div></div>\n<div class=\"parser-entries\"><div class=\"parser-entries-name\">神圣感知</div><div class=\"parser-entries-eng-name\">Divine Wisdom</div><div class=\"parser-entries-content\">在你花费了必要的时间阅读和研究这本书之后，你的力量值增加了2点，最高不超过24点。你不能从这本书中获得超过一次的好处。</div></div>\n<div class=\"parser-entries\"><div class=\"parser-entries-name\">魔法启迪</div><div class=\"parser-entries-eng-name\">Enlightened Magic</div><div class=\"parser-entries-content\">在你花费了必要的时间阅读和研究这本书之后，你消耗的任何法术位来施放法术都被视为高一级的法术位。</div></div>\n<div class=\"parser-entries\"><div class=\"parser-entries-name\">神光</div><div class=\"parser-entries-eng-name\">Halo</div><div class=\"parser-entries-content\">在你花费了阅读和研究这本书所需的时间后，你获得了一个保护性的光环。这个光环在10英尺范围内散发{{@variantrule|明亮光照|XPHB}}，在额外的10英尺范围内散发{{@variantrule|微光光照|XPHB}}。你可以作为一个{{@variantrule|附赠动作|XPHB}}来解除或显现光环。当光环存在时，你在魅力（{{@skill|游说|XPHB}}）检定上获得{{@variantrule|优势|XPHB}}。此外，在光环的{{@variantrule|明亮光照|XPHB}}范围内的恶魔和亡灵对你进行攻击检定时会遭受{{@variantrule|劣势|XPHB}}。</div></div>\n<div class=\"parser-entries\"><div class=\"parser-entries-name\">随机词条</div><div class=\"parser-entries-eng-name\">Random Properties</div><div class=\"parser-entries-content\">圣洁之书具有以下随机词条：<ul class=\"parser-list parser-list-default\"><li>2项{{@table|神器词条; 次要增益词条|XDMG|弱效增益}}属性</li><li>2项{{@table|神器词条; 主要增益词条|XDMG|强效增益}}属性</li></ul></div></div>\n<div class=\"parser-entries\"><div class=\"parser-entries-name\">摧毁此书</div><div class=\"parser-entries-eng-name\">Destroying the Book</div><div class=\"parser-entries-content\">《崇高行为之书》无法被摧毁。然而，将这本书沉入冥河斯提克斯中会抹去其页面上的所有文字和图像，使这本书在{{@dice|1d100}}年内失去效力。</div></div>"
  },
  "en": {
    "name": "Book of Exalted Deeds",
    "entries": [
      "The definitive treatise on all that is good in the multiverse, the Book of Exalted Deeds figures prominently in many religions. Rather than being a scripture devoted to a particular faith, the book's authors filled the pages with their own visions of true virtue, providing guidance for defeating evil.",
      "The Book of Exalted Deeds rarely lingers in one place. As soon as the book is read, it vanishes to some other corner of the multiverse where its moral guidance can bring hope to an endangered world. Although attempts have been made to copy the work, efforts to do so fail to capture its magical nature or translate the benefits it offers to those pure of heart and firm of purpose.",
      "A heavy clasp, wrought to look like angel wings, keeps the book's contents secure. Only a creature that is attuned to the book can release the clasp that holds it shut. Once the book is opened, the attuned creature must spend 80 hours reading and studying the book to digest its contents and gain its benefits.",
      "Other creatures that peruse the book's open pages can read the text but glean no deeper meaning and reap no benefits. A Fiend, an Undead, or a servant of a god from the Lower Planes that tries to read from the book takes {@damage 24d6} Radiant damage. This damage ignores {@variantrule Resistance|XPHB} and {@variantrule Immunity|XPHB}, and it can't be reduced or avoided by any means. A creature reduced to 0 {@variantrule Hit Points|XPHB} by this damage disappears in a flash and is destroyed, leaving its possessions behind. The book then vanishes, and the creature's {@variantrule Attunement|XPHB} to it ends.",
      "Benefits granted by the Book of Exalted Deeds last only as long as you strive to do good. If you fail to perform at least one act of kindness or generosity within the span of 10 days, or if you willingly perform an evil act, you lose all the benefits granted by the book.",
      {
        "type": "entries",
        "name": "Celestial Calm",
        "entries": [
          "While attuned to the book, you have {@variantrule Immunity|XPHB} to the {@condition Charmed|XPHB} and {@condition Frightened|XPHB} conditions and {@variantrule Resistance|XPHB} to Psychic damage. These benefits become permanent after you spend the requisite amount of time reading and studying the book."
        ]
      },
      {
        "type": "entries",
        "name": "Divine Wisdom",
        "entries": [
          "After you spend the requisite amount of time reading and studying the book, your Wisdom increases by 2, to a maximum of 24. You can't gain this benefit from the book more than once."
        ]
      },
      {
        "type": "entries",
        "name": "Enlightened Magic",
        "entries": [
          "After you spend the requisite amount of time reading and studying the book, any spell slot you expend to cast a spell counts as a spell slot of one level higher."
        ]
      },
      {
        "type": "entries",
        "name": "Halo",
        "entries": [
          "After you spend the requisite amount of time reading and studying the book, you gain a protective halo. This halo sheds {@variantrule Bright Light|XPHB} in a 10-foot radius and {@variantrule Dim Light|XPHB} for an additional 10 feet. You can dismiss or manifest the halo as a {@variantrule Bonus Action|XPHB}. While present, the halo gives you {@variantrule Advantage|XPHB} on Charisma ({@skill Persuasion|XPHB}) checks. In addition, Fiends and Undead within the halo's {@variantrule Bright Light|XPHB} make attack rolls against you with {@variantrule Disadvantage|XPHB}."
        ]
      },
      {
        "type": "entries",
        "name": "Random Properties",
        "entries": [
          "The Book of Exalted Deeds has the following random properties:",
          {
            "type": "list",
            "items": [
              "2 {@table Artifact Properties; Minor Beneficial Properties|XDMG|minor beneficial} properties",
              "2 {@table Artifact Properties; Major Beneficial Properties|XDMG|major beneficial} properties"
            ]
          }
        ]
      },
      {
        "type": "entries",
        "name": "Destroying the Book",
        "entries": [
          "The Book of Exalted Deeds can't be destroyed. However, drowning the book in the River Styx removes all writing and imagery from its pages and renders the book powerless for {@dice 1d100} years."
        ]
      }
    ],
    "html": "The definitive treatise on all that is good in the multiverse, the Book of Exalted Deeds figures prominently in many religions. Rather than being a scripture devoted to a particular faith, the book's authors filled the pages with their own visions of true virtue, providing guidance for defeating evil.\nThe Book of Exalted Deeds rarely lingers in one place. As soon as the book is read, it vanishes to some other corner of the multiverse where its moral guidance can bring hope to an endangered world. Although attempts have been made to copy the work, efforts to do so fail to capture its magical nature or translate the benefits it offers to those pure of heart and firm of purpose.\nA heavy clasp, wrought to look like angel wings, keeps the book's contents secure. Only a creature that is attuned to the book can release the clasp that holds it shut. Once the book is opened, the attuned creature must spend 80 hours reading and studying the book to digest its contents and gain its benefits.\nOther creatures that peruse the book's open pages can read the text but glean no deeper meaning and reap no benefits. A Fiend, an Undead, or a servant of a god from the Lower Planes that tries to read from the book takes {{@damage|24d6}} Radiant damage. This damage ignores {{@variantrule|Resistance|XPHB}} and {{@variantrule|Immunity|XPHB}}, and it can't be reduced or avoided by any means. A creature reduced to 0 {{@variantrule|Hit Points|XPHB}} by this damage disappears in a flash and is destroyed, leaving its possessions behind. The book then vanishes, and the creature's {{@variantrule|Attunement|XPHB}} to it ends.\nBenefits granted by the Book of Exalted Deeds last only as long as you strive to do good. If you fail to perform at least one act of kindness or generosity within the span of 10 days, or if you willingly perform an evil act, you lose all the benefits granted by the book.\n<div class=\"parser-entries\"><div class=\"parser-entries-name\">Celestial Calm</div><div class=\"parser-entries-content\">While attuned to the book, you have {{@variantrule|Immunity|XPHB}} to the {{@condition|Charmed|XPHB}} and {{@condition|Frightened|XPHB}} conditions and {{@variantrule|Resistance|XPHB}} to Psychic damage. These benefits become permanent after you spend the requisite amount of time reading and studying the book.</div></div>\n<div class=\"parser-entries\"><div class=\"parser-entries-name\">Divine Wisdom</div><div class=\"parser-entries-content\">After you spend the requisite amount of time reading and studying the book, your Wisdom increases by 2, to a maximum of 24. You can't gain this benefit from the book more than once.</div></div>\n<div class=\"parser-entries\"><div class=\"parser-entries-name\">Enlightened Magic</div><div class=\"parser-entries-content\">After you spend the requisite amount of time reading and studying the book, any spell slot you expend to cast a spell counts as a spell slot of one level higher.</div></div>\n<div class=\"parser-entries\"><div class=\"parser-entries-name\">Halo</div><div class=\"parser-entries-content\">After you spend the requisite amount of time reading and studying the book, you gain a protective halo. This halo sheds {{@variantrule|Bright Light|XPHB}} in a 10-foot radius and {{@variantrule|Dim Light|XPHB}} for an additional 10 feet. You can dismiss or manifest the halo as a {{@variantrule|Bonus Action|XPHB}}. While present, the halo gives you {{@variantrule|Advantage|XPHB}} on Charisma ({{@skill|Persuasion|XPHB}}) checks. In addition, Fiends and Undead within the halo's {{@variantrule|Bright Light|XPHB}} make attack rolls against you with {{@variantrule|Disadvantage|XPHB}}.</div></div>\n<div class=\"parser-entries\"><div class=\"parser-entries-name\">Random Properties</div><div class=\"parser-entries-content\">The Book of Exalted Deeds has the following random properties:<ul class=\"parser-list parser-list-default\"><li>2 {{@table|Artifact Properties; Minor Beneficial Properties|XDMG|minor beneficial}} properties</li><li>2 {{@table|Artifact Properties; Major Beneficial Properties|XDMG|major beneficial}} properties</li></ul></div></div>\n<div class=\"parser-entries\"><div class=\"parser-entries-name\">Destroying the Book</div><div class=\"parser-entries-content\">The Book of Exalted Deeds can't be destroyed. However, drowning the book in the River Styx removes all writing and imagery from its pages and renders the book powerless for {{@dice|1d100}} years.</div></div>"
  },
  "bonus": {}
}