{
  "dataType": "item",
  "uid": "item_Book of Vile Darkness|XDMG ",
  "id": "Book of Vile Darkness|XDMG",
  "weight": 5,
  "rarity": "artifact",
  "isBaseItem": false,
  "baseItem": "",
  "displayName": {
    "zh": "秽暗之书",
    "en": "Book of Vile Darkness"
  },
  "mainSource": {
    "source": "XDMG",
    "page": 238
  },
  "allSources": [
    {
      "source": "XDMG",
      "page": 238
    }
  ],
  "relatedVersions": [
    "Book of Vile Darkness|DMG"
  ],
  "zh": {
    "name": "秽暗之书",
    "entries": [
      "这本邪恶手稿的内容是邪恶之人的食粮和饮料。它包含的知识如此可怕，以至于仅仅瞥见潦草的页面就会招致厄运。",
      "大多数人相信巫妖之神{@book 维克纳|XDMG|8|维克纳}撰写了《邪恶黑暗之书》。他将遇到的或创造的每一个可怕的想法、每一个腐败的思想以及每一个邪恶魔法的例子都记录在它的页面上。",
      "其他邪恶的实践者也将自己的见解添加到了这本书的邪恶知识目录中。他们的补充是清晰的，因为后来的作者将他们所写的内容缝入了这本书，或者在某些情况下，对现有文本进行了注释和补充。有些地方的页面缺失、撕破或被墨水、血液和划痕完全覆盖，以至于无法推断出原始文本。",
      "{@skill 自然|XPHB} 不能忍受这本书的存在。普通的植物在它附近枯萎，普通的动物不愿意接近它，这本书逐渐破坏它所触碰的一切。如果这本书长时间放在石头上，即使是石头也会裂开并变成粉末。",
      "每当一个既不是恶魔也不是不死生物的生物调谐至《邪恶黑暗之书》时，该生物需进行一次{@dc 17}的魅力豁免检定。若豁免失败，该生物将被魔法转变为DM控制的{@creature 幼虫魔|XMM}。只有{@spell 祈愿术|XPHB}法术才能逆转这种邪恶的转变。",
      "一个与这本书协调的生物必须花费80小时阅读和研究它，以消化其内容并使用其调整后的属性分数、无尽形态、法术、邪恶知识以及邪恶语言特性。",
      "《邪恶之书》只有在你努力在世界上行恶时才会与你同在。如果你在10天内未能至少执行一次邪恶行为，或者你自愿执行了一次善行，这本书就会消失，你对它的{@variantrule 同调|XPHB}立即结束，你将失去它所赋予的所有好处。如果你在与这本书调谐时死去，一个巨大的邪恶实体会索取你的灵魂。只要你的灵魂被囚禁，你就不能通过任何手段复活。",
      {
        "ENG_name": "Adjusted Ability Scores",
        "name": "属性值修正",
        "type": "entries",
        "entries": [
          "你可以选择一个能力值增加2点，最高不超过24。你可以选择另一个能力值减少2点，最低不低于3。这本书不能再调整你的能力值了。"
        ]
      },
      {
        "ENG_name": "Tireless Form",
        "name": "无休形态",
        "type": "entries",
        "entries": [
          "当这本书在你身上时，你对{@variantrule 免疫|XPHB}了{@condition 力竭|XPHB}状态。"
        ]
      },
      {
        "ENG_name": "Random Properties",
        "name": "随机词条",
        "type": "entries",
        "entries": [
          "秽暗之书具有以下随机词条：",
          {
            "type": "list",
            "items": [
              "3项{@table 神器词条; 次要增益词条|XDMG|弱效增益}属性",
              "1 项{@table 神器词条; 主要增益词条|XDMG|强效增益}属性",
              "3项{@table 神器词条; 次要减益词条|XDMG|弱效减益}属性",
              "2项{@table 神器词条; 主要减益词条|XDMG|强效减益}属性"
            ]
          }
        ]
      },
      {
        "ENG_name": "Spells",
        "name": "法术",
        "type": "entries",
        "entries": [
          "当你持有并握着这本书时，你可以从中施放以下法术（豁免 {@dc 18}）：",
          {
            "type": "list",
            "items": [
              "{@spell 活化死尸|XPHB}",
              "{@spell 死亡法阵|XPHB}",
              "{@spell 支配怪物|XPHB}",
              "{@spell 死亡一指|XPHB}"
            ]
          },
          "一旦你使用这本书施放了一个法术，直到下一个黎明之前，你不能再从它那里施放那个法术。"
        ]
      },
      {
        "ENG_name": "Vile Lore",
        "name": "秽恶学识",
        "type": "entries",
        "entries": [
          "你可以在进行智力检定以回忆关于邪恶的某些方面的信息时，参考《邪恶之书》。例如，关于恶魔的传说。当你这样做时，你在该检定上有{@variantrule 优势|XPHB}。",
          "在地下城主的自由裁量下，这本书可能会揭示凡人不应知晓的秘密，比如强大的恶魔的真实名字、允许人变成死亡骑士或巫妖的邪恶仪式，或是那些名字永远不应被大声说出的邪恶生物所创造的失传法术。"
        ]
      },
      {
        "ENG_name": "Vile Speech",
        "name": "秽恶灵言",
        "type": "entries",
        "entries": [
          "当这本书在你身上时，你可以采取一个{@action 魔法|XPHB}动作来诵读其页面上的污秽、死亡的语言。每次你这样做时，你会遭受{@damage 1d12}心灵伤害，并且你周围15英尺内的每个生物都会遭受{@damage 3d6}心灵伤害，除非该生物是恶魔或亡灵。"
        ]
      },
      {
        "ENG_name": "Destroying the Book",
        "name": "摧毁此书",
        "type": "entries",
        "entries": [
          "秽暗之书允许从其撕下书页，但那些书页上记载的任何邪恶学识最终都会回到书中，通常是在新作者向卷册添加书页时。",
          "如果一个{@creature 炽天神侍|XMM}将这本书撕成两半，这本书将被摧毁{@dice 1d100}年，之后它会在多元宇宙的某个遥远角落重新形成。",
          "一个与这本书共鸣了100年的生物可以发掘出隐藏在原始文本中的一个短语，当这个短语被翻译成天界语并大声说出时，说话者和书会在一道光辉中被摧毁。然而，只要多元宇宙中存在邪恶，这本书就会在{@dice 1d10 × 100}年后重新形成。"
        ]
      }
    ],
    "html": "这本邪恶手稿的内容是邪恶之人的食粮和饮料。它包含的知识如此可怕，以至于仅仅瞥见潦草的页面就会招致厄运。\n大多数人相信巫妖之神{{@book|维克纳|XDMG|8|维克纳}}撰写了《邪恶黑暗之书》。他将遇到的或创造的每一个可怕的想法、每一个腐败的思想以及每一个邪恶魔法的例子都记录在它的页面上。\n其他邪恶的实践者也将自己的见解添加到了这本书的邪恶知识目录中。他们的补充是清晰的，因为后来的作者将他们所写的内容缝入了这本书，或者在某些情况下，对现有文本进行了注释和补充。有些地方的页面缺失、撕破或被墨水、血液和划痕完全覆盖，以至于无法推断出原始文本。\n{{@skill|自然|XPHB}} 不能忍受这本书的存在。普通的植物在它附近枯萎，普通的动物不愿意接近它，这本书逐渐破坏它所触碰的一切。如果这本书长时间放在石头上，即使是石头也会裂开并变成粉末。\n每当一个既不是恶魔也不是不死生物的生物调谐至《邪恶黑暗之书》时，该生物需进行一次{{@dc|17}}的魅力豁免检定。若豁免失败，该生物将被魔法转变为DM控制的{{@creature|幼虫魔|XMM}}。只有{{@spell|祈愿术|XPHB}}法术才能逆转这种邪恶的转变。\n一个与这本书协调的生物必须花费80小时阅读和研究它，以消化其内容并使用其调整后的属性分数、无尽形态、法术、邪恶知识以及邪恶语言特性。\n《邪恶之书》只有在你努力在世界上行恶时才会与你同在。如果你在10天内未能至少执行一次邪恶行为，或者你自愿执行了一次善行，这本书就会消失，你对它的{{@variantrule|同调|XPHB}}立即结束，你将失去它所赋予的所有好处。如果你在与这本书调谐时死去，一个巨大的邪恶实体会索取你的灵魂。只要你的灵魂被囚禁，你就不能通过任何手段复活。\n<div class=\"parser-entries\"><div class=\"parser-entries-name\">属性值修正</div><div class=\"parser-entries-eng-name\">Adjusted Ability Scores</div><div class=\"parser-entries-content\">你可以选择一个能力值增加2点，最高不超过24。你可以选择另一个能力值减少2点，最低不低于3。这本书不能再调整你的能力值了。</div></div>\n<div class=\"parser-entries\"><div class=\"parser-entries-name\">无休形态</div><div class=\"parser-entries-eng-name\">Tireless Form</div><div class=\"parser-entries-content\">当这本书在你身上时，你对{{@variantrule|免疫|XPHB}}了{{@condition|力竭|XPHB}}状态。</div></div>\n<div class=\"parser-entries\"><div class=\"parser-entries-name\">随机词条</div><div class=\"parser-entries-eng-name\">Random Properties</div><div class=\"parser-entries-content\">秽暗之书具有以下随机词条：<ul class=\"parser-list parser-list-default\"><li>3项{{@table|神器词条; 次要增益词条|XDMG|弱效增益}}属性</li><li>1 项{{@table|神器词条; 主要增益词条|XDMG|强效增益}}属性</li><li>3项{{@table|神器词条; 次要减益词条|XDMG|弱效减益}}属性</li><li>2项{{@table|神器词条; 主要减益词条|XDMG|强效减益}}属性</li></ul></div></div>\n<div class=\"parser-entries\"><div class=\"parser-entries-name\">法术</div><div class=\"parser-entries-eng-name\">Spells</div><div class=\"parser-entries-content\">当你持有并握着这本书时，你可以从中施放以下法术（豁免 {{@dc|18}}）：<ul class=\"parser-list parser-list-default\"><li>{{@spell|活化死尸|XPHB}}</li><li>{{@spell|死亡法阵|XPHB}}</li><li>{{@spell|支配怪物|XPHB}}</li><li>{{@spell|死亡一指|XPHB}}</li></ul>一旦你使用这本书施放了一个法术，直到下一个黎明之前，你不能再从它那里施放那个法术。</div></div>\n<div class=\"parser-entries\"><div class=\"parser-entries-name\">秽恶学识</div><div class=\"parser-entries-eng-name\">Vile Lore</div><div class=\"parser-entries-content\">你可以在进行智力检定以回忆关于邪恶的某些方面的信息时，参考《邪恶之书》。例如，关于恶魔的传说。当你这样做时，你在该检定上有{{@variantrule|优势|XPHB}}。在地下城主的自由裁量下，这本书可能会揭示凡人不应知晓的秘密，比如强大的恶魔的真实名字、允许人变成死亡骑士或巫妖的邪恶仪式，或是那些名字永远不应被大声说出的邪恶生物所创造的失传法术。</div></div>\n<div class=\"parser-entries\"><div class=\"parser-entries-name\">秽恶灵言</div><div class=\"parser-entries-eng-name\">Vile Speech</div><div class=\"parser-entries-content\">当这本书在你身上时，你可以采取一个{{@action|魔法|XPHB}}动作来诵读其页面上的污秽、死亡的语言。每次你这样做时，你会遭受{{@damage|1d12}}心灵伤害，并且你周围15英尺内的每个生物都会遭受{{@damage|3d6}}心灵伤害，除非该生物是恶魔或亡灵。</div></div>\n<div class=\"parser-entries\"><div class=\"parser-entries-name\">摧毁此书</div><div class=\"parser-entries-eng-name\">Destroying the Book</div><div class=\"parser-entries-content\">秽暗之书允许从其撕下书页，但那些书页上记载的任何邪恶学识最终都会回到书中，通常是在新作者向卷册添加书页时。如果一个{{@creature|炽天神侍|XMM}}将这本书撕成两半，这本书将被摧毁{{@dice|1d100}}年，之后它会在多元宇宙的某个遥远角落重新形成。一个与这本书共鸣了100年的生物可以发掘出隐藏在原始文本中的一个短语，当这个短语被翻译成天界语并大声说出时，说话者和书会在一道光辉中被摧毁。然而，只要多元宇宙中存在邪恶，这本书就会在{{@dice|1d10 × 100}}年后重新形成。</div></div>"
  },
  "en": {
    "name": "Book of Vile Darkness",
    "entries": [
      "The contents of this foul manuscript are the meat and drink of the wicked. It contains knowledge so horrid that to even glimpse the scrawled pages invites doom.",
      "Most believe the lich-god {@book Vecna|XDMG|8|Vecna} authored the Book of Vile Darkness. He recorded in its pages every horrid idea, every corrupt thought, and every example of foul magic he came across or devised.",
      "Other practitioners of evil have added their own input to the book's catalog of vile knowledge. Their additions are clear, for the writers of later works stitched whatever they were writing into the tome or, in some cases, made notations and additions to existing text. There are places where pages are missing, torn, or covered so completely with ink, blood, and scratches that the original text can't be divined.",
      "{@skill Nature|XPHB} can't abide the book's presence. Ordinary plants wither in its presence, common animals are unwilling to approach it, and the book gradually destroys whatever it touches. Even stone cracks and turns to powder if the book rests on it long enough.",
      "Whenever a creature that isn't a Fiend or an Undead attunes to the Book of Vile Darkness, that creature makes a {@dc 17} Charisma saving throw. On a failed save, the creature is magically transformed into a {@creature Larva|XMM} under the DM's control. Only a {@spell Wish|XPHB} spell can reverse this vile transformation.",
      "A creature attuned to the book must spend 80 hours reading and studying it to digest its contents and use its Adjusted Ability Scores, Tireless Form, Spells, Vile Lore, and Vile Speech properties.",
      "The Book of Vile Darkness remains with you only as long as you strive to work evil in the world. If you fail to perform at least one evil act within the span of 10 days, or if you willingly perform a good act, the book disappears, your {@variantrule Attunement|XPHB} to it ends immediately, and you lose all benefits granted by it. If you die while attuned to the book, an entity of great evil claims your soul. You can't be restored to life by any means while your soul remains imprisoned.",
      {
        "type": "entries",
        "name": "Adjusted Ability Scores",
        "entries": [
          "One ability score of your choice increases by 2, to a maximum of 24. Another ability score of your choice decreases by 2, to a minimum of 3. The book can't adjust your ability scores again."
        ]
      },
      {
        "type": "entries",
        "name": "Tireless Form",
        "entries": [
          "While the book is on your person, you have {@variantrule Immunity|XPHB} to the {@condition Exhaustion|XPHB} condition."
        ]
      },
      {
        "type": "entries",
        "name": "Random Properties",
        "entries": [
          "The Book of Vile Darkness has the following random properties:",
          {
            "type": "list",
            "items": [
              "3 {@table Artifact Properties; Minor Beneficial Properties|XDMG|minor beneficial} properties",
              "1 {@table Artifact Properties; Major Beneficial Properties|XDMG|major beneficial} property",
              "3 {@table Artifact Properties; Minor Detrimental Properties|XDMG|minor detrimental} properties",
              "2 {@table Artifact Properties; Major Detrimental Properties|XDMG|major detrimental} properties"
            ]
          }
        ]
      },
      {
        "type": "entries",
        "name": "Spells",
        "entries": [
          "While holding the book and holding it, you can cast the following spells (save {@dc 18}) from it:",
          {
            "type": "list",
            "items": [
              "{@spell Animate Dead|XPHB}",
              "{@spell Circle of Death|XPHB}",
              "{@spell Dominate Monster|XPHB}",
              "{@spell Finger of Death|XPHB}"
            ]
          },
          "Once you use the book to cast a spell, you can't cast that spell again from it until the next dawn."
        ]
      },
      {
        "type": "entries",
        "name": "Vile Lore",
        "entries": [
          "You can reference the Book of Vile Darkness whenever you make an Intelligence check to recall information about some aspect of evil, such as lore about demons. When you do so, you have {@variantrule Advantage|XPHB} on that check.",
          "At the DM's discretion, the book might reveal secrets no mortal should know, such as the true names of powerful Fiends, foul rites that allow one to transform into a death knight or lich, or long-lost spells crafted by beings so evil their names ought never to be spoken aloud."
        ]
      },
      {
        "type": "entries",
        "name": "Vile Speech",
        "entries": [
          "While the book is on your person, you can take a {@action Magic|XPHB} action to recite words from its pages in a foul, dead language. Each time you do so, you take {@damage 1d12} Psychic damage, and each creature within 15 feet of you takes {@damage 3d6} Psychic damage unless the creature is a Fiend or an Undead."
        ]
      },
      {
        "type": "entries",
        "name": "Destroying the Book",
        "entries": [
          "The Book of Vile Darkness allows pages to be torn from it, but any evil lore contained on those pages finds its way back into the book eventually, usually when a new author adds pages to the tome.",
          "If a {@creature solar|XMM} tears the book in two, the book is destroyed for {@dice 1d100} years, after which it re-forms in some far corner of the multiverse.",
          "A creature attuned to the book for 100 years can unearth a phrase hidden in the original text that, when translated to Celestial and spoken aloud, destroys both the speaker and the book in a flash of radiance. However, as long as evil exists in the multiverse, the book re-forms {@dice 1d10 × 100} years later."
        ]
      }
    ],
    "html": "The contents of this foul manuscript are the meat and drink of the wicked. It contains knowledge so horrid that to even glimpse the scrawled pages invites doom.\nMost believe the lich-god {{@book|Vecna|XDMG|8|Vecna}} authored the Book of Vile Darkness. He recorded in its pages every horrid idea, every corrupt thought, and every example of foul magic he came across or devised.\nOther practitioners of evil have added their own input to the book's catalog of vile knowledge. Their additions are clear, for the writers of later works stitched whatever they were writing into the tome or, in some cases, made notations and additions to existing text. There are places where pages are missing, torn, or covered so completely with ink, blood, and scratches that the original text can't be divined.\n{{@skill|Nature|XPHB}} can't abide the book's presence. Ordinary plants wither in its presence, common animals are unwilling to approach it, and the book gradually destroys whatever it touches. Even stone cracks and turns to powder if the book rests on it long enough.\nWhenever a creature that isn't a Fiend or an Undead attunes to the Book of Vile Darkness, that creature makes a {{@dc|17}} Charisma saving throw. On a failed save, the creature is magically transformed into a {{@creature|Larva|XMM}} under the DM's control. Only a {{@spell|Wish|XPHB}} spell can reverse this vile transformation.\nA creature attuned to the book must spend 80 hours reading and studying it to digest its contents and use its Adjusted Ability Scores, Tireless Form, Spells, Vile Lore, and Vile Speech properties.\nThe Book of Vile Darkness remains with you only as long as you strive to work evil in the world. If you fail to perform at least one evil act within the span of 10 days, or if you willingly perform a good act, the book disappears, your {{@variantrule|Attunement|XPHB}} to it ends immediately, and you lose all benefits granted by it. If you die while attuned to the book, an entity of great evil claims your soul. You can't be restored to life by any means while your soul remains imprisoned.\n<div class=\"parser-entries\"><div class=\"parser-entries-name\">Adjusted Ability Scores</div><div class=\"parser-entries-content\">One ability score of your choice increases by 2, to a maximum of 24. Another ability score of your choice decreases by 2, to a minimum of 3. The book can't adjust your ability scores again.</div></div>\n<div class=\"parser-entries\"><div class=\"parser-entries-name\">Tireless Form</div><div class=\"parser-entries-content\">While the book is on your person, you have {{@variantrule|Immunity|XPHB}} to the {{@condition|Exhaustion|XPHB}} condition.</div></div>\n<div class=\"parser-entries\"><div class=\"parser-entries-name\">Random Properties</div><div class=\"parser-entries-content\">The Book of Vile Darkness has the following random properties:<ul class=\"parser-list parser-list-default\"><li>3 {{@table|Artifact Properties; Minor Beneficial Properties|XDMG|minor beneficial}} properties</li><li>1 {{@table|Artifact Properties; Major Beneficial Properties|XDMG|major beneficial}} property</li><li>3 {{@table|Artifact Properties; Minor Detrimental Properties|XDMG|minor detrimental}} properties</li><li>2 {{@table|Artifact Properties; Major Detrimental Properties|XDMG|major detrimental}} properties</li></ul></div></div>\n<div class=\"parser-entries\"><div class=\"parser-entries-name\">Spells</div><div class=\"parser-entries-content\">While holding the book and holding it, you can cast the following spells (save {{@dc|18}}) from it:<ul class=\"parser-list parser-list-default\"><li>{{@spell|Animate Dead|XPHB}}</li><li>{{@spell|Circle of Death|XPHB}}</li><li>{{@spell|Dominate Monster|XPHB}}</li><li>{{@spell|Finger of Death|XPHB}}</li></ul>Once you use the book to cast a spell, you can't cast that spell again from it until the next dawn.</div></div>\n<div class=\"parser-entries\"><div class=\"parser-entries-name\">Vile Lore</div><div class=\"parser-entries-content\">You can reference the Book of Vile Darkness whenever you make an Intelligence check to recall information about some aspect of evil, such as lore about demons. When you do so, you have {{@variantrule|Advantage|XPHB}} on that check.At the DM's discretion, the book might reveal secrets no mortal should know, such as the true names of powerful Fiends, foul rites that allow one to transform into a death knight or lich, or long-lost spells crafted by beings so evil their names ought never to be spoken aloud.</div></div>\n<div class=\"parser-entries\"><div class=\"parser-entries-name\">Vile Speech</div><div class=\"parser-entries-content\">While the book is on your person, you can take a {{@action|Magic|XPHB}} action to recite words from its pages in a foul, dead language. Each time you do so, you take {{@damage|1d12}} Psychic damage, and each creature within 15 feet of you takes {{@damage|3d6}} Psychic damage unless the creature is a Fiend or an Undead.</div></div>\n<div class=\"parser-entries\"><div class=\"parser-entries-name\">Destroying the Book</div><div class=\"parser-entries-content\">The Book of Vile Darkness allows pages to be torn from it, but any evil lore contained on those pages finds its way back into the book eventually, usually when a new author adds pages to the tome.If a {{@creature|solar|XMM}} tears the book in two, the book is destroyed for {{@dice|1d100}} years, after which it re-forms in some far corner of the multiverse.A creature attuned to the book for 100 years can unearth a phrase hidden in the original text that, when translated to Celestial and spoken aloud, destroys both the speaker and the book in a flash of radiance. However, as long as evil exists in the multiverse, the book re-forms {{@dice|1d10 × 100}} years later.</div></div>"
  },
  "bonus": {}
}