{
  "dataType": "item",
  "uid": "item_Bookmark|ToA ",
  "id": "Bookmark|ToA",
  "weight": 1,
  "rarity": "legendary",
  "isBaseItem": false,
  "baseItem": "dagger|phb",
  "displayName": {
    "zh": "书签",
    "en": "Bookmark"
  },
  "mainSource": {
    "source": "ToA",
    "page": 206
  },
  "allSources": [
    {
      "source": "ToA",
      "page": 206
    }
  ],
  "zh": {
    "name": "书签",
    "entries": [
      "这把+3匕首属于{@creature 阿图斯·辛贝尔|ToA}。当你拔出匕首时，你可以使用附赠动作来激活以下属性之一：",
      {
        "type": "list",
        "items": [
          "使得镶嵌在匕首柄上的蓝色宝石在20尺半径内发出明亮的光芒，并在额外的20尺内发出微弱的光芒，或者使宝石变暗。",
          "将匕首变成一个指南针，当你将它放在掌心时，它会指向北方。",
          "从匕首施展{@spell 任意门}法术。一旦使用了这个属性，直到下一个黎明之前都不能再次使用。",
          "从匕首施放{@spell 强迫术}法术（豁免{@dc 15}）。法术的范围增加到90尺，但它只针对野兽类型的蜘蛛。一旦使用了这个属性，直到下一个黎明之前都不能再次使用。"
        ]
      }
    ],
    "html": "这把+3匕首属于{{@creature|阿图斯·辛贝尔|ToA}}。当你拔出匕首时，你可以使用附赠动作来激活以下属性之一：\n<ul class=\"parser-list parser-list-default\"><li>使得镶嵌在匕首柄上的蓝色宝石在20尺半径内发出明亮的光芒，并在额外的20尺内发出微弱的光芒，或者使宝石变暗。</li><li>将匕首变成一个指南针，当你将它放在掌心时，它会指向北方。</li><li>从匕首施展{{@spell|任意门}}法术。一旦使用了这个属性，直到下一个黎明之前都不能再次使用。</li><li>从匕首施放{{@spell|强迫术}}法术（豁免{{@dc|15}}）。法术的范围增加到90尺，但它只针对野兽类型的蜘蛛。一旦使用了这个属性，直到下一个黎明之前都不能再次使用。</li></ul>"
  },
  "en": {
    "name": "Bookmark",
    "entries": [
      "This +3 dagger belongs to {@creature Artus Cimber|ToA}. While you have the dagger drawn, you can use a bonus action to activate one of the following properties:",
      {
        "type": "list",
        "items": [
          "Cause a blue gem set into the dagger's pommel to shed bright light in a 20-foot radius and dim light for an additional 20 feet, or make the gem go dark.",
          "Turn the dagger into a compass that, while resting on your palm, points north.",
          "Cast {@spell dimension door} from the dagger. Once this property is used, it can't be used again until the next dawn.",
          "Cast {@spell compulsion} (save {@dc 15}) from the dagger. The range of the spell increases to 90 feet but it targets only spiders that are beasts. Once this property is used, it can't be used again until the next dawn."
        ]
      }
    ],
    "html": "This +3 dagger belongs to {{@creature|Artus Cimber|ToA}}. While you have the dagger drawn, you can use a bonus action to activate one of the following properties:\n<ul class=\"parser-list parser-list-default\"><li>Cause a blue gem set into the dagger's pommel to shed bright light in a 20-foot radius and dim light for an additional 20 feet, or make the gem go dark.</li><li>Turn the dagger into a compass that, while resting on your palm, points north.</li><li>Cast {{@spell|dimension door}} from the dagger. Once this property is used, it can't be used again until the next dawn.</li><li>Cast {{@spell|compulsion}} (save {{@dc|15}}) from the dagger. The range of the spell increases to 90 feet but it targets only spiders that are beasts. Once this property is used, it can't be used again until the next dawn.</li></ul>"
  },
  "bonus": {
    "weapon": 3
  }
}