{
  "dataType": "item",
  "uid": "item_Book of Vile Darkness|DMG ",
  "id": "Book of Vile Darkness|DMG",
  "weight": 5,
  "rarity": "artifact",
  "isBaseItem": false,
  "baseItem": "",
  "displayName": {
    "zh": "秽暗之书",
    "en": "Book of Vile Darkness"
  },
  "mainSource": {
    "source": "DMG",
    "page": 222
  },
  "allSources": [
    {
      "source": "DMG",
      "page": 222
    },
    {
      "source": "XDMG",
      "page": 0
    }
  ],
  "relatedVersions": [
    "Book of Vile Darkness|XDMG"
  ],
  "zh": {
    "name": "秽暗之书",
    "entries": [
      "这本污秽手稿中难以言喻的邪恶内容，是那些受邪恶奴役者的精神食粮。凡人本不该知晓其中蕴含的秘密，这些知识如此恐怖，哪怕只是瞥见潦草的书页都会招致疯狂。",
      "大多数人相信巫妖神维克那撰写了秽暗之书。他在书页中记录了他遇到或设计的每一个病态想法、每一个疯狂念头和每一个最黑暗魔法的例子。维克那涵盖了他所能涉及的所有邪恶主题，使这本书成为所有凡人罪恶的可怕目录。",
      "其他邪恶的实践者曾持有这本书，并对其中的邪恶知识目录添加了自己的见解。他们的增补内容清晰可见，因为后来的作者将他们所写的内容缝入卷册，或在某些情况下对现有文本进行了注释和补充。有些地方页面缺失、撕裂，或被墨水、血液和刮痕完全覆盖，以致无法辨识原文。",
      "自然无法容忍这本书的存在。普通植物在其附近枯萎，动物不愿接近它，这本书会逐渐摧毁它所接触的一切。即使是石头，如果这本书在其上放置足够长的时间，也会破裂并化为粉末。",
      "一个与该书同调的生物必须花费80小时阅读和研究它来消化其内容并获得其益处。该生物随后可以自由修改书的内容，前提是这些修改能推进邪恶并扩展书中已有的知识。",
      "每当一个非邪恶生物与秽暗之书同调时，该生物必须进行一次{@dc 17}的魅力豁免。豁免失败时，该生物的阵营变为中立邪恶。",
      "秽暗之书只会在你致力于在世间行恶时留在你身边。如果你在10天内未能实施至少一次恶行，或你自愿行善，这本书就会消失。如果你在与此书同调期间死亡，一个强大的邪恶存在将占据你的灵魂。在你的灵魂被囚禁期间，你无法以任何方式复活。",
      {
        "ENG_name": "Random Properties",
        "name": "随机词条",
        "type": "entries",
        "entries": [
          "秽暗之书具有以下随机词条：",
          {
            "type": "list",
            "items": [
              "3 {@table 神器词条; 次要增益词条|DMG|次要增益词条}",
              "1 {@table 神器词条; 主要增益词条|DMG|强效增益属性}",
              "3 {@table 神器词条; 次要减益词条|DMG|次要减益词条}",
              "2 {@table 神器词条; 主要减益词条|DMG|主要减益词条}"
            ]
          }
        ]
      },
      {
        "ENG_name": "Adjusted Ability Scores",
        "name": "属性值修正",
        "type": "entries",
        "entries": [
          "在你花费必要的时间阅读并研习这本书后，你选择的一项属性值提升2点，最高不超过24。你选择的另一项属性值降低2点，最低不低于3。这本书无法再次调整你的属性值。"
        ]
      },
      {
        "ENG_name": "Mark of Darkness",
        "name": "黑暗印记",
        "type": "entries",
        "entries": [
          "在你花费必要的时间阅读并研习此书后，你将获得一个身体上的畸变，作为你献身于秽暗之书的丑陋标志。一个邪恶的符文可能出现在你的脸上，你的眼睛可能变得漆黑如镜，或者犄角可能从你的额头长出。又或者你可能变得干瘪而丑陋，失去所有面部特征，获得分叉的舌头，或者其他由DM选择的特征。黑暗印记使你在与邪恶生物互动时进行的魅力（{@skill 游说}）检定以及与善良生物互动时进行的魅力（{@skill 威吓}）检定具有优势。"
        ]
      },
      {
        "ENG_name": "Command Evil",
        "name": "命令邪恶",
        "type": "entries",
        "entries": [
          "同调并持握此卷册期间，你可以用一个动作对邪恶目标施放{@spell 支配怪物}法术（豁免{@dc 18}）。该词条一经使用，直至次日黎明你都无法再次使用。"
        ]
      },
      {
        "ENG_name": "Dark Lore",
        "name": "暗秘学识",
        "type": "entries",
        "entries": [
          "每当你进行智力检定以回忆关于邪恶方面的信息，例如关于恶魔的学识时，你可以参考秽暗之书。当你这样做时，该检定的熟练加值翻倍。"
        ]
      },
      {
        "ENG_name": "Dark Speech",
        "name": "黑暗低语",
        "type": "entries",
        "entries": [
          "当你携带秽暗之书并与之同调时，你可以用一个动作以被称为黑暗低语的污秽语言诵读其书页上的词句。每当你这样做时，你受到{@damage 1d12}心灵伤害，并且你周围15尺内的每个非邪恶生物受到{@damage 3d6}心灵伤害。"
        ]
      },
      {
        "ENG_name": "Destroying the Book",
        "name": "摧毁此书",
        "type": "entries",
        "entries": [
          "秽暗之书允许从其撕下书页，但那些书页上记载的任何邪恶学识最终都会回到书中，通常是在新作者向卷册添加书页时。",
          "如果一位{@creature 炽天神侍}将书撕成两半，此书将被摧毁{@dice 1d100}年，之后它会在多元宇宙的某个黑暗角落重新形成。",
          "一个与该书调谐一百年的生物可以发掘出原始文本中隐藏的一个短语，当被翻译成天界语并大声说出时，会在耀眼的致盲闪光中摧毁说话者和该书。然而，只要多元宇宙中存在邪恶，该书就会在 {@dice 1d10 × 100} 年后重新形成。",
          "如果多元宇宙中的所有邪恶都被抹除，此书将化为尘埃并永久摧毁。"
        ]
      }
    ],
    "html": "这本污秽手稿中难以言喻的邪恶内容，是那些受邪恶奴役者的精神食粮。凡人本不该知晓其中蕴含的秘密，这些知识如此恐怖，哪怕只是瞥见潦草的书页都会招致疯狂。\n大多数人相信巫妖神维克那撰写了秽暗之书。他在书页中记录了他遇到或设计的每一个病态想法、每一个疯狂念头和每一个最黑暗魔法的例子。维克那涵盖了他所能涉及的所有邪恶主题，使这本书成为所有凡人罪恶的可怕目录。\n其他邪恶的实践者曾持有这本书，并对其中的邪恶知识目录添加了自己的见解。他们的增补内容清晰可见，因为后来的作者将他们所写的内容缝入卷册，或在某些情况下对现有文本进行了注释和补充。有些地方页面缺失、撕裂，或被墨水、血液和刮痕完全覆盖，以致无法辨识原文。\n自然无法容忍这本书的存在。普通植物在其附近枯萎，动物不愿接近它，这本书会逐渐摧毁它所接触的一切。即使是石头，如果这本书在其上放置足够长的时间，也会破裂并化为粉末。\n一个与该书同调的生物必须花费80小时阅读和研究它来消化其内容并获得其益处。该生物随后可以自由修改书的内容，前提是这些修改能推进邪恶并扩展书中已有的知识。\n每当一个非邪恶生物与秽暗之书同调时，该生物必须进行一次{{@dc|17}}的魅力豁免。豁免失败时，该生物的阵营变为中立邪恶。\n秽暗之书只会在你致力于在世间行恶时留在你身边。如果你在10天内未能实施至少一次恶行，或你自愿行善，这本书就会消失。如果你在与此书同调期间死亡，一个强大的邪恶存在将占据你的灵魂。在你的灵魂被囚禁期间，你无法以任何方式复活。\n<div class=\"parser-entries\"><div class=\"parser-entries-name\">随机词条</div><div class=\"parser-entries-eng-name\">Random Properties</div><div class=\"parser-entries-content\">秽暗之书具有以下随机词条：<ul class=\"parser-list parser-list-default\"><li>3 {{@table|神器词条; 次要增益词条|DMG|次要增益词条}}</li><li>1 {{@table|神器词条; 主要增益词条|DMG|强效增益属性}}</li><li>3 {{@table|神器词条; 次要减益词条|DMG|次要减益词条}}</li><li>2 {{@table|神器词条; 主要减益词条|DMG|主要减益词条}}</li></ul></div></div>\n<div class=\"parser-entries\"><div class=\"parser-entries-name\">属性值修正</div><div class=\"parser-entries-eng-name\">Adjusted Ability Scores</div><div class=\"parser-entries-content\">在你花费必要的时间阅读并研习这本书后，你选择的一项属性值提升2点，最高不超过24。你选择的另一项属性值降低2点，最低不低于3。这本书无法再次调整你的属性值。</div></div>\n<div class=\"parser-entries\"><div class=\"parser-entries-name\">黑暗印记</div><div class=\"parser-entries-eng-name\">Mark of Darkness</div><div class=\"parser-entries-content\">在你花费必要的时间阅读并研习此书后，你将获得一个身体上的畸变，作为你献身于秽暗之书的丑陋标志。一个邪恶的符文可能出现在你的脸上，你的眼睛可能变得漆黑如镜，或者犄角可能从你的额头长出。又或者你可能变得干瘪而丑陋，失去所有面部特征，获得分叉的舌头，或者其他由DM选择的特征。黑暗印记使你在与邪恶生物互动时进行的魅力（{{@skill|游说}}）检定以及与善良生物互动时进行的魅力（{{@skill|威吓}}）检定具有优势。</div></div>\n<div class=\"parser-entries\"><div class=\"parser-entries-name\">命令邪恶</div><div class=\"parser-entries-eng-name\">Command Evil</div><div class=\"parser-entries-content\">同调并持握此卷册期间，你可以用一个动作对邪恶目标施放{{@spell|支配怪物}}法术（豁免{{@dc|18}}）。该词条一经使用，直至次日黎明你都无法再次使用。</div></div>\n<div class=\"parser-entries\"><div class=\"parser-entries-name\">暗秘学识</div><div class=\"parser-entries-eng-name\">Dark Lore</div><div class=\"parser-entries-content\">每当你进行智力检定以回忆关于邪恶方面的信息，例如关于恶魔的学识时，你可以参考秽暗之书。当你这样做时，该检定的熟练加值翻倍。</div></div>\n<div class=\"parser-entries\"><div class=\"parser-entries-name\">黑暗低语</div><div class=\"parser-entries-eng-name\">Dark Speech</div><div class=\"parser-entries-content\">当你携带秽暗之书并与之同调时，你可以用一个动作以被称为黑暗低语的污秽语言诵读其书页上的词句。每当你这样做时，你受到{{@damage|1d12}}心灵伤害，并且你周围15尺内的每个非邪恶生物受到{{@damage|3d6}}心灵伤害。</div></div>\n<div class=\"parser-entries\"><div class=\"parser-entries-name\">摧毁此书</div><div class=\"parser-entries-eng-name\">Destroying the Book</div><div class=\"parser-entries-content\">秽暗之书允许从其撕下书页，但那些书页上记载的任何邪恶学识最终都会回到书中，通常是在新作者向卷册添加书页时。如果一位{{@creature|炽天神侍}}将书撕成两半，此书将被摧毁{{@dice|1d100}}年，之后它会在多元宇宙的某个黑暗角落重新形成。一个与该书调谐一百年的生物可以发掘出原始文本中隐藏的一个短语，当被翻译成天界语并大声说出时，会在耀眼的致盲闪光中摧毁说话者和该书。然而，只要多元宇宙中存在邪恶，该书就会在 {{@dice|1d10 × 100}} 年后重新形成。如果多元宇宙中的所有邪恶都被抹除，此书将化为尘埃并永久摧毁。</div></div>"
  },
  "en": {
    "name": "Book of Vile Darkness",
    "entries": [
      "The contents of this foul manuscript of ineffable wickedness are the meat and drink of those in evil's thrall. No mortal was meant to know the secrets it contains, knowledge so horrid that to even glimpse the scrawled pages invites madness.",
      "Most believe the lich-god Vecna authored the Book of Vile Darkness. He recorded in its pages every diseased idea, every unhinged thought, and every example of blackest magic he came across or devised. Vecna covered every vile topic he could, making the book a gruesome catalog of all mortal wrongs.",
      "Other practitioners of evil have held the book and added their own input to its catalog of vile knowledge. Their additions are clear, for the writers of later works stitched whatever they were writing into the tome or, in some cases, made notations and additions to existing text. There are places where pages are missing, torn. or covered so completely with ink, blood, and scratches that the original text can't be divined.",
      "Nature can't abide the book's presence. Ordinary plants wither in its presence, animals are unwilling to approach it, and the book gradually destroys whatever it touches. Even stone cracks and turns to powder if the book rests on it long enough.",
      "A creature attuned to the book must spend 80 hours reading and studying it to digest its contents and reap its benefits. The creature can then freely modify the book's contents, provided that those modifications advance evil and expand the lore already contained within.",
      "Whenever a non-evil creature attunes to the Book of Vile Darkness, that creature must make a {@dc 17} Charisma saving throw. On a failed save, the creature's alignment changes to neutral evil.",
      "The Book of Vile Darkness remains with you only as long as you strive to work evil in the world. If you fail to perform at least one evil act within the span of 10 days, or if you willingly perform a good act, the book disappears. If you die while attuned to the book, an entity of great evil claims your soul. You can't be restored to life by any means while your soul remains imprisoned.",
      {
        "name": "Random Properties",
        "type": "entries",
        "entries": [
          "The Book of Vile Darkness has the following random properties:",
          {
            "type": "list",
            "items": [
              "3 {@table Artifact Properties; Minor Beneficial Properties|dmg|minor beneficial properties}",
              "1 {@table Artifact Properties; Major Beneficial Properties|dmg|major beneficial property}",
              "3 {@table Artifact Properties; Minor Detrimental Properties|dmg|minor detrimental properties}",
              "2 {@table Artifact Properties; Major Detrimental Properties|dmg|major detrimental properties}"
            ]
          }
        ]
      },
      {
        "name": "Adjusted Ability Scores",
        "type": "entries",
        "entries": [
          "After you spend the requisite amount of time reading and studying the book, one ability score of your choice increases by 2, to a maximum of 24. Another ability score of your choice decreases by 2, to a minimum of 3. The book can't adjust your ability scores again."
        ]
      },
      {
        "name": "Mark of Darkness",
        "type": "entries",
        "entries": [
          "After you spend the requisite amount of time reading and studying the book, you acquire a physical disfigurement as a hideous sign of your devotion to vile darkness. An evil rune might appear on your face, your eyes might become glossy black, or horns might sprout from your forehead. Or you might become wizened and hideous, lose all facial features, gain a forked tongue, or some other feature the DM chooses. The mark of darkness grants you advantage on Charisma ({@skill Persuasion}) checks made to interact with evil creatures and Charisma ({@skill Intimidation}) checks made to interact with non-evil creatures."
        ]
      },
      {
        "name": "Command Evil",
        "type": "entries",
        "entries": [
          "While you are attuned to the book and holding it, you can use an action to cast the {@spell dominate monster} spell on an evil target (save {@dc 18}). You can't use this property again until the next dawn."
        ]
      },
      {
        "name": "Dark Lore",
        "type": "entries",
        "entries": [
          "You can reference the Book of Vile Darkness whenever you make an Intelligence check to recall information about some aspect of evil, such as lore about demons. When you do so, double your proficiency bonus on that check."
        ]
      },
      {
        "name": "Dark Speech",
        "type": "entries",
        "entries": [
          "While you carry the Book of Vile Darkness and are attuned to it, you can use an action to recite words from its pages in a foul language known as Dark Speech. Each time you do so, you take {@damage 1d12} psychic damage, and each non-evil creature within 15 feet of you takes {@damage 3d6} psychic damage."
        ]
      },
      {
        "name": "Destroying the Book",
        "type": "entries",
        "entries": [
          "The Book of Vile Darkness allows pages to be torn from it, but any evil lore contained on those pages finds its way back into the book eventually, usually when a new author adds pages to the tome.",
          "If a {@creature solar} tears the book in two, the book is destroyed for {@dice 1d100} years, after which it reforms in some dark corner of the multiverse.",
          "A creature attuned to the book for one hundred years can unearth a phrase hidden in the original text that, when translated to Celestial and spoken aloud, destroys both the speaker and the book in a blinding flash of radiance. However, as long as evil exists in the multiverse, the book reforms {@dice 1d10 × 100} years later.",
          "If all evil in the multiverse is wiped out, the book turns to dust and is forever destroyed."
        ]
      }
    ],
    "html": "The contents of this foul manuscript of ineffable wickedness are the meat and drink of those in evil's thrall. No mortal was meant to know the secrets it contains, knowledge so horrid that to even glimpse the scrawled pages invites madness.\nMost believe the lich-god Vecna authored the Book of Vile Darkness. He recorded in its pages every diseased idea, every unhinged thought, and every example of blackest magic he came across or devised. Vecna covered every vile topic he could, making the book a gruesome catalog of all mortal wrongs.\nOther practitioners of evil have held the book and added their own input to its catalog of vile knowledge. Their additions are clear, for the writers of later works stitched whatever they were writing into the tome or, in some cases, made notations and additions to existing text. There are places where pages are missing, torn. or covered so completely with ink, blood, and scratches that the original text can't be divined.\nNature can't abide the book's presence. Ordinary plants wither in its presence, animals are unwilling to approach it, and the book gradually destroys whatever it touches. Even stone cracks and turns to powder if the book rests on it long enough.\nA creature attuned to the book must spend 80 hours reading and studying it to digest its contents and reap its benefits. The creature can then freely modify the book's contents, provided that those modifications advance evil and expand the lore already contained within.\nWhenever a non-evil creature attunes to the Book of Vile Darkness, that creature must make a {{@dc|17}} Charisma saving throw. On a failed save, the creature's alignment changes to neutral evil.\nThe Book of Vile Darkness remains with you only as long as you strive to work evil in the world. If you fail to perform at least one evil act within the span of 10 days, or if you willingly perform a good act, the book disappears. If you die while attuned to the book, an entity of great evil claims your soul. You can't be restored to life by any means while your soul remains imprisoned.\n<div class=\"parser-entries\"><div class=\"parser-entries-name\">Random Properties</div><div class=\"parser-entries-content\">The Book of Vile Darkness has the following random properties:<ul class=\"parser-list parser-list-default\"><li>3 {{@table|Artifact Properties; Minor Beneficial Properties|dmg|minor beneficial properties}}</li><li>1 {{@table|Artifact Properties; Major Beneficial Properties|dmg|major beneficial property}}</li><li>3 {{@table|Artifact Properties; Minor Detrimental Properties|dmg|minor detrimental properties}}</li><li>2 {{@table|Artifact Properties; Major Detrimental Properties|dmg|major detrimental properties}}</li></ul></div></div>\n<div class=\"parser-entries\"><div class=\"parser-entries-name\">Adjusted Ability Scores</div><div class=\"parser-entries-content\">After you spend the requisite amount of time reading and studying the book, one ability score of your choice increases by 2, to a maximum of 24. Another ability score of your choice decreases by 2, to a minimum of 3. The book can't adjust your ability scores again.</div></div>\n<div class=\"parser-entries\"><div class=\"parser-entries-name\">Mark of Darkness</div><div class=\"parser-entries-content\">After you spend the requisite amount of time reading and studying the book, you acquire a physical disfigurement as a hideous sign of your devotion to vile darkness. An evil rune might appear on your face, your eyes might become glossy black, or horns might sprout from your forehead. Or you might become wizened and hideous, lose all facial features, gain a forked tongue, or some other feature the DM chooses. The mark of darkness grants you advantage on Charisma ({{@skill|Persuasion}}) checks made to interact with evil creatures and Charisma ({{@skill|Intimidation}}) checks made to interact with non-evil creatures.</div></div>\n<div class=\"parser-entries\"><div class=\"parser-entries-name\">Command Evil</div><div class=\"parser-entries-content\">While you are attuned to the book and holding it, you can use an action to cast the {{@spell|dominate monster}} spell on an evil target (save {{@dc|18}}). You can't use this property again until the next dawn.</div></div>\n<div class=\"parser-entries\"><div class=\"parser-entries-name\">Dark Lore</div><div class=\"parser-entries-content\">You can reference the Book of Vile Darkness whenever you make an Intelligence check to recall information about some aspect of evil, such as lore about demons. When you do so, double your proficiency bonus on that check.</div></div>\n<div class=\"parser-entries\"><div class=\"parser-entries-name\">Dark Speech</div><div class=\"parser-entries-content\">While you carry the Book of Vile Darkness and are attuned to it, you can use an action to recite words from its pages in a foul language known as Dark Speech. Each time you do so, you take {{@damage|1d12}} psychic damage, and each non-evil creature within 15 feet of you takes {{@damage|3d6}} psychic damage.</div></div>\n<div class=\"parser-entries\"><div class=\"parser-entries-name\">Destroying the Book</div><div class=\"parser-entries-content\">The Book of Vile Darkness allows pages to be torn from it, but any evil lore contained on those pages finds its way back into the book eventually, usually when a new author adds pages to the tome.If a {{@creature|solar}} tears the book in two, the book is destroyed for {{@dice|1d100}} years, after which it reforms in some dark corner of the multiverse.A creature attuned to the book for one hundred years can unearth a phrase hidden in the original text that, when translated to Celestial and spoken aloud, destroys both the speaker and the book in a blinding flash of radiance. However, as long as evil exists in the multiverse, the book reforms {{@dice|1d10 × 100}} years later.If all evil in the multiverse is wiped out, the book turns to dust and is forever destroyed.</div></div>"
  },
  "bonus": {}
}