{
  "dataType": "item",
  "uid": "item_Book|XPHB ",
  "id": "Book|XPHB",
  "weight": 5,
  "value": 2500,
  "rarity": "none",
  "isBaseItem": false,
  "baseItem": "",
  "displayName": {
    "zh": "书籍",
    "en": "Book"
  },
  "mainSource": {
    "source": "XPHB",
    "page": 224
  },
  "allSources": [
    {
      "source": "XPHB",
      "page": 224
    }
  ],
  "relatedVersions": [
    "Book|PHB"
  ],
  "zh": {
    "name": "书籍",
    "entries": [
      "一本书会记载虚构或非虚构的内容。如果你在某些事物上参考了一本内容准确而非虚构的书，你在相关事物上的智力（{@skill 奥秘|XPHB}、{@skill 历史|XPHB}、{@skill 自然|XPHB}或{@skill 宗教|XPHB}）检定则获得+5的加值。"
    ],
    "html": "一本书会记载虚构或非虚构的内容。如果你在某些事物上参考了一本内容准确而非虚构的书，你在相关事物上的智力（{{@skill|奥秘|XPHB}}、{{@skill|历史|XPHB}}、{{@skill|自然|XPHB}}或{{@skill|宗教|XPHB}}）检定则获得+5的加值。"
  },
  "en": {
    "name": "Book",
    "entries": [
      "A Book contains fiction or nonfiction. If you consult an accurate nonfiction Book about its topic, you gain a +5 bonus to Intelligence ({@skill Arcana|XPHB}, {@skill History|XPHB}, {@skill Nature|XPHB}, or {@skill Religion|XPHB}) checks you make about that topic."
    ],
    "html": "A Book contains fiction or nonfiction. If you consult an accurate nonfiction Book about its topic, you gain a +5 bonus to Intelligence ({{@skill|Arcana|XPHB}}, {{@skill|History|XPHB}}, {{@skill|Nature|XPHB}}, or {{@skill|Religion|XPHB}}) checks you make about that topic."
  },
  "bonus": {}
}