{
  "dataType": "item",
  "uid": "item_Boots of Speed|XDMG ",
  "id": "Boots of Speed|XDMG",
  "rarity": "rare",
  "isBaseItem": false,
  "baseItem": "",
  "displayName": {
    "zh": "速度之靴",
    "en": "Boots of Speed"
  },
  "mainSource": {
    "source": "XDMG",
    "page": 240
  },
  "allSources": [
    {
      "source": "XDMG",
      "page": 240
    }
  ],
  "relatedVersions": [
    "Boots of Speed|DMG"
  ],
  "zh": {
    "name": "速度之靴",
    "entries": [
      "当你穿着这双靴子时，你可以使用{@variantrule 附赠动作|XPHB}点击靴子的后跟。如果你这样做，靴子会使你的{@variantrule 速度|XPHB}翻倍，并且任何对你进行{@action 借机攻击|XPHB}的生物在攻击检定上会有{@variantrule 劣势|XPHB}。如果你再次点击你的后跟，你将结束这个效果。",
      "当你总共使用了靴子的属性10分钟后，魔法对你来说将不再起作用，直到你完成一次{@variantrule 长休|XPHB}。"
    ],
    "html": "当你穿着这双靴子时，你可以使用{{@variantrule|附赠动作|XPHB}}点击靴子的后跟。如果你这样做，靴子会使你的{{@variantrule|速度|XPHB}}翻倍，并且任何对你进行{{@action|借机攻击|XPHB}}的生物在攻击检定上会有{{@variantrule|劣势|XPHB}}。如果你再次点击你的后跟，你将结束这个效果。\n当你总共使用了靴子的属性10分钟后，魔法对你来说将不再起作用，直到你完成一次{{@variantrule|长休|XPHB}}。"
  },
  "en": {
    "name": "Boots of Speed",
    "entries": [
      "While you wear these boots, you can take a {@variantrule Bonus Action|XPHB} to click the boots' heels together. If you do, the boots double your {@variantrule Speed|XPHB}, and any creature that makes an {@action Opportunity Attack|XPHB} against you has {@variantrule Disadvantage|XPHB} on the attack roll. If you click your heels together again, you end the effect.",
      "When you've used the boots' property for a total of 10 minutes, the magic ceases to function for you until you finish a {@variantrule Long Rest|XPHB}."
    ],
    "html": "While you wear these boots, you can take a {{@variantrule|Bonus Action|XPHB}} to click the boots' heels together. If you do, the boots double your {{@variantrule|Speed|XPHB}}, and any creature that makes an {{@action|Opportunity Attack|XPHB}} against you has {{@variantrule|Disadvantage|XPHB}} on the attack roll. If you click your heels together again, you end the effect.\nWhen you've used the boots' property for a total of 10 minutes, the magic ceases to function for you until you finish a {{@variantrule|Long Rest|XPHB}}."
  },
  "bonus": {}
}