{
  "dataType": "item",
  "uid": "item_Boots of Speed|DMG ",
  "id": "Boots of Speed|DMG",
  "rarity": "rare",
  "isBaseItem": false,
  "baseItem": "",
  "displayName": {
    "zh": "速度之靴",
    "en": "Boots of Speed"
  },
  "mainSource": {
    "source": "DMG",
    "page": 155
  },
  "allSources": [
    {
      "source": "DMG",
      "page": 155
    },
    {
      "source": "XDMG",
      "page": 0
    }
  ],
  "relatedVersions": [
    "Boots of Speed|XDMG"
  ],
  "zh": {
    "name": "速度之靴",
    "entries": [
      "着装这双靴子期间，你可以用一个附赠动作互击脚后跟。若你如此做，这双靴子将使你的步行速度加倍，并使任何生物对你发动的借机攻击在攻击检定上具有劣势。若你再次互击脚后跟，你将结束该效应。",
      "当靴子的属性累积被使用10分钟后，其魔法效应将随之消失，直至你完成一次长休后才会恢复。"
    ],
    "html": "着装这双靴子期间，你可以用一个附赠动作互击脚后跟。若你如此做，这双靴子将使你的步行速度加倍，并使任何生物对你发动的借机攻击在攻击检定上具有劣势。若你再次互击脚后跟，你将结束该效应。\n当靴子的属性累积被使用10分钟后，其魔法效应将随之消失，直至你完成一次长休后才会恢复。"
  },
  "en": {
    "name": "Boots of Speed",
    "entries": [
      "While you wear these boots, you can use a bonus action and click the boots' heels together. If you do, the boots double your walking speed, and any creature that makes an opportunity attack against you has disadvantage on the attack roll. If you click your heels together again, you end the effect.",
      "When the boots' property has been used for a total of 10 minutes, the magic ceases to function until you finish a long rest."
    ],
    "html": "While you wear these boots, you can use a bonus action and click the boots' heels together. If you do, the boots double your walking speed, and any creature that makes an opportunity attack against you has disadvantage on the attack roll. If you click your heels together again, you end the effect.\nWhen the boots' property has been used for a total of 10 minutes, the magic ceases to function until you finish a long rest."
  },
  "bonus": {}
}