{
  "dataType": "item",
  "uid": "item_Boots of the Winding Path|EFA ",
  "id": "Boots of the Winding Path|EFA",
  "rarity": "uncommon",
  "isBaseItem": false,
  "baseItem": "",
  "displayName": {
    "zh": "折返之靴",
    "en": "Boots of the Winding Path"
  },
  "mainSource": {
    "source": "EFA",
    "page": 112
  },
  "allSources": [
    {
      "source": "EFA",
      "page": 112
    }
  ],
  "zh": {
    "name": "折返之靴",
    "entries": [
      "当你穿着这双靴子时，你可以使用一个{@variantrule 附赠动作|XPHB}传送至多15尺到一个你能看见的未占据空间。你在当前回合的某个时刻必须占据过该空间。"
    ],
    "html": "当你穿着这双靴子时，你可以使用一个{{@variantrule|附赠动作|XPHB}}传送至多15尺到一个你能看见的未占据空间。你在当前回合的某个时刻必须占据过该空间。"
  },
  "en": {
    "name": "Boots of the Winding Path",
    "entries": [
      "While wearing these boots, you can take a {@variantrule Bonus Action|XPHB} to teleport up to 15 feet to an unoccupied space you can see. You must have occupied that space at some point during the current turn."
    ],
    "html": "While wearing these boots, you can take a {{@variantrule|Bonus Action|XPHB}} to teleport up to 15 feet to an unoccupied space you can see. You must have occupied that space at some point during the current turn."
  },
  "bonus": {}
}