{
  "dataType": "item",
  "uid": "item_Boots of Striding and Springing|DMG ",
  "id": "Boots of Striding and Springing|DMG",
  "rarity": "uncommon",
  "isBaseItem": false,
  "baseItem": "",
  "displayName": {
    "zh": "跑跳之靴",
    "en": "Boots of Striding and Springing"
  },
  "mainSource": {
    "source": "DMG",
    "page": 156
  },
  "allSources": [
    {
      "source": "DMG",
      "page": 156
    },
    {
      "source": "XDMG",
      "page": 0
    }
  ],
  "relatedVersions": [
    "Boots of Striding and Springing|XDMG"
  ],
  "zh": {
    "name": "跑跳之靴",
    "entries": [
      "着装这双靴子期间，你的步行速度改变为30尺（除非你原本的步行速度更快）。你的速度此时不会因为重载或穿着重甲而减慢。此外，你跳跃的距离是通常情况下的三倍，虽然你依旧不能因此跳出超过你剩余的移动力的距离。"
    ],
    "html": "着装这双靴子期间，你的步行速度改变为30尺（除非你原本的步行速度更快）。你的速度此时不会因为重载或穿着重甲而减慢。此外，你跳跃的距离是通常情况下的三倍，虽然你依旧不能因此跳出超过你剩余的移动力的距离。"
  },
  "en": {
    "name": "Boots of Striding and Springing",
    "entries": [
      "While you wear these boots, your walking speed becomes 30 feet, unless your walking speed is higher, and your speed isn't reduced if you are encumbered or wearing heavy armor. In addition, you can jump three times the normal distance, though you can't jump farther than your remaining movement would allow."
    ],
    "html": "While you wear these boots, your walking speed becomes 30 feet, unless your walking speed is higher, and your speed isn't reduced if you are encumbered or wearing heavy armor. In addition, you can jump three times the normal distance, though you can't jump farther than your remaining movement would allow."
  },
  "bonus": {}
}