{
  "dataType": "item",
  "uid": "item_Boots of the Winterlands|XDMG ",
  "id": "Boots of the Winterlands|XDMG",
  "rarity": "uncommon",
  "isBaseItem": false,
  "baseItem": "",
  "displayName": {
    "zh": "雪地之靴",
    "en": "Boots of the Winterlands"
  },
  "mainSource": {
    "source": "XDMG",
    "page": 240
  },
  "allSources": [
    {
      "source": "XDMG",
      "page": 240
    }
  ],
  "relatedVersions": [
    "Boots of the Winterlands|DMG"
  ],
  "zh": {
    "name": "雪地之靴",
    "entries": [
      "这些毛皮靴子既合脚又温暖。穿着它们时，你将获得以下好处。",
      {
        "ENG_name": "Cold Resistance",
        "name": "冷冻抗性",
        "type": "entries",
        "entries": [
          "你具有{@variantrule 抗性|XPHB}对寒冷伤害，并且可以在没有任何额外保护的情况下忍受0华氏度或更低的温度。"
        ]
      },
      {
        "ENG_name": "Winter Strider",
        "name": "冬日行者",
        "type": "entries",
        "entries": [
          "你忽视由冰雪造成的{@variantrule 困难地形|XPHB}。"
        ]
      }
    ],
    "html": "这些毛皮靴子既合脚又温暖。穿着它们时，你将获得以下好处。\n<div class=\"parser-entries\"><div class=\"parser-entries-name\">冷冻抗性</div><div class=\"parser-entries-eng-name\">Cold Resistance</div><div class=\"parser-entries-content\">你具有{{@variantrule|抗性|XPHB}}对寒冷伤害，并且可以在没有任何额外保护的情况下忍受0华氏度或更低的温度。</div></div>\n<div class=\"parser-entries\"><div class=\"parser-entries-name\">冬日行者</div><div class=\"parser-entries-eng-name\">Winter Strider</div><div class=\"parser-entries-content\">你忽视由冰雪造成的{{@variantrule|困难地形|XPHB}}。</div></div>"
  },
  "en": {
    "name": "Boots of the Winterlands",
    "entries": [
      "These furred boots are snug and feel warm. While wearing them, you gain the following benefits.",
      {
        "type": "entries",
        "name": "Cold Resistance",
        "entries": [
          "You have {@variantrule Resistance|XPHB} to Cold damage and can tolerate temperatures of 0 degrees Fahrenheit or lower without any additional protection."
        ]
      },
      {
        "type": "entries",
        "name": "Winter Strider",
        "entries": [
          "You ignore {@variantrule Difficult Terrain|XPHB} created by ice or snow."
        ]
      }
    ],
    "html": "These furred boots are snug and feel warm. While wearing them, you gain the following benefits.\n<div class=\"parser-entries\"><div class=\"parser-entries-name\">Cold Resistance</div><div class=\"parser-entries-content\">You have {{@variantrule|Resistance|XPHB}} to Cold damage and can tolerate temperatures of 0 degrees Fahrenheit or lower without any additional protection.</div></div>\n<div class=\"parser-entries\"><div class=\"parser-entries-name\">Winter Strider</div><div class=\"parser-entries-content\">You ignore {{@variantrule|Difficult Terrain|XPHB}} created by ice or snow.</div></div>"
  },
  "bonus": {}
}