{
  "dataType": "item",
  "uid": "item_Boots of Levitation|XDMG ",
  "id": "Boots of Levitation|XDMG",
  "rarity": "rare",
  "isBaseItem": false,
  "baseItem": "",
  "displayName": {
    "zh": "浮空之靴",
    "en": "Boots of Levitation"
  },
  "mainSource": {
    "source": "XDMG",
    "page": 239
  },
  "allSources": [
    {
      "source": "XDMG",
      "page": 239
    }
  ],
  "relatedVersions": [
    "Boots of Levitation|DMG"
  ],
  "zh": {
    "name": "浮空之靴",
    "entries": [
      "当你穿着这双靴子时，你可以对自己施放{@spell 浮空术|XPHB}。"
    ],
    "html": "当你穿着这双靴子时，你可以对自己施放{{@spell|浮空术|XPHB}}。"
  },
  "en": {
    "name": "Boots of Levitation",
    "entries": [
      "While you wear these boots, you can cast {@spell Levitate|XPHB} on yourself."
    ],
    "html": "While you wear these boots, you can cast {{@spell|Levitate|XPHB}} on yourself."
  },
  "bonus": {}
}