{
  "dataType": "item",
  "uid": "item_Boots of Elvenkind|XDMG ",
  "id": "Boots of Elvenkind|XDMG",
  "rarity": "uncommon",
  "isBaseItem": false,
  "baseItem": "",
  "displayName": {
    "zh": "精灵之靴",
    "en": "Boots of Elvenkind"
  },
  "mainSource": {
    "source": "XDMG",
    "page": 239
  },
  "allSources": [
    {
      "source": "XDMG",
      "page": 239
    }
  ],
  "relatedVersions": [
    "Boots of Elvenkind|DMG"
  ],
  "zh": {
    "name": "精灵之靴",
    "entries": [
      "当你穿着这双靴子时，无论你在什么表面上移动，你的脚步都不会发出声音。你在敏捷（{@skill 隐匿|XPHB}）检定上还具有{@variantrule 优势|XPHB}。"
    ],
    "html": "当你穿着这双靴子时，无论你在什么表面上移动，你的脚步都不会发出声音。你在敏捷（{{@skill|隐匿|XPHB}}）检定上还具有{{@variantrule|优势|XPHB}}。"
  },
  "en": {
    "name": "Boots of Elvenkind",
    "entries": [
      "While you wear these boots, your steps make no sound, regardless of the surface you are moving across. You also have {@variantrule Advantage|XPHB} on Dexterity ({@skill Stealth|XPHB}) checks."
    ],
    "html": "While you wear these boots, your steps make no sound, regardless of the surface you are moving across. You also have {{@variantrule|Advantage|XPHB}} on Dexterity ({{@skill|Stealth|XPHB}}) checks."
  },
  "bonus": {}
}