{
  "dataType": "item",
  "uid": "item_Boots of the Winterlands|DMG ",
  "id": "Boots of the Winterlands|DMG",
  "rarity": "uncommon",
  "isBaseItem": false,
  "baseItem": "",
  "displayName": {
    "zh": "雪地之靴",
    "en": "Boots of the Winterlands"
  },
  "mainSource": {
    "source": "DMG",
    "page": 156
  },
  "allSources": [
    {
      "source": "DMG",
      "page": 156
    },
    {
      "source": "XDMG",
      "page": 0
    }
  ],
  "relatedVersions": [
    "Boots of the Winterlands|XDMG"
  ],
  "zh": {
    "name": "雪地之靴",
    "entries": [
      "这双加绒靴子温暖且舒适。着装这双靴子期间，你获得以下增益：",
      {
        "type": "list",
        "items": [
          "你获得寒冷伤害的抗性。",
          "你忽略由冰或雪造成的{@quickref 困难地形||3}。",
          "你能够在没有任何其他防护手段的情况下忍受低至-50华氏度的气温。如果你穿着厚重的衣服，你能够忍受低至-100华氏度的气温。"
        ]
      }
    ],
    "html": "这双加绒靴子温暖且舒适。着装这双靴子期间，你获得以下增益：\n<ul class=\"parser-list parser-list-default\"><li>你获得寒冷伤害的抗性。</li><li>你忽略由冰或雪造成的{{@quickref|困难地形||3}}。</li><li>你能够在没有任何其他防护手段的情况下忍受低至-50华氏度的气温。如果你穿着厚重的衣服，你能够忍受低至-100华氏度的气温。</li></ul>"
  },
  "en": {
    "name": "Boots of the Winterlands",
    "entries": [
      "These furred boots are snug and feel quite warm. While you wear them, you gain the following benefits:",
      {
        "type": "list",
        "items": [
          "You have resistance to cold damage.",
          "You ignore {@quickref difficult terrain||3} created by ice or snow.",
          "You can tolerate temperatures as low as -50 degrees Fahrenheit without any additional protection. If you wear heavy clothes, you can tolerate temperatures as low as -100 degrees Fahrenheit."
        ]
      }
    ],
    "html": "These furred boots are snug and feel quite warm. While you wear them, you gain the following benefits:\n<ul class=\"parser-list parser-list-default\"><li>You have resistance to cold damage.</li><li>You ignore {{@quickref|difficult terrain||3}} created by ice or snow.</li><li>You can tolerate temperatures as low as -50 degrees Fahrenheit without any additional protection. If you wear heavy clothes, you can tolerate temperatures as low as -100 degrees Fahrenheit.</li></ul>"
  },
  "bonus": {}
}