{
  "dataType": "item",
  "uid": "item_Boots of Elvenkind|DMG ",
  "id": "Boots of Elvenkind|DMG",
  "rarity": "uncommon",
  "isBaseItem": false,
  "baseItem": "",
  "displayName": {
    "zh": "精灵之靴",
    "en": "Boots of Elvenkind"
  },
  "mainSource": {
    "source": "DMG",
    "page": 155
  },
  "allSources": [
    {
      "source": "DMG",
      "page": 155
    },
    {
      "source": "XDMG",
      "page": 0
    }
  ],
  "relatedVersions": [
    "Boots of Elvenkind|XDMG"
  ],
  "zh": {
    "name": "精灵之靴",
    "entries": [
      "着装这双靴子期间，无论在何种表面上移动，你都不会发出脚步声。此外，你为尝试无声移动所做的敏捷（{@skill 隐匿}）检定具有优势。"
    ],
    "html": "着装这双靴子期间，无论在何种表面上移动，你都不会发出脚步声。此外，你为尝试无声移动所做的敏捷（{{@skill|隐匿}}）检定具有优势。"
  },
  "en": {
    "name": "Boots of Elvenkind",
    "entries": [
      "While you wear these boots, your steps make no sound, regardless of the surface you are moving across. You also have advantage on Dexterity ({@skill Stealth}) checks that rely on moving silently."
    ],
    "html": "While you wear these boots, your steps make no sound, regardless of the surface you are moving across. You also have advantage on Dexterity ({{@skill|Stealth}}) checks that rely on moving silently."
  },
  "bonus": {}
}