{
  "dataType": "item",
  "uid": "item_Boros Keyrune|GGR ",
  "id": "Boros Keyrune|GGR",
  "rarity": "rare",
  "isBaseItem": false,
  "baseItem": "",
  "displayName": {
    "zh": "波洛斯符镇兵",
    "en": "Boros Keyrune"
  },
  "mainSource": {
    "source": "GGR",
    "page": 177
  },
  "allSources": [
    {
      "source": "GGR",
      "page": 177
    }
  ],
  "zh": {
    "name": "波洛斯符镇兵",
    "entries": [
      "由红砂岩配以白色花岗石元素雕刻成波洛斯教团成员的模样，此符镇兵能够变为一个{@creature 老兵}（人类），持续至多8小时。除了为你战斗，这位{@creature 老兵}还会愉快地提供战术建议，这些建议通常都很可靠。任何与变形后的符镇兵交谈或靠近检查它的生物都能轻易认出这是一个仿制的人类。",
      "当你用一个动作说出该物品的命令语并将符镇兵放置于你5尺内一处未被占据的位置时，符镇兵变为一个{@creature 老兵}（人类）。如果附近没有足够的空间容纳{@creature 老兵}，符镇兵将不会变化。",
      "该生物对于你、你的同伴、以及你公会的其他成员（除非这些公会成员对你怀有敌意）保持友好关系。它理解你掌握的语言并服从你的口头命令。如果你不发出任何命令，该生物会进行{@action 回避}动作并移动以躲避危险。",
      "持续时间结束时，该生物恢复为符镇兵形态。当该生物生命值降至0时，或当你使用一个动作再次说出命令语并触及它时，它会提前恢复为符镇兵形态。当该生物恢复为符镇兵形态后，经过36小时才能再次变为生物形态。"
    ],
    "html": "由红砂岩配以白色花岗石元素雕刻成波洛斯教团成员的模样，此符镇兵能够变为一个{{@creature|老兵}}（人类），持续至多8小时。除了为你战斗，这位{{@creature|老兵}}还会愉快地提供战术建议，这些建议通常都很可靠。任何与变形后的符镇兵交谈或靠近检查它的生物都能轻易认出这是一个仿制的人类。\n当你用一个动作说出该物品的命令语并将符镇兵放置于你5尺内一处未被占据的位置时，符镇兵变为一个{{@creature|老兵}}（人类）。如果附近没有足够的空间容纳{{@creature|老兵}}，符镇兵将不会变化。\n该生物对于你、你的同伴、以及你公会的其他成员（除非这些公会成员对你怀有敌意）保持友好关系。它理解你掌握的语言并服从你的口头命令。如果你不发出任何命令，该生物会进行{{@action|回避}}动作并移动以躲避危险。\n持续时间结束时，该生物恢复为符镇兵形态。当该生物生命值降至0时，或当你使用一个动作再次说出命令语并触及它时，它会提前恢复为符镇兵形态。当该生物恢复为符镇兵形态后，经过36小时才能再次变为生物形态。"
  },
  "en": {
    "name": "Boros Keyrune",
    "entries": [
      "Carved from red sandstone with white granite elements to resemble a member of the Boros Legion, this keyrune can become a {@creature veteran} (human) for up to 8 hours. In addition to fighting on your behalf, this {@creature veteran} cheerfully offers tactical advice, which is usually sound. Anyone who talks with the transformed keyrune or examines it closely can easily recognize that it is an artificial human.",
      "When you use an action to speak the item's command word and place the keyrune on the ground in an unoccupied space within 5 feet of you, the keyrune transforms into a {@creature veteran} (human). If there isn't enough space for the {@creature veteran}, the keyrune doesn't transform.",
      "The creature is friendly to you, your companions, and other members of your guild (unless those guild members are hostile to you). It understands your languages and obeys your spoken commands. If you issue no commands, the creature takes the {@action Dodge} action and moves to avoid danger.",
      "At the end of the duration, the creature reverts to its keyrune form. It reverts early if it drops to 0 hit points or if you use an action to speak the command word again while touching it. When the creature reverts to its keyrune form, it can't transform again until 36 hours have passed."
    ],
    "html": "Carved from red sandstone with white granite elements to resemble a member of the Boros Legion, this keyrune can become a {{@creature|veteran}} (human) for up to 8 hours. In addition to fighting on your behalf, this {{@creature|veteran}} cheerfully offers tactical advice, which is usually sound. Anyone who talks with the transformed keyrune or examines it closely can easily recognize that it is an artificial human.\nWhen you use an action to speak the item's command word and place the keyrune on the ground in an unoccupied space within 5 feet of you, the keyrune transforms into a {{@creature|veteran}} (human). If there isn't enough space for the {{@creature|veteran}}, the keyrune doesn't transform.\nThe creature is friendly to you, your companions, and other members of your guild (unless those guild members are hostile to you). It understands your languages and obeys your spoken commands. If you issue no commands, the creature takes the {{@action|Dodge}} action and moves to avoid danger.\nAt the end of the duration, the creature reverts to its keyrune form. It reverts early if it drops to 0 hit points or if you use an action to speak the command word again while touching it. When the creature reverts to its keyrune form, it can't transform again until 36 hours have passed."
  },
  "bonus": {}
}