{
  "dataType": "item",
  "uid": "item_Boros Guild Signet|GGR ",
  "id": "Boros Guild Signet|GGR",
  "rarity": "uncommon",
  "isBaseItem": false,
  "baseItem": "",
  "displayName": {
    "zh": "波洛斯公会印记",
    "en": "Boros Guild Signet"
  },
  "mainSource": {
    "source": "GGR",
    "page": 178
  },
  "allSources": [
    {
      "source": "GGR",
      "page": 178
    }
  ],
  "zh": {
    "name": "波洛斯公会印记",
    "entries": [
      "这枚饰有波洛斯徽记的戒指允许你施放{@spell 英雄气概}。公会印记有时会授予在该公会声望值达到5或更高的公会成员，作为对其为公会提供特殊服务的奖励。除了其魔法属性外，这枚戒指也是波洛斯认可和恩赐的象征。",
      "一枚印记有3发充能，并在每天黎明时恢复{@dice 1d3}发已消耗的充能。着装该戒指时，你可以消耗1发充能施放其关联法术（豁免{@dc 13}）。"
    ],
    "html": "这枚饰有波洛斯徽记的戒指允许你施放{{@spell|英雄气概}}。公会印记有时会授予在该公会声望值达到5或更高的公会成员，作为对其为公会提供特殊服务的奖励。除了其魔法属性外，这枚戒指也是波洛斯认可和恩赐的象征。\n一枚印记有3发充能，并在每天黎明时恢复{{@dice|1d3}}发已消耗的充能。着装该戒指时，你可以消耗1发充能施放其关联法术（豁免{{@dc|13}}）。"
  },
  "en": {
    "name": "Boros Guild Signet",
    "entries": [
      "This ring, adorned with the symbol of Boros, allows you to cast {@spell heroism}. A guild signet is sometimes awarded to a guild member whose renown score in that guild is 5 or higher, as a reward for performing special services for the guild. Aside from its magical properties, the ring is also an indicator of Boros' recognition and favor.",
      "A signet has 3 charges, and it regains {@dice 1d3} expended charges daily at dawn. While wearing it, you can expend 1 charge to cast the associated spell (save {@dc 13})."
    ],
    "html": "This ring, adorned with the symbol of Boros, allows you to cast {{@spell|heroism}}. A guild signet is sometimes awarded to a guild member whose renown score in that guild is 5 or higher, as a reward for performing special services for the guild. Aside from its magical properties, the ring is also an indicator of Boros' recognition and favor.\nA signet has 3 charges, and it regains {{@dice|1d3}} expended charges daily at dawn. While wearing it, you can expend 1 charge to cast the associated spell (save {{@dc|13}})."
  },
  "charge": {
    "max": 3,
    "rechargeAt": "dawn",
    "rechargeAmount": "{@dice 1d3}"
  },
  "bonus": {}
}