{
  "dataType": "item",
  "uid": "item_Bottled Breath|PotA ",
  "id": "Bottled Breath|PotA",
  "rarity": "uncommon",
  "isBaseItem": false,
  "baseItem": "",
  "displayName": {
    "zh": "瓶装气息",
    "en": "Bottled Breath"
  },
  "mainSource": {
    "source": "PotA",
    "page": 222
  },
  "allSources": [
    {
      "source": "PotA",
      "page": 222
    }
  ],
  "zh": {
    "name": "瓶装气息",
    "entries": [
      "这个瓶子里装有一口元素空气。当你吸入它时，你可以选择呼出它或者保留它。",
      "如果你呼出这口气，你将获得{@spell 造风术}法术的效果。如果你保留这口气，你将不需要呼吸1小时，尽管你可以提前结束这个好处（例如，为了说话）。提前结束不会给你呼出这口气的好处。"
    ],
    "html": "这个瓶子里装有一口元素空气。当你吸入它时，你可以选择呼出它或者保留它。\n如果你呼出这口气，你将获得{{@spell|造风术}}法术的效果。如果你保留这口气，你将不需要呼吸1小时，尽管你可以提前结束这个好处（例如，为了说话）。提前结束不会给你呼出这口气的好处。"
  },
  "en": {
    "name": "Bottled Breath",
    "entries": [
      "This bottle contains a breath of elemental air. When you inhale it, you either exhale it or hold it.",
      "If you exhale the breath, you gain the effect of the {@spell gust of wind} spell. If you hold the breath, you don't need to breathe for 1 hour, though you can end this benefit early (for example, to speak). Ending it early doesn't give you the benefit of exhaling the breath."
    ],
    "html": "This bottle contains a breath of elemental air. When you inhale it, you either exhale it or hold it.\nIf you exhale the breath, you gain the effect of the {{@spell|gust of wind}} spell. If you hold the breath, you don't need to breathe for 1 hour, though you can end this benefit early (for example, to speak). Ending it early doesn't give you the benefit of exhaling the breath."
  },
  "bonus": {}
}