{
  "dataType": "item",
  "uid": "item_Bottle of Boundless Coffee|SCC ",
  "id": "Bottle of Boundless Coffee|SCC",
  "rarity": "common",
  "isBaseItem": false,
  "baseItem": "",
  "displayName": {
    "zh": "无尽咖啡瓶",
    "en": "Bottle of Boundless Coffee"
  },
  "mainSource": {
    "source": "SCC",
    "page": 38
  },
  "allSources": [
    {
      "source": "SCC",
      "page": 38
    }
  ],
  "zh": {
    "name": "无尽咖啡瓶",
    "entries": [
      "这个金属瓶子装着美味、暖和的咖啡。瓶子带有一个瓶塞，通过一个小链子连接到瓶子上。即使打开时，瓶子也不会接受除了它生产的咖啡之外的任何液体。里面的咖啡始终舒适地暖和，而且通过瓶子感觉不到任何高温。",
      "每次你喝咖啡的时候，掷一个{@dice d20}。如果是1，瓶子在接下来的一小时内将拒绝供应咖啡。如果你从瓶子里倒咖啡，而不是喝咖啡，咖啡在离开瓶子的那一刻就会消失。"
    ],
    "html": "这个金属瓶子装着美味、暖和的咖啡。瓶子带有一个瓶塞，通过一个小链子连接到瓶子上。即使打开时，瓶子也不会接受除了它生产的咖啡之外的任何液体。里面的咖啡始终舒适地暖和，而且通过瓶子感觉不到任何高温。\n每次你喝咖啡的时候，掷一个{{@dice|d20}}。如果是1，瓶子在接下来的一小时内将拒绝供应咖啡。如果你从瓶子里倒咖啡，而不是喝咖啡，咖啡在离开瓶子的那一刻就会消失。"
  },
  "en": {
    "name": "Bottle of Boundless Coffee",
    "entries": [
      "This metal bottle carries delicious, warm coffee. The bottle comes with a stopper, which is attached to the bottle by a little chain. Even when open, the bottle won't accept any liquid other than the coffee it produces. The coffee inside is always comfortably warm, and none of the heat can be felt through the bottle.",
      "Each time you drink the coffee, roll a {@dice d20}. On a 1, the bottle refuses to dispense coffee for the next hour. If you pour coffee from the bottle, rather than drinking from it, the coffee vanishes the moment it leaves the bottle."
    ],
    "html": "This metal bottle carries delicious, warm coffee. The bottle comes with a stopper, which is attached to the bottle by a little chain. Even when open, the bottle won't accept any liquid other than the coffee it produces. The coffee inside is always comfortably warm, and none of the heat can be felt through the bottle.\nEach time you drink the coffee, roll a {{@dice|d20}}. On a 1, the bottle refuses to dispense coffee for the next hour. If you pour coffee from the bottle, rather than drinking from it, the coffee vanishes the moment it leaves the bottle."
  },
  "bonus": {}
}