{
  "dataType": "item",
  "uid": "item_Bowl of Commanding Water Elementals|XDMG ",
  "id": "Bowl of Commanding Water Elementals|XDMG",
  "rarity": "rare",
  "isBaseItem": false,
  "baseItem": "",
  "displayName": {
    "zh": "命令元素水钵",
    "en": "Bowl of Commanding Water Elementals"
  },
  "mainSource": {
    "source": "XDMG",
    "page": 240
  },
  "allSources": [
    {
      "source": "XDMG",
      "page": 240
    }
  ],
  "relatedVersions": [
    "Bowl of Commanding Water Elementals|DMG"
  ],
  "zh": {
    "name": "命令元素水钵",
    "entries": [
      "当这个碗装满水，并且你距离它5英尺以内时，你可以采取一个{@action 魔法|XPHB}动作来召唤一个{@creature 水元素|XMM}。元素生物出现在尽可能靠近碗的未被占据的空间，理解你的语言，服从你的命令，并在你的{@variantrule 先攻|XPHB}计数后立即进行回合。元素生物在1小时后消失，当它死亡时，或者当你以一个{@variantrule 附赠动作|XPHB}将其解散时。直到下一个黎明之前，这个碗不能再以这种方式使用。",
      "这个碗直径大约1英尺，深度是直径的一半。它大约能装3加仑。"
    ],
    "html": "当这个碗装满水，并且你距离它5英尺以内时，你可以采取一个{{@action|魔法|XPHB}}动作来召唤一个{{@creature|水元素|XMM}}。元素生物出现在尽可能靠近碗的未被占据的空间，理解你的语言，服从你的命令，并在你的{{@variantrule|先攻|XPHB}}计数后立即进行回合。元素生物在1小时后消失，当它死亡时，或者当你以一个{{@variantrule|附赠动作|XPHB}}将其解散时。直到下一个黎明之前，这个碗不能再以这种方式使用。\n这个碗直径大约1英尺，深度是直径的一半。它大约能装3加仑。"
  },
  "en": {
    "name": "Bowl of Commanding Water Elementals",
    "entries": [
      "While this bowl is filled with water and you are within 5 feet of it, you can take a {@action Magic|XPHB} action to summon a {@creature Water Elemental|XMM}. The elemental appears in an unoccupied space as close to the bowl as possible, understands your languages, obeys your commands, and takes its turn immediately after you on your {@variantrule Initiative|XPHB} count. The elemental disappears after 1 hour, when it dies, or when you dismiss it as a {@variantrule Bonus Action|XPHB}. The bowl can't be used this way again until the next dawn.",
      "The bowl is about 1 foot in diameter and half as deep. It holds about 3 gallons."
    ],
    "html": "While this bowl is filled with water and you are within 5 feet of it, you can take a {{@action|Magic|XPHB}} action to summon a {{@creature|Water Elemental|XMM}}. The elemental appears in an unoccupied space as close to the bowl as possible, understands your languages, obeys your commands, and takes its turn immediately after you on your {{@variantrule|Initiative|XPHB}} count. The elemental disappears after 1 hour, when it dies, or when you dismiss it as a {{@variantrule|Bonus Action|XPHB}}. The bowl can't be used this way again until the next dawn.\nThe bowl is about 1 foot in diameter and half as deep. It holds about 3 gallons."
  },
  "bonus": {}
}