{
  "dataType": "item",
  "uid": "item_Box of turquoise animal figurines|DMG ",
  "id": "Box of turquoise animal figurines|DMG",
  "value": 25000,
  "rarity": "none",
  "isBaseItem": false,
  "baseItem": "",
  "displayName": {
    "zh": "装着绿松石动物塑像的盒子",
    "en": "Box of turquoise animal figurines"
  },
  "mainSource": {
    "source": "DMG",
    "page": 135
  },
  "allSources": [
    {
      "source": "DMG",
      "page": 135
    },
    {
      "source": "XDMG",
      "page": 0
    }
  ],
  "relatedVersions": [
    "Box of turquoise animal figurines|XDMG"
  ],
  "zh": {
    "name": "装着绿松石动物塑像的盒子",
    "entries": [],
    "html": ""
  },
  "en": {
    "name": "Box of turquoise animal figurines",
    "entries": [],
    "html": ""
  },
  "bonus": {}
}