{
  "dataType": "item",
  "uid": "item_Bracer of Flying Daggers|WDH ",
  "id": "Bracer of Flying Daggers|WDH",
  "rarity": "rare",
  "isBaseItem": false,
  "baseItem": "",
  "displayName": {
    "zh": "飞刀护腕",
    "en": "Bracer of Flying Daggers"
  },
  "mainSource": {
    "source": "WDH",
    "page": 190
  },
  "allSources": [
    {
      "source": "WDH",
      "page": 190
    }
  ],
  "zh": {
    "name": "飞刀护腕",
    "entries": [
      "这个臂带看起来有薄的{@item 匕首|PHB|匕首}绑在它上面。作为一个动作，你可以从臂带中拉出最多两把魔法匕首并立即投掷它们，对每个匕首进行远程攻击。如果你不立即投掷匕首，它会消失，并且匕首在击中或未命中后立即消失。臂带永远不会用完匕首。"
    ],
    "html": "这个臂带看起来有薄的{{@item|匕首|PHB|匕首}}绑在它上面。作为一个动作，你可以从臂带中拉出最多两把魔法匕首并立即投掷它们，对每个匕首进行远程攻击。如果你不立即投掷匕首，它会消失，并且匕首在击中或未命中后立即消失。臂带永远不会用完匕首。"
  },
  "en": {
    "name": "Bracer of Flying Daggers",
    "entries": [
      "This armband appears to have thin {@item dagger|phb|daggers} strapped to it. As an action, you can pull up to two magic daggers from the bracer and immediately hurl them, making a ranged attack with each dagger. A dagger vanishes if you don't hurl it right away, and the daggers disappear right after they hit or miss. The bracer never runs out of daggers."
    ],
    "html": "This armband appears to have thin {{@item|dagger|phb|daggers}} strapped to it. As an action, you can pull up to two magic daggers from the bracer and immediately hurl them, making a ranged attack with each dagger. A dagger vanishes if you don't hurl it right away, and the daggers disappear right after they hit or miss. The bracer never runs out of daggers."
  },
  "bonus": {}
}