{
  "dataType": "item",
  "uid": "item_Bracers of Archery|DMG ",
  "id": "Bracers of Archery|DMG",
  "rarity": "uncommon",
  "isBaseItem": false,
  "baseItem": "",
  "displayName": {
    "zh": "射手护腕",
    "en": "Bracers of Archery"
  },
  "mainSource": {
    "source": "DMG",
    "page": 156
  },
  "allSources": [
    {
      "source": "DMG",
      "page": 156
    },
    {
      "source": "XDMG",
      "page": 0
    }
  ],
  "relatedVersions": [
    "Bracers of Archery|XDMG"
  ],
  "zh": {
    "name": "射手护腕",
    "entries": [
      "佩戴这双护腕时，你获得{@item 长弓|PHB}和{@item 短弓|PHB}的熟练项，且使用此类武器进行远程攻击时在伤害掷骰上获得+2加值。"
    ],
    "html": "佩戴这双护腕时，你获得{{@item|长弓|PHB}}和{{@item|短弓|PHB}}的熟练项，且使用此类武器进行远程攻击时在伤害掷骰上获得+2加值。"
  },
  "en": {
    "name": "Bracers of Archery",
    "entries": [
      "While wearing these bracers, you have proficiency with the {@item longbow|PHB} and {@item shortbow|PHB}, and you gain a +2 bonus to damage rolls on ranged attacks made with such weapons."
    ],
    "html": "While wearing these bracers, you have proficiency with the {{@item|longbow|PHB}} and {{@item|shortbow|PHB}}, and you gain a +2 bonus to damage rolls on ranged attacks made with such weapons."
  },
  "bonus": {
    "weaponDamage": 2
  }
}