{
  "dataType": "item",
  "uid": "item_Bracers of Celerity|PaBTSO ",
  "id": "Bracers of Celerity|PaBTSO",
  "rarity": "rare",
  "isBaseItem": false,
  "baseItem": "",
  "displayName": {
    "zh": "迅捷护腕",
    "en": "Bracers of Celerity"
  },
  "mainSource": {
    "source": "PaBTSO",
    "page": 217
  },
  "allSources": [
    {
      "source": "PaBTSO",
      "page": 217
    }
  ],
  "zh": {
    "name": "迅捷护腕",
    "entries": [
      "这对轻便的青铜护腕内衬着柔软的紫色天鹅绒，并刻有旋转的图案。",
      "当你佩戴这些护腕时，你的所有速度增加10尺，并且在你进行的豁免检定中，以避免或结束自身被麻痹或被限制的状态时，你有优势。"
    ],
    "html": "这对轻便的青铜护腕内衬着柔软的紫色天鹅绒，并刻有旋转的图案。\n当你佩戴这些护腕时，你的所有速度增加10尺，并且在你进行的豁免检定中，以避免或结束自身被麻痹或被限制的状态时，你有优势。"
  },
  "en": {
    "name": "Bracers of Celerity",
    "entries": [
      "This pair of lightweight bronze bracers is lined with soft, purple velvet and engraved with swirling designs.",
      "While you're wearing these bracers, all your speeds increase by 10 feet, and you have advantage on saving throws you make to avoid or end the paralyzed or restrained condition on yourself."
    ],
    "html": "This pair of lightweight bronze bracers is lined with soft, purple velvet and engraved with swirling designs.\nWhile you're wearing these bracers, all your speeds increase by 10 feet, and you have advantage on saving throws you make to avoid or end the paralyzed or restrained condition on yourself."
  },
  "bonus": {}
}