{
  "dataType": "item",
  "uid": "item_Bracers of Defense|DMG ",
  "id": "Bracers of Defense|DMG",
  "rarity": "rare",
  "isBaseItem": false,
  "baseItem": "",
  "displayName": {
    "zh": "防御护腕",
    "en": "Bracers of Defense"
  },
  "mainSource": {
    "source": "DMG",
    "page": 156
  },
  "allSources": [
    {
      "source": "DMG",
      "page": 156
    },
    {
      "source": "XDMG",
      "page": 0
    }
  ],
  "relatedVersions": [
    "Bracers of Defense|XDMG"
  ],
  "zh": {
    "name": "防御护腕",
    "entries": [
      "当你佩戴这双护腕时，若你未穿戴护甲且未使用{@item 护盾术|PHB}，你在AC上获得+2加值。"
    ],
    "html": "当你佩戴这双护腕时，若你未穿戴护甲且未使用{{@item|护盾术|PHB}}，你在AC上获得+2加值。"
  },
  "en": {
    "name": "Bracers of Defense",
    "entries": [
      "While wearing these bracers, you gain a +2 bonus to AC if you are wearing no armor and using no {@item shield|PHB}."
    ],
    "html": "While wearing these bracers, you gain a +2 bonus to AC if you are wearing no armor and using no {{@item|shield|PHB}}."
  },
  "bonus": {
    "ac": 2
  }
}