{
  "dataType": "item",
  "uid": "item_Bracers of Archery|XDMG ",
  "id": "Bracers of Archery|XDMG",
  "rarity": "uncommon",
  "isBaseItem": false,
  "baseItem": "",
  "displayName": {
    "zh": "射手护腕",
    "en": "Bracers of Archery"
  },
  "mainSource": {
    "source": "XDMG",
    "page": 240
  },
  "allSources": [
    {
      "source": "XDMG",
      "page": 240
    }
  ],
  "relatedVersions": [
    "Bracers of Archery|DMG"
  ],
  "zh": {
    "name": "射手护腕",
    "entries": [
      "佩戴这双护腕时，你获得{@item 长弓|XPHB}和{@item 短弓|XPHB}的熟练项，并且使用此类武器进行伤害掷骰时获得+2加值。"
    ],
    "html": "佩戴这双护腕时，你获得{{@item|长弓|XPHB}}和{{@item|短弓|XPHB}}的熟练项，并且使用此类武器进行伤害掷骰时获得+2加值。"
  },
  "en": {
    "name": "Bracers of Archery",
    "entries": [
      "While wearing these bracers, you have proficiency with the {@item Longbow|XPHB} and {@item Shortbow|XPHB}, and you gain a +2 bonus to damage rolls made with such weapons."
    ],
    "html": "While wearing these bracers, you have proficiency with the {{@item|Longbow|XPHB}} and {{@item|Shortbow|XPHB}}, and you gain a +2 bonus to damage rolls made with such weapons."
  },
  "bonus": {
    "weaponDamage": 2
  }
}