{
  "dataType": "item",
  "uid": "item_Brass mug with jade inlay|DMG ",
  "id": "Brass mug with jade inlay|DMG",
  "value": 25000,
  "rarity": "none",
  "isBaseItem": false,
  "baseItem": "",
  "displayName": {
    "zh": "镶有翡翠的黄铜马克杯",
    "en": "Brass mug with jade inlay"
  },
  "mainSource": {
    "source": "DMG",
    "page": 135
  },
  "allSources": [
    {
      "source": "DMG",
      "page": 135
    },
    {
      "source": "XDMG",
      "page": 0
    }
  ],
  "relatedVersions": [
    "Brass mug with jade inlay|XDMG"
  ],
  "zh": {
    "name": "镶有翡翠的黄铜马克杯",
    "entries": [],
    "html": ""
  },
  "en": {
    "name": "Brass mug with jade inlay",
    "entries": [],
    "html": ""
  },
  "bonus": {}
}