{
  "dataType": "item",
  "uid": "item_Brazier of Commanding Fire Elementals|DMG ",
  "id": "Brazier of Commanding Fire Elementals|DMG",
  "weight": 5,
  "rarity": "rare",
  "isBaseItem": false,
  "baseItem": "",
  "displayName": {
    "zh": "命令元素火盆",
    "en": "Brazier of Commanding Fire Elementals"
  },
  "mainSource": {
    "source": "DMG",
    "page": 156
  },
  "allSources": [
    {
      "source": "DMG",
      "page": 156
    },
    {
      "source": "XDMG",
      "page": 0
    }
  ],
  "relatedVersions": [
    "Brazier of Commanding Fire Elementals|XDMG"
  ],
  "zh": {
    "name": "命令元素火盆",
    "entries": [
      "火焰在这个铜盆中燃烧期间，你可以用一个动作说出火盆的命令语并以此召唤一只{@creature 火元素}，其效应如同你施放了{@spell 元素咒唤术}法术。直到次日黎明前，火盆都无法再次以该方式使用。",
      "火盆的重量为5磅。"
    ],
    "html": "火焰在这个铜盆中燃烧期间，你可以用一个动作说出火盆的命令语并以此召唤一只{{@creature|火元素}}，其效应如同你施放了{{@spell|元素咒唤术}}法术。直到次日黎明前，火盆都无法再次以该方式使用。\n火盆的重量为5磅。"
  },
  "en": {
    "name": "Brazier of Commanding Fire Elementals",
    "entries": [
      "While a fire burns in this brass brazier, you can use an action to speak the brazier's command word and summon a {@creature fire elemental}, as if you had cast the {@spell conjure elemental} spell. The brazier can't be used this way again until the next dawn.",
      "The brazier weighs 5 pounds."
    ],
    "html": "While a fire burns in this brass brazier, you can use an action to speak the brazier's command word and summon a {{@creature|fire elemental}}, as if you had cast the {{@spell|conjure elemental}} spell. The brazier can't be used this way again until the next dawn.\nThe brazier weighs 5 pounds."
  },
  "bonus": {}
}