{
  "dataType": "item",
  "uid": "item_Brazier of Commanding Fire Elementals|XDMG ",
  "id": "Brazier of Commanding Fire Elementals|XDMG",
  "rarity": "rare",
  "isBaseItem": false,
  "baseItem": "",
  "displayName": {
    "zh": "命令元素火盆",
    "en": "Brazier of Commanding Fire Elementals"
  },
  "mainSource": {
    "source": "XDMG",
    "page": 241
  },
  "allSources": [
    {
      "source": "XDMG",
      "page": 241
    }
  ],
  "relatedVersions": [
    "Brazier of Commanding Fire Elementals|DMG"
  ],
  "zh": {
    "name": "命令元素火盆",
    "entries": [
      "当你在这个火盆5英尺范围内时，你可以采取一个{@action 魔法|XPHB}动作来召唤一个{@creature 火元素|XMM}。元素生物出现在尽可能靠近火盆的未被占据的空间，理解你的语言，服从你的命令，并在你的{@variantrule 先攻|XPHB}计数后立即采取行动。元素生物在1小时后消失，当它死亡时，或者当你以一个{@variantrule 附赠动作|XPHB}将其解散时。直到下一个黎明之前，火盆不能再以这种方式使用。"
    ],
    "html": "当你在这个火盆5英尺范围内时，你可以采取一个{{@action|魔法|XPHB}}动作来召唤一个{{@creature|火元素|XMM}}。元素生物出现在尽可能靠近火盆的未被占据的空间，理解你的语言，服从你的命令，并在你的{{@variantrule|先攻|XPHB}}计数后立即采取行动。元素生物在1小时后消失，当它死亡时，或者当你以一个{{@variantrule|附赠动作|XPHB}}将其解散时。直到下一个黎明之前，火盆不能再以这种方式使用。"
  },
  "en": {
    "name": "Brazier of Commanding Fire Elementals",
    "entries": [
      "While you are within 5 feet of this brazier, you can take a {@action Magic|XPHB} action to summon a {@creature Fire Elemental|XMM}. The elemental appears in an unoccupied space as close to the brazier as possible, understands your languages, obeys your commands, and takes its turn immediately after you on your {@variantrule Initiative|XPHB} count. The elemental disappears after 1 hour, when it dies, or when you dismiss it as a {@variantrule Bonus Action|XPHB}. The brazier can't be used this way again until the next dawn."
    ],
    "html": "While you are within 5 feet of this brazier, you can take a {{@action|Magic|XPHB}} action to summon a {{@creature|Fire Elemental|XMM}}. The elemental appears in an unoccupied space as close to the brazier as possible, understands your languages, obeys your commands, and takes its turn immediately after you on your {{@variantrule|Initiative|XPHB}} count. The elemental disappears after 1 hour, when it dies, or when you dismiss it as a {{@variantrule|Bonus Action|XPHB}}. The brazier can't be used this way again until the next dawn."
  },
  "bonus": {}
}