{
  "dataType": "item",
  "uid": "item_Bread (loaf)|XPHB ",
  "id": "Bread (loaf)|XPHB",
  "value": 2,
  "rarity": "none",
  "isBaseItem": false,
  "baseItem": "",
  "displayName": {
    "zh": "面包（条）",
    "en": "Bread (loaf)"
  },
  "mainSource": {
    "source": "XPHB",
    "page": 231
  },
  "allSources": [
    {
      "source": "XPHB",
      "page": 231
    }
  ],
  "relatedVersions": [
    "Loaf of Bread|PHB"
  ],
  "zh": {
    "name": "面包（条）",
    "entries": [],
    "html": ""
  },
  "en": {
    "name": "Bread (loaf)",
    "entries": [],
    "html": ""
  },
  "bonus": {}
}