{
  "dataType": "item",
  "uid": "item_Bronze spyglass (Brazen Coalition)|PSX ",
  "id": "Bronze spyglass (Brazen Coalition)|PSX",
  "value": 25000,
  "rarity": "none",
  "isBaseItem": false,
  "baseItem": "",
  "displayName": {
    "zh": "青铜望远镜（莽霸联盟）",
    "en": "Bronze spyglass (Brazen Coalition)"
  },
  "mainSource": {
    "source": "PSX",
    "page": 24
  },
  "allSources": [
    {
      "source": "PSX",
      "page": 24
    }
  ],
  "zh": {
    "name": "青铜望远镜（莽霸联盟）",
    "entries": [],
    "html": ""
  },
  "en": {
    "name": "Bronze spyglass (Brazen Coalition)",
    "entries": [],
    "html": ""
  },
  "bonus": {}
}