{
  "dataType": "item",
  "uid": "item_Bronze crown|DMG ",
  "id": "Bronze crown|DMG",
  "value": 25000,
  "rarity": "none",
  "isBaseItem": false,
  "baseItem": "",
  "displayName": {
    "zh": "青铜王冠",
    "en": "Bronze crown"
  },
  "mainSource": {
    "source": "DMG",
    "page": 135
  },
  "allSources": [
    {
      "source": "DMG",
      "page": 135
    },
    {
      "source": "XDMG",
      "page": 0
    }
  ],
  "relatedVersions": [
    "Bronze crown|XDMG"
  ],
  "zh": {
    "name": "青铜王冠",
    "entries": [],
    "html": ""
  },
  "en": {
    "name": "Bronze crown",
    "entries": [],
    "html": ""
  },
  "bonus": {}
}