{
  "dataType": "item",
  "uid": "item_Bronze Dragon Scale Mail|DMG ",
  "id": "Bronze Dragon Scale Mail|DMG",
  "weight": 45,
  "rarity": "very rare",
  "isBaseItem": false,
  "baseItem": "",
  "displayName": {
    "zh": "青铜龙鳞甲",
    "en": "Bronze Dragon Scale Mail"
  },
  "mainSource": {
    "source": "DMG",
    "page": 165
  },
  "allSources": [
    {
      "source": "DMG",
      "page": 165
    },
    {
      "source": "XDMG",
      "page": 0
    }
  ],
  "relatedVersions": [
    "Bronze Dragon Scale Mail|XDMG"
  ],
  "zh": {
    "name": "青铜龙鳞甲",
    "entries": [
      "龙鳞甲是以某一种龙的鳞片制成的护甲。有时候龙会收集自己褪下的鳞片并赠送给类人生物。其他时候，猎人们会小心地剥下并保存死去龙类的皮。无论哪种情况，龙鳞甲都是非常珍贵的物品。着装该护甲期间，你的AC获得+1加值，为对抗龙类的骇人威仪与吐息武器时所作豁免具有优势，并且你获得对闪电伤害的抗性。",
      "另外，你还可以用一个动作集中精神来魔法感知距你最近，且在你周边30里以内的青铜龙，并得知其相对于你的方向与距离。这一特殊动作一经使用，直至次日黎明前都无法被再度使用。"
    ],
    "html": "龙鳞甲是以某一种龙的鳞片制成的护甲。有时候龙会收集自己褪下的鳞片并赠送给类人生物。其他时候，猎人们会小心地剥下并保存死去龙类的皮。无论哪种情况，龙鳞甲都是非常珍贵的物品。着装该护甲期间，你的AC获得+1加值，为对抗龙类的骇人威仪与吐息武器时所作豁免具有优势，并且你获得对闪电伤害的抗性。\n另外，你还可以用一个动作集中精神来魔法感知距你最近，且在你周边30里以内的青铜龙，并得知其相对于你的方向与距离。这一特殊动作一经使用，直至次日黎明前都无法被再度使用。"
  },
  "en": {
    "name": "Bronze Dragon Scale Mail",
    "entries": [
      "Dragon scale mail is made of the scales of one kind of dragon. Sometimes dragons collect their cast-off scales and gift them to humanoids. Other times, hunters carefully skin and preserve the hide of a dead dragon. In either case, dragon scale mail is highly valued. While wearing this armor, you gain a +1 bonus to AC, you have advantage on saving throws against the Frightful Presence and breath weapons of dragons, and you have resistance to lightning damage.",
      "Additionally, you can focus your senses as an action to magically discern the distance and direction to the closest bronze dragon within 30 miles of you. This special action can't be used again until the next dawn."
    ],
    "html": "Dragon scale mail is made of the scales of one kind of dragon. Sometimes dragons collect their cast-off scales and gift them to humanoids. Other times, hunters carefully skin and preserve the hide of a dead dragon. In either case, dragon scale mail is highly valued. While wearing this armor, you gain a +1 bonus to AC, you have advantage on saving throws against the Frightful Presence and breath weapons of dragons, and you have resistance to lightning damage.\nAdditionally, you can focus your senses as an action to magically discern the distance and direction to the closest bronze dragon within 30 miles of you. This special action can't be used again until the next dawn."
  },
  "bonus": {
    "ac": 1
  }
}