{
  "dataType": "item",
  "uid": "item_Broom of Flying|XDMG ",
  "id": "Broom of Flying|XDMG",
  "rarity": "uncommon",
  "isBaseItem": false,
  "baseItem": "",
  "displayName": {
    "zh": "飞天扫帚",
    "en": "Broom of Flying"
  },
  "mainSource": {
    "source": "XDMG",
    "page": 241
  },
  "allSources": [
    {
      "source": "XDMG",
      "page": 241
    }
  ],
  "relatedVersions": [
    "Broom of Flying|DMG"
  ],
  "zh": {
    "name": "飞天扫帚",
    "entries": [
      "这把木制扫帚在您跨立其上并采取一个{@action 魔法|XPHB}动作使其悬浮在您下方之前，功能就像一把普通的扫帚，此时它可以在空中骑行。它具有{@variantrule 飞行速度|XPHB}50英尺。它可以承载高达400磅的重量，但在承载超过200磅时，其{@variantrule 飞行速度|XPHB}变为30英尺。当您着陆或不再骑行时，扫帚停止悬浮。",
      "作为{@action 魔法|XPHB}动作，如果你熟悉并且知道位置，你可以让扫帚独自飞往你1英里范围内的目的地。当你采取{@action 魔法|XPHB}动作并使用一个口令时，如果扫帚仍在你1英里范围内，它会回到你身边。"
    ],
    "html": "这把木制扫帚在您跨立其上并采取一个{{@action|魔法|XPHB}}动作使其悬浮在您下方之前，功能就像一把普通的扫帚，此时它可以在空中骑行。它具有{{@variantrule|飞行速度|XPHB}}50英尺。它可以承载高达400磅的重量，但在承载超过200磅时，其{{@variantrule|飞行速度|XPHB}}变为30英尺。当您着陆或不再骑行时，扫帚停止悬浮。\n作为{{@action|魔法|XPHB}}动作，如果你熟悉并且知道位置，你可以让扫帚独自飞往你1英里范围内的目的地。当你采取{{@action|魔法|XPHB}}动作并使用一个口令时，如果扫帚仍在你1英里范围内，它会回到你身边。"
  },
  "en": {
    "name": "Broom of Flying",
    "entries": [
      "This wooden broom functions like a mundane broom until you stand astride it and take a {@action Magic|XPHB} action to make it hover beneath you, at which time it can be ridden in the air. It has a {@variantrule Fly Speed|XPHB} of 50 feet. It can carry up to 400 pounds, but its {@variantrule Fly Speed|XPHB} becomes 30 feet while carrying over 200 pounds. The broom stops hovering when you land or when you're no longer riding it.",
      "As a {@action Magic|XPHB} action, you can send the broom to travel alone to a destination within 1 mile of you if you name the location and are familiar with it. The broom comes back to you when you take a {@action Magic|XPHB} action and use a command word if the broom is still within 1 mile of you."
    ],
    "html": "This wooden broom functions like a mundane broom until you stand astride it and take a {{@action|Magic|XPHB}} action to make it hover beneath you, at which time it can be ridden in the air. It has a {{@variantrule|Fly Speed|XPHB}} of 50 feet. It can carry up to 400 pounds, but its {{@variantrule|Fly Speed|XPHB}} becomes 30 feet while carrying over 200 pounds. The broom stops hovering when you land or when you're no longer riding it.\nAs a {{@action|Magic|XPHB}} action, you can send the broom to travel alone to a destination within 1 mile of you if you name the location and are familiar with it. The broom comes back to you when you take a {{@action|Magic|XPHB}} action and use a command word if the broom is still within 1 mile of you."
  },
  "bonus": {}
}