{
  "dataType": "item",
  "uid": "item_Brooch of the Elements|NF ",
  "id": "Brooch of the Elements|NF",
  "rarity": "rare",
  "isBaseItem": false,
  "baseItem": "",
  "displayName": {
    "zh": "元素胸针",
    "en": "Brooch of the Elements"
  },
  "mainSource": {
    "source": "NF",
    "page": 0
  },
  "allSources": [
    {
      "source": "NF",
      "page": 0
    }
  ],
  "zh": {
    "name": "元素胸针",
    "entries": [
      "这枚蝴蝶形胸针中央的宝石闪烁着多彩的虹彩光芒。",
      "该胸针有3次充能，并在每日黎明时恢复所有已消耗的充能。作为{@variantrule 反应|XPHB}，当你60尺内一个你能看见的生物用攻击检定命中目标并造成伤害时，你可以消耗1次充能将该攻击造成的一种伤害类型更改为以下伤害类型之一：强酸、冷冻、火焰、闪电、毒药或雷鸣。"
    ],
    "html": "这枚蝴蝶形胸针中央的宝石闪烁着多彩的虹彩光芒。\n该胸针有3次充能，并在每日黎明时恢复所有已消耗的充能。作为{{@variantrule|反应|XPHB}}，当你60尺内一个你能看见的生物用攻击检定命中目标并造成伤害时，你可以消耗1次充能将该攻击造成的一种伤害类型更改为以下伤害类型之一：强酸、冷冻、火焰、闪电、毒药或雷鸣。"
  },
  "en": {
    "name": "Brooch of the Elements",
    "entries": [
      "The central jewel of this butterfly-shaped brooch swirls with multicolored iridescence.",
      "The brooch has 3 charges and regains all expended charges daily at dawn. As a {@variantrule Reaction|XPHB} when a creature you can see within 60 feet of you hits a target with an attack roll and deals damage, you can expend 1 charge and change one damage type the attack deals to one of the following damage types: Acid, Cold, Fire, Lightning, Poison, or Thunder."
    ],
    "html": "The central jewel of this butterfly-shaped brooch swirls with multicolored iridescence.\nThe brooch has 3 charges and regains all expended charges daily at dawn. As a {{@variantrule|Reaction|XPHB}} when a creature you can see within 60 feet of you hits a target with an attack roll and deals damage, you can expend 1 charge and change one damage type the attack deals to one of the following damage types: Acid, Cold, Fire, Lightning, Poison, or Thunder."
  },
  "charge": {
    "max": 3,
    "rechargeAt": "dawn",
    "rechargeAmount": 3
  },
  "bonus": {}
}