{
  "dataType": "item",
  "uid": "item_Brooch of Shielding|DMG ",
  "id": "Brooch of Shielding|DMG",
  "rarity": "uncommon",
  "isBaseItem": false,
  "baseItem": "",
  "displayName": {
    "zh": "护盾胸针",
    "en": "Brooch of Shielding"
  },
  "mainSource": {
    "source": "DMG",
    "page": 156
  },
  "allSources": [
    {
      "source": "DMG",
      "page": 156
    },
    {
      "source": "XDMG",
      "page": 0
    }
  ],
  "relatedVersions": [
    "Brooch of Shielding|XDMG"
  ],
  "zh": {
    "name": "护盾胸针",
    "entries": [
      "佩戴此胸针期间，你获得对力场伤害的抗性，并免疫{@spell 魔法飞弹}法术的伤害。"
    ],
    "html": "佩戴此胸针期间，你获得对力场伤害的抗性，并免疫{{@spell|魔法飞弹}}法术的伤害。"
  },
  "en": {
    "name": "Brooch of Shielding",
    "entries": [
      "While wearing this brooch, you have resistance to force damage, and you have immunity to damage from the {@spell magic missile} spell."
    ],
    "html": "While wearing this brooch, you have resistance to force damage, and you have immunity to damage from the {{@spell|magic missile}} spell."
  },
  "bonus": {}
}