{
  "dataType": "item",
  "uid": "item_Bucket|XPHB ",
  "id": "Bucket|XPHB",
  "weight": 2,
  "value": 5,
  "rarity": "none",
  "isBaseItem": false,
  "baseItem": "",
  "displayName": {
    "zh": "吊桶",
    "en": "Bucket"
  },
  "mainSource": {
    "source": "XPHB",
    "page": 224
  },
  "allSources": [
    {
      "source": "XPHB",
      "page": 224
    }
  ],
  "relatedVersions": [
    "Bucket|PHB"
  ],
  "zh": {
    "name": "吊桶",
    "entries": [
      "一个吊桶能装入至多半立方尺的东西。"
    ],
    "html": "一个吊桶能装入至多半立方尺的东西。"
  },
  "en": {
    "name": "Bucket",
    "entries": [
      "A Bucket holds up to half a cubic foot of contents."
    ],
    "html": "A Bucket holds up to half a cubic foot of contents."
  },
  "bonus": {}
}