{
  "dataType": "item",
  "uid": "item_Bundle of sheet music representing the lost dirges of a famous composer|XDMG ",
  "id": "Bundle of sheet music representing the lost dirges of a famous composer|XDMG",
  "value": 75000,
  "rarity": "none",
  "isBaseItem": false,
  "baseItem": "",
  "displayName": {
    "zh": "一捆代表一位著名作曲家挽歌的乐谱",
    "en": "Bundle of sheet music representing the lost dirges of a famous composer"
  },
  "mainSource": {
    "source": "XDMG",
    "page": 215
  },
  "allSources": [
    {
      "source": "XDMG",
      "page": 215
    }
  ],
  "relatedVersions": [
    "Silver-plated steel longsword with jet set in hilt|DMG"
  ],
  "zh": {
    "name": "一捆代表一位著名作曲家挽歌的乐谱",
    "entries": [],
    "html": ""
  },
  "en": {
    "name": "Bundle of sheet music representing the lost dirges of a famous composer",
    "entries": [],
    "html": ""
  },
  "bonus": {}
}