{
  "dataType": "item",
  "uid": "item_Burglar's Pack|PHB ",
  "id": "Burglar's Pack|PHB",
  "weight": 44.5,
  "value": 1600,
  "rarity": "none",
  "isBaseItem": false,
  "baseItem": "",
  "displayName": {
    "zh": "窃贼套组",
    "en": "Burglar's Pack"
  },
  "mainSource": {
    "source": "PHB",
    "page": 151
  },
  "allSources": [
    {
      "source": "PHB",
      "page": 151
    },
    {
      "source": "XPHB",
      "page": 0
    }
  ],
  "relatedVersions": [
    "Burglar's Pack|XPHB"
  ],
  "zh": {
    "name": "窃贼套组",
    "entries": [
      "包括：",
      {
        "type": "list",
        "items": [
          "1个{@item 背包|PHB}",
          "一个{@item 滚珠(一袋1,000粒)|PHB|一包1000粒滚珠}",
          "10尺的细绳",
          "1个{@item 铃铛|PHB}",
          "5 {@item 蜡烛|PHB|蜡烛}",
          "1个{@item 撬棍|PHB}",
          "1个{@item 锤子|PHB}",
          "10 {@item 岩钉|PHB|岩钉}",
          "1个{@item 附盖提灯|PHB}",
          "2 {@item 燃油(扁瓶装)|PHB|油瓶}",
          "5日份{@item 口粮(1天份)|PHB|口粮}",
          "1个{@item 火绒盒|PHB}",
          "1个{@item 水袋|PHB}",
          "{@item 麻绳(50尺)|PHB|50 尺 麻绳}"
        ]
      }
    ],
    "html": "包括：\n<ul class=\"parser-list parser-list-default\"><li>1个{{@item|背包|PHB}}</li><li>一个{{@item|滚珠(一袋1,000粒)|PHB|一包1000粒滚珠}}</li><li>10尺的细绳</li><li>1个{{@item|铃铛|PHB}}</li><li>5 {{@item|蜡烛|PHB|蜡烛}}</li><li>1个{{@item|撬棍|PHB}}</li><li>1个{{@item|锤子|PHB}}</li><li>10 {{@item|岩钉|PHB|岩钉}}</li><li>1个{{@item|附盖提灯|PHB}}</li><li>2 {{@item|燃油(扁瓶装)|PHB|油瓶}}</li><li>5日份{{@item|口粮(1天份)|PHB|口粮}}</li><li>1个{{@item|火绒盒|PHB}}</li><li>1个{{@item|水袋|PHB}}</li><li>{{@item|麻绳(50尺)|PHB|50 尺 麻绳}}</li></ul>"
  },
  "en": {
    "name": "Burglar's Pack",
    "entries": [
      "Includes:",
      {
        "type": "list",
        "items": [
          "a {@item backpack|phb}",
          "a {@item Ball Bearings (Bag of 1,000)|phb|bag of 1,000 ball bearings}",
          "10 feet of string",
          "a {@item bell|phb}",
          "5 {@item candle|phb|candles}",
          "a {@item crowbar|phb}",
          "a {@item hammer|phb}",
          "10 {@item piton|phb|pitons}",
          "a {@item hooded lantern|phb}",
          "2 {@item Oil (flask)|phb|flasks of oil}",
          "5 days {@item Rations (1 day)|phb|rations}",
          "a {@item tinderbox|phb}",
          "a {@item waterskin|phb}",
          "{@item Hempen Rope (50 feet)|phb|50 feet of hempen rope}"
        ]
      }
    ],
    "html": "Includes:\n<ul class=\"parser-list parser-list-default\"><li>a {{@item|backpack|phb}}</li><li>a {{@item|Ball Bearings (Bag of 1,000)|phb|bag of 1,000 ball bearings}}</li><li>10 feet of string</li><li>a {{@item|bell|phb}}</li><li>5 {{@item|candle|phb|candles}}</li><li>a {{@item|crowbar|phb}}</li><li>a {{@item|hammer|phb}}</li><li>10 {{@item|piton|phb|pitons}}</li><li>a {{@item|hooded lantern|phb}}</li><li>2 {{@item|Oil (flask)|phb|flasks of oil}}</li><li>5 days {{@item|Rations (1 day)|phb|rations}}</li><li>a {{@item|tinderbox|phb}}</li><li>a {{@item|waterskin|phb}}</li><li>{{@item|Hempen Rope (50 feet)|phb|50 feet of hempen rope}}</li></ul>"
  },
  "bonus": {}
}