{
  "dataType": "item",
  "uid": "item_Calligrapher's Supplies|PHB ",
  "id": "Calligrapher's Supplies|PHB",
  "weight": 5,
  "value": 1000,
  "rarity": "none",
  "isBaseItem": false,
  "baseItem": "",
  "displayName": {
    "zh": "书法工具",
    "en": "Calligrapher's Supplies"
  },
  "mainSource": {
    "source": "PHB",
    "page": 154
  },
  "allSources": [
    {
      "source": "PHB",
      "page": 154
    },
    {
      "source": "XGE",
      "page": 79
    },
    {
      "source": "XPHB",
      "page": 0
    }
  ],
  "relatedVersions": [
    "Calligrapher's Supplies|XPHB"
  ],
  "zh": {
    "name": "书法工具",
    "entries": [],
    "html": ""
  },
  "en": {
    "name": "Calligrapher's Supplies",
    "entries": [],
    "html": ""
  },
  "bonus": {}
}