{
  "dataType": "item",
  "uid": "item_Caltrops (bag of 20)|PHB ",
  "id": "Caltrops (bag of 20)|PHB",
  "weight": 2,
  "value": 100,
  "rarity": "none",
  "isBaseItem": false,
  "baseItem": "",
  "displayName": {
    "zh": "铁蒺藜(一包20个)",
    "en": "Caltrops (bag of 20)"
  },
  "mainSource": {
    "source": "PHB",
    "page": 151
  },
  "allSources": [
    {
      "source": "PHB",
      "page": 151
    },
    {
      "source": "XPHB",
      "page": 0
    }
  ],
  "relatedVersions": [
    "Caltrops|XPHB"
  ],
  "zh": {
    "name": "铁蒺藜(一包20个)",
    "entries": [
      "你可以用一个动作将一包铁蒺藜撒出，并覆盖一块边长5尺的方形区域。任何进入该区域的生物必须进行一次{@dc 15}的敏捷豁免，豁免失败则该生物停止移动，并受到1点穿刺伤害。在该生物恢复至少1点生命值前，其步行速度将减少10尺。以半速穿过该区域的生物不需要进行该豁免。"
    ],
    "html": "你可以用一个动作将一包铁蒺藜撒出，并覆盖一块边长5尺的方形区域。任何进入该区域的生物必须进行一次{{@dc|15}}的敏捷豁免，豁免失败则该生物停止移动，并受到1点穿刺伤害。在该生物恢复至少1点生命值前，其步行速度将减少10尺。以半速穿过该区域的生物不需要进行该豁免。"
  },
  "en": {
    "name": "Caltrops (bag of 20)",
    "entries": [
      "As an action, you can spread a single bag of caltrops to cover a 5-foot-square area. Any creature that enters the area must succeed on a {@dc 15} Dexterity saving throw or stop moving and take 1 piercing damage. Until the creature regains at least 1 hit point, its walking speed is reduced by 10 feet. A creature moving through the area at half speed doesn't need to make the saving throw."
    ],
    "html": "As an action, you can spread a single bag of caltrops to cover a 5-foot-square area. Any creature that enters the area must succeed on a {{@dc|15}} Dexterity saving throw or stop moving and take 1 piercing damage. Until the creature regains at least 1 hit point, its walking speed is reduced by 10 feet. A creature moving through the area at half speed doesn't need to make the saving throw."
  },
  "bonus": {}
}