{
  "dataType": "item",
  "uid": "item_Caltrops|XPHB ",
  "id": "Caltrops|XPHB",
  "weight": 2,
  "value": 100,
  "rarity": "none",
  "isBaseItem": false,
  "baseItem": "",
  "displayName": {
    "zh": "铁蒺藜",
    "en": "Caltrops"
  },
  "mainSource": {
    "source": "XPHB",
    "page": 224
  },
  "allSources": [
    {
      "source": "XPHB",
      "page": 224
    }
  ],
  "relatedVersions": [
    "Caltrops (bag of 20)|PHB"
  ],
  "zh": {
    "name": "铁蒺藜",
    "entries": [
      "以一个{@action 操作|XPHB}动作，你能把一包铁蒺撒至地面并覆盖你周围5尺内的一处5尺方形区域。任何生物每回合首次进入这片区域时都必须通过一次{@dc 15}的敏捷豁免，否则受到1点穿刺伤害，并且{@variantrule 速度|XPHB}降至0，直到其下一回合开始为止。重新收集这些铁蒺藜需要花费10分钟时间。"
    ],
    "html": "以一个{{@action|操作|XPHB}}动作，你能把一包铁蒺撒至地面并覆盖你周围5尺内的一处5尺方形区域。任何生物每回合首次进入这片区域时都必须通过一次{{@dc|15}}的敏捷豁免，否则受到1点穿刺伤害，并且{{@variantrule|速度|XPHB}}降至0，直到其下一回合开始为止。重新收集这些铁蒺藜需要花费10分钟时间。"
  },
  "en": {
    "name": "Caltrops",
    "entries": [
      "As a {@action Utilize|XPHB} action, you can spread Caltrops from their bag to cover a 5-foot-square area within 5 feet of yourself. A creature that enters this area for the first time on a turn must succeed on a {@dc 15} Dexterity saving throw or take 1 Piercing damage and have its {@variantrule Speed|XPHB} reduced to 0 until the start of its next turn. It takes 10 minutes to recover the Caltrops."
    ],
    "html": "As a {{@action|Utilize|XPHB}} action, you can spread Caltrops from their bag to cover a 5-foot-square area within 5 feet of yourself. A creature that enters this area for the first time on a turn must succeed on a {{@dc|15}} Dexterity saving throw or take 1 Piercing damage and have its {{@variantrule|Speed|XPHB}} reduced to 0 until the start of its next turn. It takes 10 minutes to recover the Caltrops."
  },
  "bonus": {}
}