{
  "dataType": "item",
  "uid": "item_Camel|PHB ",
  "id": "Camel|PHB",
  "value": 5000,
  "rarity": "none",
  "isBaseItem": false,
  "baseItem": "",
  "displayName": {
    "zh": "骆驼",
    "en": "Camel"
  },
  "mainSource": {
    "source": "PHB",
    "page": 157
  },
  "allSources": [
    {
      "source": "PHB",
      "page": 157
    },
    {
      "source": "XPHB",
      "page": 0
    }
  ],
  "relatedVersions": [
    "Camel|XPHB"
  ],
  "zh": {
    "name": "骆驼",
    "entries": [],
    "html": ""
  },
  "en": {
    "name": "Camel",
    "entries": [],
    "html": ""
  },
  "bonus": {}
}