{
  "dataType": "item",
  "uid": "item_Camel|XPHB ",
  "id": "Camel|XPHB",
  "value": 5000,
  "rarity": "none",
  "isBaseItem": false,
  "baseItem": "",
  "displayName": {
    "zh": "骆驼",
    "en": "Camel"
  },
  "mainSource": {
    "source": "XPHB",
    "page": 229
  },
  "allSources": [
    {
      "source": "XPHB",
      "page": 229
    }
  ],
  "relatedVersions": [
    "Camel|PHB"
  ],
  "zh": {
    "name": "骆驼",
    "entries": [],
    "html": ""
  },
  "en": {
    "name": "Camel",
    "entries": [],
    "html": ""
  },
  "bonus": {}
}