{
  "dataType": "item",
  "uid": "item_Candle|PHB ",
  "id": "Candle|PHB",
  "value": 1,
  "rarity": "none",
  "isBaseItem": false,
  "baseItem": "",
  "displayName": {
    "zh": "蜡烛",
    "en": "Candle"
  },
  "mainSource": {
    "source": "PHB",
    "page": 151
  },
  "allSources": [
    {
      "source": "PHB",
      "page": 151
    },
    {
      "source": "XPHB",
      "page": 0
    }
  ],
  "relatedVersions": [
    "Candle|XPHB"
  ],
  "zh": {
    "name": "蜡烛",
    "entries": [
      "一只蜡烛可以为其身边5尺半径范围提供明亮光照，以及该范围外5尺的微光光照。蜡烛的照明效果可以持续1小时。"
    ],
    "html": "一只蜡烛可以为其身边5尺半径范围提供明亮光照，以及该范围外5尺的微光光照。蜡烛的照明效果可以持续1小时。"
  },
  "en": {
    "name": "Candle",
    "entries": [
      "For 1 hour, a candle sheds bright light in a 5-foot radius and dim light for an additional 5 feet."
    ],
    "html": "For 1 hour, a candle sheds bright light in a 5-foot radius and dim light for an additional 5 feet."
  },
  "bonus": {}
}