{
  "dataType": "item",
  "uid": "item_Candle of Invocation|DMG ",
  "id": "Candle of Invocation|DMG",
  "rarity": "very rare",
  "isBaseItem": false,
  "baseItem": "",
  "displayName": {
    "zh": "祈神蜡烛",
    "en": "Candle of Invocation"
  },
  "mainSource": {
    "source": "DMG",
    "page": 157
  },
  "allSources": [
    {
      "source": "DMG",
      "page": 157
    },
    {
      "source": "XDMG",
      "page": 0
    }
  ],
  "relatedVersions": [
    "Candle of Invocation|XDMG"
  ],
  "zh": {
    "name": "祈神蜡烛",
    "entries": [
      "这根细长的蜡烛专用于一位神祇，并与该神祇的阵营相同。蜡烛的阵营可以用{@spell 侦测善恶}法术侦测。由DM来选择对应的神祇与阵营，或是由DM随机决定这根蜡烛的阵营。",
      {
        "type": "table",
        "colLabels": [
          "{@dice d20}",
          "阵营"
        ],
        "colStyles": [
          "col-1 text-center",
          "col-11"
        ],
        "rows": [
          [
            "1-2",
            "混乱邪恶"
          ],
          [
            "3-4",
            "混乱中立"
          ],
          [
            "5-7",
            "混乱善良"
          ],
          [
            "8-9",
            "中立邪恶"
          ],
          [
            "10-11",
            "绝对中立"
          ],
          [
            "12-13",
            "中立善良"
          ],
          [
            "14-15",
            "守序邪恶"
          ],
          [
            "16-17",
            "守序中立"
          ],
          [
            "18-20",
            "守序善良"
          ]
        ]
      },
      "蜡烛的魔力在蜡烛被点燃时激活，这需要一个动作。蜡烛燃烧4小时后将被摧毁。你可以提前吹灭蜡烛以备将来之用。以分钟为单位从蜡烛的总燃烧时间中扣除已燃烧的时间。",
      "蜡烛燃烧期间，它会散发出半径30尺范围的微光光照。范围内任何阵营与蜡烛相同的生物进行攻击检定、豁免检定、与属性检定时具有优势。此外，范围内阵营与蜡烛相同的牧师和德鲁伊可以施放已准备的1环法术而无需消耗法术位，但法术效果仍按消耗了1环法术位计算。",
      "另外，首次点亮祈神蜡烛时，你可以用它施放{@spell 异界之门}法术。如此做会立刻摧毁这根蜡烛。"
    ],
    "html": "这根细长的蜡烛专用于一位神祇，并与该神祇的阵营相同。蜡烛的阵营可以用{{@spell|侦测善恶}}法术侦测。由DM来选择对应的神祇与阵营，或是由DM随机决定这根蜡烛的阵营。\n<table class=\"wiki-table\"><tr><th class=\"parser-col-1 text-center\">{{@dice|d20}}</th><th class=\"parser-col-11\">阵营</th></tr><tr><td class=\"parser-col-1 text-center\">1-2</td><td class=\"parser-col-11\">混乱邪恶</td></tr><tr><td class=\"parser-col-1 text-center\">3-4</td><td class=\"parser-col-11\">混乱中立</td></tr><tr><td class=\"parser-col-1 text-center\">5-7</td><td class=\"parser-col-11\">混乱善良</td></tr><tr><td class=\"parser-col-1 text-center\">8-9</td><td class=\"parser-col-11\">中立邪恶</td></tr><tr><td class=\"parser-col-1 text-center\">10-11</td><td class=\"parser-col-11\">绝对中立</td></tr><tr><td class=\"parser-col-1 text-center\">12-13</td><td class=\"parser-col-11\">中立善良</td></tr><tr><td class=\"parser-col-1 text-center\">14-15</td><td class=\"parser-col-11\">守序邪恶</td></tr><tr><td class=\"parser-col-1 text-center\">16-17</td><td class=\"parser-col-11\">守序中立</td></tr><tr><td class=\"parser-col-1 text-center\">18-20</td><td class=\"parser-col-11\">守序善良</td></tr></table>\n蜡烛的魔力在蜡烛被点燃时激活，这需要一个动作。蜡烛燃烧4小时后将被摧毁。你可以提前吹灭蜡烛以备将来之用。以分钟为单位从蜡烛的总燃烧时间中扣除已燃烧的时间。\n蜡烛燃烧期间，它会散发出半径30尺范围的微光光照。范围内任何阵营与蜡烛相同的生物进行攻击检定、豁免检定、与属性检定时具有优势。此外，范围内阵营与蜡烛相同的牧师和德鲁伊可以施放已准备的1环法术而无需消耗法术位，但法术效果仍按消耗了1环法术位计算。\n另外，首次点亮祈神蜡烛时，你可以用它施放{{@spell|异界之门}}法术。如此做会立刻摧毁这根蜡烛。"
  },
  "en": {
    "name": "Candle of Invocation",
    "entries": [
      "This slender taper is dedicated to a deity and shares that deity's alignment. The candle's alignment can be detected with the {@spell detect evil and good} spell. The DM chooses the god and associated alignment or determines the alignment randomly.",
      {
        "type": "table",
        "colLabels": [
          "{@dice d20}",
          "Alignment"
        ],
        "colStyles": [
          "col-1 text-center",
          "col-11"
        ],
        "rows": [
          [
            "1-2",
            "Chaotic evil"
          ],
          [
            "3-4",
            "Chaotic neutral"
          ],
          [
            "5-7",
            "Chaotic good"
          ],
          [
            "8-9",
            "Neutral evil"
          ],
          [
            "10-11",
            "Neutral"
          ],
          [
            "12-13",
            "Neutral good"
          ],
          [
            "14-15",
            "Lawful evil"
          ],
          [
            "16-17",
            "Lawful neutral"
          ],
          [
            "18-20",
            "Lawful good"
          ]
        ]
      },
      "The candle's magic is activated when the candle is lit, which requires an action. After burning for 4 hours, the candle is destroyed. You can snuff it out early for use at a later time. Deduct the time it burned in increments of 1 minute from the candle's total burn time.",
      "While lit, the candle sheds dim light in a 30-foot radius. Any creature within that light whose alignment matches that of the candle makes attack rolls, saving throws, and ability checks with advantage. In addition, a cleric or druid in the light whose alignment matches the candle's can cast 1st-level spells he or she has prepared without expending spell slots, though the spell's effect is as if cast with a 1st-level slot.",
      "Alternatively, when you light the candle for the first time, you can cast the {@spell gate} spell with it. Doing so destroys the candle."
    ],
    "html": "This slender taper is dedicated to a deity and shares that deity's alignment. The candle's alignment can be detected with the {{@spell|detect evil and good}} spell. The DM chooses the god and associated alignment or determines the alignment randomly.\n<table class=\"wiki-table\"><tr><th class=\"parser-col-1 text-center\">{{@dice|d20}}</th><th class=\"parser-col-11\">Alignment</th></tr><tr><td class=\"parser-col-1 text-center\">1-2</td><td class=\"parser-col-11\">Chaotic evil</td></tr><tr><td class=\"parser-col-1 text-center\">3-4</td><td class=\"parser-col-11\">Chaotic neutral</td></tr><tr><td class=\"parser-col-1 text-center\">5-7</td><td class=\"parser-col-11\">Chaotic good</td></tr><tr><td class=\"parser-col-1 text-center\">8-9</td><td class=\"parser-col-11\">Neutral evil</td></tr><tr><td class=\"parser-col-1 text-center\">10-11</td><td class=\"parser-col-11\">Neutral</td></tr><tr><td class=\"parser-col-1 text-center\">12-13</td><td class=\"parser-col-11\">Neutral good</td></tr><tr><td class=\"parser-col-1 text-center\">14-15</td><td class=\"parser-col-11\">Lawful evil</td></tr><tr><td class=\"parser-col-1 text-center\">16-17</td><td class=\"parser-col-11\">Lawful neutral</td></tr><tr><td class=\"parser-col-1 text-center\">18-20</td><td class=\"parser-col-11\">Lawful good</td></tr></table>\nThe candle's magic is activated when the candle is lit, which requires an action. After burning for 4 hours, the candle is destroyed. You can snuff it out early for use at a later time. Deduct the time it burned in increments of 1 minute from the candle's total burn time.\nWhile lit, the candle sheds dim light in a 30-foot radius. Any creature within that light whose alignment matches that of the candle makes attack rolls, saving throws, and ability checks with advantage. In addition, a cleric or druid in the light whose alignment matches the candle's can cast 1st-level spells he or she has prepared without expending spell slots, though the spell's effect is as if cast with a 1st-level slot.\nAlternatively, when you light the candle for the first time, you can cast the {{@spell|gate}} spell with it. Doing so destroys the candle."
  },
  "bonus": {}
}