{
  "dataType": "item",
  "uid": "item_Candle|XPHB ",
  "id": "Candle|XPHB",
  "value": 1,
  "rarity": "none",
  "isBaseItem": false,
  "baseItem": "",
  "displayName": {
    "zh": "蜡烛",
    "en": "Candle"
  },
  "mainSource": {
    "source": "XPHB",
    "page": 224
  },
  "allSources": [
    {
      "source": "XPHB",
      "page": 224
    }
  ],
  "relatedVersions": [
    "Candle|PHB"
  ],
  "zh": {
    "name": "蜡烛",
    "entries": [
      "一根蜡烛可以燃烧1小时，并发出5尺范围的{@variantrule 明亮光照|XPHB}，以及额外5尺的{@variantrule 微光光照|XPHB}。"
    ],
    "html": "一根蜡烛可以燃烧1小时，并发出5尺范围的{{@variantrule|明亮光照|XPHB}}，以及额外5尺的{{@variantrule|微光光照|XPHB}}。"
  },
  "en": {
    "name": "Candle",
    "entries": [
      "For 1 hour, a lit Candle sheds {@variantrule Bright Light|XPHB} in a 5-foot radius and {@variantrule Dim Light|XPHB} for an additional 5 feet."
    ],
    "html": "For 1 hour, a lit Candle sheds {{@variantrule|Bright Light|XPHB}} in a 5-foot radius and {{@variantrule|Dim Light|XPHB}} for an additional 5 feet."
  },
  "bonus": {}
}