{
  "dataType": "item",
  "uid": "item_Candle of the Deep|XDMG ",
  "id": "Candle of the Deep|XDMG",
  "rarity": "common",
  "isBaseItem": false,
  "baseItem": "",
  "displayName": {
    "zh": "深渊蜡烛",
    "en": "Candle of the Deep"
  },
  "mainSource": {
    "source": "XDMG",
    "page": 242
  },
  "allSources": [
    {
      "source": "XDMG",
      "page": 242
    }
  ],
  "relatedVersions": [
    "Candle of the Deep|XGE"
  ],
  "zh": {
    "name": "深渊蜡烛",
    "entries": [
      "这根蜡烛的火焰在水中不会被熄灭。它像普通蜡烛一样发出光和热。"
    ],
    "html": "这根蜡烛的火焰在水中不会被熄灭。它像普通蜡烛一样发出光和热。"
  },
  "en": {
    "name": "Candle of the Deep",
    "entries": [
      "The flame of this candle isn't extinguished when immersed in water. It gives off light and heat like a normal candle."
    ],
    "html": "The flame of this candle isn't extinguished when immersed in water. It gives off light and heat like a normal candle."
  },
  "bonus": {}
}