{
  "dataType": "item",
  "uid": "item_Candle of the Deep|XGE ",
  "id": "Candle of the Deep|XGE",
  "rarity": "common",
  "isBaseItem": false,
  "baseItem": "",
  "displayName": {
    "zh": "深渊蜡烛",
    "en": "Candle of the Deep"
  },
  "mainSource": {
    "source": "XGE",
    "page": 136
  },
  "allSources": [
    {
      "source": "XGE",
      "page": 136
    },
    {
      "source": "XDMG",
      "page": 0
    }
  ],
  "relatedVersions": [
    "Candle of the Deep|XDMG"
  ],
  "zh": {
    "name": "深渊蜡烛",
    "entries": [
      "这种蜡烛的火焰即使被浸没在水中也不会熄灭，且它会如正常蜡烛一样发光发热。"
    ],
    "html": "这种蜡烛的火焰即使被浸没在水中也不会熄灭，且它会如正常蜡烛一样发光发热。"
  },
  "en": {
    "name": "Candle of the Deep",
    "entries": [
      "The flame of this candle is not extinguished when immersed in water. It gives off light and heat like a normal candle."
    ],
    "html": "The flame of this candle is not extinguished when immersed in water. It gives off light and heat like a normal candle."
  },
  "bonus": {}
}