{
  "dataType": "item",
  "uid": "item_Canian Fork|CoA ",
  "id": "Canian Fork|CoA",
  "weight": 4,
  "rarity": "rare",
  "isBaseItem": false,
  "baseItem": "trident|PHB",
  "displayName": {
    "zh": "卡尼亚叉",
    "en": "Canian Fork"
  },
  "mainSource": {
    "source": "CoA",
    "page": 267
  },
  "allSources": [
    {
      "source": "CoA",
      "page": 267
    }
  ],
  "zh": {
    "name": "卡尼亚叉",
    "entries": [
      "使用这把魔法武器进行攻击和伤害判定时，你有+3的加值。此外，你每个回合还可以用它进行一次额外的攻击作为附赠动作。",
      {
        "ENG_name": "Curse",
        "name": "诅咒",
        "type": "entries",
        "entries": [
          "当你与这把武器产生共鸣时，你不愿意与之分离。你也容易受到光辉伤害，并且每次你接受魔法治疗时，你必须进行一次{@dc 15}体质豁免检定。",
          "如果豁免失败，治疗将没有效果。只有{@spell 移除诅咒}法术可以让你结束对这个物品的协调。"
        ]
      },
      {
        "ENG_name": "Corrupting",
        "name": "腐蚀",
        "type": "entries",
        "entries": [
          "这个物品具有腐蚀性。详见\"{@adventure 地狱物品腐化|CoA|16|地狱物品腐化}\"部分。"
        ]
      }
    ],
    "html": "使用这把魔法武器进行攻击和伤害判定时，你有+3的加值。此外，你每个回合还可以用它进行一次额外的攻击作为附赠动作。\n<div class=\"parser-entries\"><div class=\"parser-entries-name\">诅咒</div><div class=\"parser-entries-eng-name\">Curse</div><div class=\"parser-entries-content\">当你与这把武器产生共鸣时，你不愿意与之分离。你也容易受到光辉伤害，并且每次你接受魔法治疗时，你必须进行一次{{@dc|15}}体质豁免检定。如果豁免失败，治疗将没有效果。只有{{@spell|移除诅咒}}法术可以让你结束对这个物品的协调。</div></div>\n<div class=\"parser-entries\"><div class=\"parser-entries-name\">腐蚀</div><div class=\"parser-entries-eng-name\">Corrupting</div><div class=\"parser-entries-content\">这个物品具有腐蚀性。详见\"{{@adventure|地狱物品腐化|CoA|16|地狱物品腐化}}\"部分。</div></div>"
  },
  "en": {
    "name": "Canian Fork",
    "entries": [
      "You have a +3 bonus to attack and damage rolls made with this magic weapon. In addition, you can make one additional attack with it as a bonus action on each of your turns.",
      {
        "type": "entries",
        "name": "Curse",
        "entries": [
          "You're unwilling to part with this weapon while attuned to it. You're also vulnerable to radiant damage and each time you receive magical healing, you must make a {@dc 15} Constitution saving throw.",
          "On a failed save, the healing has no effect. Only the {@spell Remove Curse} spell allows you to end attunement to this item."
        ]
      },
      {
        "type": "entries",
        "name": "Corrupting",
        "entries": [
          "This item corrupts. See the \"{@adventure Infernal Item Corruption|CoA|16|Infernal Item Corruption}\" section."
        ]
      }
    ],
    "html": "You have a +3 bonus to attack and damage rolls made with this magic weapon. In addition, you can make one additional attack with it as a bonus action on each of your turns.\n<div class=\"parser-entries\"><div class=\"parser-entries-name\">Curse</div><div class=\"parser-entries-content\">You're unwilling to part with this weapon while attuned to it. You're also vulnerable to radiant damage and each time you receive magical healing, you must make a {{@dc|15}} Constitution saving throw.On a failed save, the healing has no effect. Only the {{@spell|Remove Curse}} spell allows you to end attunement to this item.</div></div>\n<div class=\"parser-entries\"><div class=\"parser-entries-name\">Corrupting</div><div class=\"parser-entries-content\">This item corrupts. See the \"{{@adventure|Infernal Item Corruption|CoA|16|Infernal Item Corruption}}\" section.</div></div>"
  },
  "bonus": {
    "weapon": 3
  }
}