{
  "dataType": "item",
  "uid": "item_Canvas (1 sq. yd.)|PHB ",
  "id": "Canvas (1 sq. yd.)|PHB",
  "value": 10,
  "rarity": "none",
  "isBaseItem": false,
  "baseItem": "",
  "displayName": {
    "zh": "帆布(1平方码)",
    "en": "Canvas (1 sq. yd.)"
  },
  "mainSource": {
    "source": "PHB",
    "page": 157
  },
  "allSources": [
    {
      "source": "PHB",
      "page": 157
    },
    {
      "source": "XDMG",
      "page": 0
    }
  ],
  "relatedVersions": [
    "Canvas (1 sq. yd.)|XDMG"
  ],
  "zh": {
    "name": "帆布(1平方码)",
    "entries": [],
    "html": ""
  },
  "en": {
    "name": "Canvas (1 sq. yd.)",
    "entries": [],
    "html": ""
  },
  "bonus": {}
}