{
  "dataType": "item",
  "uid": "item_Cape of the Mountebank|XDMG ",
  "id": "Cape of the Mountebank|XDMG",
  "rarity": "rare",
  "isBaseItem": false,
  "baseItem": "",
  "displayName": {
    "zh": "郎中披肩",
    "en": "Cape of the Mountebank"
  },
  "mainSource": {
    "source": "XDMG",
    "page": 242
  },
  "allSources": [
    {
      "source": "XDMG",
      "page": 242
    }
  ],
  "relatedVersions": [
    "Cape of the Mountebank|DMG"
  ],
  "zh": {
    "name": "郎中披肩",
    "entries": [
      "这件斗篷隐约散发着硫磺的气味。穿着它时，你可以使用它来施放{@spell 任意门|XPHB}作为{@action 魔法|XPHB}动作。这个属性直到下一个黎明之前都不能再次使用。",
      "当你使用该法术传送时，你会留下一团烟雾。你离开的空间将被{@variantrule 轻度遮蔽|XPHB}的烟雾笼罩，直到你的下一回合结束。"
    ],
    "html": "这件斗篷隐约散发着硫磺的气味。穿着它时，你可以使用它来施放{{@spell|任意门|XPHB}}作为{{@action|魔法|XPHB}}动作。这个属性直到下一个黎明之前都不能再次使用。\n当你使用该法术传送时，你会留下一团烟雾。你离开的空间将被{{@variantrule|轻度遮蔽|XPHB}}的烟雾笼罩，直到你的下一回合结束。"
  },
  "en": {
    "name": "Cape of the Mountebank",
    "entries": [
      "This cape smells faintly of brimstone. While wearing it, you can use it to cast {@spell Dimension Door|XPHB} as a {@action Magic|XPHB} action. This property can't be used again until the next dawn.",
      "When you teleport with that spell, you leave behind a cloud of smoke. The space you left is {@variantrule Lightly Obscured|XPHB} by that smoke until the end of your next turn."
    ],
    "html": "This cape smells faintly of brimstone. While wearing it, you can use it to cast {{@spell|Dimension Door|XPHB}} as a {{@action|Magic|XPHB}} action. This property can't be used again until the next dawn.\nWhen you teleport with that spell, you leave behind a cloud of smoke. The space you left is {{@variantrule|Lightly Obscured|XPHB}} by that smoke until the end of your next turn."
  },
  "bonus": {}
}