{
  "dataType": "item",
  "uid": "item_Card Sharp's Deck|BMT ",
  "id": "Card Sharp's Deck|BMT",
  "rarity": "uncommon",
  "isBaseItem": false,
  "baseItem": "",
  "displayName": {
    "zh": "老千牌组",
    "en": "Card Sharp's Deck"
  },
  "mainSource": {
    "source": "BMT",
    "page": 40
  },
  "allSources": [
    {
      "source": "BMT",
      "page": 40
    }
  ],
  "zh": {
    "name": "老千牌组",
    "entries": [
      "这副牌的牌组有着闪闪发光的边缘。持握此牌组期间，你可以使用其以下能力：",
      {
        "type": "list",
        "style": "list-hang-notitle",
        "items": [
          {
            "ENG_name": "Deadly Deal",
            "name": "致命发牌",
            "type": "item",
            "entries": [
              "以一个动作，你可以通过从中投掷一枚灵体卡牌用于发动远程法术攻击，攻击检定中使用敏捷调整值。该卡牌具有120尺的射程，在命中时造成{@damage 1d8}点力场伤害。"
            ]
          },
          {
            "ENG_name": "Spray of Cards",
            "name": "卡牌喷射",
            "type": "item",
            "entries": [
              "以一个动作，你洗切牌组并用其施展3环版本的法术{@spell 卡牌喷射|BMT}（法术豁免DC{@dc 15}）。一旦此牌组被用于施展这一法术，直到次日黎明后才能再次用于施展该法术。"
            ]
          }
        ]
      }
    ],
    "html": "这副牌的牌组有着闪闪发光的边缘。持握此牌组期间，你可以使用其以下能力：\n<ul class=\"parser-list parser-list-list-hang-notitle\"><li class=\"parser-list-item\"><span class=\"parser-list-item-name\">致命发牌</span><span class=\"parser-list-item-eng-name\">Deadly Deal</span><div class=\"parser-list-item-entries\">以一个动作，你可以通过从中投掷一枚灵体卡牌用于发动远程法术攻击，攻击检定中使用敏捷调整值。该卡牌具有120尺的射程，在命中时造成{{@damage|1d8}}点力场伤害。</div></li><li class=\"parser-list-item\"><span class=\"parser-list-item-name\">卡牌喷射</span><span class=\"parser-list-item-eng-name\">Spray of Cards</span><div class=\"parser-list-item-entries\">以一个动作，你洗切牌组并用其施展3环版本的法术{{@spell|卡牌喷射|BMT}}（法术豁免DC{{@dc|15}}）。一旦此牌组被用于施展这一法术，直到次日黎明后才能再次用于施展该法术。</div></li></ul>"
  },
  "en": {
    "name": "Card Sharp's Deck",
    "entries": [
      "The cards of this deck shimmer around the edges. While holding this deck, you can use the following properties:",
      {
        "type": "list",
        "style": "list-hang-notitle",
        "items": [
          {
            "type": "item",
            "name": "Deadly Deal",
            "entries": [
              "As an action, you can use this deck to make a ranged spell attack by throwing a spectral card and using Dexterity for the attack roll. The card has a range of 120 feet and deals {@damage 1d8} force damage on a hit."
            ]
          },
          {
            "type": "item",
            "name": "Spray of Cards",
            "entries": [
              "As an action, you can shuffle the deck and cast the {@spell Spray of Cards|BMT} spell at 3rd level from the deck (spell save {@dc 15}). Once the deck has cast the spell, it can't cast the spell again until the next dawn."
            ]
          }
        ]
      }
    ],
    "html": "The cards of this deck shimmer around the edges. While holding this deck, you can use the following properties:\n<ul class=\"parser-list parser-list-list-hang-notitle\"><li class=\"parser-list-item\"><span class=\"parser-list-item-name\">Deadly Deal</span><div class=\"parser-list-item-entries\">As an action, you can use this deck to make a ranged spell attack by throwing a spectral card and using Dexterity for the attack roll. The card has a range of 120 feet and deals {{@damage|1d8}} force damage on a hit.</div></li><li class=\"parser-list-item\"><span class=\"parser-list-item-name\">Spray of Cards</span><div class=\"parser-list-item-entries\">As an action, you can shuffle the deck and cast the {{@spell|Spray of Cards|BMT}} spell at 3rd level from the deck (spell save {{@dc|15}}). Once the deck has cast the spell, it can't cast the spell again until the next dawn.</div></li></ul>"
  },
  "bonus": {}
}