{
  "dataType": "item",
  "uid": "item_Carnelian|XDMG ",
  "id": "Carnelian|XDMG",
  "value": 5000,
  "rarity": "none",
  "isBaseItem": false,
  "baseItem": "",
  "displayName": {
    "zh": "红玉髓",
    "en": "Carnelian"
  },
  "mainSource": {
    "source": "XDMG",
    "page": 214
  },
  "allSources": [
    {
      "source": "XDMG",
      "page": 214
    }
  ],
  "relatedVersions": [
    "Carnelian|DMG"
  ],
  "zh": {
    "name": "红玉髓",
    "entries": [
      "一颗橙色到红棕色的宝石。"
    ],
    "html": "一颗橙色到红棕色的宝石。"
  },
  "en": {
    "name": "Carnelian",
    "entries": [
      "A orange to red brown gemstone."
    ],
    "html": "A orange to red brown gemstone."
  },
  "bonus": {}
}