{
  "dataType": "item",
  "uid": "item_Carpet of Flying, 6 ft. × 9 ft.|XDMG ",
  "id": "Carpet of Flying, 6 ft. × 9 ft.|XDMG",
  "rarity": "very rare",
  "isBaseItem": false,
  "baseItem": "",
  "displayName": {
    "zh": "飞天魔毯，6尺x9尺",
    "en": "Carpet of Flying, 6 ft. × 9 ft."
  },
  "mainSource": {
    "source": "XDMG",
    "page": 242
  },
  "allSources": [
    {
      "source": "XDMG",
      "page": 242
    }
  ],
  "relatedVersions": [
    "Carpet of Flying, 6 ft. × 9 ft.|DMG"
  ],
  "zh": {
    "name": "飞天魔毯，6尺x9尺",
    "entries": [
      "你可以通过进行一个{@action 魔法|XPHB}动作并使用飞毯的命令词来使其悬浮并飞行。如果你在它30英尺范围内，它会根据你的指示移动。",
      "一张6英尺×9英尺的地毯可以携带最多800磅的重量，飞行速度为30英尺。地毯最多可以携带表中所示重量的两倍，但如果它携带的重量超过其正常容量，其{@variantrule 飞行速度|XPHB}将减半。"
    ],
    "html": "你可以通过进行一个{{@action|魔法|XPHB}}动作并使用飞毯的命令词来使其悬浮并飞行。如果你在它30英尺范围内，它会根据你的指示移动。\n一张6英尺×9英尺的地毯可以携带最多800磅的重量，飞行速度为30英尺。地毯最多可以携带表中所示重量的两倍，但如果它携带的重量超过其正常容量，其{{@variantrule|飞行速度|XPHB}}将减半。"
  },
  "en": {
    "name": "Carpet of Flying, 6 ft. × 9 ft.",
    "entries": [
      "You can make this carpet hover and fly by taking a {@action Magic|XPHB} action and using the carpet's command word. It moves according to your directions if you are within 30 feet of it.",
      "A 6 ft. × 9 ft. carpet can carry up to 800 lb. at a fly speed of 30 feet. A carpet can carry up to twice the weight shown on the table, but its {@variantrule Fly Speed|XPHB} is halved if it carries more than its normal capacity."
    ],
    "html": "You can make this carpet hover and fly by taking a {{@action|Magic|XPHB}} action and using the carpet's command word. It moves according to your directions if you are within 30 feet of it.\nA 6 ft. × 9 ft. carpet can carry up to 800 lb. at a fly speed of 30 feet. A carpet can carry up to twice the weight shown on the table, but its {{@variantrule|Fly Speed|XPHB}} is halved if it carries more than its normal capacity."
  },
  "bonus": {}
}