{
  "dataType": "item",
  "uid": "item_Carpet of Flying, 4 ft. × 6 ft.|DMG ",
  "id": "Carpet of Flying, 4 ft. × 6 ft.|DMG",
  "rarity": "very rare",
  "isBaseItem": false,
  "baseItem": "",
  "displayName": {
    "zh": "飞天魔毯，4尺x6尺",
    "en": "Carpet of Flying, 4 ft. × 6 ft."
  },
  "mainSource": {
    "source": "DMG",
    "page": 157
  },
  "allSources": [
    {
      "source": "DMG",
      "page": 157
    },
    {
      "source": "XDMG",
      "page": 0
    }
  ],
  "relatedVersions": [
    "Carpet of Flying, 4 ft. × 6 ft.|XDMG"
  ],
  "zh": {
    "name": "飞天魔毯，4尺x6尺",
    "entries": [
      "你可以用一个动作说出飞毯的命令语使其悬停和飞行。只要你位于飞毯周围30尺内，它就会按照你口述的方向移动。",
      "一张4尺×6尺的飞毯可以承载最多400磅重物，并以60尺的飞行速度飞行。飞毯的载重上限为表中数值的两倍，但超过正常载重时飞毯的飞行速度减半。"
    ],
    "html": "你可以用一个动作说出飞毯的命令语使其悬停和飞行。只要你位于飞毯周围30尺内，它就会按照你口述的方向移动。\n一张4尺×6尺的飞毯可以承载最多400磅重物，并以60尺的飞行速度飞行。飞毯的载重上限为表中数值的两倍，但超过正常载重时飞毯的飞行速度减半。"
  },
  "en": {
    "name": "Carpet of Flying, 4 ft. × 6 ft.",
    "entries": [
      "You can speak the carpet's command word as an action to make the carpet hover and fly. It moves according to your spoken directions, provided that you are within 30 feet of it.",
      "A 4 ft. × 6 ft. carpet can carry up to 400 lb. at a fly speed of 60 feet. A carpet can carry up to twice this weight, but it flies at half speed if it carries more than its normal capacity."
    ],
    "html": "You can speak the carpet's command word as an action to make the carpet hover and fly. It moves according to your spoken directions, provided that you are within 30 feet of it.\nA 4 ft. × 6 ft. carpet can carry up to 400 lb. at a fly speed of 60 feet. A carpet can carry up to twice this weight, but it flies at half speed if it carries more than its normal capacity."
  },
  "bonus": {}
}