{
  "dataType": "item",
  "uid": "item_Carriage|PHB ",
  "id": "Carriage|PHB",
  "weight": 600,
  "value": 10000,
  "rarity": "none",
  "isBaseItem": false,
  "baseItem": "",
  "displayName": {
    "zh": "四轮客车",
    "en": "Carriage"
  },
  "mainSource": {
    "source": "PHB",
    "page": 157
  },
  "allSources": [
    {
      "source": "PHB",
      "page": 157
    },
    {
      "source": "XPHB",
      "page": 0
    }
  ],
  "relatedVersions": [
    "Carriage|XPHB"
  ],
  "zh": {
    "name": "四轮客车",
    "entries": [],
    "html": ""
  },
  "en": {
    "name": "Carriage",
    "entries": [],
    "html": ""
  },
  "bonus": {}
}