{
  "dataType": "item",
  "uid": "item_Carrion Crawler Mucus|XDMG ",
  "id": "Carrion Crawler Mucus|XDMG",
  "value": 20000,
  "rarity": "none",
  "isBaseItem": false,
  "baseItem": "",
  "displayName": {
    "zh": "食腐虫粘液",
    "en": "Carrion Crawler Mucus"
  },
  "mainSource": {
    "source": "XDMG",
    "page": 90
  },
  "allSources": [
    {
      "source": "XDMG",
      "page": 90
    }
  ],
  "relatedVersions": [
    "Carrion Crawler Mucus|DMG"
  ],
  "zh": {
    "name": "食腐虫粘液",
    "entries": [
      "生物受到食腐虫粘液影响时，必须成功通过一个 {@dc 13} 的体质豁免检定，否则会处于 {@condition 中毒|XPHB} 状态，持续1分钟。该生物在此方式下处于 {@condition 中毒|XPHB} 状态的同时，也会处于 {@condition 麻痹|XPHB} 状态。该生物在每回合结束时重复进行豁免检定，成功时效果结束。"
    ],
    "html": "生物受到食腐虫粘液影响时，必须成功通过一个 {{@dc|13}} 的体质豁免检定，否则会处于 {{@condition|中毒|XPHB}} 状态，持续1分钟。该生物在此方式下处于 {{@condition|中毒|XPHB}} 状态的同时，也会处于 {{@condition|麻痹|XPHB}} 状态。该生物在每回合结束时重复进行豁免检定，成功时效果结束。"
  },
  "en": {
    "name": "Carrion Crawler Mucus",
    "entries": [
      "A creature subjected to Carrion Crawler Mucus must succeed on a {@dc 13} Constitution saving throw or have the {@condition Poisoned|XPHB} condition for 1 minute. The creature also has the {@condition Paralyzed|XPHB} condition while {@condition Poisoned|XPHB} in this way. The creature repeats the save at the end of each of its turns, ending the effect on itself on a success."
    ],
    "html": "A creature subjected to Carrion Crawler Mucus must succeed on a {{@dc|13}} Constitution saving throw or have the {{@condition|Poisoned|XPHB}} condition for 1 minute. The creature also has the {{@condition|Paralyzed|XPHB}} condition while {{@condition|Poisoned|XPHB}} in this way. The creature repeats the save at the end of each of its turns, ending the effect on itself on a success."
  },
  "bonus": {}
}