{
  "dataType": "item",
  "uid": "item_Carrion Crawler Mucus|DMG ",
  "id": "Carrion Crawler Mucus|DMG",
  "value": 20000,
  "rarity": "none",
  "isBaseItem": false,
  "baseItem": "",
  "displayName": {
    "zh": "食腐虫粘液",
    "en": "Carrion Crawler Mucus"
  },
  "mainSource": {
    "source": "DMG",
    "page": 258
  },
  "allSources": [
    {
      "source": "DMG",
      "page": 258
    },
    {
      "source": "XDMG",
      "page": 0
    }
  ],
  "relatedVersions": [
    "Carrion Crawler Mucus|XDMG"
  ],
  "zh": {
    "name": "食腐虫粘液",
    "entries": [
      "该毒药必须从死亡或{@condition 失能}的{@creature 食腐虫}身上采集。受此毒药影响的生物必须成功通过{@dc 13}的体质豁免否则陷入{@condition 中毒}1分钟。{@condition 中毒}的生物会被{@condition 麻痹}。该生物可以在其每回合结束时重复进行豁免检定，成功则在其身上结束该效应。"
    ],
    "html": "该毒药必须从死亡或{{@condition|失能}}的{{@creature|食腐虫}}身上采集。受此毒药影响的生物必须成功通过{{@dc|13}}的体质豁免否则陷入{{@condition|中毒}}1分钟。{{@condition|中毒}}的生物会被{{@condition|麻痹}}。该生物可以在其每回合结束时重复进行豁免检定，成功则在其身上结束该效应。"
  },
  "en": {
    "name": "Carrion Crawler Mucus",
    "entries": [
      "This poison must be harvested from a dead or {@condition incapacitated} {@creature carrion crawler}. A creature subjected to this poison must succeed on a {@dc 13} Constitution saving throw or be {@condition poisoned} for 1 minute. The {@condition poisoned} creature is {@condition paralyzed}. The creature can repeat the saving throw at the end of each of its turns, ending the effect on itself on a success."
    ],
    "html": "This poison must be harvested from a dead or {{@condition|incapacitated}} {{@creature|carrion crawler}}. A creature subjected to this poison must succeed on a {{@dc|13}} Constitution saving throw or be {{@condition|poisoned}} for 1 minute. The {{@condition|poisoned}} creature is {{@condition|paralyzed}}. The creature can repeat the saving throw at the end of each of its turns, ending the effect on itself on a success."
  },
  "bonus": {}
}