{
  "dataType": "item",
  "uid": "item_Cartographer's Tools|PHB ",
  "id": "Cartographer's Tools|PHB",
  "weight": 6,
  "value": 1500,
  "rarity": "none",
  "isBaseItem": false,
  "baseItem": "",
  "displayName": {
    "zh": "制图工具",
    "en": "Cartographer's Tools"
  },
  "mainSource": {
    "source": "PHB",
    "page": 154
  },
  "allSources": [
    {
      "source": "PHB",
      "page": 154
    },
    {
      "source": "XGE",
      "page": 80
    },
    {
      "source": "XPHB",
      "page": 0
    }
  ],
  "relatedVersions": [
    "Cartographer's Tools|XPHB"
  ],
  "zh": {
    "name": "制图工具",
    "entries": [],
    "html": ""
  },
  "en": {
    "name": "Cartographer's Tools",
    "entries": [],
    "html": ""
  },
  "bonus": {}
}