{
  "dataType": "item",
  "uid": "item_Carved bone statuette|XDMG ",
  "id": "Carved bone statuette|XDMG",
  "value": 2500,
  "rarity": "none",
  "isBaseItem": false,
  "baseItem": "",
  "displayName": {
    "zh": "骨制雕像",
    "en": "Carved bone statuette"
  },
  "mainSource": {
    "source": "XDMG",
    "page": 215
  },
  "allSources": [
    {
      "source": "XDMG",
      "page": 215
    }
  ],
  "relatedVersions": [
    "Carved bone statuette|DMG"
  ],
  "zh": {
    "name": "骨制雕像",
    "entries": [],
    "html": ""
  },
  "en": {
    "name": "Carved bone statuette",
    "entries": [],
    "html": ""
  },
  "bonus": {}
}