{
  "dataType": "item",
  "uid": "item_Carved jade statuette (River Heralds)|PSX ",
  "id": "Carved jade statuette (River Heralds)|PSX",
  "value": 25000,
  "rarity": "none",
  "isBaseItem": false,
  "baseItem": "",
  "displayName": {
    "zh": "雕玉雕像（川流使）",
    "en": "Carved jade statuette (River Heralds)"
  },
  "mainSource": {
    "source": "PSX",
    "page": 24
  },
  "allSources": [
    {
      "source": "PSX",
      "page": 24
    }
  ],
  "zh": {
    "name": "雕玉雕像（川流使）",
    "entries": [],
    "html": ""
  },
  "en": {
    "name": "Carved jade statuette (River Heralds)",
    "entries": [],
    "html": ""
  },
  "bonus": {}
}