{
  "dataType": "item",
  "uid": "item_Carved ivory statuette|XDMG ",
  "id": "Carved ivory statuette|XDMG",
  "value": 25000,
  "rarity": "none",
  "isBaseItem": false,
  "baseItem": "",
  "displayName": {
    "zh": "象牙制雕像",
    "en": "Carved ivory statuette"
  },
  "mainSource": {
    "source": "XDMG",
    "page": 215
  },
  "allSources": [
    {
      "source": "XDMG",
      "page": 215
    }
  ],
  "relatedVersions": [
    "Carved ivory statuette|DMG"
  ],
  "zh": {
    "name": "象牙制雕像",
    "entries": [],
    "html": ""
  },
  "en": {
    "name": "Carved ivory statuette",
    "entries": [],
    "html": ""
  },
  "bonus": {}
}