{
  "dataType": "item",
  "uid": "item_Catapult Munition|SCC ",
  "id": "Catapult Munition|SCC",
  "rarity": "unknown",
  "isBaseItem": false,
  "baseItem": "",
  "displayName": {
    "zh": "投石机弹药",
    "en": "Catapult Munition"
  },
  "mainSource": {
    "source": "SCC",
    "page": 174
  },
  "allSources": [
    {
      "source": "SCC",
      "page": 174
    }
  ],
  "zh": {
    "name": "投石机弹药",
    "entries": [
      "一个投石机弹药，大致与炮弹的体型和重量相当。",
      "该弹药可以被投掷至30尺远并在撞击时爆炸。以撞击点为中心半径15尺球状区域内的任何生物必须进行一次{@dc 14}的敏捷豁免检定，豁免失败则受到35（{@damage 10d6}）火焰伤害，豁免成功则只受到一半伤害。此外，该区域内未被穿着或携带的每个物件都会受到35（{@damage 10d6}）火焰伤害。"
    ],
    "html": "一个投石机弹药，大致与炮弹的体型和重量相当。\n该弹药可以被投掷至30尺远并在撞击时爆炸。以撞击点为中心半径15尺球状区域内的任何生物必须进行一次{{@dc|14}}的敏捷豁免检定，豁免失败则受到35（{{@damage|10d6}}）火焰伤害，豁免成功则只受到一半伤害。此外，该区域内未被穿着或携带的每个物件都会受到35（{{@damage|10d6}}）火焰伤害。"
  },
  "en": {
    "name": "Catapult Munition",
    "entries": [
      "A catapult munition roughly the size and weight of a cannonball.",
      "The munition can be thrown up to 30 feet and explodes on impact. Any creature within a 15-foot-radius sphere centered on the point of impact must make a {@dc 14} Dexterity saving throw, taking 35 ({@damage 10d6}) fire damage on a failed save, or half as much damage on a successful one. In addition, each object in that area that isn't being worn or carried takes 35 ({@damage 10d6}) fire damage."
    ],
    "html": "A catapult munition roughly the size and weight of a cannonball.\nThe munition can be thrown up to 30 feet and explodes on impact. Any creature within a 15-foot-radius sphere centered on the point of impact must make a {{@dc|14}} Dexterity saving throw, taking 35 ({{@damage|10d6}}) fire damage on a failed save, or half as much damage on a successful one. In addition, each object in that area that isn't being worn or carried takes 35 ({{@damage|10d6}}) fire damage."
  },
  "bonus": {}
}