{
  "dataType": "item",
  "uid": "item_Cauldron of Rebirth|XDMG ",
  "id": "Cauldron of Rebirth|XDMG",
  "rarity": "very rare",
  "isBaseItem": false,
  "baseItem": "",
  "displayName": {
    "zh": "重生坩埚",
    "en": "Cauldron of Rebirth"
  },
  "mainSource": {
    "source": "XDMG",
    "page": 243
  },
  "allSources": [
    {
      "source": "XDMG",
      "page": 243
    }
  ],
  "relatedVersions": [
    "Cauldron of Rebirth|TCE"
  ],
  "zh": {
    "name": "重生坩埚",
    "entries": [
      "这个小铁锅的铸铁侧面上刻有英雄浮雕图案。",
      "你可以将这个大锅用作你的法术的{@variantrule 法器|XPHB}，并且它作为{@spell 探知术|XPHB}法术的合适材料。",
      {
        "ENG_name": "Brew Potion",
        "name": "酿造药水",
        "type": "entries",
        "entries": [
          "当你完成一次{@variantrule 长休|XPHB}后，你可以使用坩埚来制作一瓶{@item 高等治疗药水|XDMG|治疗药水（高等）}，这需要1分钟。药水可以持续24小时，如果在这段时间内没有被消耗，它就会失去魔法效果。"
        ]
      },
      {
        "ENG_name": "Raise Dead",
        "name": "死者复活",
        "type": "entries",
        "entries": [
          "作为一个动作，你可以花费3个充能并施放{@action 魔法|XPHB}（豁免 {@action 魔法|XPHB}）",
          "如果你将一个人形生物的尸体放入坩埚中，并用200磅盐（价值10金币）覆盖尸体至少8小时，盐会被消耗，而生物将在下一个黎明时分像通过{@spell 死者复活|XPHB}一样复活。一旦使用，这个特性在7天内不能再使用。"
        ]
      }
    ],
    "html": "这个小铁锅的铸铁侧面上刻有英雄浮雕图案。\n你可以将这个大锅用作你的法术的{{@variantrule|法器|XPHB}}，并且它作为{{@spell|探知术|XPHB}}法术的合适材料。\n<div class=\"parser-entries\"><div class=\"parser-entries-name\">酿造药水</div><div class=\"parser-entries-eng-name\">Brew Potion</div><div class=\"parser-entries-content\">当你完成一次{{@variantrule|长休|XPHB}}后，你可以使用坩埚来制作一瓶{{@item|高等治疗药水|XDMG|治疗药水（高等）}}，这需要1分钟。药水可以持续24小时，如果在这段时间内没有被消耗，它就会失去魔法效果。</div></div>\n<div class=\"parser-entries\"><div class=\"parser-entries-name\">死者复活</div><div class=\"parser-entries-eng-name\">Raise Dead</div><div class=\"parser-entries-content\">作为一个动作，你可以花费3个充能并施放{{@action|魔法|XPHB}}（豁免 {{@action|魔法|XPHB}}）如果你将一个人形生物的尸体放入坩埚中，并用200磅盐（价值10金币）覆盖尸体至少8小时，盐会被消耗，而生物将在下一个黎明时分像通过{{@spell|死者复活|XPHB}}一样复活。一旦使用，这个特性在7天内不能再使用。</div></div>"
  },
  "en": {
    "name": "Cauldron of Rebirth",
    "entries": [
      "This Tiny pot bears relief scenes of heroes on its cast-iron sides.",
      "You can use the cauldron as a {@variantrule Spellcasting Focus|XPHB} for your spells, and it functions as a suitable component for the {@spell Scrying|XPHB} spell.",
      {
        "type": "entries",
        "name": "Brew Potion",
        "entries": [
          "When you finish a {@variantrule Long Rest|XPHB}, you can use the cauldron to create a {@item Potion of Greater Healing|XDMG|Potion of Healing (greater)}, which takes 1 minute. The potion lasts for 24 hours, then loses its magic if not consumed."
        ]
      },
      {
        "type": "entries",
        "name": "Raise Dead",
        "entries": [
          "As a {@action Magic|XPHB} action, you can cause the cauldron to grow large enough for a Medium creature to crouch within. You can revert the cauldron to its normal size as a {@action Magic|XPHB} action, harmlessly shunting anything that can't fit inside to the nearest unoccupied space.",
          "If you place the corpse of a Humanoid into the cauldron and cover the corpse with 200 pounds of salt (which costs 10 GP) for at least 8 hours, the salt is consumed and the creature returns to life as if by {@spell Raise Dead|XPHB} at the next dawn. Once used, this property can't be used again for 7 days."
        ]
      }
    ],
    "html": "This Tiny pot bears relief scenes of heroes on its cast-iron sides.\nYou can use the cauldron as a {{@variantrule|Spellcasting Focus|XPHB}} for your spells, and it functions as a suitable component for the {{@spell|Scrying|XPHB}} spell.\n<div class=\"parser-entries\"><div class=\"parser-entries-name\">Brew Potion</div><div class=\"parser-entries-content\">When you finish a {{@variantrule|Long Rest|XPHB}}, you can use the cauldron to create a {{@item|Potion of Greater Healing|XDMG|Potion of Healing (greater)}}, which takes 1 minute. The potion lasts for 24 hours, then loses its magic if not consumed.</div></div>\n<div class=\"parser-entries\"><div class=\"parser-entries-name\">Raise Dead</div><div class=\"parser-entries-content\">As a {{@action|Magic|XPHB}} action, you can cause the cauldron to grow large enough for a Medium creature to crouch within. You can revert the cauldron to its normal size as a {{@action|Magic|XPHB}} action, harmlessly shunting anything that can't fit inside to the nearest unoccupied space.If you place the corpse of a Humanoid into the cauldron and cover the corpse with 200 pounds of salt (which costs 10 GP) for at least 8 hours, the salt is consumed and the creature returns to life as if by {{@spell|Raise Dead|XPHB}} at the next dawn. Once used, this property can't be used again for 7 days.</div></div>"
  },
  "bonus": {}
}