{
  "dataType": "item",
  "uid": "item_Cauldron of Plenty|IDRotF ",
  "id": "Cauldron of Plenty|IDRotF",
  "weight": 50,
  "rarity": "rare",
  "isBaseItem": false,
  "baseItem": "",
  "displayName": {
    "zh": "丰盛之锅",
    "en": "Cauldron of Plenty"
  },
  "mainSource": {
    "source": "IDRotF",
    "page": 314
  },
  "allSources": [
    {
      "source": "IDRotF",
      "page": 314
    }
  ],
  "zh": {
    "name": "丰盛之锅",
    "entries": [
      "这个大锅由厚实的铜制成，随着岁月的流逝已经变成了绿色。它宽4尺，口径3.5尺，重50磅，能装下多达30加仑的液体。其鼓起的侧面上浮雕着休息中的半羊人和仙女，手持勺子。大锅配有盖子，并且有侧把手。它坐落在五个小爪形脚上，以防倾倒。",
      "如果向大锅中倒入水并搅拌1分钟，它就会变成一碗丰盛的热炖菜，每加仑可以为多达四人提供一顿有营养的餐食。炖菜在大锅中保持热度，取出后会自然冷却。尽管炖菜很热，但大锅的外部仍然可以安全触摸。",
      "这个大锅可以制作炖菜三次。之后它将停止工作，直到下一个黎明，届时它将恢复所有使用次数。"
    ],
    "html": "这个大锅由厚实的铜制成，随着岁月的流逝已经变成了绿色。它宽4尺，口径3.5尺，重50磅，能装下多达30加仑的液体。其鼓起的侧面上浮雕着休息中的半羊人和仙女，手持勺子。大锅配有盖子，并且有侧把手。它坐落在五个小爪形脚上，以防倾倒。\n如果向大锅中倒入水并搅拌1分钟，它就会变成一碗丰盛的热炖菜，每加仑可以为多达四人提供一顿有营养的餐食。炖菜在大锅中保持热度，取出后会自然冷却。尽管炖菜很热，但大锅的外部仍然可以安全触摸。\n这个大锅可以制作炖菜三次。之后它将停止工作，直到下一个黎明，届时它将恢复所有使用次数。"
  },
  "en": {
    "name": "Cauldron of Plenty",
    "entries": [
      "This cauldron is made of thick copper that has turned green with age. It is 4 feet wide, has a mouth 3½ feet in diameter, weighs 50 pounds, and can hold up to 30 gallons of liquid. Embossed on its bulging sides are images of satyrs and nymphs in repose, holding ladles. The cauldron comes with a lid and has side handles. It sits on five little clawed feet that keep it from tipping.",
      "If water is poured into the cauldron and stirred for 1 minute, it transforms into a hearty, hot stew, which can provide one nourishing meal for up to four people per gallon. The stew remains hot while in the cauldron, then cools naturally after it is removed. The outside of the cauldron remains safe to touch despite the heat of the stew.",
      "The cauldron can create stew three times. It then ceases to function until the next dawn, when it regains all its uses."
    ],
    "html": "This cauldron is made of thick copper that has turned green with age. It is 4 feet wide, has a mouth 3½ feet in diameter, weighs 50 pounds, and can hold up to 30 gallons of liquid. Embossed on its bulging sides are images of satyrs and nymphs in repose, holding ladles. The cauldron comes with a lid and has side handles. It sits on five little clawed feet that keep it from tipping.\nIf water is poured into the cauldron and stirred for 1 minute, it transforms into a hearty, hot stew, which can provide one nourishing meal for up to four people per gallon. The stew remains hot while in the cauldron, then cools naturally after it is removed. The outside of the cauldron remains safe to touch despite the heat of the stew.\nThe cauldron can create stew three times. It then ceases to function until the next dawn, when it regains all its uses."
  },
  "bonus": {}
}