{
  "dataType": "item",
  "uid": "item_Cauldron of Rebirth|TCE ",
  "id": "Cauldron of Rebirth|TCE",
  "rarity": "very rare",
  "isBaseItem": false,
  "baseItem": "",
  "displayName": {
    "zh": "重生坩埚",
    "en": "Cauldron of Rebirth"
  },
  "mainSource": {
    "source": "TCE",
    "page": 122
  },
  "allSources": [
    {
      "source": "TCE",
      "page": 122
    },
    {
      "source": "XDMG",
      "page": 0
    }
  ],
  "relatedVersions": [
    "Cauldron of Rebirth|XDMG"
  ],
  "zh": {
    "name": "重生坩埚",
    "entries": [
      "这只微型小锅的铸铁侧边上刻有英雄群像的浮雕。你可以将这件坩埚作为法器使用，且其可以作为{@spell 探知术}法术的代替材料。当你完成一次长休时，你可以使用坩埚制造一瓶{@item 高等治疗药水}。药水持续24个小时，若其没有被使用，则它失去魔力。",
      "作为一个动作，你可以让坩埚增大至足以容纳一个中型生物。你可以用一个动作让坩埚恢复其普通大小，并且无害地将任何它无法容纳的东西转出到最近未被占据的位置。",
      "如果你将一个类人生物的尸体放入坩埚之中并将200磅的盐（耗费10金币）覆盖到坩埚之上持续八小时，那么盐会被消耗，而那个生物会在下一个黎明时复活，如同{@spell 死者复活}法术。使用后七日之内，坩埚的此项属性无法再次使用。"
    ],
    "html": "这只微型小锅的铸铁侧边上刻有英雄群像的浮雕。你可以将这件坩埚作为法器使用，且其可以作为{{@spell|探知术}}法术的代替材料。当你完成一次长休时，你可以使用坩埚制造一瓶{{@item|高等治疗药水}}。药水持续24个小时，若其没有被使用，则它失去魔力。\n作为一个动作，你可以让坩埚增大至足以容纳一个中型生物。你可以用一个动作让坩埚恢复其普通大小，并且无害地将任何它无法容纳的东西转出到最近未被占据的位置。\n如果你将一个类人生物的尸体放入坩埚之中并将200磅的盐（耗费10金币）覆盖到坩埚之上持续八小时，那么盐会被消耗，而那个生物会在下一个黎明时复活，如同{{@spell|死者复活}}法术。使用后七日之内，坩埚的此项属性无法再次使用。"
  },
  "en": {
    "name": "Cauldron of Rebirth",
    "entries": [
      "This Tiny pot bears relief scenes of heroes on its cast iron sides. You can use the cauldron as a spellcasting focus for your spells, and it functions as a suitable component for the {@spell scrying} spell. When you finish a long rest, you can use the cauldron to create a {@item potion of greater healing}. The potion lasts for 24 hours, then loses its magic if not consumed.",
      "As an action, you can cause the cauldron to grow large enough for a Medium creature to crouch within. You can revert the cauldron to its normal size as an action, harmlessly shunting anything that can't fit inside to the nearest unoccupied space.",
      "If you place the corpse of a humanoid into the cauldron and cover the corpse with 200 pounds of salt (which costs 10 gp) for at least 8 hours, the salt is consumed and the creature returns to life as if by {@spell raise dead} at the next dawn. Once used, this property can't be used again for 7 days."
    ],
    "html": "This Tiny pot bears relief scenes of heroes on its cast iron sides. You can use the cauldron as a spellcasting focus for your spells, and it functions as a suitable component for the {{@spell|scrying}} spell. When you finish a long rest, you can use the cauldron to create a {{@item|potion of greater healing}}. The potion lasts for 24 hours, then loses its magic if not consumed.\nAs an action, you can cause the cauldron to grow large enough for a Medium creature to crouch within. You can revert the cauldron to its normal size as an action, harmlessly shunting anything that can't fit inside to the nearest unoccupied space.\nIf you place the corpse of a humanoid into the cauldron and cover the corpse with 200 pounds of salt (which costs 10 gp) for at least 8 hours, the salt is consumed and the creature returns to life as if by {{@spell|raise dead}} at the next dawn. Once used, this property can't be used again for 7 days."
  },
  "bonus": {}
}