{
  "dataType": "item",
  "uid": "item_Censer of Controlling Air Elementals|XDMG ",
  "id": "Censer of Controlling Air Elementals|XDMG",
  "rarity": "rare",
  "isBaseItem": false,
  "baseItem": "",
  "displayName": {
    "zh": "命令元素香炉",
    "en": "Censer of Controlling Air Elementals"
  },
  "mainSource": {
    "source": "XDMG",
    "page": 243
  },
  "allSources": [
    {
      "source": "XDMG",
      "page": 243
    }
  ],
  "relatedVersions": [
    "Censer of Controlling Air Elementals|DMG"
  ],
  "zh": {
    "name": "命令元素香炉",
    "entries": [
      "轻轻摆动这个香炉时，你可以采取一个{@action 魔法|XPHB}动作来召唤一个{@creature 气元素|XMM}。元素生物出现在尽可能靠近香炉的未被占据的空间，理解你的语言，服从你的命令，并在你的{@variantrule 先攻|XPHB}计数后立即进行它的回合。元素生物在1小时后消失，当它死亡时，或者当你以一个{@variantrule 附赠动作|XPHB}将其解散时。直到下一个黎明之前，香炉不能再以这种方式使用。"
    ],
    "html": "轻轻摆动这个香炉时，你可以采取一个{{@action|魔法|XPHB}}动作来召唤一个{{@creature|气元素|XMM}}。元素生物出现在尽可能靠近香炉的未被占据的空间，理解你的语言，服从你的命令，并在你的{{@variantrule|先攻|XPHB}}计数后立即进行它的回合。元素生物在1小时后消失，当它死亡时，或者当你以一个{{@variantrule|附赠动作|XPHB}}将其解散时。直到下一个黎明之前，香炉不能再以这种方式使用。"
  },
  "en": {
    "name": "Censer of Controlling Air Elementals",
    "entries": [
      "While gently swinging this censer, you can take a {@action Magic|XPHB} action to summon an {@creature Air Elemental|XMM}. The elemental appears in an unoccupied space as close to the censer as possible, understands your languages, obeys your commands, and takes its turn immediately after you on your {@variantrule Initiative|XPHB} count. The elemental disappears after 1 hour, when it dies, or when you dismiss it as a {@variantrule Bonus Action|XPHB}. The censer can't be used this way again until the next dawn."
    ],
    "html": "While gently swinging this censer, you can take a {{@action|Magic|XPHB}} action to summon an {{@creature|Air Elemental|XMM}}. The elemental appears in an unoccupied space as close to the censer as possible, understands your languages, obeys your commands, and takes its turn immediately after you on your {{@variantrule|Initiative|XPHB}} count. The elemental disappears after 1 hour, when it dies, or when you dismiss it as a {{@variantrule|Bonus Action|XPHB}}. The censer can't be used this way again until the next dawn."
  },
  "bonus": {}
}