{
  "dataType": "item",
  "uid": "item_Ceremonial silver dagger with gold pommel and black pearl (Legion of Dusk)|PSX ",
  "id": "Ceremonial silver dagger with gold pommel and black pearl (Legion of Dusk)|PSX",
  "value": 75000,
  "rarity": "none",
  "isBaseItem": false,
  "baseItem": "",
  "displayName": {
    "zh": "金柄头黑珍珠仪式银匕（暮影军团）",
    "en": "Ceremonial silver dagger with gold pommel and black pearl (Legion of Dusk)"
  },
  "mainSource": {
    "source": "PSX",
    "page": 24
  },
  "allSources": [
    {
      "source": "PSX",
      "page": 24
    }
  ],
  "zh": {
    "name": "金柄头黑珍珠仪式银匕（暮影军团）",
    "entries": [],
    "html": ""
  },
  "en": {
    "name": "Ceremonial silver dagger with gold pommel and black pearl (Legion of Dusk)",
    "entries": [],
    "html": ""
  },
  "bonus": {}
}