{
  "dataType": "item",
  "uid": "item_Ceremonial gold armor with black pearls|XDMG ",
  "id": "Ceremonial gold armor with black pearls|XDMG",
  "value": 750000,
  "rarity": "none",
  "isBaseItem": false,
  "baseItem": "",
  "displayName": {
    "zh": "黑珍珠仪式金甲",
    "en": "Ceremonial gold armor with black pearls"
  },
  "mainSource": {
    "source": "XDMG",
    "page": 215
  },
  "allSources": [
    {
      "source": "XDMG",
      "page": 215
    }
  ],
  "zh": {
    "name": "黑珍珠仪式金甲",
    "entries": [],
    "html": ""
  },
  "en": {
    "name": "Ceremonial gold armor with black pearls",
    "entries": [],
    "html": ""
  },
  "bonus": {}
}