{
  "dataType": "item",
  "uid": "item_Chain (10 feet)|PHB ",
  "id": "Chain (10 feet)|PHB",
  "weight": 10,
  "value": 500,
  "rarity": "none",
  "isBaseItem": false,
  "baseItem": "",
  "displayName": {
    "zh": "链条(10尺)",
    "en": "Chain (10 feet)"
  },
  "mainSource": {
    "source": "PHB",
    "page": 151
  },
  "allSources": [
    {
      "source": "PHB",
      "page": 151
    },
    {
      "source": "XPHB",
      "page": 0
    }
  ],
  "relatedVersions": [
    "Chain|XPHB"
  ],
  "zh": {
    "name": "链条(10尺)",
    "entries": [
      "一根链条有10点生命值。它可以被一次成功的{@dc 20}力量检定挣断。"
    ],
    "html": "一根链条有10点生命值。它可以被一次成功的{{@dc|20}}力量检定挣断。"
  },
  "en": {
    "name": "Chain (10 feet)",
    "entries": [
      "A chain has 10 hit points. It can be burst with a successful {@dc 20} Strength check."
    ],
    "html": "A chain has 10 hit points. It can be burst with a successful {{@dc|20}} Strength check."
  },
  "bonus": {}
}