{
  "dataType": "item",
  "uid": "item_Chain Mail|PHB",
  "id": "Chain Mail|PHB",
  "weight": 55,
  "value": 7500,
  "rarity": "none",
  "isBaseItem": true,
  "displayName": {
    "zh": "链甲",
    "en": "Chain Mail"
  },
  "mainSource": {
    "source": "PHB",
    "page": 145
  },
  "allSources": [
    {
      "source": "PHB",
      "page": 145
    },
    {
      "source": "XPHB",
      "page": 0
    }
  ],
  "relatedVersions": [
    "Chain Mail|XPHB"
  ],
  "zh": {
    "name": "链甲",
    "entries": [
      "该护甲由互相锁接的金属环编成。链甲还包括在甲胄下面穿戴的一层织物衬里，用以阻止擦伤并减缓挥击的冲击。此护甲同时还附有护手。"
    ],
    "html": "该护甲由互相锁接的金属环编成。链甲还包括在甲胄下面穿戴的一层织物衬里，用以阻止擦伤并减缓挥击的冲击。此护甲同时还附有护手。"
  },
  "en": {
    "name": "Chain Mail",
    "entries": [
      "Made of interlocking metal rings, chain mail includes a layer of quilted fabric worn underneath the mail to prevent chafing and to cushion the impact of blows. The suit includes gauntlets."
    ],
    "html": "Made of interlocking metal rings, chain mail includes a layer of quilted fabric worn underneath the mail to prevent chafing and to cushion the impact of blows. The suit includes gauntlets."
  },
  "armor": {
    "ac": 16,
    "maxDexterty": false
  },
  "bonus": {}
}