{
  "dataType": "item",
  "uid": "item_Chain Mail|XPHB",
  "id": "Chain Mail|XPHB",
  "weight": 55,
  "value": 7500,
  "rarity": "none",
  "isBaseItem": true,
  "displayName": {
    "zh": "链甲",
    "en": "Chain Mail"
  },
  "mainSource": {
    "source": "XPHB",
    "page": 219
  },
  "allSources": [
    {
      "source": "XPHB",
      "page": 219
    }
  ],
  "relatedVersions": [
    "Chain Mail|PHB"
  ],
  "zh": {
    "name": "链甲",
    "entries": [],
    "html": ""
  },
  "en": {
    "name": "Chain Mail",
    "entries": [],
    "html": ""
  },
  "armor": {
    "ac": 16,
    "maxDexterty": false
  },
  "bonus": {}
}