{
  "dataType": "item",
  "uid": "item_Chalk (1 piece)|PHB ",
  "id": "Chalk (1 piece)|PHB",
  "value": 1,
  "rarity": "none",
  "isBaseItem": false,
  "baseItem": "",
  "displayName": {
    "zh": "粉笔(1支)",
    "en": "Chalk (1 piece)"
  },
  "mainSource": {
    "source": "PHB",
    "page": 150
  },
  "allSources": [
    {
      "source": "PHB",
      "page": 150
    }
  ],
  "zh": {
    "name": "粉笔(1支)",
    "entries": [],
    "html": ""
  },
  "en": {
    "name": "Chalk (1 piece)",
    "entries": [],
    "html": ""
  },
  "bonus": {}
}