{
  "dataType": "item",
  "uid": "item_Chalcedony|XDMG ",
  "id": "Chalcedony|XDMG",
  "value": 5000,
  "rarity": "none",
  "isBaseItem": false,
  "baseItem": "",
  "displayName": {
    "zh": "蓝玉髓",
    "en": "Chalcedony"
  },
  "mainSource": {
    "source": "XDMG",
    "page": 214
  },
  "allSources": [
    {
      "source": "XDMG",
      "page": 214
    }
  ],
  "relatedVersions": [
    "Chalcedony|DMG"
  ],
  "zh": {
    "name": "蓝玉髓",
    "entries": [
      "一块白色的宝石。"
    ],
    "html": "一块白色的宝石。"
  },
  "en": {
    "name": "Chalcedony",
    "entries": [
      "A white gemstone."
    ],
    "html": "A white gemstone."
  },
  "bonus": {}
}