{
  "dataType": "item",
  "uid": "item_Charm of Plant Command|GoS ",
  "id": "Charm of Plant Command|GoS",
  "rarity": "rare",
  "isBaseItem": false,
  "baseItem": "",
  "displayName": {
    "zh": "命令植物之护咒",
    "en": "Charm of Plant Command"
  },
  "mainSource": {
    "source": "GoS",
    "page": 229
  },
  "allSources": [
    {
      "source": "GoS",
      "page": 229
    }
  ],
  "zh": {
    "name": "命令植物之护咒",
    "entries": [
      "这个拳头大小的护符由一束干植物茎干，用银线缠绕而成。它挂在皮绳上，通常佩戴在脖子上或系在腰带上。",
      "这个护符有3次充能。当您携带这个护符时，您可以作为一个动作消耗1次充能来施展{@spell 植物交谈}法术。在法术持续时间内，您在进行影响植物的行为、举止和态度的魅力检定时还有优势。护符每天黎明时恢复所有消耗的充能。"
    ],
    "html": "这个拳头大小的护符由一束干植物茎干，用银线缠绕而成。它挂在皮绳上，通常佩戴在脖子上或系在腰带上。\n这个护符有3次充能。当您携带这个护符时，您可以作为一个动作消耗1次充能来施展{{@spell|植物交谈}}法术。在法术持续时间内，您在进行影响植物的行为、举止和态度的魅力检定时还有优势。护符每天黎明时恢复所有消耗的充能。"
  },
  "en": {
    "name": "Charm of Plant Command",
    "entries": [
      "This fist-sized charm is made from a bundle of dried plant stems wrapped in silver thread. Hung on a leather thong, it is typically worn around the neck or attached to a belt.",
      "This charm has 3 charges. While you bear the charm, you can expend 1 charge as an action to cast the {@spell speak with plants} spell. For the duration of the spell, you also have advantage on Charisma checks made to influence the behavior, demeanor, and attitude of plants. The charm regains all expended charges at dawn each day."
    ],
    "html": "This fist-sized charm is made from a bundle of dried plant stems wrapped in silver thread. Hung on a leather thong, it is typically worn around the neck or attached to a belt.\nThis charm has 3 charges. While you bear the charm, you can expend 1 charge as an action to cast the {{@spell|speak with plants}} spell. For the duration of the spell, you also have advantage on Charisma checks made to influence the behavior, demeanor, and attitude of plants. The charm regains all expended charges at dawn each day."
  },
  "charge": {
    "max": 3,
    "rechargeAt": "dawn",
    "rechargeAmount": 3
  },
  "bonus": {}
}