{
  "dataType": "item",
  "uid": "item_Chariot|XPHB ",
  "id": "Chariot|XPHB",
  "weight": 100,
  "value": 25000,
  "rarity": "none",
  "isBaseItem": false,
  "baseItem": "",
  "displayName": {
    "zh": "战车",
    "en": "Chariot"
  },
  "mainSource": {
    "source": "XPHB",
    "page": 230
  },
  "allSources": [
    {
      "source": "XPHB",
      "page": 230
    }
  ],
  "relatedVersions": [
    "Chariot|PHB"
  ],
  "zh": {
    "name": "战车",
    "entries": [],
    "html": ""
  },
  "en": {
    "name": "Chariot",
    "entries": [],
    "html": ""
  },
  "bonus": {}
}