{
  "dataType": "item",
  "uid": "item_Charlatan's Die|XDMG ",
  "id": "Charlatan's Die|XDMG",
  "rarity": "common",
  "isBaseItem": false,
  "baseItem": "",
  "displayName": {
    "zh": "骗子骰",
    "en": "Charlatan's Die"
  },
  "mainSource": {
    "source": "XDMG",
    "page": 243
  },
  "allSources": [
    {
      "source": "XDMG",
      "page": 243
    }
  ],
  "relatedVersions": [
    "Charlatan's Die|XGE"
  ],
  "zh": {
    "name": "骗子骰",
    "entries": [
      "当你投掷这枚六面骰子时，你可以操控它骰出的点数。"
    ],
    "html": "当你投掷这枚六面骰子时，你可以操控它骰出的点数。"
  },
  "en": {
    "name": "Charlatan's Die",
    "entries": [
      "Whenever you roll this six-sided die, you can control which number it rolls."
    ],
    "html": "Whenever you roll this six-sided die, you can control which number it rolls."
  },
  "bonus": {}
}