{
  "dataType": "item",
  "uid": "item_Charred Wand of Magic Missiles|WDH ",
  "id": "Charred Wand of Magic Missiles|WDH",
  "isBaseItem": false,
  "baseItem": "",
  "displayName": {
    "zh": "烧焦的魔法飞弹魔杖",
    "en": "Charred Wand of Magic Missiles"
  },
  "mainSource": {
    "source": "WDH",
    "page": 77
  },
  "allSources": [
    {
      "source": "WDH",
      "page": 77
    }
  ],
  "zh": {
    "name": "烧焦的魔法飞弹魔杖",
    "entries": [],
    "html": ""
  },
  "en": {
    "name": "Charred Wand of Magic Missiles",
    "entries": [],
    "html": ""
  },
  "bonus": {}
}