{
  "dataType": "item",
  "uid": "item_Cheese (wedge)|XPHB ",
  "id": "Cheese (wedge)|XPHB",
  "value": 10,
  "rarity": "none",
  "isBaseItem": false,
  "baseItem": "",
  "displayName": {
    "zh": "奶酪（角）",
    "en": "Cheese (wedge)"
  },
  "mainSource": {
    "source": "XPHB",
    "page": 231
  },
  "allSources": [
    {
      "source": "XPHB",
      "page": 231
    }
  ],
  "relatedVersions": [
    "Hunk of Cheese|PHB"
  ],
  "zh": {
    "name": "奶酪（角）",
    "entries": [],
    "html": ""
  },
  "en": {
    "name": "Cheese (wedge)",
    "entries": [],
    "html": ""
  },
  "bonus": {}
}