{
  "dataType": "item",
  "uid": "item_Chest|XPHB ",
  "id": "Chest|XPHB",
  "weight": 25,
  "value": 500,
  "rarity": "none",
  "isBaseItem": false,
  "baseItem": "",
  "displayName": {
    "zh": "箱子",
    "en": "Chest"
  },
  "mainSource": {
    "source": "XPHB",
    "page": 225
  },
  "allSources": [
    {
      "source": "XPHB",
      "page": 225
    }
  ],
  "relatedVersions": [
    "Chest|PHB"
  ],
  "zh": {
    "name": "箱子",
    "entries": [
      "一个箱子至多能装入12立方尺的东西。"
    ],
    "html": "一个箱子至多能装入12立方尺的东西。"
  },
  "en": {
    "name": "Chest",
    "entries": [
      "A Chest holds up to 12 cubic feet of contents."
    ],
    "html": "A Chest holds up to 12 cubic feet of contents."
  },
  "bonus": {}
}