{
  "dataType": "item",
  "uid": "item_Chime of Exile|VEoR ",
  "id": "Chime of Exile|VEoR",
  "rarity": "very rare",
  "isBaseItem": false,
  "baseItem": "",
  "displayName": {
    "zh": "放逐钟琴",
    "en": "Chime of Exile"
  },
  "mainSource": {
    "source": "VEoR",
    "page": 46
  },
  "allSources": [
    {
      "source": "VEoR",
      "page": 46
    }
  ],
  "zh": {
    "name": "放逐钟琴",
    "entries": [
      "这个银色铃铛上雕刻着精致的魔法符文。当你持有这个铃铛时，可以使用一个动作施放 {@spell 放逐术} 法术（法术豁免 {@dc 20}）。如果法术目标的生命值在 50 点或以下，它将自动豁免失败。一旦铃铛被用于施放此法术，直到下一个黎明之前，它无法再以这种方式使用。"
    ],
    "html": "这个银色铃铛上雕刻着精致的魔法符文。当你持有这个铃铛时，可以使用一个动作施放 {{@spell|放逐术}} 法术（法术豁免 {{@dc|20}}）。如果法术目标的生命值在 50 点或以下，它将自动豁免失败。一旦铃铛被用于施放此法术，直到下一个黎明之前，它无法再以这种方式使用。"
  },
  "en": {
    "name": "Chime of Exile",
    "entries": [
      "This silver chime is engraved with delicate magic sigils. While holding the chime, you can use an action to cast the {@spell Banishment} spell (spell save {@dc 20}). If the target of the spell has 50 hit points or fewer, it automatically fails its saving throw. Once the chime has been used to cast the spell, it can't be used this way again until the next dawn."
    ],
    "html": "This silver chime is engraved with delicate magic sigils. While holding the chime, you can use an action to cast the {{@spell|Banishment}} spell (spell save {{@dc|20}}). If the target of the spell has 50 hit points or fewer, it automatically fails its saving throw. Once the chime has been used to cast the spell, it can't be used this way again until the next dawn."
  },
  "bonus": {}
}