{
  "dataType": "item",
  "uid": "item_Chime of Opening|XDMG ",
  "id": "Chime of Opening|XDMG",
  "weight": 1,
  "rarity": "rare",
  "isBaseItem": false,
  "baseItem": "",
  "displayName": {
    "zh": "开门钟琴",
    "en": "Chime of Opening"
  },
  "mainSource": {
    "source": "XDMG",
    "page": 244
  },
  "allSources": [
    {
      "source": "XDMG",
      "page": 244
    }
  ],
  "relatedVersions": [
    "Chime of Opening|DMG"
  ],
  "zh": {
    "name": "开门钟琴",
    "entries": [
      "这个中空的金属管大约1英尺长，重1磅。作为一个{@action 魔法|XPHB}动作，你可以敲击这个铃铛来施放{@spell 敲击术|XPHB}。这个法术通常的敲门声被铃铛清晰、悦耳的铃声所取代，可以被听到300英尺远。这个铃铛可以使用10次。第十次之后，它会裂开并变得无用。"
    ],
    "html": "这个中空的金属管大约1英尺长，重1磅。作为一个{{@action|魔法|XPHB}}动作，你可以敲击这个铃铛来施放{{@spell|敲击术|XPHB}}。这个法术通常的敲门声被铃铛清晰、悦耳的铃声所取代，可以被听到300英尺远。这个铃铛可以使用10次。第十次之后，它会裂开并变得无用。"
  },
  "en": {
    "name": "Chime of Opening",
    "entries": [
      "This hollow metal tube measures about 1 foot long and weighs 1 pound. As a {@action Magic|XPHB} action, you can strike the chime to cast {@spell Knock|XPHB}. The spell's customary knocking sound is replaced by the clear, ringing tone of the chime, which is audible out to 300 feet. The chime can be used 10 times. After the tenth time, it cracks and becomes useless."
    ],
    "html": "This hollow metal tube measures about 1 foot long and weighs 1 pound. As a {{@action|Magic|XPHB}} action, you can strike the chime to cast {{@spell|Knock|XPHB}}. The spell's customary knocking sound is replaced by the clear, ringing tone of the chime, which is audible out to 300 feet. The chime can be used 10 times. After the tenth time, it cracks and becomes useless."
  },
  "bonus": {}
}