{
  "dataType": "item",
  "uid": "item_Chip of Creation|AitFR-AVT ",
  "id": "Chip of Creation|AitFR-AVT",
  "rarity": "artifact",
  "isBaseItem": false,
  "baseItem": "",
  "displayName": {
    "zh": "创造岩片",
    "en": "Chip of Creation"
  },
  "mainSource": {
    "source": "AitFR-AVT",
    "page": 11
  },
  "allSources": [
    {
      "source": "AitFR-AVT",
      "page": 11
    }
  ],
  "zh": {
    "name": "创造岩片",
    "entries": [
      "这个坚固的、手掌大小的岩石碎片是{@item 造物之石|AitFR-AVT}的一小部分，包含了它部分的力量。",
      {
        "ENG_name": "Linked Room",
        "name": "房间链接",
        "type": "entries",
        "entries": [
          "每片创世碎片都与它自己的半位面房间紧密相连，就像{@spell 创造半位面}法术一样。只要这片碎片和创世石存在，这个房间就存在。只有当使用{@spell 创造半位面}法术创建时，通往房间的门才会存在，无论是否在施法中使用了创世碎片。"
        ]
      },
      {
        "ENG_name": "Demiplane",
        "name": "创造半位面",
        "type": "entries",
        "entries": [
          "当您与创造碎片协调时，您可以随意施展{@spell 创造半位面}法术，但仅限于到达与该创造碎片相关的半位面房间，或者到达您了解其本质和内容的另一个半位面，并且只有在目标半位面是由另一块{@item 造物之石|AitFR-AVT}创造的情况下。"
        ]
      },
      {
        "ENG_name": "Destroying a Chip",
        "name": "摧毁岩片",
        "type": "entries",
        "entries": [
          "创世碎片本身就是一个神器，对大多数伤害免疫，但一个{@spell 解离术}法术足以将其摧毁。一旦它被调谐过一次，一个已经{@dice 1d4 + 1}天未被调谐的碎片就会变成一个无生命的、无力量的岩石碎片。",
          "如果{@item 造物之石|AitFR-AVT}被摧毁，所有的碎片将失去协调，失去所有魔法属性，并且链接的半位面房间将立即消失。在房间内的生物或物体将被瞬间驱逐到被摧毁碎片的直接附近。",
          "如果它到达元素混沌或被一个与元素混沌协调的分叉金属棒击中（如{@spell 位面转移}法术所述），碎片将被摧毁。"
        ]
      }
    ],
    "html": "这个坚固的、手掌大小的岩石碎片是{{@item|造物之石|AitFR-AVT}}的一小部分，包含了它部分的力量。\n<div class=\"parser-entries\"><div class=\"parser-entries-name\">房间链接</div><div class=\"parser-entries-eng-name\">Linked Room</div><div class=\"parser-entries-content\">每片创世碎片都与它自己的半位面房间紧密相连，就像{{@spell|创造半位面}}法术一样。只要这片碎片和创世石存在，这个房间就存在。只有当使用{{@spell|创造半位面}}法术创建时，通往房间的门才会存在，无论是否在施法中使用了创世碎片。</div></div>\n<div class=\"parser-entries\"><div class=\"parser-entries-name\">创造半位面</div><div class=\"parser-entries-eng-name\">Demiplane</div><div class=\"parser-entries-content\">当您与创造碎片协调时，您可以随意施展{{@spell|创造半位面}}法术，但仅限于到达与该创造碎片相关的半位面房间，或者到达您了解其本质和内容的另一个半位面，并且只有在目标半位面是由另一块{{@item|造物之石|AitFR-AVT}}创造的情况下。</div></div>\n<div class=\"parser-entries\"><div class=\"parser-entries-name\">摧毁岩片</div><div class=\"parser-entries-eng-name\">Destroying a Chip</div><div class=\"parser-entries-content\">创世碎片本身就是一个神器，对大多数伤害免疫，但一个{{@spell|解离术}}法术足以将其摧毁。一旦它被调谐过一次，一个已经{{@dice|1d4 + 1}}天未被调谐的碎片就会变成一个无生命的、无力量的岩石碎片。如果{{@item|造物之石|AitFR-AVT}}被摧毁，所有的碎片将失去协调，失去所有魔法属性，并且链接的半位面房间将立即消失。在房间内的生物或物体将被瞬间驱逐到被摧毁碎片的直接附近。如果它到达元素混沌或被一个与元素混沌协调的分叉金属棒击中（如{{@spell|位面转移}}法术所述），碎片将被摧毁。</div></div>"
  },
  "en": {
    "name": "Chip of Creation",
    "entries": [
      "This solid, hand-sized flake of rock is a minor piece of the {@item Stone of Creation|AitFR-AVT} and contains a portion of its power.",
      {
        "type": "entries",
        "name": "Linked Room",
        "entries": [
          "Each chip of creation is inextricably linked to its own demiplanar room, as per the {@spell demiplane} spell. This room exists as long as both this chip and the Stone of Creation do. A door to the room only exists when created using a {@spell demiplane} spell, whether a chip of creation is used in the casting or not."
        ]
      },
      {
        "type": "entries",
        "name": "Demiplane",
        "entries": [
          "While attuned to a chip of creation, you can cast {@spell demiplane} at will but only to reach the demiplanar room associated with that chip of creation or another demiplane that you know the nature and contents of, and only if the target demiplane was created by another piece of the {@item Stone of Creation|AitFR-AVT}."
        ]
      },
      {
        "type": "entries",
        "name": "Destroying a Chip",
        "entries": [
          "A chip of creation is an artifact in its own right and impervious to most damage, but a {@spell disintegrate} spell is sufficient to destroy it. After it has been attuned once, a chip that has gone {@dice 1d4 + 1} days unattuned becomes an inert, powerless bit of rock.",
          "If the {@item Stone of Creation|AitFR-AVT} is destroyed, all its chips break attunement, lose all magical properties, and linked demiplanar rooms cease to exist at once. Creatures or objects within the room are instantly expelled into the immediate vicinity of the destroyed chip.",
          "If it reaches the Elemental Chaos or is struck by a forked, metal rod attuned to the Elemental Chaos (as per the {@spell plane shift} spell), a chip is destroyed."
        ]
      }
    ],
    "html": "This solid, hand-sized flake of rock is a minor piece of the {{@item|Stone of Creation|AitFR-AVT}} and contains a portion of its power.\n<div class=\"parser-entries\"><div class=\"parser-entries-name\">Linked Room</div><div class=\"parser-entries-content\">Each chip of creation is inextricably linked to its own demiplanar room, as per the {{@spell|demiplane}} spell. This room exists as long as both this chip and the Stone of Creation do. A door to the room only exists when created using a {{@spell|demiplane}} spell, whether a chip of creation is used in the casting or not.</div></div>\n<div class=\"parser-entries\"><div class=\"parser-entries-name\">Demiplane</div><div class=\"parser-entries-content\">While attuned to a chip of creation, you can cast {{@spell|demiplane}} at will but only to reach the demiplanar room associated with that chip of creation or another demiplane that you know the nature and contents of, and only if the target demiplane was created by another piece of the {{@item|Stone of Creation|AitFR-AVT}}.</div></div>\n<div class=\"parser-entries\"><div class=\"parser-entries-name\">Destroying a Chip</div><div class=\"parser-entries-content\">A chip of creation is an artifact in its own right and impervious to most damage, but a {{@spell|disintegrate}} spell is sufficient to destroy it. After it has been attuned once, a chip that has gone {{@dice|1d4 + 1}} days unattuned becomes an inert, powerless bit of rock.If the {{@item|Stone of Creation|AitFR-AVT}} is destroyed, all its chips break attunement, lose all magical properties, and linked demiplanar rooms cease to exist at once. Creatures or objects within the room are instantly expelled into the immediate vicinity of the destroyed chip.If it reaches the Elemental Chaos or is struck by a forked, metal rod attuned to the Elemental Chaos (as per the {{@spell|plane shift}} spell), a chip is destroyed.</div></div>"
  },
  "bonus": {}
}