{
  "dataType": "item",
  "uid": "item_Chrysoberyl|DMG ",
  "id": "Chrysoberyl|DMG",
  "value": 10000,
  "rarity": "none",
  "isBaseItem": false,
  "baseItem": "",
  "displayName": {
    "zh": "金绿玉",
    "en": "Chrysoberyl"
  },
  "mainSource": {
    "source": "DMG",
    "page": 134
  },
  "allSources": [
    {
      "source": "DMG",
      "page": 134
    },
    {
      "source": "XDMG",
      "page": 0
    }
  ],
  "relatedVersions": [
    "Chrysoberyl|XDMG"
  ],
  "zh": {
    "name": "金绿玉",
    "entries": [
      "一种透明的黄绿色至淡绿色宝石。"
    ],
    "html": "一种透明的黄绿色至淡绿色宝石。"
  },
  "en": {
    "name": "Chrysoberyl",
    "entries": [
      "A transparent yellow-green to pale green gemstone."
    ],
    "html": "A transparent yellow-green to pale green gemstone."
  },
  "bonus": {}
}