{
  "dataType": "item",
  "uid": "item_Chrysoberyl|XDMG ",
  "id": "Chrysoberyl|XDMG",
  "value": 10000,
  "rarity": "none",
  "isBaseItem": false,
  "baseItem": "",
  "displayName": {
    "zh": "金绿玉",
    "en": "Chrysoberyl"
  },
  "mainSource": {
    "source": "XDMG",
    "page": 214
  },
  "allSources": [
    {
      "source": "XDMG",
      "page": 214
    }
  ],
  "relatedVersions": [
    "Chrysoberyl|DMG"
  ],
  "zh": {
    "name": "金绿玉",
    "entries": [
      "一种黄绿色到淡绿色的宝石。"
    ],
    "html": "一种黄绿色到淡绿色的宝石。"
  },
  "en": {
    "name": "Chrysoberyl",
    "entries": [
      "A yellow green to pale green gemstone."
    ],
    "html": "A yellow green to pale green gemstone."
  },
  "bonus": {}
}