{
  "dataType": "item",
  "uid": "item_Chrysoprase|DMG ",
  "id": "Chrysoprase|DMG",
  "value": 5000,
  "rarity": "none",
  "isBaseItem": false,
  "baseItem": "",
  "displayName": {
    "zh": "绿玉髓",
    "en": "Chrysoprase"
  },
  "mainSource": {
    "source": "DMG",
    "page": 134
  },
  "allSources": [
    {
      "source": "DMG",
      "page": 134
    },
    {
      "source": "XDMG",
      "page": 0
    }
  ],
  "relatedVersions": [
    "Chrysoprase|XDMG"
  ],
  "zh": {
    "name": "绿玉髓",
    "entries": [
      "一种半透明的绿色宝石。"
    ],
    "html": "一种半透明的绿色宝石。"
  },
  "en": {
    "name": "Chrysoprase",
    "entries": [
      "A translucent green gemstone."
    ],
    "html": "A translucent green gemstone."
  },
  "bonus": {}
}