{
  "dataType": "item",
  "uid": "item_Cinnamon|XDMG ",
  "id": "Cinnamon|XDMG",
  "weight": 1,
  "value": 200,
  "rarity": "none",
  "isBaseItem": false,
  "baseItem": "",
  "displayName": {
    "zh": "肉桂",
    "en": "Cinnamon"
  },
  "mainSource": {
    "source": "XDMG",
    "page": 213
  },
  "allSources": [
    {
      "source": "XDMG",
      "page": 213
    }
  ],
  "relatedVersions": [
    "Cinnamon|PHB"
  ],
  "zh": {
    "name": "肉桂",
    "entries": [],
    "html": ""
  },
  "en": {
    "name": "Cinnamon",
    "entries": [],
    "html": ""
  },
  "bonus": {}
}