{
  "dataType": "item",
  "uid": "item_Circlet of Blasting|DMG ",
  "id": "Circlet of Blasting|DMG",
  "rarity": "uncommon",
  "isBaseItem": false,
  "baseItem": "",
  "displayName": {
    "zh": "爆裂头饰",
    "en": "Circlet of Blasting"
  },
  "mainSource": {
    "source": "DMG",
    "page": 158
  },
  "allSources": [
    {
      "source": "DMG",
      "page": 158
    },
    {
      "source": "XDMG",
      "page": 0
    }
  ],
  "relatedVersions": [
    "Circlet of Blasting|XDMG"
  ],
  "zh": {
    "name": "爆裂头饰",
    "entries": [
      "佩戴此头饰期间，你可以用一个动作通过其施放{@spell 灼热射线}法术。当你进行该法术的攻击时，你的攻击加值为{@hit 5}。直到次日黎明前，头饰都无法再次以该方式使用。"
    ],
    "html": "佩戴此头饰期间，你可以用一个动作通过其施放{{@spell|灼热射线}}法术。当你进行该法术的攻击时，你的攻击加值为{{@hit|5}}。直到次日黎明前，头饰都无法再次以该方式使用。"
  },
  "en": {
    "name": "Circlet of Blasting",
    "entries": [
      "While wearing this circlet, you can use an action to cast the {@spell scorching ray} spell with it. When you make the spell's attacks, you do so with an attack bonus of {@hit 5}. The circlet can't be used this way again until the next dawn."
    ],
    "html": "While wearing this circlet, you can use an action to cast the {{@spell|scorching ray}} spell with it. When you make the spell's attacks, you do so with an attack bonus of {{@hit|5}}. The circlet can't be used this way again until the next dawn."
  },
  "bonus": {}
}