{
  "dataType": "item",
  "uid": "item_Circlet of Human Perfection|WDMM ",
  "id": "Circlet of Human Perfection|WDMM",
  "rarity": "uncommon",
  "isBaseItem": false,
  "baseItem": "",
  "displayName": {
    "zh": "完美人类头饰",
    "en": "Circlet of Human Perfection"
  },
  "mainSource": {
    "source": "WDMM",
    "page": 30
  },
  "allSources": [
    {
      "source": "WDMM",
      "page": 30
    }
  ],
  "zh": {
    "name": "完美人类头饰",
    "entries": [
      "人类完美头环将其协调的佩戴者转变为一个具有平均身高和体重的有吸引力的人类。头环选择形态的身体特征，如年龄、性别、肤色、发色和声音。除了体型外，佩戴者的具体数值和种族特征不会改变，佩戴者穿戴或携带的物品也不会改变。取下头环会结束效果。"
    ],
    "html": "人类完美头环将其协调的佩戴者转变为一个具有平均身高和体重的有吸引力的人类。头环选择形态的身体特征，如年龄、性别、肤色、发色和声音。除了体型外，佩戴者的具体数值和种族特征不会改变，佩戴者穿戴或携带的物品也不会改变。取下头环会结束效果。"
  },
  "en": {
    "name": "Circlet of Human Perfection",
    "entries": [
      "The Circlet of Human Perfection transforms its attuned wearer into an attractive human of average height and weight. The circlet chooses the physical characteristics of the form, such as age, gender, skin color, hair color, and voice. Except for size, the wearer's statistics and racial traits don't change, nor do items worn or carried by the wearer. Removing the circlet ends the effect."
    ],
    "html": "The Circlet of Human Perfection transforms its attuned wearer into an attractive human of average height and weight. The circlet chooses the physical characteristics of the form, such as age, gender, skin color, hair color, and voice. Except for size, the wearer's statistics and racial traits don't change, nor do items worn or carried by the wearer. Removing the circlet ends the effect."
  },
  "bonus": {}
}