{
  "dataType": "item",
  "uid": "item_Citrine|DMG ",
  "id": "Citrine|DMG",
  "value": 5000,
  "rarity": "none",
  "isBaseItem": false,
  "baseItem": "",
  "displayName": {
    "zh": "黄水晶",
    "en": "Citrine"
  },
  "mainSource": {
    "source": "DMG",
    "page": 134
  },
  "allSources": [
    {
      "source": "DMG",
      "page": 134
    },
    {
      "source": "XDMG",
      "page": 0
    }
  ],
  "relatedVersions": [
    "Citrine|XDMG"
  ],
  "zh": {
    "name": "黄水晶",
    "entries": [
      "一种透明的浅黄褐色宝石。"
    ],
    "html": "一种透明的浅黄褐色宝石。"
  },
  "en": {
    "name": "Citrine",
    "entries": [
      "A transparent pale yellow-brown gemstone."
    ],
    "html": "A transparent pale yellow-brown gemstone."
  },
  "bonus": {}
}