{
  "dataType": "item",
  "uid": "item_Citrine|XDMG ",
  "id": "Citrine|XDMG",
  "value": 5000,
  "rarity": "none",
  "isBaseItem": false,
  "baseItem": "",
  "displayName": {
    "zh": "黄水晶",
    "en": "Citrine"
  },
  "mainSource": {
    "source": "XDMG",
    "page": 214
  },
  "allSources": [
    {
      "source": "XDMG",
      "page": 214
    }
  ],
  "relatedVersions": [
    "Citrine|DMG"
  ],
  "zh": {
    "name": "黄水晶",
    "entries": [
      "一块淡黄棕色的宝石。"
    ],
    "html": "一块淡黄棕色的宝石。"
  },
  "en": {
    "name": "Citrine",
    "entries": [
      "A pale yellow brown gemstone."
    ],
    "html": "A pale yellow brown gemstone."
  },
  "bonus": {}
}