{
  "dataType": "item",
  "uid": "item_Cittern|FRHoF",
  "id": "Cittern|FRHoF",
  "weight": 2,
  "value": 6500,
  "rarity": "none",
  "isBaseItem": true,
  "displayName": {
    "zh": "西特琴",
    "en": "Cittern"
  },
  "mainSource": {
    "source": "FRHoF",
    "page": 132
  },
  "allSources": [
    {
      "source": "FRHoF",
      "page": 132
    }
  ],
  "zh": {
    "name": "西特琴",
    "entries": [],
    "html": ""
  },
  "en": {
    "name": "Cittern",
    "entries": [],
    "html": ""
  },
  "bonus": {}
}