{
  "dataType": "item",
  "uid": "item_Claws of the Umber Hulk|PotA ",
  "id": "Claws of the Umber Hulk|PotA",
  "rarity": "rare",
  "isBaseItem": false,
  "baseItem": "",
  "displayName": {
    "zh": "掘土巨怪之爪",
    "en": "Claws of the Umber Hulk"
  },
  "mainSource": {
    "source": "PotA",
    "page": 222
  },
  "allSources": [
    {
      "source": "PotA",
      "page": 222
    }
  ],
  "zh": {
    "name": "掘土巨怪之爪",
    "entries": [
      "这些沉重的棕色铁手套锻造成{@creature 掘土巨怪||掘土巨怪的}的爪子形状，它们可以贴合穿戴者的双手和前臂，一直延伸到肘部。当穿戴两只爪子时，你获得20尺的挖掘速度，并且你能够以每轮1尺的速度挖掘穿坚硬的岩石。",
      "佩戴时你可以使用爪作为近战武器。你对它有熟练度，并且它在命中时造成{@damage 1d8}挥砍伤害（你的体质调整值会正常地应用到攻击和伤害骰上）。",
      "穿戴爪子时，你不能操纵物体或施放需要肢体动作的法术。"
    ],
    "html": "这些沉重的棕色铁手套锻造成{{@creature|掘土巨怪||掘土巨怪的}}的爪子形状，它们可以贴合穿戴者的双手和前臂，一直延伸到肘部。当穿戴两只爪子时，你获得20尺的挖掘速度，并且你能够以每轮1尺的速度挖掘穿坚硬的岩石。\n佩戴时你可以使用爪作为近战武器。你对它有熟练度，并且它在命中时造成{{@damage|1d8}}挥砍伤害（你的体质调整值会正常地应用到攻击和伤害骰上）。\n穿戴爪子时，你不能操纵物体或施放需要肢体动作的法术。"
  },
  "en": {
    "name": "Claws of the Umber Hulk",
    "entries": [
      "These heavy gauntlets of brown iron are forged in the shape of an {@creature umber hulk||umber hulk's} claws, and they fit the wearer's hands and forearms all the way up to the elbow. While wearing both claws, you gain a burrowing speed of 20 feet, and you can tunnel through solid rock at a rate of 1 foot per round.",
      "You can use a claw as a melee weapon while wearing it. You have proficiency with it, and it deals {@damage 1d8} slashing damage on a hit (your Strength modifier applies to the attack and damage rolls, as normal).",
      "While wearing the claws, you can't manipulate objects or cast spells with somatic components."
    ],
    "html": "These heavy gauntlets of brown iron are forged in the shape of an {{@creature|umber hulk||umber hulk's}} claws, and they fit the wearer's hands and forearms all the way up to the elbow. While wearing both claws, you gain a burrowing speed of 20 feet, and you can tunnel through solid rock at a rate of 1 foot per round.\nYou can use a claw as a melee weapon while wearing it. You have proficiency with it, and it deals {{@damage|1d8}} slashing damage on a hit (your Strength modifier applies to the attack and damage rolls, as normal).\nWhile wearing the claws, you can't manipulate objects or cast spells with somatic components."
  },
  "bonus": {}
}