{
  "dataType": "item",
  "uid": "item_Cleansing Stone|ERLW ",
  "id": "Cleansing Stone|ERLW",
  "rarity": "common",
  "isBaseItem": false,
  "baseItem": "",
  "displayName": {
    "zh": "清洁石",
    "en": "Cleansing Stone"
  },
  "mainSource": {
    "source": "ERLW",
    "page": 276
  },
  "allSources": [
    {
      "source": "ERLW",
      "page": 276
    }
  ],
  "zh": {
    "name": "清洁石",
    "entries": [
      "清洁石是一枚直径1尺的球状石块，上面镌刻着神秘的符号。当你触摸这个石头时，你可以用一个动作来激活它，清洁石将会去除你衣服上的污渍以及你身上的污垢。",
      "这些石头通常嵌在安黛尔的公共广场的基座上，或是出现在高端的伽兰达旅店中。"
    ],
    "html": "清洁石是一枚直径1尺的球状石块，上面镌刻着神秘的符号。当你触摸这个石头时，你可以用一个动作来激活它，清洁石将会去除你衣服上的污渍以及你身上的污垢。\n这些石头通常嵌在安黛尔的公共广场的基座上，或是出现在高端的伽兰达旅店中。"
  },
  "en": {
    "name": "Cleansing Stone",
    "entries": [
      "A cleansing stone is a sphere 1 foot in diameter, engraved with mystic sigils. When touching the stone, you can use an action to activate it and remove dirt and grime from your garments and your person.",
      "Such stones are often embedded in pedestals in public squares in Aundair or in high-end Ghallanda inns."
    ],
    "html": "A cleansing stone is a sphere 1 foot in diameter, engraved with mystic sigils. When touching the stone, you can use an action to activate it and remove dirt and grime from your garments and your person.\nSuch stones are often embedded in pedestals in public squares in Aundair or in high-end Ghallanda inns."
  },
  "bonus": {}
}