{
  "dataType": "item",
  "uid": "item_Climber's Kit|XPHB ",
  "id": "Climber's Kit|XPHB",
  "weight": 12,
  "value": 2500,
  "rarity": "none",
  "isBaseItem": false,
  "baseItem": "",
  "displayName": {
    "zh": "攀爬工具",
    "en": "Climber's Kit"
  },
  "mainSource": {
    "source": "XPHB",
    "page": 225
  },
  "allSources": [
    {
      "source": "XPHB",
      "page": 225
    }
  ],
  "relatedVersions": [
    "Climber's Kit|PHB"
  ],
  "zh": {
    "name": "攀爬工具",
    "entries": [
      "一套攀爬工具包含鞋子包头、手套、岩钉和系带。以一个{@action 操作|XPHB}动作，你可以使用攀爬工具锚定自己，此时你不会从锚定处摔落超过25尺，且在使用{@variantrule 附赠动作|XPHB}解除锚定前无法从锚定处向外移动超过25尺。"
    ],
    "html": "一套攀爬工具包含鞋子包头、手套、岩钉和系带。以一个{{@action|操作|XPHB}}动作，你可以使用攀爬工具锚定自己，此时你不会从锚定处摔落超过25尺，且在使用{{@variantrule|附赠动作|XPHB}}解除锚定前无法从锚定处向外移动超过25尺。"
  },
  "en": {
    "name": "Climber's Kit",
    "entries": [
      "A Climber's Kit includes boot tips, gloves, pitons, and a harness. As a {@action Utilize|XPHB} action, you can use the Climber's Kit to anchor yourself; when you do, you can't fall more than 25 feet from the anchor point, and you can't move more than 25 feet from there without undoing the anchor as a {@variantrule Bonus Action|XPHB}."
    ],
    "html": "A Climber's Kit includes boot tips, gloves, pitons, and a harness. As a {{@action|Utilize|XPHB}} action, you can use the Climber's Kit to anchor yourself; when you do, you can't fall more than 25 feet from the anchor point, and you can't move more than 25 feet from there without undoing the anchor as a {{@variantrule|Bonus Action|XPHB}}."
  },
  "bonus": {}
}