{
  "dataType": "item",
  "uid": "item_Cloak of Arachnida|XDMG ",
  "id": "Cloak of Arachnida|XDMG",
  "rarity": "very rare",
  "isBaseItem": false,
  "baseItem": "",
  "displayName": {
    "zh": "节肢斗篷",
    "en": "Cloak of Arachnida"
  },
  "mainSource": {
    "source": "XDMG",
    "page": 244
  },
  "allSources": [
    {
      "source": "XDMG",
      "page": 244
    }
  ],
  "relatedVersions": [
    "Cloak of Arachnida|DMG"
  ],
  "zh": {
    "name": "节肢斗篷",
    "entries": [
      "这件精致的服装由黑色丝绸和微弱的银色丝线交织而成。穿着它时，你将获得以下好处。",
      {
        "ENG_name": "Poison Resistance",
        "name": "毒素抗性",
        "type": "entries",
        "entries": [
          "你对毒素伤害有{@variantrule 抗性|XPHB}。"
        ]
      },
      {
        "ENG_name": "Spider Climb",
        "name": "蛛行术",
        "type": "entries",
        "entries": [
          "你有一个等同于你的{@variantrule 速度|XPHB}的{@variantrule 攀爬速度|XPHB}，并且可以在垂直表面和天花板上上下移动，同时双手自由。"
        ]
      },
      {
        "ENG_name": "Spider Walk",
        "name": "蛛网行走",
        "type": "entries",
        "entries": [
          "你不会被任何类型的网困住，并且可以像通过{@variantrule 困难地形|XPHB}一样穿过网。"
        ]
      },
      {
        "ENG_name": "Web",
        "name": "蛛网术",
        "type": "entries",
        "entries": [
          "你可以施放 {@spell 蛛网术|XPHB}（豁免 {@dc 13}）。该法术创造的蛛网区域是其正常范围的两倍。一旦使用，此属性将无法再次使用，直到下一个黎明。"
        ]
      }
    ],
    "html": "这件精致的服装由黑色丝绸和微弱的银色丝线交织而成。穿着它时，你将获得以下好处。\n<div class=\"parser-entries\"><div class=\"parser-entries-name\">毒素抗性</div><div class=\"parser-entries-eng-name\">Poison Resistance</div><div class=\"parser-entries-content\">你对毒素伤害有{{@variantrule|抗性|XPHB}}。</div></div>\n<div class=\"parser-entries\"><div class=\"parser-entries-name\">蛛行术</div><div class=\"parser-entries-eng-name\">Spider Climb</div><div class=\"parser-entries-content\">你有一个等同于你的{{@variantrule|速度|XPHB}}的{{@variantrule|攀爬速度|XPHB}}，并且可以在垂直表面和天花板上上下移动，同时双手自由。</div></div>\n<div class=\"parser-entries\"><div class=\"parser-entries-name\">蛛网行走</div><div class=\"parser-entries-eng-name\">Spider Walk</div><div class=\"parser-entries-content\">你不会被任何类型的网困住，并且可以像通过{{@variantrule|困难地形|XPHB}}一样穿过网。</div></div>\n<div class=\"parser-entries\"><div class=\"parser-entries-name\">蛛网术</div><div class=\"parser-entries-eng-name\">Web</div><div class=\"parser-entries-content\">你可以施放 {{@spell|蛛网术|XPHB}}（豁免 {{@dc|13}}）。该法术创造的蛛网区域是其正常范围的两倍。一旦使用，此属性将无法再次使用，直到下一个黎明。</div></div>"
  },
  "en": {
    "name": "Cloak of Arachnida",
    "entries": [
      "This fine garment is made of black silk interwoven with faint, silvery threads. While wearing it, you gain the following benefits.",
      {
        "type": "entries",
        "name": "Poison Resistance",
        "entries": [
          "You have {@variantrule Resistance|XPHB} to Poison damage."
        ]
      },
      {
        "type": "entries",
        "name": "Spider Climb",
        "entries": [
          "You have a {@variantrule Climb Speed|XPHB} equal to your {@variantrule Speed|XPHB} and can move up, down, and across vertical surfaces and along ceilings, while leaving your hands free."
        ]
      },
      {
        "type": "entries",
        "name": "Spider Walk",
        "entries": [
          "You can't be caught in webs of any sort and can move through webs as if they were {@variantrule Difficult Terrain|XPHB}."
        ]
      },
      {
        "type": "entries",
        "name": "Web",
        "entries": [
          "You can cast {@spell Web|XPHB} (save {@dc 13}). The web created by the spell fills twice its normal area. Once used, this property can't be used again until the next dawn."
        ]
      }
    ],
    "html": "This fine garment is made of black silk interwoven with faint, silvery threads. While wearing it, you gain the following benefits.\n<div class=\"parser-entries\"><div class=\"parser-entries-name\">Poison Resistance</div><div class=\"parser-entries-content\">You have {{@variantrule|Resistance|XPHB}} to Poison damage.</div></div>\n<div class=\"parser-entries\"><div class=\"parser-entries-name\">Spider Climb</div><div class=\"parser-entries-content\">You have a {{@variantrule|Climb Speed|XPHB}} equal to your {{@variantrule|Speed|XPHB}} and can move up, down, and across vertical surfaces and along ceilings, while leaving your hands free.</div></div>\n<div class=\"parser-entries\"><div class=\"parser-entries-name\">Spider Walk</div><div class=\"parser-entries-content\">You can't be caught in webs of any sort and can move through webs as if they were {{@variantrule|Difficult Terrain|XPHB}}.</div></div>\n<div class=\"parser-entries\"><div class=\"parser-entries-name\">Web</div><div class=\"parser-entries-content\">You can cast {{@spell|Web|XPHB}} (save {{@dc|13}}). The web created by the spell fills twice its normal area. Once used, this property can't be used again until the next dawn.</div></div>"
  },
  "bonus": {}
}