{
  "dataType": "item",
  "uid": "item_Cloak of Billowing|XDMG ",
  "id": "Cloak of Billowing|XDMG",
  "rarity": "common",
  "isBaseItem": false,
  "baseItem": "",
  "displayName": {
    "zh": "飘扬斗篷",
    "en": "Cloak of Billowing"
  },
  "mainSource": {
    "source": "XDMG",
    "page": 244
  },
  "allSources": [
    {
      "source": "XDMG",
      "page": 244
    }
  ],
  "relatedVersions": [
    "Cloak of Billowing|XGE"
  ],
  "zh": {
    "name": "飘扬斗篷",
    "entries": [
      "当穿着这件斗篷时，你可以采取一个{@variantrule 附赠动作|XPHB}来让它戏剧性地膨胀1分钟。"
    ],
    "html": "当穿着这件斗篷时，你可以采取一个{{@variantrule|附赠动作|XPHB}}来让它戏剧性地膨胀1分钟。"
  },
  "en": {
    "name": "Cloak of Billowing",
    "entries": [
      "While wearing this cloak, you can take a {@variantrule Bonus Action|XPHB} to make it billow dramatically for 1 minute."
    ],
    "html": "While wearing this cloak, you can take a {{@variantrule|Bonus Action|XPHB}} to make it billow dramatically for 1 minute."
  },
  "bonus": {}
}