{
  "dataType": "item",
  "uid": "item_Cloak of the Manta Ray|DMG ",
  "id": "Cloak of the Manta Ray|DMG",
  "rarity": "uncommon",
  "isBaseItem": false,
  "baseItem": "",
  "displayName": {
    "zh": "蝠鲼斗篷",
    "en": "Cloak of the Manta Ray"
  },
  "mainSource": {
    "source": "DMG",
    "page": 159
  },
  "allSources": [
    {
      "source": "DMG",
      "page": 159
    },
    {
      "source": "XDMG",
      "page": 0
    }
  ],
  "relatedVersions": [
    "Cloak of the Manta Ray|XDMG"
  ],
  "zh": {
    "name": "蝠鲼斗篷",
    "entries": [
      "着装此斗篷期间，拉起兜帽后，你可以在水下呼吸，并获得60尺的游泳速度。拉起或放下兜帽需要一个动作。"
    ],
    "html": "着装此斗篷期间，拉起兜帽后，你可以在水下呼吸，并获得60尺的游泳速度。拉起或放下兜帽需要一个动作。"
  },
  "en": {
    "name": "Cloak of the Manta Ray",
    "entries": [
      "While wearing this cloak with its hood up, you can breathe underwater, and you have a swimming speed of 60 feet. Pulling the hood up or down requires an action."
    ],
    "html": "While wearing this cloak with its hood up, you can breathe underwater, and you have a swimming speed of 60 feet. Pulling the hood up or down requires an action."
  },
  "bonus": {}
}