{
  "dataType": "item",
  "uid": "item_Cloak of Displacement|DMG ",
  "id": "Cloak of Displacement|DMG",
  "rarity": "rare",
  "isBaseItem": false,
  "baseItem": "",
  "displayName": {
    "zh": "移位斗篷",
    "en": "Cloak of Displacement"
  },
  "mainSource": {
    "source": "DMG",
    "page": 158
  },
  "allSources": [
    {
      "source": "DMG",
      "page": 158
    },
    {
      "source": "XDMG",
      "page": 0
    }
  ],
  "relatedVersions": [
    "Cloak of Displacement|XDMG"
  ],
  "zh": {
    "name": "移位斗篷",
    "entries": [
      "着装此斗篷期间，它将投射出你的幻影，使你看起来像是站在一个和你实际位置稍有偏差的地方，导致任何生物对你发动的攻击检定承受劣势。你受到伤害时该特性会暂时失效，直至你的下一回合开始恢复效应。此特性在你处于{@condition 失能}、{@condition 束缚}或其他无法移动状态时会被压制。"
    ],
    "html": "着装此斗篷期间，它将投射出你的幻影，使你看起来像是站在一个和你实际位置稍有偏差的地方，导致任何生物对你发动的攻击检定承受劣势。你受到伤害时该特性会暂时失效，直至你的下一回合开始恢复效应。此特性在你处于{{@condition|失能}}、{{@condition|束缚}}或其他无法移动状态时会被压制。"
  },
  "en": {
    "name": "Cloak of Displacement",
    "entries": [
      "While you wear this cloak, it projects an illusion that makes you appear to be standing in a place near your actual location, causing any creature to have disadvantage on attack rolls against you. If you take damage, the property ceases to function until the start of your next turn. This property is suppressed while you are {@condition incapacitated}, {@condition restrained}, or otherwise unable to move."
    ],
    "html": "While you wear this cloak, it projects an illusion that makes you appear to be standing in a place near your actual location, causing any creature to have disadvantage on attack rolls against you. If you take damage, the property ceases to function until the start of your next turn. This property is suppressed while you are {{@condition|incapacitated}}, {{@condition|restrained}}, or otherwise unable to move."
  },
  "bonus": {}
}