{
  "dataType": "item",
  "uid": "item_Cloak of the Bat|XDMG ",
  "id": "Cloak of the Bat|XDMG",
  "rarity": "rare",
  "isBaseItem": false,
  "baseItem": "",
  "displayName": {
    "zh": "蝙蝠斗篷",
    "en": "Cloak of the Bat"
  },
  "mainSource": {
    "source": "XDMG",
    "page": 245
  },
  "allSources": [
    {
      "source": "XDMG",
      "page": 245
    }
  ],
  "relatedVersions": [
    "Cloak of the Bat|DMG"
  ],
  "zh": {
    "name": "蝙蝠斗篷",
    "entries": [
      "当你穿着这件斗篷时，你在敏捷（{@skill 隐匿|XPHB}）检定上具有{@variantrule 优势|XPHB}。在{@variantrule 微光光照|XPHB}或{@variantrule 黑暗术|XPHB}的区域，你可以抓住斗篷的边缘并使用它获得{@variantrule 飞行速度|XPHB}40英尺。如果你在这种方式飞行时未能抓住斗篷的边缘，或者你不再处于{@variantrule 微光光照|XPHB}或{@variantrule 黑暗术|XPHB}中，你将失去这个{@variantrule 飞行速度|XPHB}。",
      "当你在有{@variantrule 微光光照|XPHB}或{@variantrule 黑暗术|XPHB}的区域穿着这件披风时，你可以对自己施放{@spell 变形术|XPHB}，将自身变形为一只{@creature 蝙蝠|XMM}。在此形态下，你保留你的智力、感知和魅力属性值。披风不能以这种方式再次使用，直到下一次黎明。"
    ],
    "html": "当你穿着这件斗篷时，你在敏捷（{{@skill|隐匿|XPHB}}）检定上具有{{@variantrule|优势|XPHB}}。在{{@variantrule|微光光照|XPHB}}或{{@variantrule|黑暗术|XPHB}}的区域，你可以抓住斗篷的边缘并使用它获得{{@variantrule|飞行速度|XPHB}}40英尺。如果你在这种方式飞行时未能抓住斗篷的边缘，或者你不再处于{{@variantrule|微光光照|XPHB}}或{{@variantrule|黑暗术|XPHB}}中，你将失去这个{{@variantrule|飞行速度|XPHB}}。\n当你在有{{@variantrule|微光光照|XPHB}}或{{@variantrule|黑暗术|XPHB}}的区域穿着这件披风时，你可以对自己施放{{@spell|变形术|XPHB}}，将自身变形为一只{{@creature|蝙蝠|XMM}}。在此形态下，你保留你的智力、感知和魅力属性值。披风不能以这种方式再次使用，直到下一次黎明。"
  },
  "en": {
    "name": "Cloak of the Bat",
    "entries": [
      "While wearing this cloak, you have {@variantrule Advantage|XPHB} on Dexterity ({@skill Stealth|XPHB}) checks. In an area of {@variantrule Dim Light|XPHB} or {@variantrule Darkness|XPHB}, you can grip the edges of the cloak and use it to gain a {@variantrule Fly Speed|XPHB} of 40 feet. If you ever fail to grip the cloak's edges while flying in this way, or if you are no longer in {@variantrule Dim Light|XPHB} or {@variantrule Darkness|XPHB}, you lose this {@variantrule Fly Speed|XPHB}.",
      "While wearing the cloak in an area of {@variantrule Dim Light|XPHB} or {@variantrule Darkness|XPHB}, you can cast {@spell Polymorph|XPHB} on yourself, shape-shifting into a {@creature Bat|XMM}. While in that form, you retain your Intelligence, Wisdom, and Charisma scores. The cloak can't be used this way again until the next dawn."
    ],
    "html": "While wearing this cloak, you have {{@variantrule|Advantage|XPHB}} on Dexterity ({{@skill|Stealth|XPHB}}) checks. In an area of {{@variantrule|Dim Light|XPHB}} or {{@variantrule|Darkness|XPHB}}, you can grip the edges of the cloak and use it to gain a {{@variantrule|Fly Speed|XPHB}} of 40 feet. If you ever fail to grip the cloak's edges while flying in this way, or if you are no longer in {{@variantrule|Dim Light|XPHB}} or {{@variantrule|Darkness|XPHB}}, you lose this {{@variantrule|Fly Speed|XPHB}}.\nWhile wearing the cloak in an area of {{@variantrule|Dim Light|XPHB}} or {{@variantrule|Darkness|XPHB}}, you can cast {{@spell|Polymorph|XPHB}} on yourself, shape-shifting into a {{@creature|Bat|XMM}}. While in that form, you retain your Intelligence, Wisdom, and Charisma scores. The cloak can't be used this way again until the next dawn."
  },
  "bonus": {}
}