{
  "dataType": "item",
  "uid": "item_Cloak of Protection|XDMG ",
  "id": "Cloak of Protection|XDMG",
  "rarity": "uncommon",
  "isBaseItem": false,
  "baseItem": "",
  "displayName": {
    "zh": "防护斗篷",
    "en": "Cloak of Protection"
  },
  "mainSource": {
    "source": "XDMG",
    "page": 245
  },
  "allSources": [
    {
      "source": "XDMG",
      "page": 245
    }
  ],
  "relatedVersions": [
    "Cloak of Protection|DMG"
  ],
  "zh": {
    "name": "防护斗篷",
    "entries": [
      "当你穿戴这件斗篷时，你会获得+1的{@variantrule 护甲等级|XPHB}和豁免检定加值。"
    ],
    "html": "当你穿戴这件斗篷时，你会获得+1的{{@variantrule|护甲等级|XPHB}}和豁免检定加值。"
  },
  "en": {
    "name": "Cloak of Protection",
    "entries": [
      "You gain a +1 bonus to {@variantrule Armor Class|XPHB} and saving throws while you wear this cloak."
    ],
    "html": "You gain a +1 bonus to {{@variantrule|Armor Class|XPHB}} and saving throws while you wear this cloak."
  },
  "bonus": {
    "ac": 1,
    "savingThrow": 1
  }
}