{
  "dataType": "item",
  "uid": "item_Cloak of Many Fashions|XGE ",
  "id": "Cloak of Many Fashions|XGE",
  "rarity": "common",
  "isBaseItem": false,
  "baseItem": "",
  "displayName": {
    "zh": "万众时尚斗篷",
    "en": "Cloak of Many Fashions"
  },
  "mainSource": {
    "source": "XGE",
    "page": 136
  },
  "allSources": [
    {
      "source": "XGE",
      "page": 136
    },
    {
      "source": "XDMG",
      "page": 0
    }
  ],
  "relatedVersions": [
    "Cloak of Many Fashions|XDMG"
  ],
  "zh": {
    "name": "万众时尚斗篷",
    "entries": [
      "穿着这件斗篷，你就可以用一个附赠动作改变它的样式、颜色、及外表品质。这件斗篷的重量不会因此改变，且不论它的外观如何，这件斗篷永远只能是一件斗篷而不是别的东西。当然，这件斗篷可以用于复制其他魔法斗篷的外观，但它不会因此具有任何其他魔法斗篷的魔法能力。"
    ],
    "html": "穿着这件斗篷，你就可以用一个附赠动作改变它的样式、颜色、及外表品质。这件斗篷的重量不会因此改变，且不论它的外观如何，这件斗篷永远只能是一件斗篷而不是别的东西。当然，这件斗篷可以用于复制其他魔法斗篷的外观，但它不会因此具有任何其他魔法斗篷的魔法能力。"
  },
  "en": {
    "name": "Cloak of Many Fashions",
    "entries": [
      "While wearing this cloak, you can use a bonus action to change the style, color, and apparent quality of the garment. The cloak's weight doesn't change. Regardless of its appearance, the cloak can't be anything but a cloak. Although it can duplicate the appearance of other magic cloaks, it doesn't gain their magical properties."
    ],
    "html": "While wearing this cloak, you can use a bonus action to change the style, color, and apparent quality of the garment. The cloak's weight doesn't change. Regardless of its appearance, the cloak can't be anything but a cloak. Although it can duplicate the appearance of other magic cloaks, it doesn't gain their magical properties."
  },
  "bonus": {}
}