{
  "dataType": "item",
  "uid": "item_Cloak of Invisibility|XDMG ",
  "id": "Cloak of Invisibility|XDMG",
  "rarity": "legendary",
  "isBaseItem": false,
  "baseItem": "",
  "displayName": {
    "zh": "隐形斗篷",
    "en": "Cloak of Invisibility"
  },
  "mainSource": {
    "source": "XDMG",
    "page": 244
  },
  "allSources": [
    {
      "source": "XDMG",
      "page": 244
    }
  ],
  "relatedVersions": [
    "Cloak of Invisibility|DMG"
  ],
  "zh": {
    "name": "隐形斗篷",
    "entries": [
      "这件斗篷有3次充能，每天黎明时恢复{@dice 1d3}次已消耗的充能。当你穿戴这件斗篷时，你可以采取一个{@action 魔法|XPHB}动作，将斗篷的兜帽拉过你的头部，并消耗1次充能，使自己获得{@condition 隐形|XPHB}状态，持续1小时。如果你将兜帽拉下（无需动作）或停止穿戴兜帽，效果会提前结束。"
    ],
    "html": "这件斗篷有3次充能，每天黎明时恢复{{@dice|1d3}}次已消耗的充能。当你穿戴这件斗篷时，你可以采取一个{{@action|魔法|XPHB}}动作，将斗篷的兜帽拉过你的头部，并消耗1次充能，使自己获得{{@condition|隐形|XPHB}}状态，持续1小时。如果你将兜帽拉下（无需动作）或停止穿戴兜帽，效果会提前结束。"
  },
  "en": {
    "name": "Cloak of Invisibility",
    "entries": [
      "This cloak has 3 charges and regains {@dice 1d3} expended charges daily at dawn. While wearing the cloak, you can take a {@action Magic|XPHB} action to pull its hood over your head and expend 1 charge to give yourself the {@condition Invisible|XPHB} condition for 1 hour. The effect ends early if you pull the hood down (no action required) or cease wearing the hood."
    ],
    "html": "This cloak has 3 charges and regains {{@dice|1d3}} expended charges daily at dawn. While wearing the cloak, you can take a {{@action|Magic|XPHB}} action to pull its hood over your head and expend 1 charge to give yourself the {{@condition|Invisible|XPHB}} condition for 1 hour. The effect ends early if you pull the hood down (no action required) or cease wearing the hood."
  },
  "charge": {
    "max": 3,
    "rechargeAt": "dawn",
    "rechargeAmount": "{@dice 1d3}"
  },
  "bonus": {}
}