{
  "dataType": "item",
  "uid": "item_Cloak of Billowing|WttHC ",
  "id": "Cloak of Billowing|WttHC",
  "isBaseItem": false,
  "baseItem": "",
  "displayName": {
    "zh": "飘扬斗篷",
    "en": "Cloak of Billowing"
  },
  "mainSource": {
    "source": "WttHC",
    "page": 0
  },
  "allSources": [
    {
      "source": "WttHC",
      "page": 0
    }
  ],
  "zh": {
    "name": "飘扬斗篷",
    "entries": [],
    "html": ""
  },
  "en": {
    "name": "Cloak of Billowing",
    "entries": [],
    "html": ""
  },
  "bonus": {}
}