{
  "dataType": "item",
  "uid": "item_Cloak of Many Fashions|XDMG ",
  "id": "Cloak of Many Fashions|XDMG",
  "rarity": "common",
  "isBaseItem": false,
  "baseItem": "",
  "displayName": {
    "zh": "万众时尚斗篷",
    "en": "Cloak of Many Fashions"
  },
  "mainSource": {
    "source": "XDMG",
    "page": 245
  },
  "allSources": [
    {
      "source": "XDMG",
      "page": 245
    }
  ],
  "relatedVersions": [
    "Cloak of Many Fashions|XGE"
  ],
  "zh": {
    "name": "万众时尚斗篷",
    "entries": [
      "当你穿着这件斗篷时，你可以使用一个 {@variantrule 附赠动作|XPHB} 来改变斗篷的样式、颜色和表面品质。斗篷的重量不会改变。无论其外观如何，这件斗篷始终只能是一件斗篷。虽然它可以模仿其他魔法斗篷的外观，但不会获得它们的魔法属性。"
    ],
    "html": "当你穿着这件斗篷时，你可以使用一个 {{@variantrule|附赠动作|XPHB}} 来改变斗篷的样式、颜色和表面品质。斗篷的重量不会改变。无论其外观如何，这件斗篷始终只能是一件斗篷。虽然它可以模仿其他魔法斗篷的外观，但不会获得它们的魔法属性。"
  },
  "en": {
    "name": "Cloak of Many Fashions",
    "entries": [
      "While wearing this cloak, you can take a {@variantrule Bonus Action|XPHB} to change the style, color, and apparent quality of the garment. The cloak's weight doesn't change. Regardless of its appearance, the cloak can't be anything but a cloak. Although it can duplicate the appearance of other magic cloaks, it doesn't gain their magical properties."
    ],
    "html": "While wearing this cloak, you can take a {{@variantrule|Bonus Action|XPHB}} to change the style, color, and apparent quality of the garment. The cloak's weight doesn't change. Regardless of its appearance, the cloak can't be anything but a cloak. Although it can duplicate the appearance of other magic cloaks, it doesn't gain their magical properties."
  },
  "bonus": {}
}