{
  "dataType": "item",
  "uid": "item_Cloak of Elvenkind|XDMG ",
  "id": "Cloak of Elvenkind|XDMG",
  "rarity": "uncommon",
  "isBaseItem": false,
  "baseItem": "",
  "displayName": {
    "zh": "精灵斗篷",
    "en": "Cloak of Elvenkind"
  },
  "mainSource": {
    "source": "XDMG",
    "page": 244
  },
  "allSources": [
    {
      "source": "XDMG",
      "page": 244
    }
  ],
  "relatedVersions": [
    "Cloak of Elvenkind|DMG"
  ],
  "zh": {
    "name": "精灵斗篷",
    "entries": [
      "当你穿戴这件斗篷时，进行感知（{@skill 察觉|XPHB}）检定以察觉你时有{@variantrule 劣势|XPHB}，并且在敏捷（{@skill 隐匿|XPHB}）检定上你有{@variantrule 优势|XPHB}。"
    ],
    "html": "当你穿戴这件斗篷时，进行感知（{{@skill|察觉|XPHB}}）检定以察觉你时有{{@variantrule|劣势|XPHB}}，并且在敏捷（{{@skill|隐匿|XPHB}}）检定上你有{{@variantrule|优势|XPHB}}。"
  },
  "en": {
    "name": "Cloak of Elvenkind",
    "entries": [
      "While you wear this cloak, Wisdom ({@skill Perception|XPHB}) checks made to perceive you have {@variantrule Disadvantage|XPHB}, and you have {@variantrule Advantage|XPHB} on Dexterity ({@skill Stealth|XPHB}) checks."
    ],
    "html": "While you wear this cloak, Wisdom ({{@skill|Perception|XPHB}}) checks made to perceive you have {{@variantrule|Disadvantage|XPHB}}, and you have {{@variantrule|Advantage|XPHB}} on Dexterity ({{@skill|Stealth|XPHB}}) checks."
  },
  "bonus": {}
}