{
  "dataType": "item",
  "uid": "item_Cloak of Arachnida|DMG ",
  "id": "Cloak of Arachnida|DMG",
  "rarity": "very rare",
  "isBaseItem": false,
  "baseItem": "",
  "displayName": {
    "zh": "节肢斗篷",
    "en": "Cloak of Arachnida"
  },
  "mainSource": {
    "source": "DMG",
    "page": 158
  },
  "allSources": [
    {
      "source": "DMG",
      "page": 158
    },
    {
      "source": "XDMG",
      "page": 0
    }
  ],
  "relatedVersions": [
    "Cloak of Arachnida|XDMG"
  ],
  "zh": {
    "name": "节肢斗篷",
    "entries": [
      "这件精美的服饰由黑色丝绸制成，其上用银色丝线绘成网状花纹。着装此斗篷期间，你获得以下增益：",
      {
        "type": "list",
        "items": [
          "你获得毒素伤害的抗性。",
          "你获得等同于你步行速度的攀爬速度。",
          "你可以在垂直表面上上下移动，甚至可以无需双手倒挂在天花板上。",
          "你不会被任何种类的蛛网困住，并且可以移动穿过蛛网时将其视为{@quickref 困难地形||3}。",
          "你可以用一个动作施放 {@spell 蛛网术}（豁免 {@dc 13}）。如此创造出的蛛网将覆盖普通蛛网术两倍大小的区域。该斗篷的这一属性一经使用，直到次日黎明前都无法再次被使用。"
        ]
      }
    ],
    "html": "这件精美的服饰由黑色丝绸制成，其上用银色丝线绘成网状花纹。着装此斗篷期间，你获得以下增益：\n<ul class=\"parser-list parser-list-default\"><li>你获得毒素伤害的抗性。</li><li>你获得等同于你步行速度的攀爬速度。</li><li>你可以在垂直表面上上下移动，甚至可以无需双手倒挂在天花板上。</li><li>你不会被任何种类的蛛网困住，并且可以移动穿过蛛网时将其视为{{@quickref|困难地形||3}}。</li><li>你可以用一个动作施放 {{@spell|蛛网术}}（豁免 {{@dc|13}}）。如此创造出的蛛网将覆盖普通蛛网术两倍大小的区域。该斗篷的这一属性一经使用，直到次日黎明前都无法再次被使用。</li></ul>"
  },
  "en": {
    "name": "Cloak of Arachnida",
    "entries": [
      "This fine garment is made of black silk interwoven with faint silvery threads. While wearing it, you gain the following benefits:",
      {
        "type": "list",
        "items": [
          "You have resistance to poison damage.",
          "You have a climbing speed equal to your walking speed.",
          "You can move up, down, and across vertical surfaces and upside down along ceilings, while leaving your hands free.",
          "You can't be caught in webs of any sort and can move through webs as if they were {@quickref difficult terrain||3}.",
          "You can use an action to cast the {@spell web} spell (save {@dc 13}). The web created by the spell fills twice its normal area. Once used, this property of the cloak can't be used again until the next dawn."
        ]
      }
    ],
    "html": "This fine garment is made of black silk interwoven with faint silvery threads. While wearing it, you gain the following benefits:\n<ul class=\"parser-list parser-list-default\"><li>You have resistance to poison damage.</li><li>You have a climbing speed equal to your walking speed.</li><li>You can move up, down, and across vertical surfaces and upside down along ceilings, while leaving your hands free.</li><li>You can't be caught in webs of any sort and can move through webs as if they were {{@quickref|difficult terrain||3}}.</li><li>You can use an action to cast the {{@spell|web}} spell (save {{@dc|13}}). The web created by the spell fills twice its normal area. Once used, this property of the cloak can't be used again until the next dawn.</li></ul>"
  },
  "bonus": {}
}