{
  "dataType": "item",
  "uid": "item_Cloak of Billowing|XGE ",
  "id": "Cloak of Billowing|XGE",
  "rarity": "common",
  "isBaseItem": false,
  "baseItem": "",
  "displayName": {
    "zh": "飘扬斗篷",
    "en": "Cloak of Billowing"
  },
  "mainSource": {
    "source": "XGE",
    "page": 136
  },
  "allSources": [
    {
      "source": "XGE",
      "page": 136
    },
    {
      "source": "XDMG",
      "page": 0
    }
  ],
  "relatedVersions": [
    "Cloak of Billowing|XDMG"
  ],
  "zh": {
    "name": "飘扬斗篷",
    "entries": [
      "穿着这件斗篷期间，你可以用一个附赠动作令他大幅度的飘扬起来。"
    ],
    "html": "穿着这件斗篷期间，你可以用一个附赠动作令他大幅度的飘扬起来。"
  },
  "en": {
    "name": "Cloak of Billowing",
    "entries": [
      "While wearing this cloak, you can use a bonus action to make it billow dramatically."
    ],
    "html": "While wearing this cloak, you can use a bonus action to make it billow dramatically."
  },
  "bonus": {}
}