{
  "dataType": "item",
  "uid": "item_Cloak of Elvenkind|DMG ",
  "id": "Cloak of Elvenkind|DMG",
  "rarity": "uncommon",
  "isBaseItem": false,
  "baseItem": "",
  "displayName": {
    "zh": "精灵斗篷",
    "en": "Cloak of Elvenkind"
  },
  "mainSource": {
    "source": "DMG",
    "page": 158
  },
  "allSources": [
    {
      "source": "DMG",
      "page": 158
    },
    {
      "source": "XDMG",
      "page": 0
    }
  ],
  "relatedVersions": [
    "Cloak of Elvenkind|XDMG"
  ],
  "zh": {
    "name": "精灵斗篷",
    "entries": [
      "着装此斗篷期间，拉起兜帽后，它将变换颜色为你提供迷彩伪装。任何为看见你所做的感知（{@skill 察觉}）检定都将具有劣势，且你为躲藏所进行的敏捷（{@skill 隐匿}）检定具有优势。褪下或拉起兜帽需要一个动作。"
    ],
    "html": "着装此斗篷期间，拉起兜帽后，它将变换颜色为你提供迷彩伪装。任何为看见你所做的感知（{{@skill|察觉}}）检定都将具有劣势，且你为躲藏所进行的敏捷（{{@skill|隐匿}}）检定具有优势。褪下或拉起兜帽需要一个动作。"
  },
  "en": {
    "name": "Cloak of Elvenkind",
    "entries": [
      "While you wear this cloak with its hood up, Wisdom ({@skill Perception}) checks made to see you have disadvantage, and you have advantage on Dexterity ({@skill Stealth}) checks made to hide, as the cloak's color shifts to camouflage you. Pulling the hood up or down requires an action."
    ],
    "html": "While you wear this cloak with its hood up, Wisdom ({{@skill|Perception}}) checks made to see you have disadvantage, and you have advantage on Dexterity ({{@skill|Stealth}}) checks made to hide, as the cloak's color shifts to camouflage you. Pulling the hood up or down requires an action."
  },
  "bonus": {}
}