{
  "dataType": "item",
  "uid": "item_Cloak of Protection|DMG ",
  "id": "Cloak of Protection|DMG",
  "rarity": "uncommon",
  "isBaseItem": false,
  "baseItem": "",
  "displayName": {
    "zh": "防护斗篷",
    "en": "Cloak of Protection"
  },
  "mainSource": {
    "source": "DMG",
    "page": 159
  },
  "allSources": [
    {
      "source": "DMG",
      "page": 159
    },
    {
      "source": "XDMG",
      "page": 0
    }
  ],
  "relatedVersions": [
    "Cloak of Protection|XDMG"
  ],
  "zh": {
    "name": "防护斗篷",
    "entries": [
      "着装此斗篷期间，你的AC和豁免获得+1加值。"
    ],
    "html": "着装此斗篷期间，你的AC和豁免获得+1加值。"
  },
  "en": {
    "name": "Cloak of Protection",
    "entries": [
      "You gain a +1 bonus to AC and saving throws while you wear this cloak."
    ],
    "html": "You gain a +1 bonus to AC and saving throws while you wear this cloak."
  },
  "bonus": {
    "ac": 1,
    "savingThrow": 1
  }
}