{
  "dataType": "item",
  "uid": "item_Cloak of Displacement|XDMG ",
  "id": "Cloak of Displacement|XDMG",
  "rarity": "rare",
  "isBaseItem": false,
  "baseItem": "",
  "displayName": {
    "zh": "移位斗篷",
    "en": "Cloak of Displacement"
  },
  "mainSource": {
    "source": "XDMG",
    "page": 244
  },
  "allSources": [
    {
      "source": "XDMG",
      "page": 244
    }
  ],
  "relatedVersions": [
    "Cloak of Displacement|DMG"
  ],
  "zh": {
    "name": "移位斗篷",
    "entries": [
      "当你穿戴这件斗篷时，它能够神奇地投射出一个幻象，让你看起来像是站在你实际位置附近的一个地方，导致任何生物在对你进行攻击时都会受到{@variantrule 劣势|XPHB}。如果你受到伤害，这个属性会停止工作，直到你的下一个回合开始。当你的{@variantrule 速度|XPHB}为0时，这个属性会被抑制。"
    ],
    "html": "当你穿戴这件斗篷时，它能够神奇地投射出一个幻象，让你看起来像是站在你实际位置附近的一个地方，导致任何生物在对你进行攻击时都会受到{{@variantrule|劣势|XPHB}}。如果你受到伤害，这个属性会停止工作，直到你的下一个回合开始。当你的{{@variantrule|速度|XPHB}}为0时，这个属性会被抑制。"
  },
  "en": {
    "name": "Cloak of Displacement",
    "entries": [
      "While you wear this cloak, it magically projects an illusion that makes you appear to be standing in a place near your actual location, causing any creature to have {@variantrule Disadvantage|XPHB} on attack rolls against you. If you take damage, the property ceases to function until the start of your next turn. This property is suppressed while your {@variantrule Speed|XPHB} is 0."
    ],
    "html": "While you wear this cloak, it magically projects an illusion that makes you appear to be standing in a place near your actual location, causing any creature to have {{@variantrule|Disadvantage|XPHB}} on attack rolls against you. If you take damage, the property ceases to function until the start of your next turn. This property is suppressed while your {{@variantrule|Speed|XPHB}} is 0."
  },
  "bonus": {}
}