{
  "dataType": "item",
  "uid": "item_Clockwork Dog|SKT ",
  "id": "Clockwork Dog|SKT",
  "rarity": "unknown (magic)",
  "isBaseItem": false,
  "baseItem": "",
  "displayName": {
    "zh": "发条狗",
    "en": "Clockwork Dog"
  },
  "mainSource": {
    "source": "SKT",
    "page": 44
  },
  "allSources": [
    {
      "source": "SKT",
      "page": 44
    }
  ],
  "zh": {
    "name": "发条狗",
    "entries": [
      "这只由铜和锡制成的微小发条狗配有一个铜制上发条钥匙。作为一个动作，你可以使用钥匙给狗上发条，之后它会跟随你12小时。在那个持续时间结束时，发条狗会停止，直到再次上发条。狗的护甲等级（AC）为5，有1点生命值，步行速度为30尺。"
    ],
    "html": "这只由铜和锡制成的微小发条狗配有一个铜制上发条钥匙。作为一个动作，你可以使用钥匙给狗上发条，之后它会跟随你12小时。在那个持续时间结束时，发条狗会停止，直到再次上发条。狗的护甲等级（AC）为5，有1点生命值，步行速度为30尺。"
  },
  "en": {
    "name": "Clockwork Dog",
    "entries": [
      "This Tiny clockwork dog made of copper and tin comes with a copper wind-up key. As an action, you can use the key to wind the dog, after which it follows you for 12 hours. At the end of that duration, the clockwork dog stops until wound again. The dog has AC 5, 1 hit point, and a walking speed of 30 feet."
    ],
    "html": "This Tiny clockwork dog made of copper and tin comes with a copper wind-up key. As an action, you can use the key to wind the dog, after which it follows you for 12 hours. At the end of that duration, the clockwork dog stops until wound again. The dog has AC 5, 1 hit point, and a walking speed of 30 feet."
  },
  "bonus": {}
}