{
  "dataType": "item",
  "uid": "item_Clothes of Mending|XGE ",
  "id": "Clothes of Mending|XGE",
  "rarity": "common",
  "isBaseItem": false,
  "baseItem": "",
  "displayName": {
    "zh": "修补之衣",
    "en": "Clothes of Mending"
  },
  "mainSource": {
    "source": "XGE",
    "page": 137
  },
  "allSources": [
    {
      "source": "XGE",
      "page": 137
    },
    {
      "source": "XDMG",
      "page": 0
    }
  ],
  "relatedVersions": [
    "Clothes of Mending|XDMG"
  ],
  "zh": {
    "name": "修补之衣",
    "entries": [
      "这套简约的旅行服饰装备上的魔法会修复自己的日常磨损。不过它被损毁的部分无法以此自我修复。"
    ],
    "html": "这套简约的旅行服饰装备上的魔法会修复自己的日常磨损。不过它被损毁的部分无法以此自我修复。"
  },
  "en": {
    "name": "Clothes of Mending",
    "entries": [
      "This elegant outfit of traveler's clothes magically mends itself to counteract daily wear and tear. Pieces of the outfit that are destroyed can't be repaired in this way."
    ],
    "html": "This elegant outfit of traveler's clothes magically mends itself to counteract daily wear and tear. Pieces of the outfit that are destroyed can't be repaired in this way."
  },
  "bonus": {}
}