{
  "dataType": "item",
  "uid": "item_Tasha's Creeping Keelboat|DitLCoT ",
  "id": "Tasha's Creeping Keelboat|DitLCoT",
  "rarity": "very rare",
  "isBaseItem": false,
  "full": {
    "en": {
      "images": [
        {
          "type": "image",
          "href": {
            "type": "internal",
            "path": "items/DitLCoT/Tashas Creeping Keelboat.webp"
          }
        }
      ]
    },
    "zh": {
      "images": [
        {
          "type": "image",
          "href": {
            "type": "internal",
            "path": "items/DitLCoT/Tashas Creeping Keelboat.webp"
          }
        }
      ]
    }
  },
  "baseItem": "",
  "displayName": {
    "zh": "塔莎的潜行龙骨船",
    "en": "Tasha's Creeping Keelboat"
  },
  "mainSource": {
    "source": "DitLCoT",
    "page": 15
  },
  "allSources": [
    {
      "source": "DitLCoT",
      "page": 15
    }
  ],
  "zh": {
    "name": "塔莎的潜行龙骨船",
    "source": "DitLCoT",
    "page": 15,
    "rarity": "very rare",
    "reqAttune": true,
    "wondrous": true,
    "bonusAc": "+1",
    "entries": [
      "这艘魔法载具是一艘宽10尺、长30尺的船。它有四条腿，可以在陆地上行走，也可以在水上航行。它的步行和游泳速度为20尺，但不能在水下航行。你乘船期间，船会根据你的口头指示移动，你选择的生物处于船上期间在AC上获得+1加值。",
      "该船可以无阻碍地传送最多1000磅的重量。它可以承载最多两倍于此的重量，但如果载重超过正常容量，它将以半速移动。"
    ],
    "seeAlsoVehicle": [
      "塔莎的潜行龙骨船|DitLCoT"
    ],
    "hasFluffImages": true,
    "ENG_name": "Tasha's Creeping Keelboat",
    "html": "这艘魔法载具是一艘宽10尺、长30尺的船。它有四条腿，可以在陆地上行走，也可以在水上航行。它的步行和游泳速度为20尺，但不能在水下航行。你乘船期间，船会根据你的口头指示移动，你选择的生物处于船上期间在AC上获得+1加值。\n该船可以无阻碍地传送最多1000磅的重量。它可以承载最多两倍于此的重量，但如果载重超过正常容量，它将以半速移动。"
  },
  "en": {
    "name": "Tasha's Creeping Keelboat",
    "source": "DitLCoT",
    "page": 15,
    "rarity": "very rare",
    "reqAttune": true,
    "wondrous": true,
    "bonusAc": "+1",
    "entries": [
      "This magic vehicle is a boat 10 feet wide and 30 feet long. It has four legs that propel it across land and water. It has a walking and swimming speed of 20 feet, but it can't travel underwater. The boat moves according to your spoken directions while you are riding it, and creatures of your choice gain a +1 bonus to their Armor Class while on the boat.",
      "The boat can transport up to 1,000 pounds without hindrance. It can carry up to twice this weight, but it moves at half speed if it carries more than its normal capacity."
    ],
    "seeAlsoVehicle": [
      "Tasha's Creeping Keelboat|DitLCoT"
    ],
    "hasFluffImages": true,
    "html": "This magic vehicle is a boat 10 feet wide and 30 feet long. It has four legs that propel it across land and water. It has a walking and swimming speed of 20 feet, but it can't travel underwater. The boat moves according to your spoken directions while you are riding it, and creatures of your choice gain a +1 bonus to their Armor Class while on the boat.\nThe boat can transport up to 1,000 pounds without hindrance. It can carry up to twice this weight, but it moves at half speed if it carries more than its normal capacity."
  },
  "bonus": {
    "ac": 1
  }
}