{
  "dataType": "item",
  "uid": "item_Bag of Holding|DMG ",
  "id": "Bag of Holding|DMG",
  "weight": 15,
  "rarity": "uncommon",
  "isBaseItem": false,
  "full": {
    "en": {
      "images": [
        {
          "type": "image",
          "href": {
            "type": "internal",
            "path": "items/DMG/Bag of Holding.webp"
          }
        }
      ]
    },
    "zh": {
      "images": [
        {
          "type": "image",
          "href": {
            "type": "internal",
            "path": "items/DMG/Bag of Holding.webp"
          }
        }
      ]
    }
  },
  "baseItem": "",
  "displayName": {
    "zh": "次元袋",
    "en": "Bag of Holding"
  },
  "mainSource": {
    "source": "DMG",
    "page": 153
  },
  "allSources": [
    {
      "source": "DMG",
      "page": 153
    },
    {
      "source": "XDMG",
      "page": 0
    },
    {
      "source": "XDMG",
      "page": 234
    }
  ],
  "relatedVersions": [
    "Bag of Holding|XDMG"
  ],
  "zh": {
    "name": "次元袋",
    "source": "DMG",
    "page": 153,
    "srd": true,
    "basicRules": true,
    "reprintedAs": [
      "次元袋|XDMG"
    ],
    "tier": "次要",
    "rarity": "uncommon",
    "wondrous": true,
    "weight": 15,
    "entries": [
      "这个袋子有着比外表看起来更大的内部实际空间，袋口直径约2尺，深约4尺。它可以容纳至多500磅，体积不超过64立方尺的东西。无论装了什么，这个袋子总是重15磅。从袋子里取出物品需要花费一个动作。",
      "如果袋子超载、被戳破或撕裂，它将破裂并被摧毁，其内的所有东西都将被传送到星光位面的随机地点。如果袋子被内外翻转，则它所装载的东西将安全的掉落出来，但再次使用袋子之前必须将它恢复原状。需要呼吸的生物可以在袋中存活的分钟数为10除以生物数量（至少为一分钟），此后袋内的生物便开始窒息。",
      "将一个次元袋放入由{@item 霍华德的便利袋}、{@item 次元洞}或其他类似物品产生的异次元空间时，将立即摧毁这两件物品并打开一扇通往星界的传送门扉。门产生在被放入另一件物品的前一物件所在的空间位置。任何在该门周围10尺内的生物将被吸入门内并送到星光位面的随机位置，随后该门关闭。这扇门只能单向通过且不能被再次打开。"
    ],
    "containerCapacity": {
      "weight": [
        500
      ],
      "weightless": true
    },
    "optionalfeatures": [
      "仿制魔法物品|TCE"
    ],
    "lootTables": [
      "魔法物品表A",
      "魔法物品表B"
    ],
    "hasFluffImages": true,
    "ENG_name": "Bag of Holding",
    "html": "这个袋子有着比外表看起来更大的内部实际空间，袋口直径约2尺，深约4尺。它可以容纳至多500磅，体积不超过64立方尺的东西。无论装了什么，这个袋子总是重15磅。从袋子里取出物品需要花费一个动作。\n如果袋子超载、被戳破或撕裂，它将破裂并被摧毁，其内的所有东西都将被传送到星光位面的随机地点。如果袋子被内外翻转，则它所装载的东西将安全的掉落出来，但再次使用袋子之前必须将它恢复原状。需要呼吸的生物可以在袋中存活的分钟数为10除以生物数量（至少为一分钟），此后袋内的生物便开始窒息。\n将一个次元袋放入由{{@item|霍华德的便利袋}}、{{@item|次元洞}}或其他类似物品产生的异次元空间时，将立即摧毁这两件物品并打开一扇通往星界的传送门扉。门产生在被放入另一件物品的前一物件所在的空间位置。任何在该门周围10尺内的生物将被吸入门内并送到星光位面的随机位置，随后该门关闭。这扇门只能单向通过且不能被再次打开。"
  },
  "en": {
    "name": "Bag of Holding",
    "source": "DMG",
    "page": 153,
    "srd": true,
    "basicRules": true,
    "reprintedAs": [
      "Bag of Holding|XDMG"
    ],
    "tier": "minor",
    "rarity": "uncommon",
    "wondrous": true,
    "weight": 15,
    "entries": [
      "This bag has an interior space considerably larger than its outside dimensions, roughly 2 feet in diameter at the mouth and 4 feet deep. The bag can hold up to 500 pounds, not exceeding a volume of 64 cubic feet. The bag weighs 15 pounds, regardless of its contents. Retrieving an item from the bag requires an action.",
      "If the bag is overloaded, pierced, or torn, it ruptures and is destroyed, and its contents are scattered in the Astral Plane. If the bag is turned inside out, its contents spill forth, unharmed, but the bag must be put right before it can be used again. Breathing creatures inside the bag can survive up to a number of minutes equal to 10 divided by the number of creatures (minimum 1 minute), after which time they begin to suffocate.",
      "Placing a bag of holding inside an extradimensional space created by a {@item Heward's handy haversack}, {@item portable hole}, or similar item instantly destroys both items and opens a gate to the Astral Plane. The gate originates where the one item was placed inside the other. Any creature within 10 feet of the gate is sucked through it to a random location on the Astral Plane. The gate then closes. The gate is one-way only and can't be reopened."
    ],
    "containerCapacity": {
      "weight": [
        500
      ],
      "weightless": true
    },
    "optionalfeatures": [
      "replicate magic item|tce"
    ],
    "lootTables": [
      "Magic Item Table A",
      "Magic Item Table B"
    ],
    "hasFluffImages": true,
    "html": "This bag has an interior space considerably larger than its outside dimensions, roughly 2 feet in diameter at the mouth and 4 feet deep. The bag can hold up to 500 pounds, not exceeding a volume of 64 cubic feet. The bag weighs 15 pounds, regardless of its contents. Retrieving an item from the bag requires an action.\nIf the bag is overloaded, pierced, or torn, it ruptures and is destroyed, and its contents are scattered in the Astral Plane. If the bag is turned inside out, its contents spill forth, unharmed, but the bag must be put right before it can be used again. Breathing creatures inside the bag can survive up to a number of minutes equal to 10 divided by the number of creatures (minimum 1 minute), after which time they begin to suffocate.\nPlacing a bag of holding inside an extradimensional space created by a {{@item|Heward's handy haversack}}, {{@item|portable hole}}, or similar item instantly destroys both items and opens a gate to the Astral Plane. The gate originates where the one item was placed inside the other. Any creature within 10 feet of the gate is sucked through it to a random location on the Astral Plane. The gate then closes. The gate is one-way only and can't be reopened."
  },
  "bonus": {}
}