{
  "dataType": "item",
  "uid": "item_Fate Cutter Shears|BMT ",
  "id": "Fate Cutter Shears|BMT",
  "weight": 1,
  "rarity": "very rare",
  "isBaseItem": false,
  "baseItem": "dagger|PHB",
  "displayName": {
    "zh": "命运修枝剪",
    "en": "Fate Cutter Shears"
  },
  "mainSource": {
    "source": "BMT",
    "page": 61
  },
  "allSources": [
    {
      "source": "BMT",
      "page": 61
    }
  ],
  "zh": {
    "name": "命运修枝剪",
    "source": "BMT",
    "page": 61,
    "baseItem": "匕首|PHB",
    "type": "M",
    "rarity": "very rare",
    "reqAttune": true,
    "weight": 1,
    "weaponCategory": "简易",
    "property": [
      "F",
      "L",
      "T"
    ],
    "range": "20/60",
    "dmg1": "1d4",
    "dmgType": "P",
    "critThreshold": 19,
    "entries": [
      "该修枝剪的刀刃上带有许多刻痕与凹痕，但依旧能干净利落地修剪。这把剪刀可以如一把魔法匕首被使用，且该武器拥有以下词条：",
      {
        "type": "list",
        "style": "list-hang-notitle",
        "items": [
          {
            "ENG_name": "Ever Sharp",
            "name": "永远锋利",
            "type": "item",
            "entries": [
              "当你使用该剪刀进行的攻击命中时，目标受到额外{@damage 1d6}力场伤害。"
            ]
          },
          {
            "ENG_name": "Sever Threads",
            "name": "断丝命剪",
            "type": "item",
            "entries": [
              "当你使用该剪刀命中一个生物时，你便可以裁剪该生物的命运。直到目标进行一次长休之前，任何针对其的攻击检定在{@dice d20}骰出19或20时即为暴击。一旦使用了该特性后，直到第二天黎明之前你无法再次使用该特性。"
            ]
          }
        ]
      }
    ],
    "ENG_name": "Fate Cutter Shears",
    "html": "该修枝剪的刀刃上带有许多刻痕与凹痕，但依旧能干净利落地修剪。这把剪刀可以如一把魔法匕首被使用，且该武器拥有以下词条：\n<ul class=\"parser-list parser-list-list-hang-notitle\"><li class=\"parser-list-item\"><span class=\"parser-list-item-name\">永远锋利</span><span class=\"parser-list-item-eng-name\">Ever Sharp</span><div class=\"parser-list-item-entries\">当你使用该剪刀进行的攻击命中时，目标受到额外{{@damage|1d6}}力场伤害。</div></li><li class=\"parser-list-item\"><span class=\"parser-list-item-name\">断丝命剪</span><span class=\"parser-list-item-eng-name\">Sever Threads</span><div class=\"parser-list-item-entries\">当你使用该剪刀命中一个生物时，你便可以裁剪该生物的命运。直到目标进行一次长休之前，任何针对其的攻击检定在{{@dice|d20}}骰出19或20时即为暴击。一旦使用了该特性后，直到第二天黎明之前你无法再次使用该特性。</div></li></ul>"
  },
  "en": {
    "name": "Fate Cutter Shears",
    "source": "BMT",
    "page": 61,
    "baseItem": "dagger|PHB",
    "type": "M",
    "rarity": "very rare",
    "reqAttune": true,
    "weight": 1,
    "weaponCategory": "simple",
    "property": [
      "F",
      "L",
      "T"
    ],
    "range": "20/60",
    "dmg1": "1d4",
    "dmgType": "P",
    "critThreshold": 19,
    "entries": [
      "The blades of these pruning shears bear many nicks and dents but still cut cleanly. The shears function as a magic dagger. The weapon has the following properties:",
      {
        "type": "list",
        "style": "list-hang-notitle",
        "items": [
          {
            "type": "item",
            "name": "Ever Sharp",
            "entries": [
              "When you hit with an attack using the shears, the target takes an extra {@damage 1d6} force damage."
            ]
          },
          {
            "type": "item",
            "name": "Sever Threads",
            "entries": [
              "When you hit a creature with the shears, you can cut that creature's fate. Until the target finishes a long rest, attack rolls against it score a critical hit on a roll of 19 or 20 on the {@dice d20}. Once this property is used, it can't be used again until the next dawn."
            ]
          }
        ]
      }
    ],
    "html": "The blades of these pruning shears bear many nicks and dents but still cut cleanly. The shears function as a magic dagger. The weapon has the following properties:\n<ul class=\"parser-list parser-list-list-hang-notitle\"><li class=\"parser-list-item\"><span class=\"parser-list-item-name\">Ever Sharp</span><div class=\"parser-list-item-entries\">When you hit with an attack using the shears, the target takes an extra {{@damage|1d6}} force damage.</div></li><li class=\"parser-list-item\"><span class=\"parser-list-item-name\">Sever Threads</span><div class=\"parser-list-item-entries\">When you hit a creature with the shears, you can cut that creature's fate. Until the target finishes a long rest, attack rolls against it score a critical hit on a roll of 19 or 20 on the {{@dice|d20}}. Once this property is used, it can't be used again until the next dawn.</div></li></ul>"
  },
  "weapon": {
    "category": "simple",
    "weaponCategory": "simple",
    "dmg1": "1d4",
    "dmgType": "P",
    "dmgs": [
      "1d4"
    ],
    "range": {
      "min": 20,
      "max": 60
    },
    "property": [
      "F",
      "L",
      "T"
    ]
  },
  "bonus": {}
}