{
  "dataType": "item",
  "uid": "item_Occultant Abacus|AI ",
  "id": "Occultant Abacus|AI",
  "rarity": "varies",
  "isBaseItem": false,
  "full": {
    "en": {
      "images": [
        {
          "type": "image",
          "href": {
            "type": "internal",
            "path": "items/AI/occultant-abacus.webp"
          },
          "credit": "Chris Walton"
        }
      ]
    },
    "zh": {
      "images": [
        {
          "type": "image",
          "href": {
            "type": "internal",
            "path": "items/AI/occultant-abacus.webp"
          },
          "credit": "Chris Walton"
        }
      ]
    }
  },
  "baseItem": "",
  "displayName": {
    "zh": "玄学师算盘",
    "en": "Occultant Abacus"
  },
  "mainSource": {
    "source": "AI",
    "page": 31
  },
  "allSources": [
    {
      "source": "AI",
      "page": 31
    }
  ],
  "zh": {
    "name": "玄学师算盘",
    "source": "AI",
    "page": 31,
    "rarity": "varies",
    "reqAttune": true,
    "wondrous": true,
    "entries": [
      "总部授予你使用一件被称为玄学师算盘（有时你也可以直接叫它玄学师）的独特物品，它的珠子形状酷似微型骷髅头。",
      {
        "ENG_name": "Read the Kill",
        "name": "阅读杀戮",
        "type": "entries",
        "entries": [
          "第1级起，你的玄学师算盘不仅能追踪特许经营权的击杀，还能帮助你确定这些击杀对特许经营权命运的影响。在1分钟内，你可以研究被特许经营权成员于24小时内杀死的生物，然后授予击杀者一个{@dice d10}。在接下来的1小时内，该角色可以将这个{@dice d10}添加到攻击检定、属性检定或豁免检定上。如果无法确认谁造成了致命一击，你会将这个效益授予参与战斗的一个随机生物。使用这个特性后，直到你完成一次长休才能再次使用。",
          {
            "type": "table",
            "colLabels": [
              "d6",
              "阅读"
            ],
            "colStyles": [
              "col-2 text-center",
              "col-10"
            ],
            "rows": [
              [
                "1",
                "用一个小风箱给尸体注入最后一口气。"
              ],
              [
                "2",
                "使用特殊的阅读内脏眼镜来阅读内脏。"
              ],
              [
                "3",
                "烧掉尸体的一小块，然后观察烟雾的形状。"
              ],
              [
                "4",
                "谨慎、理性、专业地......瞎猜一通。"
              ],
              [
                "5",
                "仔细测量一下。量一下鼻孔之间的距离。然后是食指和中指之间的长短差。弹弹耳垂的弹性。"
              ],
              [
                "6",
                "你仔仔细细地观察了一段时间，最后决定套用最近那个对你很好的同伴的身体数据。"
              ]
            ]
          }
        ]
      },
      {
        "ENG_name": "Eldritch Occultant",
        "name": "诡异玄学师",
        "type": "entries",
        "entries": [
          "从等级2开始，你的隐匿算盘变成一种不常见的魔法物品，可以追踪被消除和被拯救的生命。当在被杀死的生物附近5尺内持有你的隐匿算盘，且该生物在过去24小时内死亡，你可以施放{@spell 卜筮术}法术。你通过法术询问的行动不需要与死亡生物有任何联系。隐匿算盘的这一特性直到下一个黎明前不能再使用。"
        ]
      },
      {
        "ENG_name": "Bring Out Your Dead",
        "name": "死亡宣告",
        "type": "entries",
        "entries": [
          "同样在第2级时，你可以在完成短休或长休后重新使用你的\"阅读杀戮\"特性。"
        ]
      },
      {
        "ENG_name": "Bead of Instant Karma",
        "name": "即时因果珠",
        "type": "entries",
        "entries": [
          "第3级时，你的玄学师算盘上的一颗珠子能够引导即时因果的力量，将玄学师算盘变成一件珍稀品质的魔法物品。以一个反应，你可以选择一个你能看见的、即将进行属性检定、攻击检定或豁免检定的生物，为其于此次检定提供优势或施加劣势。这颗珠子在使用时化为尘埃，并在次日黎明时重新出现在你的玄学师算盘上。"
        ]
      },
      {
        "ENG_name": "Bead of Diverted Karma",
        "name": "转移因果珠",
        "type": "entries",
        "entries": [
          "第4级时，你的玄学师算盘上出现又一颗神奇的珠子，可以将命运引导至需要的地方，从而让你的玄学师算盘成为一件极珍稀品质的魔法物品。当这颗珠子未被使用时，你会自动察觉到任何你能看见的生物即将进行的带有劣势的属性检定、攻击检定或豁免检定。在这类检定将要投掷之时，你可以消耗一个反应，为任何一名你能看见的生物提供一个{@dice d10}。此生物可以在接下来的一分钟内将这个{@dice d10}加到其进行的任何属性检定、攻击检定或豁免检定上。珠子在使用时会化为尘埃，并在次日黎明时重新出现在你的玄学师算盘上。"
        ]
      },
      {
        "ENG_name": "Correct the Balance",
        "name": "矫正平衡",
        "type": "entries",
        "entries": [
          "作为4级玄学师，你得以预测到一些生物的死亡所意味着的那些意想不到的后果。对一个七天内死亡的生物，你可以使用你的玄学师算盘来推测如何扭转或减轻曾经杀死他的那种状况。你可以以一个动作进行一次{@dc 15}的智力（{@skill 宗教}）检定。如果成功，你便能基于这个生物的本质和其在世界上的位置了解到相关信息。",
          "如果检定失败，玄学师算盘的此能力将无法再次使用直到次日黎明。如果检定成功，该能力将无法再次使用直到七天后的黎明。"
        ]
      }
    ],
    "attachedSpells": {
      "daily": {
        "1e": [
          "卜筮术"
        ]
      }
    },
    "hasFluffImages": true,
    "ENG_name": "Occultant Abacus",
    "html": "总部授予你使用一件被称为玄学师算盘（有时你也可以直接叫它玄学师）的独特物品，它的珠子形状酷似微型骷髅头。\n<div class=\"parser-entries\"><div class=\"parser-entries-name\">阅读杀戮</div><div class=\"parser-entries-eng-name\">Read the Kill</div><div class=\"parser-entries-content\">第1级起，你的玄学师算盘不仅能追踪特许经营权的击杀，还能帮助你确定这些击杀对特许经营权命运的影响。在1分钟内，你可以研究被特许经营权成员于24小时内杀死的生物，然后授予击杀者一个{{@dice|d10}}。在接下来的1小时内，该角色可以将这个{{@dice|d10}}添加到攻击检定、属性检定或豁免检定上。如果无法确认谁造成了致命一击，你会将这个效益授予参与战斗的一个随机生物。使用这个特性后，直到你完成一次长休才能再次使用。<table class=\"wiki-table\"><tr><th class=\"parser-col-2 text-center\">d6</th><th class=\"parser-col-10\">阅读</th></tr><tr><td class=\"parser-col-2 text-center\">1</td><td class=\"parser-col-10\">用一个小风箱给尸体注入最后一口气。</td></tr><tr><td class=\"parser-col-2 text-center\">2</td><td class=\"parser-col-10\">使用特殊的阅读内脏眼镜来阅读内脏。</td></tr><tr><td class=\"parser-col-2 text-center\">3</td><td class=\"parser-col-10\">烧掉尸体的一小块，然后观察烟雾的形状。</td></tr><tr><td class=\"parser-col-2 text-center\">4</td><td class=\"parser-col-10\">谨慎、理性、专业地......瞎猜一通。</td></tr><tr><td class=\"parser-col-2 text-center\">5</td><td class=\"parser-col-10\">仔细测量一下。量一下鼻孔之间的距离。然后是食指和中指之间的长短差。弹弹耳垂的弹性。</td></tr><tr><td class=\"parser-col-2 text-center\">6</td><td class=\"parser-col-10\">你仔仔细细地观察了一段时间，最后决定套用最近那个对你很好的同伴的身体数据。</td></tr></table></div></div>\n<div class=\"parser-entries\"><div class=\"parser-entries-name\">诡异玄学师</div><div class=\"parser-entries-eng-name\">Eldritch Occultant</div><div class=\"parser-entries-content\">从等级2开始，你的隐匿算盘变成一种不常见的魔法物品，可以追踪被消除和被拯救的生命。当在被杀死的生物附近5尺内持有你的隐匿算盘，且该生物在过去24小时内死亡，你可以施放{{@spell|卜筮术}}法术。你通过法术询问的行动不需要与死亡生物有任何联系。隐匿算盘的这一特性直到下一个黎明前不能再使用。</div></div>\n<div class=\"parser-entries\"><div class=\"parser-entries-name\">死亡宣告</div><div class=\"parser-entries-eng-name\">Bring Out Your Dead</div><div class=\"parser-entries-content\">同样在第2级时，你可以在完成短休或长休后重新使用你的\"阅读杀戮\"特性。</div></div>\n<div class=\"parser-entries\"><div class=\"parser-entries-name\">即时因果珠</div><div class=\"parser-entries-eng-name\">Bead of Instant Karma</div><div class=\"parser-entries-content\">第3级时，你的玄学师算盘上的一颗珠子能够引导即时因果的力量，将玄学师算盘变成一件珍稀品质的魔法物品。以一个反应，你可以选择一个你能看见的、即将进行属性检定、攻击检定或豁免检定的生物，为其于此次检定提供优势或施加劣势。这颗珠子在使用时化为尘埃，并在次日黎明时重新出现在你的玄学师算盘上。</div></div>\n<div class=\"parser-entries\"><div class=\"parser-entries-name\">转移因果珠</div><div class=\"parser-entries-eng-name\">Bead of Diverted Karma</div><div class=\"parser-entries-content\">第4级时，你的玄学师算盘上出现又一颗神奇的珠子，可以将命运引导至需要的地方，从而让你的玄学师算盘成为一件极珍稀品质的魔法物品。当这颗珠子未被使用时，你会自动察觉到任何你能看见的生物即将进行的带有劣势的属性检定、攻击检定或豁免检定。在这类检定将要投掷之时，你可以消耗一个反应，为任何一名你能看见的生物提供一个{{@dice|d10}}。此生物可以在接下来的一分钟内将这个{{@dice|d10}}加到其进行的任何属性检定、攻击检定或豁免检定上。珠子在使用时会化为尘埃，并在次日黎明时重新出现在你的玄学师算盘上。</div></div>\n<div class=\"parser-entries\"><div class=\"parser-entries-name\">矫正平衡</div><div class=\"parser-entries-eng-name\">Correct the Balance</div><div class=\"parser-entries-content\">作为4级玄学师，你得以预测到一些生物的死亡所意味着的那些意想不到的后果。对一个七天内死亡的生物，你可以使用你的玄学师算盘来推测如何扭转或减轻曾经杀死他的那种状况。你可以以一个动作进行一次{{@dc|15}}的智力（{{@skill|宗教}}）检定。如果成功，你便能基于这个生物的本质和其在世界上的位置了解到相关信息。如果检定失败，玄学师算盘的此能力将无法再次使用直到次日黎明。如果检定成功，该能力将无法再次使用直到七天后的黎明。</div></div>"
  },
  "en": {
    "name": "Occultant Abacus",
    "source": "AI",
    "page": 31,
    "rarity": "varies",
    "reqAttune": true,
    "wondrous": true,
    "entries": [
      "Head office grants you the use of a unique item known as an occultant abacus (sometimes just referred to as an occultant), whose beads resemble tiny skulls.",
      {
        "type": "entries",
        "name": "Read the Kill",
        "entries": [
          "Also at rank 1, your occultant abacus not only tracks your franchise's kills, it helps you determine the impact of those kills on the franchise's fate. Over a period of 1 minute, you can study a creature killed by someone in your franchise within the last 24 hours, then grant the character who slew it a {@dice d10}. Once within the next hour, that character can add the {@dice d10} to an attack roll, ability check, or saving throw. If it's not clear who administered the killing blow, you grant this benefit to a random creature involved in the fight. Once you use this feature, you can't use it again until you finish a long rest.",
          {
            "type": "table",
            "colLabels": [
              "d6",
              "Reading"
            ],
            "colStyles": [
              "col-2 text-center",
              "col-10"
            ],
            "rows": [
              [
                "1",
                "Using a tiny bellows to pump one last breath into a corpse."
              ],
              [
                "2",
                "Reading the entrails with special reading-the-entrails glasses."
              ],
              [
                "3",
                "Burning a small piece of the body and looking for shapes in the smoke."
              ],
              [
                "4",
                "A cautious, reasoned, professional guesstimate."
              ],
              [
                "5",
                "Careful measurements. The distance between nostrils. The difference between the index finger and the middle finger. The elasticity of the ear lobe."
              ],
              [
                "6",
                "You take a long, careful look, and then decide based on which fellow franchisee has been nice to you lately."
              ]
            ]
          }
        ]
      },
      {
        "type": "entries",
        "name": "Eldritch Occultant",
        "entries": [
          "Starting at rank 2, your occultant abacus becomes an uncommon magic item that can track lives both eliminated and saved. While holding your occultant abacus within 5 feet of a creature killed within the past 24 hours, you can cast the {@spell augury} spell. The course of action you inquire about with the spell does not need to have any connection to the dead creature. This property of the occultant abacus can't be used again until the next dawn."
        ]
      },
      {
        "type": "entries",
        "name": "Bring Out Your Dead",
        "entries": [
          "Also at rank 2, you regain the use of your Read the Kill feature after you finish a short or long rest."
        ]
      },
      {
        "type": "entries",
        "name": "Bead of Instant Karma",
        "entries": [
          "At rank 3, one of the beads on your occultant abacus channels the power of instant karma, turning the occultant abacus into a rare magic item. As a reaction, you can target one creature you can see that is about to attempt an ability check, attack roll, or saving throw, either granting advantage or imposing disadvantage on the roll. The bead crumbles to dust when used, reappearing on your occultant abacus at the next dawn."
        ]
      },
      {
        "type": "entries",
        "name": "Bead of Diverted Karma",
        "entries": [
          "At rank 4, one of the beads on your occultant abacus allows you to divert karma to where it's needed, turning the occultant abacus into a very rare magic item. While the bead is unused, you know automatically when any creature you can see is about to make an ability check, attack roll, or saving throw with disadvantage. When such a roll is made, you can use a reaction to grant a {@dice d10} to a different creature you can see. That creature can add the {@dice d10} to any ability check, attack roll, or saving throw it makes within the next minute. The bead crumbles to dust when used, reappearing on your occultant abacus at the next dawn."
        ]
      },
      {
        "type": "entries",
        "name": "Correct the Balance",
        "entries": [
          "As a rank 4 occultant, you learn that sometimes the death of a creature has unintended consequences. Within seven days of a creature's death, you can use your occultant abacus to divine ways to reverse or mitigate events resulting from that death. As an action, make a {@dc 15} Intelligence ({@skill Religion}) check. On a success, you learn the relevant information based on the nature of the creature and its place in the world.",
          "If you fail the check, this property of the occultant abacus can't be used again until the next dawn. If you succeed on the check, this property can't be used again until dawn seven days later."
        ]
      }
    ],
    "attachedSpells": {
      "daily": {
        "1e": [
          "augury"
        ]
      }
    },
    "hasFluffImages": true,
    "html": "Head office grants you the use of a unique item known as an occultant abacus (sometimes just referred to as an occultant), whose beads resemble tiny skulls.\n<div class=\"parser-entries\"><div class=\"parser-entries-name\">Read the Kill</div><div class=\"parser-entries-content\">Also at rank 1, your occultant abacus not only tracks your franchise's kills, it helps you determine the impact of those kills on the franchise's fate. Over a period of 1 minute, you can study a creature killed by someone in your franchise within the last 24 hours, then grant the character who slew it a {{@dice|d10}}. Once within the next hour, that character can add the {{@dice|d10}} to an attack roll, ability check, or saving throw. If it's not clear who administered the killing blow, you grant this benefit to a random creature involved in the fight. Once you use this feature, you can't use it again until you finish a long rest.<table class=\"wiki-table\"><tr><th class=\"parser-col-2 text-center\">d6</th><th class=\"parser-col-10\">Reading</th></tr><tr><td class=\"parser-col-2 text-center\">1</td><td class=\"parser-col-10\">Using a tiny bellows to pump one last breath into a corpse.</td></tr><tr><td class=\"parser-col-2 text-center\">2</td><td class=\"parser-col-10\">Reading the entrails with special reading-the-entrails glasses.</td></tr><tr><td class=\"parser-col-2 text-center\">3</td><td class=\"parser-col-10\">Burning a small piece of the body and looking for shapes in the smoke.</td></tr><tr><td class=\"parser-col-2 text-center\">4</td><td class=\"parser-col-10\">A cautious, reasoned, professional guesstimate.</td></tr><tr><td class=\"parser-col-2 text-center\">5</td><td class=\"parser-col-10\">Careful measurements. The distance between nostrils. The difference between the index finger and the middle finger. The elasticity of the ear lobe.</td></tr><tr><td class=\"parser-col-2 text-center\">6</td><td class=\"parser-col-10\">You take a long, careful look, and then decide based on which fellow franchisee has been nice to you lately.</td></tr></table></div></div>\n<div class=\"parser-entries\"><div class=\"parser-entries-name\">Eldritch Occultant</div><div class=\"parser-entries-content\">Starting at rank 2, your occultant abacus becomes an uncommon magic item that can track lives both eliminated and saved. While holding your occultant abacus within 5 feet of a creature killed within the past 24 hours, you can cast the {{@spell|augury}} spell. The course of action you inquire about with the spell does not need to have any connection to the dead creature. This property of the occultant abacus can't be used again until the next dawn.</div></div>\n<div class=\"parser-entries\"><div class=\"parser-entries-name\">Bring Out Your Dead</div><div class=\"parser-entries-content\">Also at rank 2, you regain the use of your Read the Kill feature after you finish a short or long rest.</div></div>\n<div class=\"parser-entries\"><div class=\"parser-entries-name\">Bead of Instant Karma</div><div class=\"parser-entries-content\">At rank 3, one of the beads on your occultant abacus channels the power of instant karma, turning the occultant abacus into a rare magic item. As a reaction, you can target one creature you can see that is about to attempt an ability check, attack roll, or saving throw, either granting advantage or imposing disadvantage on the roll. The bead crumbles to dust when used, reappearing on your occultant abacus at the next dawn.</div></div>\n<div class=\"parser-entries\"><div class=\"parser-entries-name\">Bead of Diverted Karma</div><div class=\"parser-entries-content\">At rank 4, one of the beads on your occultant abacus allows you to divert karma to where it's needed, turning the occultant abacus into a very rare magic item. While the bead is unused, you know automatically when any creature you can see is about to make an ability check, attack roll, or saving throw with disadvantage. When such a roll is made, you can use a reaction to grant a {{@dice|d10}} to a different creature you can see. That creature can add the {{@dice|d10}} to any ability check, attack roll, or saving throw it makes within the next minute. The bead crumbles to dust when used, reappearing on your occultant abacus at the next dawn.</div></div>\n<div class=\"parser-entries\"><div class=\"parser-entries-name\">Correct the Balance</div><div class=\"parser-entries-content\">As a rank 4 occultant, you learn that sometimes the death of a creature has unintended consequences. Within seven days of a creature's death, you can use your occultant abacus to divine ways to reverse or mitigate events resulting from that death. As an action, make a {{@dc|15}} Intelligence ({{@skill|Religion}}) check. On a success, you learn the relevant information based on the nature of the creature and its place in the world.If you fail the check, this property of the occultant abacus can't be used again until the next dawn. If you succeed on the check, this property can't be used again until dawn seven days later.</div></div>"
  },
  "bonus": {}
}