{
  "dataType": "item",
  "uid": "item_Ring of Amity|BGG ",
  "id": "Ring of Amity|BGG",
  "rarity": "very rare",
  "isBaseItem": false,
  "baseItem": "",
  "displayName": {
    "zh": "和睦戒指",
    "en": "Ring of Amity"
  },
  "mainSource": {
    "source": "BGG",
    "page": 115
  },
  "allSources": [
    {
      "source": "BGG",
      "page": 115
    }
  ],
  "zh": {
    "name": "和睦戒指",
    "source": "BGG",
    "page": 115,
    "type": "RG|DMG",
    "rarity": "very rare",
    "reqAttune": true,
    "entries": [
      "这枚用赤铁矿雕刻而成的戒指，其戒面上刻印着友谊符文。",
      "当你首次同调这枚戒指时，你可以接触一个自愿生物，在你与它之间塑造一条魔法联结。联结存在期间，每当你受益于恢复生命值的法术或魔法效应时，受联结的生物也将获得那个法术或魔法效应的相同好处。",
      "你可以在完成一次长休时与另一名自愿生物接触，以此联结一名新的生物。",
      "一个生物同一时间只能受益于一枚和睦戒指的联结。该联结会在你或该生物前往不同位面、你在长休结束时与另一生物进行联结、或你以一个附赠动作主动结束联结时结束。",
      {
        "ENG_name": "Invoking the Rune",
        "name": "激活符文",
        "type": "entries",
        "entries": [
          "当联结生物以一次攻击检定命中一个目标时，如果你此时与联结生物之间的距离不超过60尺，你就可以用你的反应去激活戒指上的符文，使联结生物的那次攻击转变为一次重击。",
          "此符文被激活后，直到下一个黎明它都不能被再激活。"
        ]
      }
    ],
    "ENG_name": "Ring of Amity",
    "html": "这枚用赤铁矿雕刻而成的戒指，其戒面上刻印着友谊符文。\n当你首次同调这枚戒指时，你可以接触一个自愿生物，在你与它之间塑造一条魔法联结。联结存在期间，每当你受益于恢复生命值的法术或魔法效应时，受联结的生物也将获得那个法术或魔法效应的相同好处。\n你可以在完成一次长休时与另一名自愿生物接触，以此联结一名新的生物。\n一个生物同一时间只能受益于一枚和睦戒指的联结。该联结会在你或该生物前往不同位面、你在长休结束时与另一生物进行联结、或你以一个附赠动作主动结束联结时结束。\n<div class=\"parser-entries\"><div class=\"parser-entries-name\">激活符文</div><div class=\"parser-entries-eng-name\">Invoking the Rune</div><div class=\"parser-entries-content\">当联结生物以一次攻击检定命中一个目标时，如果你此时与联结生物之间的距离不超过60尺，你就可以用你的反应去激活戒指上的符文，使联结生物的那次攻击转变为一次重击。此符文被激活后，直到下一个黎明它都不能被再激活。</div></div>"
  },
  "en": {
    "name": "Ring of Amity",
    "source": "BGG",
    "page": 115,
    "type": "RG|DMG",
    "rarity": "very rare",
    "reqAttune": true,
    "entries": [
      "This ring is carved from hematite and bears an engraving of the friend rune.",
      "When you first attune to this ring, you can touch one willing creature and form a magical bond between the two of you. While this bond lasts, whenever you are subjected to a spell or magical effect that restores hit points, the bonded creature also receives the benefits of the spell or effect.",
      "You can bond with a different creature whenever you finish a long rest, provided that you can touch the creature and the creature is willing.",
      "A creature can benefit from only one ring of amity's bond at a time. The bond ends if either you or the creature travels to a different plane of existence, if you bond with a different creature at the end of a long rest, or if you sever the bond as a bonus action.",
      {
        "type": "entries",
        "name": "Invoking the Rune",
        "entries": [
          "When the bonded creature hits a target with an attack roll, you can use your reaction to invoke the ring's rune if you are within 60 feet of the bonded creature. The bonded creature's attack is then turned into a critical hit.",
          "Once the rune has been invoked, it can't be invoked again until the next dawn."
        ]
      }
    ],
    "html": "This ring is carved from hematite and bears an engraving of the friend rune.\nWhen you first attune to this ring, you can touch one willing creature and form a magical bond between the two of you. While this bond lasts, whenever you are subjected to a spell or magical effect that restores hit points, the bonded creature also receives the benefits of the spell or effect.\nYou can bond with a different creature whenever you finish a long rest, provided that you can touch the creature and the creature is willing.\nA creature can benefit from only one ring of amity's bond at a time. The bond ends if either you or the creature travels to a different plane of existence, if you bond with a different creature at the end of a long rest, or if you sever the bond as a bonus action.\n<div class=\"parser-entries\"><div class=\"parser-entries-name\">Invoking the Rune</div><div class=\"parser-entries-content\">When the bonded creature hits a target with an attack roll, you can use your reaction to invoke the ring's rune if you are within 60 feet of the bonded creature. The bonded creature's attack is then turned into a critical hit.Once the rune has been invoked, it can't be invoked again until the next dawn.</div></div>"
  },
  "bonus": {}
}