{
  "dataType": "item",
  "uid": "item_Gloves of Soul Catching|CM ",
  "id": "Gloves of Soul Catching|CM",
  "rarity": "legendary",
  "isBaseItem": false,
  "baseItem": "",
  "displayName": {
    "zh": "缠魂手衣",
    "en": "Gloves of Soul Catching"
  },
  "mainSource": {
    "source": "CM",
    "page": 169
  },
  "allSources": [
    {
      "source": "CM",
      "page": 169
    }
  ],
  "zh": {
    "name": "缠魂手衣",
    "source": "CM",
    "page": 169,
    "rarity": "legendary",
    "reqAttune": true,
    "wondrous": true,
    "ability": {
      "static": {
        "con": 20
      }
    },
    "entries": [
      "当你佩戴这些手套时，你的体质得分是20。如果你的体质已经是20或更高，手套的这个属性对你没有效果。",
      "在戴着这些手套进行徒手攻击并成功击中目标后，你可以使用手套对目标造成额外的{@damage 2d10}力场伤害，并且你恢复等于力场伤害数值的生命值。或者，你不通过这种方式恢复生命值，而是可以选择在你下一个回合结束前进行的一次攻击检定、属性检定或豁免检定上获得优势。"
    ],
    "ENG_name": "Gloves of Soul Catching",
    "html": "当你佩戴这些手套时，你的体质得分是20。如果你的体质已经是20或更高，手套的这个属性对你没有效果。\n在戴着这些手套进行徒手攻击并成功击中目标后，你可以使用手套对目标造成额外的{{@damage|2d10}}力场伤害，并且你恢复等于力场伤害数值的生命值。或者，你不通过这种方式恢复生命值，而是可以选择在你下一个回合结束前进行的一次攻击检定、属性检定或豁免检定上获得优势。"
  },
  "en": {
    "name": "Gloves of Soul Catching",
    "source": "CM",
    "page": 169,
    "rarity": "legendary",
    "reqAttune": true,
    "wondrous": true,
    "ability": {
      "static": {
        "con": 20
      }
    },
    "entries": [
      "Your Constitution score is 20 while you wear these gloves. This property of the gloves has no effect on you if your Constitution is already 20 or higher.",
      "After making a successful unarmed strike while wearing these gloves, you can use the gloves to deal an extra {@damage 2d10} force damage to the target, and you regain a number of hit points equal to the force damage dealt. Alternatively, instead of regaining hit points in this way, you can choose to gain advantage on one attack roll, ability check, or saving throw you make before the end of your next turn."
    ],
    "html": "Your Constitution score is 20 while you wear these gloves. This property of the gloves has no effect on you if your Constitution is already 20 or higher.\nAfter making a successful unarmed strike while wearing these gloves, you can use the gloves to deal an extra {{@damage|2d10}} force damage to the target, and you regain a number of hit points equal to the force damage dealt. Alternatively, instead of regaining hit points in this way, you can choose to gain advantage on one attack roll, ability check, or saving throw you make before the end of your next turn."
  },
  "bonus": {}
}