{
  "dataType": "item",
  "uid": "item_Wraps of Unarmed Prowess|BMT ",
  "id": "Wraps of Unarmed Prowess|BMT",
  "rarity": "uncommon",
  "isBaseItem": false,
  "baseItem": "",
  "items": [
    "+1 神功绑带|BMT",
    "+2 神功绑带|BMT",
    "+3 神功绑带|BMT"
  ],
  "displayName": {
    "zh": "神功绑带",
    "en": "Wraps of Unarmed Prowess"
  },
  "mainSource": {
    "source": "BMT",
    "page": 69
  },
  "allSources": [
    {
      "source": "BMT",
      "page": 69
    },
    {
      "source": "XDMG",
      "page": 0
    },
    {
      "source": "XDMG",
      "page": 325
    }
  ],
  "relatedVersions": [
    "Wraps of Unarmed Power|XDMG"
  ],
  "zh": {
    "name": "神功绑带",
    "source": "BMT",
    "page": 69,
    "reprintedAs": [
      "神威绑带|XDMG"
    ],
    "rarity": "uncommon",
    "wondrous": true,
    "items": [
      "+1 神功绑带|BMT",
      "+2 神功绑带|BMT",
      "+3 神功绑带|BMT"
    ],
    "ENG_name": "Wraps of Unarmed Prowess",
    "entries": [],
    "html": ""
  },
  "en": {
    "name": "Wraps of Unarmed Prowess",
    "source": "BMT",
    "page": 69,
    "reprintedAs": [
      "Wraps of Unarmed Power|XDMG"
    ],
    "rarity": "uncommon",
    "wondrous": true,
    "items": [
      "+1 Wraps of Unarmed Prowess|BMT",
      "+2 Wraps of Unarmed Prowess|BMT",
      "+3 Wraps of Unarmed Prowess|BMT"
    ],
    "entries": [],
    "html": ""
  },
  "bonus": {}
}