{
  "dataType": "item",
  "uid": "item_Wrought-Iron Tower|CoA ",
  "id": "Wrought-Iron Tower|CoA",
  "weight": 2,
  "rarity": "artifact",
  "isBaseItem": false,
  "full": {
    "en": {
      "images": [
        {
          "type": "image",
          "href": {
            "type": "internal",
            "path": "items/CoA/Wrought-Iron Tower.webp"
          },
          "credit": "Aaron Sims"
        }
      ]
    },
    "zh": {
      "images": [
        {
          "type": "image",
          "href": {
            "type": "internal",
            "path": "items/CoA/Wrought-Iron Tower.webp"
          },
          "credit": "Aaron Sims"
        }
      ]
    }
  },
  "baseItem": "warhammer|PHB",
  "displayName": {
    "zh": "铸铁塔",
    "en": "Wrought-Iron Tower"
  },
  "mainSource": {
    "source": "CoA",
    "page": 276
  },
  "allSources": [
    {
      "source": "CoA",
      "page": 276
    }
  ],
  "zh": {
    "name": "铸铁塔",
    "source": "CoA",
    "page": 276,
    "baseItem": "战锤|PHB",
    "type": "M",
    "rarity": "artifact",
    "reqAttune": true,
    "weight": 2,
    "weaponCategory": "军用",
    "property": [
      "V"
    ],
    "dmg1": "1d8",
    "dmgType": "B",
    "dmg2": "1d10",
    "bonusWeapon": "+3",
    "bonusAc": "+2",
    "bonusSavingThrow": "+2",
    "recharge": "拂晓",
    "rechargeAmount": 10,
    "charges": 10,
    "entries": [
      "由与他的塔相同的材料构成，迪斯帕特的铸铁塔是一个强大的武器，标志着他对迪斯的统治。它体现了他的理想，代表防御、权威和力量。它的构造每小时都在变化，与塔类似，看起来像铁、钢、铅或精金。",
      "铸铁塔是一根魔法法杖，功能上作为战锤使用，你对用它进行的攻击和伤害骰有+3的加值。如果一个生物对某种类型的伤害易受伤害，所有用这根法杖造成的伤害都会转换为那种伤害类型。当你用它击中一个善良阵营的生物时，那个生物会额外受到{@damage 3d6}点火焰伤害。",
      "持有这根法杖时，你可以控制并导航穿越迪斯的铁塔。当法杖在迪斯的层面上时，迪斯帕特知道它的确切位置，并且能够随意传送至其30尺范围内。",
      {
        "ENG_name": "Random Properties",
        "name": "随机词条",
        "type": "entries",
        "entries": [
          "铸铁塔具有以下随机属性：",
          {
            "type": "list",
            "items": [
              "2项{@table 神器词条; 次要增益词条|DMG|弱效增益}属性。"
            ]
          }
        ]
      },
      {
        "ENG_name": "The Best Offense",
        "name": "最佳进攻",
        "type": "entries",
        "entries": [
          "当与这根法杖共鸣时，你的AC（护甲等级）获得+2的加值，所有豁免检定也获得+2的加值。",
          "此外，这根法杖有10点充能。当你进行攻击时，你可以消耗1点或更多充能。每消耗1点充能，在成功的攻击上额外造成2点火焰伤害。如果攻击未命中，充能仍然会被消耗。每天黎明时分，法杖会恢复所有充能。",
          "在使用法杖造成伤害后，你可以使用一个附赠动作并消耗1次充能，将造成的伤害替换为你的总AC值。"
        ]
      },
      {
        "ENG_name": "Rulership",
        "name": "统御",
        "type": "entries",
        "entries": [
          "铸铁塔也作为{@item 统御权杖}（统治权杖）的功能，其豁免DC增加至18。使用这个属性需要消耗3个充能，尽管如果生物成功豁免了它的一次使用，那么在未来24小时内对该生物的后续使用将免疫。"
        ]
      },
      {
        "ENG_name": "Slag",
        "name": "炉渣",
        "type": "entries",
        "entries": [
          "你可以对自己施放6级的{@spell 炽焰斩}，消耗1个充能点。灼热打击不造成火焰伤害，而是可以造成强酸伤害。这个法术不需要{@status 专注}，持续时间为1分钟。"
        ]
      },
      {
        "ENG_name": "Destroying the Staff",
        "name": "摧毁法杖",
        "type": "entries",
        "entries": [
          "铸铁塔只能在迪斯的铁塔内被摧毁。塔内的某个地方是迪斯帕特用来创造法杖的锻造炉。一个调谐生物必须将法杖放入锻造炉的火焰中，然后施放{@spell 反制善恶}并触碰法杖。接着他们会承受{@damage 20d10}火焰伤害，该伤害无视抗性和免疫。如果调谐生物在火焰伤害中存活下来，法杖就会被摧毁。"
        ]
      }
    ],
    "attachedSpells": {
      "charges": {
        "1": [
          "炽焰斩#6"
        ]
      }
    },
    "hasFluffImages": true,
    "ENG_name": "Wrought-Iron Tower",
    "html": "由与他的塔相同的材料构成，迪斯帕特的铸铁塔是一个强大的武器，标志着他对迪斯的统治。它体现了他的理想，代表防御、权威和力量。它的构造每小时都在变化，与塔类似，看起来像铁、钢、铅或精金。\n铸铁塔是一根魔法法杖，功能上作为战锤使用，你对用它进行的攻击和伤害骰有+3的加值。如果一个生物对某种类型的伤害易受伤害，所有用这根法杖造成的伤害都会转换为那种伤害类型。当你用它击中一个善良阵营的生物时，那个生物会额外受到{{@damage|3d6}}点火焰伤害。\n持有这根法杖时，你可以控制并导航穿越迪斯的铁塔。当法杖在迪斯的层面上时，迪斯帕特知道它的确切位置，并且能够随意传送至其30尺范围内。\n<div class=\"parser-entries\"><div class=\"parser-entries-name\">随机词条</div><div class=\"parser-entries-eng-name\">Random Properties</div><div class=\"parser-entries-content\">铸铁塔具有以下随机属性：<ul class=\"parser-list parser-list-default\"><li>2项{{@table|神器词条; 次要增益词条|DMG|弱效增益}}属性。</li></ul></div></div>\n<div class=\"parser-entries\"><div class=\"parser-entries-name\">最佳进攻</div><div class=\"parser-entries-eng-name\">The Best Offense</div><div class=\"parser-entries-content\">当与这根法杖共鸣时，你的AC（护甲等级）获得+2的加值，所有豁免检定也获得+2的加值。此外，这根法杖有10点充能。当你进行攻击时，你可以消耗1点或更多充能。每消耗1点充能，在成功的攻击上额外造成2点火焰伤害。如果攻击未命中，充能仍然会被消耗。每天黎明时分，法杖会恢复所有充能。在使用法杖造成伤害后，你可以使用一个附赠动作并消耗1次充能，将造成的伤害替换为你的总AC值。</div></div>\n<div class=\"parser-entries\"><div class=\"parser-entries-name\">统御</div><div class=\"parser-entries-eng-name\">Rulership</div><div class=\"parser-entries-content\">铸铁塔也作为{{@item|统御权杖}}（统治权杖）的功能，其豁免DC增加至18。使用这个属性需要消耗3个充能，尽管如果生物成功豁免了它的一次使用，那么在未来24小时内对该生物的后续使用将免疫。</div></div>\n<div class=\"parser-entries\"><div class=\"parser-entries-name\">炉渣</div><div class=\"parser-entries-eng-name\">Slag</div><div class=\"parser-entries-content\">你可以对自己施放6级的{{@spell|炽焰斩}}，消耗1个充能点。灼热打击不造成火焰伤害，而是可以造成强酸伤害。这个法术不需要{{@status|专注}}，持续时间为1分钟。</div></div>\n<div class=\"parser-entries\"><div class=\"parser-entries-name\">摧毁法杖</div><div class=\"parser-entries-eng-name\">Destroying the Staff</div><div class=\"parser-entries-content\">铸铁塔只能在迪斯的铁塔内被摧毁。塔内的某个地方是迪斯帕特用来创造法杖的锻造炉。一个调谐生物必须将法杖放入锻造炉的火焰中，然后施放{{@spell|反制善恶}}并触碰法杖。接着他们会承受{{@damage|20d10}}火焰伤害，该伤害无视抗性和免疫。如果调谐生物在火焰伤害中存活下来，法杖就会被摧毁。</div></div>"
  },
  "en": {
    "name": "Wrought-Iron Tower",
    "source": "CoA",
    "page": 276,
    "baseItem": "warhammer|PHB",
    "type": "M",
    "rarity": "artifact",
    "reqAttune": true,
    "weight": 2,
    "weaponCategory": "martial",
    "property": [
      "V"
    ],
    "dmg1": "1d8",
    "dmgType": "B",
    "dmg2": "1d10",
    "bonusWeapon": "+3",
    "bonusAc": "+2",
    "bonusSavingThrow": "+2",
    "recharge": "dawn",
    "rechargeAmount": 10,
    "charges": 10,
    "entries": [
      "Constructed from the same materials as his tower, Dispater's Wrought-Iron Tower is a powerful weapon that marks his rule over Dis. It embodies his ideals, representing defense, authority, and power. Its construction changes hourly, similar to the tower, appearing as either iron, steel, lead, or adamantine.",
      "The Wrought-Iron Tower is a magic staff that functions as a warhammer and you have a +3 bonus to attack and damage rolls made with it. If a creature is vulnerable to a certain type of damage, all damage dealt with the staff is converted to that damage type. When you hit a good aligned creature with it, that creature takes an extra {@damage 3d6} fire damage.",
      "While holding the staff, you can control and navigate through the Iron Tower in Dis. While the staff is on the layer of Dis, Dispater knows the exact location of it, and is capable of teleporting to within 30 feet of it at will.",
      {
        "type": "entries",
        "name": "Random Properties",
        "entries": [
          "The Wrought-Iron Tower has the following random properties:",
          {
            "type": "list",
            "items": [
              "2 {@table Artifact Properties; Minor Beneficial Properties|dmg|minor beneficial} properties."
            ]
          }
        ]
      },
      {
        "type": "entries",
        "name": "The Best Offense",
        "entries": [
          "While attuned to the staff, you have a +2 bonus to AC and a +2 bonus to all saving throws.",
          "Additionally, the staff has 10 charges. When you make an attack, you may spend 1 or more charges. For each charge spent, you deal an additional 2 fire damage on a successful attack. Charges are still consumed if the attack misses. The staff regains all charges each day at dawn.",
          "After dealing damage with the staff, you may use a bonus action and expend 1 charge to replace the damage dealt with your total AC instead."
        ]
      },
      {
        "type": "entries",
        "name": "Rulership",
        "entries": [
          "The Wrought-Iron Tower also functions as a {@item Rod of Rulership}, with an increased save DC of 18. This property costs 3 charges to use, though a creature that successfully saves against one of its uses is immune to future uses for 24 hours."
        ]
      },
      {
        "type": "entries",
        "name": "Slag",
        "entries": [
          "You can cast {@spell Searing Smite} at 6th level on yourself, expending 1 charge. Instead of doing fire damage, you may have Searing Smite inflict acid damage. The spell requires no {@status concentration} and lasts for 1 minute."
        ]
      },
      {
        "type": "entries",
        "name": "Destroying the Staff",
        "entries": [
          "The Wrought-Iron Tower can only be destroyed inside the Iron Tower on Dis. Located somewhere within the tower is the forge that Dispater used to create the staff. An attuned creature must place the staff into the forge fires, then cast {@spell Dispel Evil and Good} and touch the staff. They then take {@damage 20d10} fire damage, which ignores resistance and immunities. If the attuned creature survives the fire damage, the staff is destroyed."
        ]
      }
    ],
    "attachedSpells": {
      "charges": {
        "1": [
          "searing smite#6"
        ]
      }
    },
    "hasFluffImages": true,
    "html": "Constructed from the same materials as his tower, Dispater's Wrought-Iron Tower is a powerful weapon that marks his rule over Dis. It embodies his ideals, representing defense, authority, and power. Its construction changes hourly, similar to the tower, appearing as either iron, steel, lead, or adamantine.\nThe Wrought-Iron Tower is a magic staff that functions as a warhammer and you have a +3 bonus to attack and damage rolls made with it. If a creature is vulnerable to a certain type of damage, all damage dealt with the staff is converted to that damage type. When you hit a good aligned creature with it, that creature takes an extra {{@damage|3d6}} fire damage.\nWhile holding the staff, you can control and navigate through the Iron Tower in Dis. While the staff is on the layer of Dis, Dispater knows the exact location of it, and is capable of teleporting to within 30 feet of it at will.\n<div class=\"parser-entries\"><div class=\"parser-entries-name\">Random Properties</div><div class=\"parser-entries-content\">The Wrought-Iron Tower has the following random properties:<ul class=\"parser-list parser-list-default\"><li>2 {{@table|Artifact Properties; Minor Beneficial Properties|dmg|minor beneficial}} properties.</li></ul></div></div>\n<div class=\"parser-entries\"><div class=\"parser-entries-name\">The Best Offense</div><div class=\"parser-entries-content\">While attuned to the staff, you have a +2 bonus to AC and a +2 bonus to all saving throws.Additionally, the staff has 10 charges. When you make an attack, you may spend 1 or more charges. For each charge spent, you deal an additional 2 fire damage on a successful attack. Charges are still consumed if the attack misses. The staff regains all charges each day at dawn.After dealing damage with the staff, you may use a bonus action and expend 1 charge to replace the damage dealt with your total AC instead.</div></div>\n<div class=\"parser-entries\"><div class=\"parser-entries-name\">Rulership</div><div class=\"parser-entries-content\">The Wrought-Iron Tower also functions as a {{@item|Rod of Rulership}}, with an increased save DC of 18. This property costs 3 charges to use, though a creature that successfully saves against one of its uses is immune to future uses for 24 hours.</div></div>\n<div class=\"parser-entries\"><div class=\"parser-entries-name\">Slag</div><div class=\"parser-entries-content\">You can cast {{@spell|Searing Smite}} at 6th level on yourself, expending 1 charge. Instead of doing fire damage, you may have Searing Smite inflict acid damage. The spell requires no {{@status|concentration}} and lasts for 1 minute.</div></div>\n<div class=\"parser-entries\"><div class=\"parser-entries-name\">Destroying the Staff</div><div class=\"parser-entries-content\">The Wrought-Iron Tower can only be destroyed inside the Iron Tower on Dis. Located somewhere within the tower is the forge that Dispater used to create the staff. An attuned creature must place the staff into the forge fires, then cast {{@spell|Dispel Evil and Good}} and touch the staff. They then take {{@damage|20d10}} fire damage, which ignores resistance and immunities. If the attuned creature survives the fire damage, the staff is destroyed.</div></div>"
  },
  "weapon": {
    "category": "martial",
    "weaponCategory": "martial",
    "dmg1": "1d8",
    "dmg2": "1d10",
    "dmgType": "B",
    "dmgs": [
      "1d8",
      "1d10"
    ],
    "property": [
      "V"
    ]
  },
  "charge": {
    "max": 10,
    "rechargeAt": "dawn",
    "rechargeAmount": 10
  },
  "bonus": {
    "weapon": 3,
    "ac": 2,
    "savingThrow": 2
  }
}