{
  "dataType": "item",
  "uid": "item_Animated Shield|DMG ",
  "id": "Animated Shield|DMG",
  "weight": 6,
  "rarity": "very rare",
  "isBaseItem": false,
  "full": {
    "en": {
      "images": [
        {
          "type": "image",
          "href": {
            "type": "internal",
            "path": "items/DMG/Animated Shield.webp"
          }
        }
      ]
    },
    "zh": {
      "images": [
        {
          "type": "image",
          "href": {
            "type": "internal",
            "path": "items/DMG/Animated Shield.webp"
          }
        }
      ]
    }
  },
  "baseItem": "",
  "displayName": {
    "zh": "活化盾",
    "en": "Animated Shield"
  },
  "mainSource": {
    "source": "DMG",
    "page": 151
  },
  "allSources": [
    {
      "source": "DMG",
      "page": 151
    },
    {
      "source": "XDMG",
      "page": 0
    },
    {
      "source": "XDMG",
      "page": 229
    }
  ],
  "relatedVersions": [
    "Animated Shield|XDMG"
  ],
  "zh": {
    "name": "活化盾",
    "source": "DMG",
    "page": 151,
    "srd": true,
    "reprintedAs": [
      "活化盾|XDMG"
    ],
    "type": "S",
    "tier": "主要",
    "rarity": "very rare",
    "reqAttune": true,
    "weight": 6,
    "ac": 2,
    "entries": [
      "持握此盾牌期间，你可以用附赠动作说出其命令语使其活化。盾牌将飞到空中并悬浮在你所占据的空间中保护你，如同你正持用着它一般，且同时解放你的双手。盾牌保持活化1分钟，如果你陷入{@condition 失能}、死亡、或用附赠动作终止其效应时，活化会提前结束。如果活化结束时你有空闲的手手空着，盾牌将落回你手里。否则它会掉落在地上。"
    ],
    "lootTables": [
      "魔法物品表H"
    ],
    "hasFluffImages": true,
    "ENG_name": "Animated Shield",
    "html": "持握此盾牌期间，你可以用附赠动作说出其命令语使其活化。盾牌将飞到空中并悬浮在你所占据的空间中保护你，如同你正持用着它一般，且同时解放你的双手。盾牌保持活化1分钟，如果你陷入{{@condition|失能}}、死亡、或用附赠动作终止其效应时，活化会提前结束。如果活化结束时你有空闲的手手空着，盾牌将落回你手里。否则它会掉落在地上。"
  },
  "en": {
    "name": "Animated Shield",
    "source": "DMG",
    "page": 151,
    "srd": true,
    "reprintedAs": [
      "Animated Shield|XDMG"
    ],
    "type": "S",
    "tier": "major",
    "rarity": "very rare",
    "reqAttune": true,
    "weight": 6,
    "ac": 2,
    "entries": [
      "While holding this shield, you can speak its command word as a bonus action to cause it to animate. The shield leaps into the air and hovers in your space to protect you as if you were wielding it, leaving your hands free. The shield remains animated for 1 minute, until you use a bonus action to end this effect, or until you are {@condition incapacitated} or die, at which point the shield falls to the ground or into your hand if you have one free."
    ],
    "lootTables": [
      "Magic Item Table H"
    ],
    "hasFluffImages": true,
    "html": "While holding this shield, you can speak its command word as a bonus action to cause it to animate. The shield leaps into the air and hovers in your space to protect you as if you were wielding it, leaving your hands free. The shield remains animated for 1 minute, until you use a bonus action to end this effect, or until you are {{@condition|incapacitated}} or die, at which point the shield falls to the ground or into your hand if you have one free."
  },
  "bonus": {}
}