{
  "dataType": "item",
  "uid": "item_Cube of Force|DMG ",
  "id": "Cube of Force|DMG",
  "rarity": "rare",
  "isBaseItem": false,
  "full": {
    "en": {
      "images": [
        {
          "type": "image",
          "href": {
            "type": "internal",
            "path": "items/DMG/Cube of Force.webp"
          }
        }
      ]
    },
    "zh": {
      "images": [
        {
          "type": "image",
          "href": {
            "type": "internal",
            "path": "items/DMG/Cube of Force.webp"
          }
        }
      ]
    }
  },
  "baseItem": "",
  "displayName": {
    "zh": "力场魔方",
    "en": "Cube of Force"
  },
  "mainSource": {
    "source": "DMG",
    "page": 159
  },
  "allSources": [
    {
      "source": "DMG",
      "page": 159
    },
    {
      "source": "XDMG",
      "page": 0
    },
    {
      "source": "XDMG",
      "page": 246
    }
  ],
  "relatedVersions": [
    "Cube of Force|XDMG"
  ],
  "zh": {
    "name": "力场魔方",
    "source": "DMG",
    "page": 159,
    "srd": true,
    "reprintedAs": [
      "力场魔方|XDMG"
    ],
    "tier": "主要",
    "rarity": "rare",
    "reqAttune": true,
    "wondrous": true,
    "recharge": "拂晓",
    "rechargeAmount": "{@dice 1d20}",
    "charges": 36,
    "entries": [
      "这个立方体棱长约1寸，每个面上都有一个可以按压的独特标记。它共有36发充能，每次黎明时会恢复{@dice 1d20}发已消耗的充能次数。",
      "立方体每一面都可以产生不同的效应。你可以用一个动作按下立方体某一面，并消耗如下表所示的充能。如果立方体充能不足，则什么也不会发生。否则，按下后将产生一股{@condition 隐形}力场构成的障壁，形成一个棱长15尺的立方区域。障壁持续1分钟，并以你为中心移动，直至你用一个动作按下立方体的第六个面或立方体耗尽了充能。你可以按下不同的面来改变障壁的效应，但这会消耗相应的充能而其效应的持续时间也将重新开始计算。如果由于你的移动使障壁与不能穿过它的固定物件接触，那么你在障壁持续时间内将无法更加靠近该固定物件。",
      {
        "type": "table",
        "caption": "力场魔方各面效果",
        "colLabels": [
          "面",
          "充能",
          "效应"
        ],
        "colStyles": [
          "col-1 text-center",
          "col-1 text-center",
          "col-10"
        ],
        "rows": [
          [
            "1",
            "1",
            "气体、风和雾无法穿过障壁。"
          ],
          [
            "2",
            "2",
            "非活体物质无法穿过障壁。墙壁、地板和天花板可以按你的决定穿过。"
          ],
          [
            "3",
            "3",
            "活体物质无法穿过障壁。"
          ],
          [
            "4",
            "4",
            "法术效应无法穿过障壁。"
          ],
          [
            "5",
            "5",
            "任何东西都无法穿过障壁。墙壁、地板和天花板可以按你的决定穿过。"
          ],
          [
            "6",
            "0",
            "解除障壁。"
          ]
        ]
      },
      "当障壁成为某些特定法术目标，或是与某些特定法术、魔法物品效应接触时，立方体将失去一部分充能，如下表所示。",
      {
        "type": "table",
        "colLabels": [
          "法术或物品",
          "充能损失"
        ],
        "colStyles": [
          "col-3",
          "col-9"
        ],
        "rows": [
          [
            "{@spell 解离术}",
            "{@dice 1d12}"
          ],
          [
            "{@item 音爆号角}",
            "{@dice 1d10}"
          ],
          [
            "{@spell 穿墙术}",
            "{@dice 1d6}"
          ],
          [
            "{@spell 虹光喷射}",
            "{@dice 1d20}"
          ],
          [
            "{@spell 火墙术}",
            "{@dice 1d4}"
          ]
        ]
      }
    ],
    "lootTables": [
      "魔法物品表G"
    ],
    "hasFluffImages": true,
    "ENG_name": "Cube of Force",
    "html": "这个立方体棱长约1寸，每个面上都有一个可以按压的独特标记。它共有36发充能，每次黎明时会恢复{{@dice|1d20}}发已消耗的充能次数。\n立方体每一面都可以产生不同的效应。你可以用一个动作按下立方体某一面，并消耗如下表所示的充能。如果立方体充能不足，则什么也不会发生。否则，按下后将产生一股{{@condition|隐形}}力场构成的障壁，形成一个棱长15尺的立方区域。障壁持续1分钟，并以你为中心移动，直至你用一个动作按下立方体的第六个面或立方体耗尽了充能。你可以按下不同的面来改变障壁的效应，但这会消耗相应的充能而其效应的持续时间也将重新开始计算。如果由于你的移动使障壁与不能穿过它的固定物件接触，那么你在障壁持续时间内将无法更加靠近该固定物件。\n<table class=\"wiki-table\"><caption>力场魔方各面效果</caption><tr><th class=\"parser-col-1 text-center\">面</th><th class=\"parser-col-1 text-center\">充能</th><th class=\"parser-col-10\">效应</th></tr><tr><td class=\"parser-col-1 text-center\">1</td><td class=\"parser-col-1 text-center\">1</td><td class=\"parser-col-10\">气体、风和雾无法穿过障壁。</td></tr><tr><td class=\"parser-col-1 text-center\">2</td><td class=\"parser-col-1 text-center\">2</td><td class=\"parser-col-10\">非活体物质无法穿过障壁。墙壁、地板和天花板可以按你的决定穿过。</td></tr><tr><td class=\"parser-col-1 text-center\">3</td><td class=\"parser-col-1 text-center\">3</td><td class=\"parser-col-10\">活体物质无法穿过障壁。</td></tr><tr><td class=\"parser-col-1 text-center\">4</td><td class=\"parser-col-1 text-center\">4</td><td class=\"parser-col-10\">法术效应无法穿过障壁。</td></tr><tr><td class=\"parser-col-1 text-center\">5</td><td class=\"parser-col-1 text-center\">5</td><td class=\"parser-col-10\">任何东西都无法穿过障壁。墙壁、地板和天花板可以按你的决定穿过。</td></tr><tr><td class=\"parser-col-1 text-center\">6</td><td class=\"parser-col-1 text-center\">0</td><td class=\"parser-col-10\">解除障壁。</td></tr></table>\n当障壁成为某些特定法术目标，或是与某些特定法术、魔法物品效应接触时，立方体将失去一部分充能，如下表所示。\n<table class=\"wiki-table\"><tr><th class=\"parser-col-3\">法术或物品</th><th class=\"parser-col-9\">充能损失</th></tr><tr><td class=\"parser-col-3\">{{@spell|解离术}}</td><td class=\"parser-col-9\">{{@dice|1d12}}</td></tr><tr><td class=\"parser-col-3\">{{@item|音爆号角}}</td><td class=\"parser-col-9\">{{@dice|1d10}}</td></tr><tr><td class=\"parser-col-3\">{{@spell|穿墙术}}</td><td class=\"parser-col-9\">{{@dice|1d6}}</td></tr><tr><td class=\"parser-col-3\">{{@spell|虹光喷射}}</td><td class=\"parser-col-9\">{{@dice|1d20}}</td></tr><tr><td class=\"parser-col-3\">{{@spell|火墙术}}</td><td class=\"parser-col-9\">{{@dice|1d4}}</td></tr></table>"
  },
  "en": {
    "name": "Cube of Force",
    "source": "DMG",
    "page": 159,
    "srd": true,
    "reprintedAs": [
      "Cube of Force|XDMG"
    ],
    "tier": "major",
    "rarity": "rare",
    "reqAttune": true,
    "wondrous": true,
    "recharge": "dawn",
    "rechargeAmount": "{@dice 1d20}",
    "charges": 36,
    "entries": [
      "This cube is about an inch across. Each face has a distinct marking on it that can be pressed. The cube starts with 36 charges, and it regains {@dice 1d20} expended charges daily at dawn.",
      "You can use an action to press one of the cube's faces, expending a number of charges based on the chosen face, as shown in the Cube of Force Faces table. Each face has a different effect. If the cube has insufficient charges remaining, nothing happens. Otherwise, a barrier of {@condition invisible} force springs into existence, forming a cube 15 feet on a side. The barrier is centered on you, moves with you, and lasts for 1 minute, until you use an action to press the cube's sixth face, or the cube runs out of charges. You can change the barrier's effect by pressing a different face of the cube and expending the requisite number of charges, resetting the duration. If your movement causes the barrier to come into contact with a solid object that can't pass through the cube, you can't move any closer to that object as long as the barrier remains.",
      {
        "type": "table",
        "caption": "Cube of Force Faces",
        "colLabels": [
          "Face",
          "Charges",
          "Effect"
        ],
        "colStyles": [
          "col-1 text-center",
          "col-1 text-center",
          "col-10"
        ],
        "rows": [
          [
            "1",
            "1",
            "Gases, wind, and fog can't pass through the barrier."
          ],
          [
            "2",
            "2",
            "Nonliving matter can't pass through the barrier. Walls, floors, and ceilings can pass through at your discretion."
          ],
          [
            "3",
            "3",
            "Living matter can't pass through the barrier."
          ],
          [
            "4",
            "4",
            "Spell effects can't pass through the barrier."
          ],
          [
            "5",
            "5",
            "Nothing can pass through the barrier. Walls, floors, and ceilings can pass through at your discretion."
          ],
          [
            "6",
            "0",
            "The barrier deactivates."
          ]
        ]
      },
      "The cube loses charges when the barrier is targeted by certain spells or comes into contact with certain spell or magic item effects, as shown in the table below.",
      {
        "type": "table",
        "colLabels": [
          "Spell or item",
          "Charges Lost"
        ],
        "colStyles": [
          "col-3",
          "col-9"
        ],
        "rows": [
          [
            "{@spell Disintegrate}",
            "{@dice 1d12}"
          ],
          [
            "{@item Horn of blasting}",
            "{@dice 1d10}"
          ],
          [
            "{@spell Passwall}",
            "{@dice 1d6}"
          ],
          [
            "{@spell Prismatic spray}",
            "{@dice 1d20}"
          ],
          [
            "{@spell Wall of fire}",
            "{@dice 1d4}"
          ]
        ]
      }
    ],
    "lootTables": [
      "Magic Item Table G"
    ],
    "hasFluffImages": true,
    "html": "This cube is about an inch across. Each face has a distinct marking on it that can be pressed. The cube starts with 36 charges, and it regains {{@dice|1d20}} expended charges daily at dawn.\nYou can use an action to press one of the cube's faces, expending a number of charges based on the chosen face, as shown in the Cube of Force Faces table. Each face has a different effect. If the cube has insufficient charges remaining, nothing happens. Otherwise, a barrier of {{@condition|invisible}} force springs into existence, forming a cube 15 feet on a side. The barrier is centered on you, moves with you, and lasts for 1 minute, until you use an action to press the cube's sixth face, or the cube runs out of charges. You can change the barrier's effect by pressing a different face of the cube and expending the requisite number of charges, resetting the duration. If your movement causes the barrier to come into contact with a solid object that can't pass through the cube, you can't move any closer to that object as long as the barrier remains.\n<table class=\"wiki-table\"><caption>Cube of Force Faces</caption><tr><th class=\"parser-col-1 text-center\">Face</th><th class=\"parser-col-1 text-center\">Charges</th><th class=\"parser-col-10\">Effect</th></tr><tr><td class=\"parser-col-1 text-center\">1</td><td class=\"parser-col-1 text-center\">1</td><td class=\"parser-col-10\">Gases, wind, and fog can't pass through the barrier.</td></tr><tr><td class=\"parser-col-1 text-center\">2</td><td class=\"parser-col-1 text-center\">2</td><td class=\"parser-col-10\">Nonliving matter can't pass through the barrier. Walls, floors, and ceilings can pass through at your discretion.</td></tr><tr><td class=\"parser-col-1 text-center\">3</td><td class=\"parser-col-1 text-center\">3</td><td class=\"parser-col-10\">Living matter can't pass through the barrier.</td></tr><tr><td class=\"parser-col-1 text-center\">4</td><td class=\"parser-col-1 text-center\">4</td><td class=\"parser-col-10\">Spell effects can't pass through the barrier.</td></tr><tr><td class=\"parser-col-1 text-center\">5</td><td class=\"parser-col-1 text-center\">5</td><td class=\"parser-col-10\">Nothing can pass through the barrier. Walls, floors, and ceilings can pass through at your discretion.</td></tr><tr><td class=\"parser-col-1 text-center\">6</td><td class=\"parser-col-1 text-center\">0</td><td class=\"parser-col-10\">The barrier deactivates.</td></tr></table>\nThe cube loses charges when the barrier is targeted by certain spells or comes into contact with certain spell or magic item effects, as shown in the table below.\n<table class=\"wiki-table\"><tr><th class=\"parser-col-3\">Spell or item</th><th class=\"parser-col-9\">Charges Lost</th></tr><tr><td class=\"parser-col-3\">{{@spell|Disintegrate}}</td><td class=\"parser-col-9\">{{@dice|1d12}}</td></tr><tr><td class=\"parser-col-3\">{{@item|Horn of blasting}}</td><td class=\"parser-col-9\">{{@dice|1d10}}</td></tr><tr><td class=\"parser-col-3\">{{@spell|Passwall}}</td><td class=\"parser-col-9\">{{@dice|1d6}}</td></tr><tr><td class=\"parser-col-3\">{{@spell|Prismatic spray}}</td><td class=\"parser-col-9\">{{@dice|1d20}}</td></tr><tr><td class=\"parser-col-3\">{{@spell|Wall of fire}}</td><td class=\"parser-col-9\">{{@dice|1d4}}</td></tr></table>"
  },
  "charge": {
    "max": 36,
    "rechargeAt": "dawn",
    "rechargeAmount": "{@dice 1d20}"
  },
  "bonus": {}
}