{
  "dataType": "item",
  "uid": "item_Gloves of Thievery|DMG ",
  "id": "Gloves of Thievery|DMG",
  "rarity": "uncommon",
  "isBaseItem": false,
  "baseItem": "",
  "displayName": {
    "zh": "窃贼手套",
    "en": "Gloves of Thievery"
  },
  "mainSource": {
    "source": "DMG",
    "page": 172
  },
  "allSources": [
    {
      "source": "DMG",
      "page": 172
    },
    {
      "source": "XDMG",
      "page": 0
    },
    {
      "source": "XDMG",
      "page": 265
    }
  ],
  "relatedVersions": [
    "Gloves of Thievery|XDMG"
  ],
  "zh": {
    "name": "窃贼手套",
    "source": "DMG",
    "page": 172,
    "reprintedAs": [
      "窃贼手套|XDMG"
    ],
    "tier": "主要",
    "rarity": "uncommon",
    "wondrous": true,
    "entries": [
      "这双手套着装到手上后会化为{@condition 隐形}的。着装该手套期间，你进行的敏捷（{@skill 巧手}）检定，以及为开锁进行的敏捷检定均具有+5加值。"
    ],
    "optionalfeatures": [
      "仿制魔法物品|TCE"
    ],
    "lootTables": [
      "魔法物品表F"
    ],
    "ENG_name": "Gloves of Thievery",
    "html": "这双手套着装到手上后会化为{{@condition|隐形}}的。着装该手套期间，你进行的敏捷（{{@skill|巧手}}）检定，以及为开锁进行的敏捷检定均具有+5加值。"
  },
  "en": {
    "name": "Gloves of Thievery",
    "source": "DMG",
    "page": 172,
    "reprintedAs": [
      "Gloves of Thievery|XDMG"
    ],
    "tier": "major",
    "rarity": "uncommon",
    "wondrous": true,
    "entries": [
      "These gloves are {@condition invisible} while worn. While wearing them, you gain a +5 bonus to Dexterity ({@skill Sleight of Hand}) checks and Dexterity checks made to pick locks."
    ],
    "optionalfeatures": [
      "replicate magic item|tce"
    ],
    "lootTables": [
      "Magic Item Table F"
    ],
    "html": "These gloves are {{@condition|invisible}} while worn. While wearing them, you gain a +5 bonus to Dexterity ({{@skill|Sleight of Hand}}) checks and Dexterity checks made to pick locks."
  },
  "bonus": {}
}