{
  "dataType": "item",
  "uid": "item_Antimagic Armor|BMT",
  "id": "Antimagic Armor|BMT",
  "rarity": "very rare",
  "isBaseItem": false,
  "displayName": {
    "zh": "反魔法装甲",
    "en": "Antimagic Armor"
  },
  "mainSource": {
    "source": "BMT",
    "page": 65
  },
  "allSources": [
    {
      "source": "BMT",
      "page": 65
    }
  ],
  "zh": {
    "name": "反魔法装甲",
    "type": "GV|DMG",
    "requires": [
      {
        "type": "LA"
      },
      {
        "type": "MA"
      },
      {
        "type": "HA"
      },
      {
        "type": "LA|XPHB"
      },
      {
        "type": "MA|XPHB"
      },
      {
        "type": "HA|XPHB"
      }
    ],
    "inherits": {
      "namePrefix": "反魔法 ",
      "source": "BMT",
      "page": 65,
      "rarity": "very rare",
      "reqAttune": true,
      "entries": [
        "穿戴这件盔甲时，你可以使用你的反应来使自己在对法术的豁免检定中获得优势。一旦使用了这个特性，直到下一个黎明之前都不能再次使用。",
        "此外，当你穿着这件盔甲时，你可以使用它来施放{@spell 反魔法场}法术，无需任何法术材料。一旦这个属性被使用，直到下一个黎明它才能再次使用。"
      ],
      "attachedSpells": {
        "daily": {
          "1e": [
            "反魔法场"
          ]
        }
      }
    },
    "ENG_name": "Antimagic Armor",
    "entries": [
      "穿戴这件盔甲时，你可以使用你的反应来使自己在对法术的豁免检定中获得优势。一旦使用了这个特性，直到下一个黎明之前都不能再次使用。",
      "此外，当你穿着这件盔甲时，你可以使用它来施放{@spell 反魔法场}法术，无需任何法术材料。一旦这个属性被使用，直到下一个黎明它才能再次使用。"
    ],
    "html": "穿戴这件盔甲时，你可以使用你的反应来使自己在对法术的豁免检定中获得优势。一旦使用了这个特性，直到下一个黎明之前都不能再次使用。\n此外，当你穿着这件盔甲时，你可以使用它来施放{{@spell|反魔法场}}法术，无需任何法术材料。一旦这个属性被使用，直到下一个黎明它才能再次使用。"
  },
  "en": {
    "name": "Antimagic Armor",
    "type": "GV|DMG",
    "requires": [
      {
        "type": "LA"
      },
      {
        "type": "MA"
      },
      {
        "type": "HA"
      },
      {
        "type": "LA|XPHB"
      },
      {
        "type": "MA|XPHB"
      },
      {
        "type": "HA|XPHB"
      }
    ],
    "inherits": {
      "namePrefix": "Antimagic ",
      "source": "BMT",
      "page": 65,
      "rarity": "very rare",
      "reqAttune": true,
      "entries": [
        "While wearing this armor, you can use your reaction to give yourself advantage on a saving throw you make against a spell. Once this property is used, it can't be used again until the next dawn.",
        "In addition, while you wear this armor, you can use it to cast {@spell Antimagic Field}, requiring no spell components. Once this property is used, it can't be used again until the next dawn."
      ],
      "attachedSpells": {
        "daily": {
          "1e": [
            "antimagic field"
          ]
        }
      }
    },
    "entries": [
      "While wearing this armor, you can use your reaction to give yourself advantage on a saving throw you make against a spell. Once this property is used, it can't be used again until the next dawn.",
      "In addition, while you wear this armor, you can use it to cast {@spell Antimagic Field}, requiring no spell components. Once this property is used, it can't be used again until the next dawn."
    ],
    "html": "While wearing this armor, you can use your reaction to give yourself advantage on a saving throw you make against a spell. Once this property is used, it can't be used again until the next dawn.\nIn addition, while you wear this armor, you can use it to cast {{@spell|Antimagic Field}}, requiring no spell components. Once this property is used, it can't be used again until the next dawn."
  }
}