{
  "dataType": "item",
  "uid": "item_Helm of Devil Command|BGDIA ",
  "id": "Helm of Devil Command|BGDIA",
  "rarity": "very rare",
  "isBaseItem": false,
  "full": {
    "en": {
      "images": [
        {
          "type": "image",
          "href": {
            "type": "internal",
            "path": "items/BGDIA/Helm of Devil Command.webp"
          }
        }
      ]
    },
    "zh": {
      "images": [
        {
          "type": "image",
          "href": {
            "type": "internal",
            "path": "items/BGDIA/Helm of Devil Command.webp"
          }
        }
      ]
    }
  },
  "baseItem": "",
  "displayName": {
    "zh": "魔鬼指挥官头盔",
    "en": "Helm of Devil Command"
  },
  "mainSource": {
    "source": "BGDIA",
    "page": 223
  },
  "allSources": [
    {
      "source": "BGDIA",
      "page": 223
    }
  ],
  "zh": {
    "name": "魔鬼指挥官头盔",
    "source": "BGDIA",
    "page": 223,
    "rarity": "very rare",
    "reqAttune": "由能说炼狱语的生物",
    "reqAttuneTags": [
      {
        "languageProficiency": "炼狱语"
      }
    ],
    "wondrous": true,
    "recharge": "特殊",
    "charges": 3,
    "entries": [
      "这个笨重的无眼头盔是为{@creature 深狱炼魔}制作的，但可以神奇地调整大小以适应其他佩戴者的头部。",
      "当你戴上这个头盔时，你可以像没有戴它一样看到外面。此外，你知道所有1000尺范围内的恶魔的确切位置和类型。你可以与范围内的恶魔心灵感应地交流，或者你可以向所有范围内的恶魔广播你的思想。接收你广播思想的恶魔没有特殊方式回复它们。",
      "这个头盔拥有3点充能。作为一个动作，你可以消耗1点充能来施放 {@spell 支配怪物} （豁免 {@dc 21}），此法术仅对魔鬼生效。（如果你以非魔鬼的生物为目标，法术将失败且充能被浪费。）当你在一个魔鬼身上施放此法术时，如果该魔鬼能看到你，它会知道你试图魅惑它。头盔在最后一次充能消耗完24小时后恢复所有充能。",
      "如果你不是魔鬼，在九层地狱中使用头盔的{@spell 支配怪物}属性有{@chance 20}的几率吸引一只{@creature 魇骑魔|MTF}，它将在{@dice 1d4}小时内骑着一只{@creature 梦魇}坐骑到来。纳祖贡会试图夺回头盔，若有必要，它会杀了你以获取头盔。如果它得到了头盔，纳祖贡会尝试将其交给它的地狱主人。"
    ],
    "attachedSpells": {
      "charges": {
        "1": [
          "支配怪物"
        ]
      }
    },
    "hasFluffImages": true,
    "ENG_name": "Helm of Devil Command",
    "html": "这个笨重的无眼头盔是为{{@creature|深狱炼魔}}制作的，但可以神奇地调整大小以适应其他佩戴者的头部。\n当你戴上这个头盔时，你可以像没有戴它一样看到外面。此外，你知道所有1000尺范围内的恶魔的确切位置和类型。你可以与范围内的恶魔心灵感应地交流，或者你可以向所有范围内的恶魔广播你的思想。接收你广播思想的恶魔没有特殊方式回复它们。\n这个头盔拥有3点充能。作为一个动作，你可以消耗1点充能来施放 {{@spell|支配怪物}} （豁免 {{@dc|21}}），此法术仅对魔鬼生效。（如果你以非魔鬼的生物为目标，法术将失败且充能被浪费。）当你在一个魔鬼身上施放此法术时，如果该魔鬼能看到你，它会知道你试图魅惑它。头盔在最后一次充能消耗完24小时后恢复所有充能。\n如果你不是魔鬼，在九层地狱中使用头盔的{{@spell|支配怪物}}属性有{{@chance|20}}的几率吸引一只{{@creature|魇骑魔|MTF}}，它将在{{@dice|1d4}}小时内骑着一只{{@creature|梦魇}}坐骑到来。纳祖贡会试图夺回头盔，若有必要，它会杀了你以获取头盔。如果它得到了头盔，纳祖贡会尝试将其交给它的地狱主人。"
  },
  "en": {
    "name": "Helm of Devil Command",
    "source": "BGDIA",
    "page": 223,
    "rarity": "very rare",
    "reqAttune": "by a creature that can speak Infernal",
    "reqAttuneTags": [
      {
        "languageProficiency": "infernal"
      }
    ],
    "wondrous": true,
    "recharge": "special",
    "charges": 3,
    "entries": [
      "This bulky, eyeless helmet is made for a {@creature pit fiend} but magically resizes to fit the heads of other wearers.",
      "While wearing the helm, you can see out of it as though you weren't wearing it. In addition, you know the exact location and type of all devils within 1,000 feet of you. You can telepathically communicate with a devil within range, or you can broadcast your thoughts to all devils within range. The devils receiving your broadcasted thoughts have no special means of replying to them.",
      "The helm has 3 charges. As an action, you can expend 1 charge to cast {@spell dominate monster} (save {@dc 21}), which affects devils only. (The spell fails and the charge is wasted if you target any creature that's not a devil.) If a devil can see you when you cast this spell on it, the devil knows you tried to charm it. The helm regains all its charges 24 hours after its last charge is expended.",
      "If you are not a devil, using the helm's {@spell dominate monster} property in the Nine Hells has a {@chance 20} chance of attracting a {@creature narzugon|MTF}, which arrives on the back of a {@creature nightmare} mount in {@dice 1d4} hours. The narzugon tries to recover the helm, killing you if necessary to obtain it. If it gets the helm, the narzugon tries to deliver it to its infernal master."
    ],
    "attachedSpells": {
      "charges": {
        "1": [
          "dominate monster"
        ]
      }
    },
    "hasFluffImages": true,
    "html": "This bulky, eyeless helmet is made for a {{@creature|pit fiend}} but magically resizes to fit the heads of other wearers.\nWhile wearing the helm, you can see out of it as though you weren't wearing it. In addition, you know the exact location and type of all devils within 1,000 feet of you. You can telepathically communicate with a devil within range, or you can broadcast your thoughts to all devils within range. The devils receiving your broadcasted thoughts have no special means of replying to them.\nThe helm has 3 charges. As an action, you can expend 1 charge to cast {{@spell|dominate monster}} (save {{@dc|21}}), which affects devils only. (The spell fails and the charge is wasted if you target any creature that's not a devil.) If a devil can see you when you cast this spell on it, the devil knows you tried to charm it. The helm regains all its charges 24 hours after its last charge is expended.\nIf you are not a devil, using the helm's {{@spell|dominate monster}} property in the Nine Hells has a {{@chance|20}} chance of attracting a {{@creature|narzugon|MTF}}, which arrives on the back of a {{@creature|nightmare}} mount in {{@dice|1d4}} hours. The narzugon tries to recover the helm, killing you if necessary to obtain it. If it gets the helm, the narzugon tries to deliver it to its infernal master."
  },
  "charge": {
    "max": 3,
    "rechargeAt": "special"
  },
  "bonus": {}
}