{
  "dataType": "item",
  "uid": "item_Serpent's Fang|CM ",
  "id": "Serpent's Fang|CM",
  "weight": 3,
  "rarity": "rare",
  "isBaseItem": false,
  "baseItem": "longsword|PHB",
  "displayName": {
    "zh": "蛇牙剑",
    "en": "Serpent's Fang"
  },
  "mainSource": {
    "source": "CM",
    "page": 98
  },
  "allSources": [
    {
      "source": "CM",
      "page": 98
    }
  ],
  "zh": {
    "name": "蛇牙剑",
    "source": "CM",
    "page": 98,
    "baseItem": "长剑|PHB",
    "type": "M",
    "rarity": "rare",
    "weight": 3,
    "weaponCategory": "军用",
    "property": [
      "V"
    ],
    "dmg1": "1d8",
    "dmgType": "S",
    "dmg2": "1d10",
    "entries": [
      "这把单刃魔法剑是由一只巨蛇的雕刻牙齿制成的。它的剑柄会改变形状以适应任何拿起它的生物的握持。这个武器对任何被它击中的目標造成额外的{@damage 1d10}点毒素伤害。"
    ],
    "ENG_name": "Serpent's Fang",
    "html": "这把单刃魔法剑是由一只巨蛇的雕刻牙齿制成的。它的剑柄会改变形状以适应任何拿起它的生物的握持。这个武器对任何被它击中的目標造成额外的{{@damage|1d10}}点毒素伤害。"
  },
  "en": {
    "name": "Serpent's Fang",
    "source": "CM",
    "page": 98,
    "baseItem": "longsword|PHB",
    "type": "M",
    "rarity": "rare",
    "weight": 3,
    "weaponCategory": "martial",
    "property": [
      "V"
    ],
    "dmg1": "1d8",
    "dmgType": "S",
    "dmg2": "1d10",
    "entries": [
      "This single-edged magic sword is made from the scrimshawed fang of a giant serpent. Its hilt changes shape to adjust to the grasp of any creature that picks it up. The weapon deals an extra {@damage 1d10} poison damage to any target it hits."
    ],
    "html": "This single-edged magic sword is made from the scrimshawed fang of a giant serpent. Its hilt changes shape to adjust to the grasp of any creature that picks it up. The weapon deals an extra {{@damage|1d10}} poison damage to any target it hits."
  },
  "weapon": {
    "category": "martial",
    "weaponCategory": "martial",
    "dmg1": "1d8",
    "dmg2": "1d10",
    "dmgType": "S",
    "dmgs": [
      "1d8",
      "1d10"
    ],
    "property": [
      "V"
    ]
  },
  "bonus": {}
}