{
  "dataType": "item",
  "uid": "item_Elven Chain|DMG ",
  "id": "Elven Chain|DMG",
  "weight": 20,
  "rarity": "rare",
  "isBaseItem": false,
  "full": {
    "en": {
      "images": [
        {
          "type": "image",
          "href": {
            "type": "internal",
            "path": "items/DMG/Elven Chain.webp"
          }
        }
      ]
    },
    "zh": {
      "images": [
        {
          "type": "image",
          "href": {
            "type": "internal",
            "path": "items/DMG/Elven Chain.webp"
          }
        }
      ]
    }
  },
  "baseItem": "",
  "displayName": {
    "zh": "精灵链甲",
    "en": "Elven Chain"
  },
  "mainSource": {
    "source": "DMG",
    "page": 168
  },
  "allSources": [
    {
      "source": "DMG",
      "page": 168
    },
    {
      "source": "XDMG",
      "page": 0
    }
  ],
  "relatedVersions": [
    "Elven Chain|XDMG"
  ],
  "zh": {
    "name": "精灵链甲",
    "source": "DMG",
    "page": 168,
    "srd": true,
    "reprintedAs": [
      {
        "uid": "精灵链甲|XDMG",
        "tag": "item"
      }
    ],
    "type": "MA",
    "tier": "主要",
    "rarity": "rare",
    "weight": 20,
    "ac": 13,
    "grantsProficiency": true,
    "bonusAc": "+1",
    "entries": [
      "着装该护甲期间，你的AC获得+1加值。即使没有中型护甲的熟练项，你依然视为拥有该护甲的熟练项。"
    ],
    "lootTables": [
      "魔法物品表G"
    ],
    "hasFluffImages": true,
    "ENG_name": "Elven Chain",
    "html": "着装该护甲期间，你的AC获得+1加值。即使没有中型护甲的熟练项，你依然视为拥有该护甲的熟练项。"
  },
  "en": {
    "name": "Elven Chain",
    "source": "DMG",
    "page": 168,
    "srd": true,
    "reprintedAs": [
      {
        "uid": "Elven Chain|XDMG",
        "tag": "item"
      }
    ],
    "type": "MA",
    "tier": "major",
    "rarity": "rare",
    "weight": 20,
    "ac": 13,
    "grantsProficiency": true,
    "bonusAc": "+1",
    "entries": [
      "You gain a +1 bonus to AC while you wear this armor. You are considered proficient with this armor even if you lack proficiency with medium armor."
    ],
    "lootTables": [
      "Magic Item Table G"
    ],
    "hasFluffImages": true,
    "html": "You gain a +1 bonus to AC while you wear this armor. You are considered proficient with this armor even if you lack proficiency with medium armor."
  },
  "bonus": {
    "ac": 1
  }
}