{
  "dataType": "item",
  "uid": "item_Elemental Gem, Yellow Diamond|DMG ",
  "id": "Elemental Gem, Yellow Diamond|DMG",
  "rarity": "uncommon",
  "isBaseItem": false,
  "baseItem": "",
  "displayName": {
    "zh": "元素宝石，黄钻石",
    "en": "Elemental Gem, Yellow Diamond"
  },
  "mainSource": {
    "source": "DMG",
    "page": 167
  },
  "allSources": [
    {
      "source": "DMG",
      "page": 167
    },
    {
      "source": "XDMG",
      "page": 0
    },
    {
      "source": "XDMG",
      "page": 257
    }
  ],
  "relatedVersions": [
    "Elemental Gem, Yellow Diamond|XDMG"
  ],
  "zh": {
    "name": "元素宝石，黄钻石",
    "source": "DMG",
    "page": 167,
    "srd": true,
    "reprintedAs": [
      "元素宝石，黄钻石|XDMG"
    ],
    "tier": "次要",
    "rarity": "uncommon",
    "wondrous": true,
    "entries": [
      "这种宝石蕴藏着一丝元素能量。当你用一个动作打碎宝石时，会召唤出一只{@creature 土元素}，其效应如同你施放了{@spell 元素咒唤术}法术，而宝石的魔力也将消失。"
    ],
    "attachedSpells": {
      "limited": {
        "1": [
          "元素咒唤术"
        ]
      }
    },
    "ENG_name": "Elemental Gem, Yellow Diamond",
    "html": "这种宝石蕴藏着一丝元素能量。当你用一个动作打碎宝石时，会召唤出一只{{@creature|土元素}}，其效应如同你施放了{{@spell|元素咒唤术}}法术，而宝石的魔力也将消失。"
  },
  "en": {
    "name": "Elemental Gem, Yellow Diamond",
    "source": "DMG",
    "page": 167,
    "srd": true,
    "reprintedAs": [
      "Elemental Gem, Yellow Diamond|XDMG"
    ],
    "tier": "minor",
    "rarity": "uncommon",
    "wondrous": true,
    "entries": [
      "This gem contains a mote of elemental energy. When you use an action to break the gem, an {@creature earth elemental} is summoned as if you had cast the {@spell conjure elemental} spell, and the gem's magic is lost."
    ],
    "attachedSpells": {
      "limited": {
        "1": [
          "conjure elemental"
        ]
      }
    },
    "html": "This gem contains a mote of elemental energy. When you use an action to break the gem, an {{@creature|earth elemental}} is summoned as if you had cast the {{@spell|conjure elemental}} spell, and the gem's magic is lost."
  },
  "bonus": {}
}