{
  "dataType": "item",
  "uid": "item_Eyes of the Eagle|DMG ",
  "id": "Eyes of the Eagle|DMG",
  "rarity": "uncommon",
  "isBaseItem": false,
  "full": {
    "en": {
      "images": [
        {
          "type": "image",
          "href": {
            "type": "internal",
            "path": "items/DMG/Eyes of the Eagle.webp"
          }
        }
      ]
    },
    "zh": {
      "images": [
        {
          "type": "image",
          "href": {
            "type": "internal",
            "path": "items/DMG/Eyes of the Eagle.webp"
          }
        }
      ]
    }
  },
  "baseItem": "",
  "displayName": {
    "zh": "鹰眼镜片",
    "en": "Eyes of the Eagle"
  },
  "mainSource": {
    "source": "DMG",
    "page": 168
  },
  "allSources": [
    {
      "source": "DMG",
      "page": 168
    },
    {
      "source": "XDMG",
      "page": 0
    },
    {
      "source": "XDMG",
      "page": 261
    }
  ],
  "relatedVersions": [
    "Eyes of the Eagle|XDMG"
  ],
  "zh": {
    "name": "鹰眼镜片",
    "source": "DMG",
    "page": 168,
    "srd": true,
    "reprintedAs": [
      "鹰眼镜片|XDMG"
    ],
    "tier": "主要",
    "rarity": "uncommon",
    "reqAttune": true,
    "wondrous": true,
    "entries": [
      "这种水晶镜片可以着装到眼睛上。佩戴该镜片期间，你依赖视力进行的感知（{@skill 察觉}）检定具有优势。在视野清晰的情况下，你可以在很远的地方看清小至2尺的生物或物件的细节。"
    ],
    "optionalfeatures": [
      "仿制魔法物品|TCE"
    ],
    "lootTables": [
      "魔法物品表F"
    ],
    "hasFluffImages": true,
    "ENG_name": "Eyes of the Eagle",
    "html": "这种水晶镜片可以着装到眼睛上。佩戴该镜片期间，你依赖视力进行的感知（{{@skill|察觉}}）检定具有优势。在视野清晰的情况下，你可以在很远的地方看清小至2尺的生物或物件的细节。"
  },
  "en": {
    "name": "Eyes of the Eagle",
    "source": "DMG",
    "page": 168,
    "srd": true,
    "reprintedAs": [
      "Eyes of the Eagle|XDMG"
    ],
    "tier": "major",
    "rarity": "uncommon",
    "reqAttune": true,
    "wondrous": true,
    "entries": [
      "These crystal lenses fit over the eyes. While wearing them, you have advantage on Wisdom ({@skill Perception}) checks that rely on sight. In conditions of clear visibility, you can make out details of even extremely distant creatures and objects as small as 2 feet across."
    ],
    "optionalfeatures": [
      "replicate magic item|tce"
    ],
    "lootTables": [
      "Magic Item Table F"
    ],
    "hasFluffImages": true,
    "html": "These crystal lenses fit over the eyes. While wearing them, you have advantage on Wisdom ({{@skill|Perception}}) checks that rely on sight. In conditions of clear visibility, you can make out details of even extremely distant creatures and objects as small as 2 feet across."
  },
  "bonus": {}
}