{
  "dataType": "item",
  "uid": "item_Sword of Retribution|CoA",
  "id": "Sword of Retribution|CoA",
  "rarity": "very rare",
  "isBaseItem": false,
  "displayName": {
    "zh": "复仇之剑",
    "en": "Sword of Retribution"
  },
  "mainSource": {
    "source": "CoA",
    "page": 270
  },
  "allSources": [
    {
      "source": "CoA",
      "page": 270
    }
  ],
  "zh": {
    "name": "复仇之剑",
    "type": "GV|DMG",
    "requires": [
      {
        "sword": true
      }
    ],
    "inherits": {
      "nameSuffix": "复仇",
      "source": "CoA",
      "page": 270,
      "rarity": "very rare",
      "reqAttune": true,
      "curse": true,
      "bonusWeapon": "+3",
      "entries": [
        "使用这把剑进行攻击和伤害检定时，你获得{=bonusWeapon}的加值。由这把武器造成的伤害失去的生命值只能通过短休或长休来恢复，而不能通过再生、魔法或任何其他方式恢复。",
        {
          "ENG_name": "Curse",
          "name": "诅咒",
          "type": "entries",
          "entries": [
            "在与这把武器共鸣时，你不愿意与它分离。在与这把武器共鸣时，使用除这把武器之外的其他武器进行攻击骰时，你也会处于劣势。",
            "剑上附有复仇之魂，它会与持剑者分享它的历史和复仇的欲望。每次成功长休息后，你会梦到这个灵魂的过去，直至它的死亡。当你醒来时，你必须进行一次 {@dc 11} 体质豁免检定。豁免失败时，你只能获得短休息的效果。只有 {@spell 移除诅咒} 法术能让你结束与这件物品的共鸣。"
          ]
        },
        {
          "ENG_name": "Corrupting",
          "name": "腐蚀",
          "type": "entries",
          "entries": [
            "这个物品具有腐蚀性。详见\"{@adventure 地狱物品腐化|CoA|16|地狱物品腐化}\"部分。"
          ]
        }
      ]
    },
    "ENG_name": "Sword of Retribution",
    "entries": [
      "使用这把剑进行攻击和伤害检定时，你获得{=bonusWeapon}的加值。由这把武器造成的伤害失去的生命值只能通过短休或长休来恢复，而不能通过再生、魔法或任何其他方式恢复。",
      {
        "ENG_name": "Curse",
        "name": "诅咒",
        "type": "entries",
        "entries": [
          "在与这把武器共鸣时，你不愿意与它分离。在与这把武器共鸣时，使用除这把武器之外的其他武器进行攻击骰时，你也会处于劣势。",
          "剑上附有复仇之魂，它会与持剑者分享它的历史和复仇的欲望。每次成功长休息后，你会梦到这个灵魂的过去，直至它的死亡。当你醒来时，你必须进行一次 {@dc 11} 体质豁免检定。豁免失败时，你只能获得短休息的效果。只有 {@spell 移除诅咒} 法术能让你结束与这件物品的共鸣。"
        ]
      },
      {
        "ENG_name": "Corrupting",
        "name": "腐蚀",
        "type": "entries",
        "entries": [
          "这个物品具有腐蚀性。详见\"{@adventure 地狱物品腐化|CoA|16|地狱物品腐化}\"部分。"
        ]
      }
    ],
    "html": "使用这把剑进行攻击和伤害检定时，你获得{=bonusWeapon}的加值。由这把武器造成的伤害失去的生命值只能通过短休或长休来恢复，而不能通过再生、魔法或任何其他方式恢复。\n<div class=\"parser-entries\"><div class=\"parser-entries-name\">诅咒</div><div class=\"parser-entries-eng-name\">Curse</div><div class=\"parser-entries-content\">在与这把武器共鸣时，你不愿意与它分离。在与这把武器共鸣时，使用除这把武器之外的其他武器进行攻击骰时，你也会处于劣势。剑上附有复仇之魂，它会与持剑者分享它的历史和复仇的欲望。每次成功长休息后，你会梦到这个灵魂的过去，直至它的死亡。当你醒来时，你必须进行一次 {{@dc|11}} 体质豁免检定。豁免失败时，你只能获得短休息的效果。只有 {{@spell|移除诅咒}} 法术能让你结束与这件物品的共鸣。</div></div>\n<div class=\"parser-entries\"><div class=\"parser-entries-name\">腐蚀</div><div class=\"parser-entries-eng-name\">Corrupting</div><div class=\"parser-entries-content\">这个物品具有腐蚀性。详见\"{{@adventure|地狱物品腐化|CoA|16|地狱物品腐化}}\"部分。</div></div>"
  },
  "en": {
    "name": "Sword of Retribution",
    "type": "GV|DMG",
    "requires": [
      {
        "sword": true
      }
    ],
    "inherits": {
      "nameSuffix": " of Retribution",
      "source": "CoA",
      "page": 270,
      "rarity": "very rare",
      "reqAttune": true,
      "curse": true,
      "bonusWeapon": "+3",
      "entries": [
        "You gain a {=bonusWeapon} bonus to attack and damage rolls made with this sword. Hit points lost to this weapon's damage can be regained only through a short or long rest, rather than by regeneration, magic, or any other means.",
        {
          "type": "entries",
          "name": "Curse",
          "entries": [
            "You're unwilling to part with this weapon while attuned to it. While attuned to this weapon, you also have disadvantage on attack rolls made with weapons other than this one.",
            "The vengeful spirit possessing the sword shares its history and lust for vengeance with the wielder. After each successful long rest, you experience nightmares of the spirit's past, culminating in its death. When you wake, you must make a {@dc 11} Constitution saving throw. On a failed save, you only gain the benefits of a short rest. Only the {@spell Remove Curse} spell allows you to end attunement to this item."
          ]
        },
        {
          "type": "entries",
          "name": "Corrupting",
          "entries": [
            "This item corrupts. See the \"{@adventure Infernal Item Corruption|CoA|16|Infernal Item Corruption}\" section."
          ]
        }
      ]
    },
    "entries": [
      "You gain a {=bonusWeapon} bonus to attack and damage rolls made with this sword. Hit points lost to this weapon's damage can be regained only through a short or long rest, rather than by regeneration, magic, or any other means.",
      {
        "type": "entries",
        "name": "Curse",
        "entries": [
          "You're unwilling to part with this weapon while attuned to it. While attuned to this weapon, you also have disadvantage on attack rolls made with weapons other than this one.",
          "The vengeful spirit possessing the sword shares its history and lust for vengeance with the wielder. After each successful long rest, you experience nightmares of the spirit's past, culminating in its death. When you wake, you must make a {@dc 11} Constitution saving throw. On a failed save, you only gain the benefits of a short rest. Only the {@spell Remove Curse} spell allows you to end attunement to this item."
        ]
      },
      {
        "type": "entries",
        "name": "Corrupting",
        "entries": [
          "This item corrupts. See the \"{@adventure Infernal Item Corruption|CoA|16|Infernal Item Corruption}\" section."
        ]
      }
    ],
    "html": "You gain a {=bonusWeapon} bonus to attack and damage rolls made with this sword. Hit points lost to this weapon's damage can be regained only through a short or long rest, rather than by regeneration, magic, or any other means.\n<div class=\"parser-entries\"><div class=\"parser-entries-name\">Curse</div><div class=\"parser-entries-content\">You're unwilling to part with this weapon while attuned to it. While attuned to this weapon, you also have disadvantage on attack rolls made with weapons other than this one.The vengeful spirit possessing the sword shares its history and lust for vengeance with the wielder. After each successful long rest, you experience nightmares of the spirit's past, culminating in its death. When you wake, you must make a {{@dc|11}} Constitution saving throw. On a failed save, you only gain the benefits of a short rest. Only the {{@spell|Remove Curse}} spell allows you to end attunement to this item.</div></div>\n<div class=\"parser-entries\"><div class=\"parser-entries-name\">Corrupting</div><div class=\"parser-entries-content\">This item corrupts. See the \"{{@adventure|Infernal Item Corruption|CoA|16|Infernal Item Corruption}}\" section.</div></div>"
  }
}