{
  "dataType": "item",
  "uid": "item_Donjon's Sundering Sphere|BMT ",
  "id": "Donjon's Sundering Sphere|BMT",
  "rarity": "rare",
  "isBaseItem": false,
  "baseItem": "",
  "displayName": {
    "zh": "城堡之裂界珠",
    "en": "Donjon's Sundering Sphere"
  },
  "mainSource": {
    "source": "BMT",
    "page": 35
  },
  "allSources": [
    {
      "source": "BMT",
      "page": 35
    }
  ],
  "zh": {
    "name": "城堡之裂界珠",
    "source": "BMT",
    "page": 35,
    "rarity": "rare",
    "reqAttune": true,
    "wondrous": true,
    "bonusWeapon": "+1",
    "entries": [
      "这颗弹珠大小的水晶球散发着异界能量光芒。",
      "作为同调该物品的一部分，你将水晶球按压到你选择的非魔法近战武器的刀柄上，将水晶球魔法性地固定在武器上。该武器成为攻击检定和伤害掷骰有+1加值的魔法武器。持握此武器期间，你可以获得以下好处：",
      {
        "type": "list",
        "style": "list-hang-notitle",
        "items": [
          {
            "ENG_name": "Dimensional Anchor",
            "name": "次元锚",
            "type": "item",
            "entries": [
              "你在对抗将你非自愿传送到异次元空间、半位面或另一个存在位面的法术或效应的豁免检定时具有优势。"
            ]
          },
          {
            "ENG_name": "Isolating Smite",
            "name": "隔离斩",
            "type": "item",
            "entries": [
              "当你用此武器命中一个生物时，你可以迫使该生物进行一次{@dc 16}的魅力豁免检定。若豁免失败，该生物将被放逐到一个无害的半位面直到其下一回合结束。当被放逐的生物返回时，其重新出现在被放逐前的空间或最近的未被占据空间如果该空间被占据。此项属性一经使用，直到下次黎明前不能再次使用。"
            ]
          }
        ]
      },
      "当你结束对球体的同调时，球体会无害地与武器分离，而武器则恢复为非魔法装备碎片。"
    ],
    "ENG_name": "Donjon's Sundering Sphere",
    "html": "这颗弹珠大小的水晶球散发着异界能量光芒。\n作为同调该物品的一部分，你将水晶球按压到你选择的非魔法近战武器的刀柄上，将水晶球魔法性地固定在武器上。该武器成为攻击检定和伤害掷骰有+1加值的魔法武器。持握此武器期间，你可以获得以下好处：\n<ul class=\"parser-list parser-list-list-hang-notitle\"><li class=\"parser-list-item\"><span class=\"parser-list-item-name\">次元锚</span><span class=\"parser-list-item-eng-name\">Dimensional Anchor</span><div class=\"parser-list-item-entries\">你在对抗将你非自愿传送到异次元空间、半位面或另一个存在位面的法术或效应的豁免检定时具有优势。</div></li><li class=\"parser-list-item\"><span class=\"parser-list-item-name\">隔离斩</span><span class=\"parser-list-item-eng-name\">Isolating Smite</span><div class=\"parser-list-item-entries\">当你用此武器命中一个生物时，你可以迫使该生物进行一次{{@dc|16}}的魅力豁免检定。若豁免失败，该生物将被放逐到一个无害的半位面直到其下一回合结束。当被放逐的生物返回时，其重新出现在被放逐前的空间或最近的未被占据空间如果该空间被占据。此项属性一经使用，直到下次黎明前不能再次使用。</div></li></ul>\n当你结束对球体的同调时，球体会无害地与武器分离，而武器则恢复为非魔法装备碎片。"
  },
  "en": {
    "name": "Donjon's Sundering Sphere",
    "source": "BMT",
    "page": 35,
    "rarity": "rare",
    "reqAttune": true,
    "wondrous": true,
    "bonusWeapon": "+1",
    "entries": [
      "This marble-size crystal sphere glows with extraplanar energy.",
      "As part of attuning to this item, you press the crystal sphere to the hilt of a nonmagical melee weapon of your choice, magically attaching the sphere to the weapon. The weapon becomes a magic weapon with a +1 bonus to attack and damage rolls. While wielding this weapon, you gain the following benefits:",
      {
        "type": "list",
        "style": "list-hang-notitle",
        "items": [
          {
            "type": "item",
            "name": "Dimensional Anchor",
            "entries": [
              "You have advantage on saving throws against spells or effects that would send you to an extradimensional space, a demiplane, or another plane of existence against your will."
            ]
          },
          {
            "type": "item",
            "name": "Isolating Smite",
            "entries": [
              "When you hit a creature with this weapon, you can force the creature to make a {@dc 16} Charisma saving throw. On a failed save, the creature is banished to a harmless demiplane until the end of its next turn. When the banished creature returns, it reappears in the space it left or the nearest unoccupied space if that space is occupied. Once this property is used, it can't be used again until the next dawn."
            ]
          }
        ]
      },
      "When you end your attunement to the sphere, the sphere harmlessly detaches from the weapon, and the weapon reverts to a nonmagical piece of equipment."
    ],
    "html": "This marble-size crystal sphere glows with extraplanar energy.\nAs part of attuning to this item, you press the crystal sphere to the hilt of a nonmagical melee weapon of your choice, magically attaching the sphere to the weapon. The weapon becomes a magic weapon with a +1 bonus to attack and damage rolls. While wielding this weapon, you gain the following benefits:\n<ul class=\"parser-list parser-list-list-hang-notitle\"><li class=\"parser-list-item\"><span class=\"parser-list-item-name\">Dimensional Anchor</span><div class=\"parser-list-item-entries\">You have advantage on saving throws against spells or effects that would send you to an extradimensional space, a demiplane, or another plane of existence against your will.</div></li><li class=\"parser-list-item\"><span class=\"parser-list-item-name\">Isolating Smite</span><div class=\"parser-list-item-entries\">When you hit a creature with this weapon, you can force the creature to make a {{@dc|16}} Charisma saving throw. On a failed save, the creature is banished to a harmless demiplane until the end of its next turn. When the banished creature returns, it reappears in the space it left or the nearest unoccupied space if that space is occupied. Once this property is used, it can't be used again until the next dawn.</div></li></ul>\nWhen you end your attunement to the sphere, the sphere harmlessly detaches from the weapon, and the weapon reverts to a nonmagical piece of equipment."
  },
  "bonus": {
    "weapon": 1
  }
}