{
  "dataType": "item",
  "uid": "item_Elemental Gem, Red Corundum|DMG ",
  "id": "Elemental Gem, Red Corundum|DMG",
  "rarity": "uncommon",
  "isBaseItem": false,
  "baseItem": "",
  "displayName": {
    "zh": "元素宝石，红刚玉",
    "en": "Elemental Gem, Red Corundum"
  },
  "mainSource": {
    "source": "DMG",
    "page": 167
  },
  "allSources": [
    {
      "source": "DMG",
      "page": 167
    },
    {
      "source": "XDMG",
      "page": 0
    },
    {
      "source": "XDMG",
      "page": 257
    }
  ],
  "relatedVersions": [
    "Elemental Gem, Red Corundum|XDMG"
  ],
  "zh": {
    "name": "元素宝石，红刚玉",
    "source": "DMG",
    "page": 167,
    "srd": true,
    "reprintedAs": [
      "元素宝石，红刚玉|XDMG"
    ],
    "tier": "次要",
    "rarity": "uncommon",
    "wondrous": true,
    "entries": [
      "这种宝石蕴藏着元素的能量。当你用一个动作打碎宝石时，会召唤出一个{@creature 火元素}，如同你施放了{@spell 元素咒唤术}法术一样，宝石的魔力也将消失。"
    ],
    "attachedSpells": {
      "limited": {
        "1": [
          "元素咒唤术"
        ]
      }
    },
    "ENG_name": "Elemental Gem, Red Corundum",
    "html": "这种宝石蕴藏着元素的能量。当你用一个动作打碎宝石时，会召唤出一个{{@creature|火元素}}，如同你施放了{{@spell|元素咒唤术}}法术一样，宝石的魔力也将消失。"
  },
  "en": {
    "name": "Elemental Gem, Red Corundum",
    "source": "DMG",
    "page": 167,
    "srd": true,
    "reprintedAs": [
      "Elemental Gem, Red Corundum|XDMG"
    ],
    "tier": "minor",
    "rarity": "uncommon",
    "wondrous": true,
    "entries": [
      "This gem contains a mote of elemental energy. When you use an action to break the gem, a {@creature fire elemental} is summoned as if you had cast the {@spell conjure elemental} spell, and the gem's magic is lost."
    ],
    "attachedSpells": {
      "limited": {
        "1": [
          "conjure elemental"
        ]
      }
    },
    "html": "This gem contains a mote of elemental energy. When you use an action to break the gem, a {{@creature|fire elemental}} is summoned as if you had cast the {{@spell|conjure elemental}} spell, and the gem's magic is lost."
  },
  "bonus": {}
}