{
  "dataType": "item",
  "uid": "item_Blood Spear|CoS ",
  "id": "Blood Spear|CoS",
  "weight": 3,
  "rarity": "uncommon",
  "isBaseItem": false,
  "full": {
    "en": {
      "images": [
        {
          "type": "image",
          "href": {
            "type": "internal",
            "path": "items/CoS/Blood Spear.webp"
          }
        }
      ]
    },
    "zh": {
      "images": [
        {
          "type": "image",
          "href": {
            "type": "internal",
            "path": "items/CoS/Blood Spear.webp"
          }
        }
      ]
    }
  },
  "baseItem": "spear|phb",
  "displayName": {
    "zh": "血矛",
    "en": "Blood Spear"
  },
  "mainSource": {
    "source": "CoS",
    "page": 221
  },
  "allSources": [
    {
      "source": "CoS",
      "page": 221
    }
  ],
  "zh": {
    "name": "血矛",
    "source": "CoS",
    "page": 221,
    "baseItem": "矛|PHB",
    "type": "M",
    "rarity": "uncommon",
    "reqAttune": true,
    "weight": 3,
    "weaponCategory": "简易",
    "property": [
      "T",
      "V"
    ],
    "range": "20/60",
    "dmg1": "1d6",
    "dmgType": "P",
    "dmg2": "1d8",
    "bonusWeapon": "+2",
    "entries": [
      "卡万是一位无情的酋长，他的部落在{@creature 施特拉德·冯·扎洛维奇|CoS}到来之前的几个世纪居住在巴里诺克山脉中。尽管他仍活着，卡万却具有一些吸血鬼的特征：他在白天睡觉，晚上狩猎，他饮猎物的血，并且他居住在地下。在战斗中，他挥舞着一柄沾满鲜血的长矛。这是第一把血矛，一种能够从被它杀死的人身上吸取生命并将其转移到持矛者身上的武器，使持矛者获得继续战斗的耐力。",
      "当你使用这把魔法矛进行近战攻击并使目标生命值降至0时，你获得{@dice 2d6}点临时生命值。",
      "任何生物都可以使用这把长矛，但只有被 {@adventure 喀万之选|CoS|14|喀万的血矛} 使用它时，才能在使用这把魔法武器进行攻击和伤害掷骰时获得+2加值。"
    ],
    "hasFluffImages": true,
    "ENG_name": "Blood Spear",
    "html": "卡万是一位无情的酋长，他的部落在{{@creature|施特拉德·冯·扎洛维奇|CoS}}到来之前的几个世纪居住在巴里诺克山脉中。尽管他仍活着，卡万却具有一些吸血鬼的特征：他在白天睡觉，晚上狩猎，他饮猎物的血，并且他居住在地下。在战斗中，他挥舞着一柄沾满鲜血的长矛。这是第一把血矛，一种能够从被它杀死的人身上吸取生命并将其转移到持矛者身上的武器，使持矛者获得继续战斗的耐力。\n当你使用这把魔法矛进行近战攻击并使目标生命值降至0时，你获得{{@dice|2d6}}点临时生命值。\n任何生物都可以使用这把长矛，但只有被 {{@adventure|喀万之选|CoS|14|喀万的血矛}} 使用它时，才能在使用这把魔法武器进行攻击和伤害掷骰时获得+2加值。"
  },
  "en": {
    "name": "Blood Spear",
    "source": "CoS",
    "page": 221,
    "baseItem": "spear|phb",
    "type": "M",
    "rarity": "uncommon",
    "reqAttune": true,
    "weight": 3,
    "weaponCategory": "simple",
    "property": [
      "T",
      "V"
    ],
    "range": "20/60",
    "dmg1": "1d6",
    "dmgType": "P",
    "dmg2": "1d8",
    "bonusWeapon": "+2",
    "entries": [
      "Kavan was a ruthless chieftain whose tribe lived in the Balinok Mountains centuries before the arrival of {@creature Strahd von Zarovich|CoS}. Although he was very much alive, Kavan had some traits in common with vampires: he slept during the day and hunted at night, he drank the blood of his prey, and he lived underground. In battle, he wielded a spear stained with blood. His was the first blood spear, a weapon that drains life from those it kills and transfers that life to its wielder, imbuing that individual with the stamina to keep fighting.",
      "When you hit with a melee attack using this magic spear and reduce the target to 0 hit points, you gain {@dice 2d6} temporary hit points.",
      "Any creature can wield the spear, but only the character {@adventure chosen by Kavan|CoS|14|Blood Spear of Kavan} to wield it gains a +2 bonus to attack and damage rolls made with this magic weapon."
    ],
    "hasFluffImages": true,
    "html": "Kavan was a ruthless chieftain whose tribe lived in the Balinok Mountains centuries before the arrival of {{@creature|Strahd von Zarovich|CoS}}. Although he was very much alive, Kavan had some traits in common with vampires: he slept during the day and hunted at night, he drank the blood of his prey, and he lived underground. In battle, he wielded a spear stained with blood. His was the first blood spear, a weapon that drains life from those it kills and transfers that life to its wielder, imbuing that individual with the stamina to keep fighting.\nWhen you hit with a melee attack using this magic spear and reduce the target to 0 hit points, you gain {{@dice|2d6}} temporary hit points.\nAny creature can wield the spear, but only the character {{@adventure|chosen by Kavan|CoS|14|Blood Spear of Kavan}} to wield it gains a +2 bonus to attack and damage rolls made with this magic weapon."
  },
  "weapon": {
    "category": "simple",
    "weaponCategory": "simple",
    "dmg1": "1d6",
    "dmg2": "1d8",
    "dmgType": "P",
    "dmgs": [
      "1d6",
      "1d8"
    ],
    "range": {
      "min": 20,
      "max": 60
    },
    "property": [
      "T",
      "V"
    ]
  },
  "bonus": {
    "weapon": 2
  }
}