{
  "dataType": "item",
  "uid": "item_Talarith|BAM ",
  "id": "Talarith|BAM",
  "rarity": "legendary",
  "isBaseItem": false,
  "baseItem": "",
  "displayName": {
    "zh": "华严",
    "en": "Talarith"
  },
  "mainSource": {
    "source": "BAM",
    "page": 47
  },
  "allSources": [
    {
      "source": "BAM",
      "page": 47
    }
  ],
  "zh": {
    "name": "华严",
    "source": "BAM",
    "page": 47,
    "rarity": "legendary",
    "reqAttune": "由创造它的雷加尔人同调",
    "wondrous": true,
    "entries": [
      "这件珠宝首饰的样式由{@creature 雷加尔人|BAM}在制作时选择：手镯、胸针、头饰、或项链。在{@creature 雷加尔人|BAM}佩戴华严期间，它持用的任何武器都会在命中时额外造成{@damage 1d6}点力场伤害。",
      "以一个动作，雷加尔人可以用它的华严召唤出一个外表与雷加尔人相似的魔像。魔像服从雷加尔人的命令并使用{@creature 雷加尔人|BAM|雷加尔人的}的具体数值，但它是一个构装生物且不会具有属于它的华严。魔像将会在1小时后消失，或者当它的生命值被降至0时消失。在召唤魔像后，雷加尔人必须完成一次短休或长休才能再次使用此特性。"
    ],
    "ENG_name": "Talarith",
    "html": "这件珠宝首饰的样式由{{@creature|雷加尔人|BAM}}在制作时选择：手镯、胸针、头饰、或项链。在{{@creature|雷加尔人|BAM}}佩戴华严期间，它持用的任何武器都会在命中时额外造成{{@damage|1d6}}点力场伤害。\n以一个动作，雷加尔人可以用它的华严召唤出一个外表与雷加尔人相似的魔像。魔像服从雷加尔人的命令并使用{{@creature|雷加尔人|BAM|雷加尔人的}}的具体数值，但它是一个构装生物且不会具有属于它的华严。魔像将会在1小时后消失，或者当它的生命值被降至0时消失。在召唤魔像后，雷加尔人必须完成一次短休或长休才能再次使用此特性。"
  },
  "en": {
    "name": "Talarith",
    "source": "BAM",
    "page": 47,
    "rarity": "legendary",
    "reqAttune": "by a reigar who created it",
    "wondrous": true,
    "entries": [
      "The {@creature reigar|BAM} who creates this piece of jewelry chooses its form: bracelet, brooch, diadem, or necklace. While the reigar wears the talarith, any weapon wielded by the {@creature reigar|BAM} deals an extra {@damage 1d6} force damage when it hits.",
      "As an action, a reigar can use its talarith to summon a golem that looks just like the reigar. The golem obeys the reigar's commands and uses the {@creature reigar|BAM|reigar's} statistics, except it is a Construct that doesn't have a talarith of its own. The golem vanishes after 1 hour, or when it is reduced to 0 hit points. After summoning a golem, the reigar must finish a short or long rest before this property can be used again."
    ],
    "html": "The {{@creature|reigar|BAM}} who creates this piece of jewelry chooses its form: bracelet, brooch, diadem, or necklace. While the reigar wears the talarith, any weapon wielded by the {{@creature|reigar|BAM}} deals an extra {{@damage|1d6}} force damage when it hits.\nAs an action, a reigar can use its talarith to summon a golem that looks just like the reigar. The golem obeys the reigar's commands and uses the {{@creature|reigar|BAM|reigar's}} statistics, except it is a Construct that doesn't have a talarith of its own. The golem vanishes after 1 hour, or when it is reduced to 0 hit points. After summoning a golem, the reigar must finish a short or long rest before this property can be used again."
  },
  "bonus": {}
}