{
  "dataType": "item",
  "uid": "item_Defender|DMG",
  "id": "Defender|DMG",
  "rarity": "legendary",
  "isBaseItem": false,
  "displayName": {
    "zh": "防御者",
    "en": "Defender"
  },
  "mainSource": {
    "source": "DMG",
    "page": 164
  },
  "allSources": [
    {
      "source": "DMG",
      "page": 164
    },
    {
      "source": "XDMG",
      "page": 0
    },
    {
      "source": "XDMG",
      "page": 252
    }
  ],
  "relatedVersions": [
    "Defender|XDMG"
  ],
  "zh": {
    "name": "防御者",
    "edition": "classic",
    "type": "GV|DMG",
    "requires": [
      {
        "sword": true
      }
    ],
    "inherits": {
      "namePrefix": "防御者",
      "source": "DMG",
      "page": 164,
      "srd": true,
      "reprintedAs": [
        "防御者|XDMG"
      ],
      "tier": "主要",
      "rarity": "legendary",
      "reqAttune": true,
      "bonusWeapon": "+3",
      "bonusAc": "+1",
      "entries": [
        "使用这把魔法武器，你在攻击和伤害骰上获得+3的加值。",
        "在你的每个回合中，第一次用剑攻击时，你可以将剑的部分或全部加值转移到你的护甲等级上，而不是在该回合的任何攻击上使用加值。例如，你可以将攻击和伤害判定的加值减少到+1，并在护甲等级上获得+2的加值。调整后的加值将保持有效，直到你的下一轮开始，尽管你必须持有剑才能从它那里获得护甲等级的加值。"
      ],
      "lootTables": [
        "魔法物品表I"
      ]
    },
    "hasFluffImages": true,
    "ENG_name": "Defender",
    "entries": [
      "使用这把魔法武器，你在攻击和伤害骰上获得+3的加值。",
      "在你的每个回合中，第一次用剑攻击时，你可以将剑的部分或全部加值转移到你的护甲等级上，而不是在该回合的任何攻击上使用加值。例如，你可以将攻击和伤害判定的加值减少到+1，并在护甲等级上获得+2的加值。调整后的加值将保持有效，直到你的下一轮开始，尽管你必须持有剑才能从它那里获得护甲等级的加值。"
    ],
    "html": "使用这把魔法武器，你在攻击和伤害骰上获得+3的加值。\n在你的每个回合中，第一次用剑攻击时，你可以将剑的部分或全部加值转移到你的护甲等级上，而不是在该回合的任何攻击上使用加值。例如，你可以将攻击和伤害判定的加值减少到+1，并在护甲等级上获得+2的加值。调整后的加值将保持有效，直到你的下一轮开始，尽管你必须持有剑才能从它那里获得护甲等级的加值。"
  },
  "en": {
    "name": "Defender",
    "edition": "classic",
    "type": "GV|DMG",
    "requires": [
      {
        "sword": true
      }
    ],
    "inherits": {
      "namePrefix": "Defender ",
      "source": "DMG",
      "page": 164,
      "srd": true,
      "reprintedAs": [
        "Defender|XDMG"
      ],
      "tier": "major",
      "rarity": "legendary",
      "reqAttune": true,
      "bonusWeapon": "+3",
      "bonusAc": "+1",
      "entries": [
        "You gain a +3 bonus to attack and damage rolls made with this magic weapon.",
        "The first time you attack with the sword on each of your turns, you can transfer some or all of the sword's bonus to your Armor Class, instead of using the bonus on any attacks that turn. For example, you could reduce the bonus to your attack and damage rolls to +1 and gain a +2 bonus to AC. The adjusted bonuses remain in effect until the start of your next turn, although you must hold the sword to gain a bonus to AC from it."
      ],
      "lootTables": [
        "Magic Item Table I"
      ]
    },
    "hasFluffImages": true,
    "entries": [
      "You gain a +3 bonus to attack and damage rolls made with this magic weapon.",
      "The first time you attack with the sword on each of your turns, you can transfer some or all of the sword's bonus to your Armor Class, instead of using the bonus on any attacks that turn. For example, you could reduce the bonus to your attack and damage rolls to +1 and gain a +2 bonus to AC. The adjusted bonuses remain in effect until the start of your next turn, although you must hold the sword to gain a bonus to AC from it."
    ],
    "html": "You gain a +3 bonus to attack and damage rolls made with this magic weapon.\nThe first time you attack with the sword on each of your turns, you can transfer some or all of the sword's bonus to your Armor Class, instead of using the bonus on any attacks that turn. For example, you could reduce the bonus to your attack and damage rolls to +1 and gain a +2 bonus to AC. The adjusted bonuses remain in effect until the start of your next turn, although you must hold the sword to gain a bonus to AC from it."
  }
}