{
  "dataType": "item",
  "uid": "item_Adze of Annam|BGG ",
  "id": "Adze of Annam|BGG",
  "weight": 7,
  "rarity": "artifact",
  "isBaseItem": false,
  "full": {
    "en": {
      "images": [
        {
          "type": "image",
          "href": {
            "type": "internal",
            "path": "items/BGG/Adze of Annam.webp"
          },
          "credit": "Isabel Gibney"
        }
      ]
    },
    "zh": {
      "images": [
        {
          "type": "image",
          "href": {
            "type": "internal",
            "path": "items/BGG/Adze of Annam.webp"
          },
          "credit": "Isabel Gibney"
        }
      ]
    }
  },
  "baseItem": "greataxe|PHB",
  "displayName": {
    "zh": "安南之锛",
    "en": "Adze of Annam"
  },
  "mainSource": {
    "source": "BGG",
    "page": 110
  },
  "allSources": [
    {
      "source": "BGG",
      "page": 110
    }
  ],
  "zh": {
    "name": "安南之锛",
    "source": "BGG",
    "page": 110,
    "baseItem": "巨斧|PHB",
    "type": "M",
    "rarity": "artifact",
    "reqAttune": true,
    "weight": 7,
    "weaponCategory": "军用",
    "property": [
      "H",
      "2H"
    ],
    "dmg1": "1d12",
    "dmgType": "S",
    "bonusWeapon": "+3",
    "entries": [
      "这把沉重的扁斧传说是由万物之父安南挥舞的一件神兵，万古以来，它不仅仅是武器，更是塑造万千世界之物质位面的工具。",
      {
        "ENG_name": "Random Properties",
        "name": "随机词条",
        "type": "entries",
        "entries": [
          "扁斧具有以下的随机属性，你需要根据《城主指南》所记述的相关表格进行掷骰来决定它们的具体内容：",
          {
            "type": "list",
            "items": [
              "2项{@table 神器词条; 次要增益词条|DMG|弱效增益}属性",
              "一个{@table 神器词条; 主要增益词条|DMG|强效增益}属性",
              "2 项{@table 神器词条; 次要减益词条|DMG|弱效减益}属性"
            ]
          }
        ]
      },
      {
        "ENG_name": "Magic Weapon",
        "name": "魔化武器",
        "type": "entries",
        "entries": [
          "当一个生物与扁斧同调后，神器会魔法性的变化自己的尺寸使生物可以将其作为一把巨斧持用。扁斧是一把在攻击检定与其伤害掷骰上具有+3加值的魔法物品，且在击中时会额外造成{@damage 3d12}点力场伤害。此外，它对物件和建筑物造成的伤害翻倍。"
        ]
      },
      {
        "ENG_name": "Divine Mattock",
        "name": "神圣之锄Divine Mattock",
        "type": "entries",
        "entries": [
          "以一个动作，你可以呼唤万物之父的神力以施展法术 {@spell 地动术} 或 {@spell 鬼斧神工} 。此能力一旦被使用，直到次日黎明前都无法被再次使用。"
        ]
      }
    ],
    "attachedSpells": {
      "daily": {
        "1": [
          "鬼斧神工",
          "地动术"
        ]
      }
    },
    "hasFluffImages": true,
    "ENG_name": "Adze of Annam",
    "html": "这把沉重的扁斧传说是由万物之父安南挥舞的一件神兵，万古以来，它不仅仅是武器，更是塑造万千世界之物质位面的工具。\n<div class=\"parser-entries\"><div class=\"parser-entries-name\">随机词条</div><div class=\"parser-entries-eng-name\">Random Properties</div><div class=\"parser-entries-content\">扁斧具有以下的随机属性，你需要根据《城主指南》所记述的相关表格进行掷骰来决定它们的具体内容：<ul class=\"parser-list parser-list-default\"><li>2项{{@table|神器词条; 次要增益词条|DMG|弱效增益}}属性</li><li>一个{{@table|神器词条; 主要增益词条|DMG|强效增益}}属性</li><li>2 项{{@table|神器词条; 次要减益词条|DMG|弱效减益}}属性</li></ul></div></div>\n<div class=\"parser-entries\"><div class=\"parser-entries-name\">魔化武器</div><div class=\"parser-entries-eng-name\">Magic Weapon</div><div class=\"parser-entries-content\">当一个生物与扁斧同调后，神器会魔法性的变化自己的尺寸使生物可以将其作为一把巨斧持用。扁斧是一把在攻击检定与其伤害掷骰上具有+3加值的魔法物品，且在击中时会额外造成{{@damage|3d12}}点力场伤害。此外，它对物件和建筑物造成的伤害翻倍。</div></div>\n<div class=\"parser-entries\"><div class=\"parser-entries-name\">神圣之锄Divine Mattock</div><div class=\"parser-entries-eng-name\">Divine Mattock</div><div class=\"parser-entries-content\">以一个动作，你可以呼唤万物之父的神力以施展法术 {{@spell|地动术}} 或 {{@spell|鬼斧神工}} 。此能力一旦被使用，直到次日黎明前都无法被再次使用。</div></div>"
  },
  "en": {
    "name": "Adze of Annam",
    "source": "BGG",
    "page": 110,
    "baseItem": "greataxe|PHB",
    "type": "M",
    "rarity": "artifact",
    "reqAttune": true,
    "weight": 7,
    "weaponCategory": "martial",
    "property": [
      "H",
      "2H"
    ],
    "dmg1": "1d12",
    "dmgType": "S",
    "bonusWeapon": "+3",
    "entries": [
      "This massive adze is said to have been wielded by All-Father Annam, not as a weapon but as the tool he used to shape the various worlds of the Material Plane eons ago.",
      {
        "type": "entries",
        "name": "Random Properties",
        "entries": [
          "The adze has the following random properties, determined by rolling on the appropriate table in the Dungeon Master's Guide:",
          {
            "type": "list",
            "items": [
              "2 {@table Artifact Properties; Minor Beneficial Properties|dmg|minor beneficial} properties",
              "1 {@table Artifact Properties; Major Beneficial Properties|dmg|major beneficial} property",
              "2 {@table Artifact Properties; Minor Detrimental Properties|dmg|minor detrimental} properties"
            ]
          }
        ]
      },
      {
        "type": "entries",
        "name": "Magic Weapon",
        "entries": [
          "When a creature attunes to the adze, the artifact magically adjusts its size so that creature can wield it as a greataxe. The adze is a magic weapon that grants a +3 bonus to attack and damage rolls made with it. On a hit, the adze deals an additional {@damage 3d12} force damage. It also deals double damage to objects and structures."
        ]
      },
      {
        "type": "entries",
        "name": "Divine Mattock",
        "entries": [
          "As an action, you can call upon the might of the All-Father and use the adze to cast {@spell move earth} or {@spell fabricate}. Once this property is used, it can't be used again until the next dawn."
        ]
      }
    ],
    "attachedSpells": {
      "daily": {
        "1": [
          "fabricate",
          "move earth"
        ]
      }
    },
    "hasFluffImages": true,
    "html": "This massive adze is said to have been wielded by All-Father Annam, not as a weapon but as the tool he used to shape the various worlds of the Material Plane eons ago.\n<div class=\"parser-entries\"><div class=\"parser-entries-name\">Random Properties</div><div class=\"parser-entries-content\">The adze has the following random properties, determined by rolling on the appropriate table in the Dungeon Master's Guide:<ul class=\"parser-list parser-list-default\"><li>2 {{@table|Artifact Properties; Minor Beneficial Properties|dmg|minor beneficial}} properties</li><li>1 {{@table|Artifact Properties; Major Beneficial Properties|dmg|major beneficial}} property</li><li>2 {{@table|Artifact Properties; Minor Detrimental Properties|dmg|minor detrimental}} properties</li></ul></div></div>\n<div class=\"parser-entries\"><div class=\"parser-entries-name\">Magic Weapon</div><div class=\"parser-entries-content\">When a creature attunes to the adze, the artifact magically adjusts its size so that creature can wield it as a greataxe. The adze is a magic weapon that grants a +3 bonus to attack and damage rolls made with it. On a hit, the adze deals an additional {{@damage|3d12}} force damage. It also deals double damage to objects and structures.</div></div>\n<div class=\"parser-entries\"><div class=\"parser-entries-name\">Divine Mattock</div><div class=\"parser-entries-content\">As an action, you can call upon the might of the All-Father and use the adze to cast {{@spell|move earth}} or {{@spell|fabricate}}. Once this property is used, it can't be used again until the next dawn.</div></div>"
  },
  "weapon": {
    "category": "martial",
    "weaponCategory": "martial",
    "dmg1": "1d12",
    "dmgType": "S",
    "dmgs": [
      "1d12"
    ],
    "property": [
      "H",
      "2H"
    ]
  },
  "bonus": {
    "weapon": 3
  }
}