{
  "dataType": "item",
  "uid": "item_War Horn of Valor|BGG ",
  "id": "War Horn of Valor|BGG",
  "rarity": "rare",
  "isBaseItem": false,
  "baseItem": "",
  "displayName": {
    "zh": "勇气战争号角",
    "en": "War Horn of Valor"
  },
  "mainSource": {
    "source": "BGG",
    "page": 117
  },
  "allSources": [
    {
      "source": "BGG",
      "page": 117
    }
  ],
  "zh": {
    "name": "勇气战争号角",
    "source": "BGG",
    "page": 117,
    "rarity": "rare",
    "wondrous": true,
    "bonusAc": "+1",
    "entries": [
      "这根黄铜制的战争号角上刻印着战争符文，当号角被吹响时，战争符文也会闪耀出紫色的光芒。",
      "你可以以一个附赠动作吹响这根号角。此时，若你正处于恐慌状态下，你身上的那一状态将立刻结束。同样的，你还会在对抗使你陷入恐慌的效应的豁免中具有优势，这一优势效应将持续直至你的下一回合开始。",
      {
        "ENG_name": "Invoking the Rune",
        "name": "激活符文",
        "type": "entries",
        "entries": [
          "当你吹响号角的同时，你还可以激活符文，用号角深沉的音调注入防护性的魔法，影响你周围30尺范围内由你选择的生物。你与所有受影响的生物获得AC+1加值，持续直至你的下一回合开始前。",
          "此符文被激活后，直到下一个黎明它都不能被再激活。"
        ]
      }
    ],
    "ENG_name": "War Horn of Valor",
    "html": "这根黄铜制的战争号角上刻印着战争符文，当号角被吹响时，战争符文也会闪耀出紫色的光芒。\n你可以以一个附赠动作吹响这根号角。此时，若你正处于恐慌状态下，你身上的那一状态将立刻结束。同样的，你还会在对抗使你陷入恐慌的效应的豁免中具有优势，这一优势效应将持续直至你的下一回合开始。\n<div class=\"parser-entries\"><div class=\"parser-entries-name\">激活符文</div><div class=\"parser-entries-eng-name\">Invoking the Rune</div><div class=\"parser-entries-content\">当你吹响号角的同时，你还可以激活符文，用号角深沉的音调注入防护性的魔法，影响你周围30尺范围内由你选择的生物。你与所有受影响的生物获得AC+1加值，持续直至你的下一回合开始前。此符文被激活后，直到下一个黎明它都不能被再激活。</div></div>"
  },
  "en": {
    "name": "War Horn of Valor",
    "source": "BGG",
    "page": 117,
    "rarity": "rare",
    "wondrous": true,
    "bonusAc": "+1",
    "entries": [
      "This brass war horn is engraved with the war rune, which glows purple when the horn is blown.",
      "You can blow the horn as a bonus action. When you do, if you have the frightened condition, you immediately end that condition on yourself. You also have advantage on saving throws against being frightened until the start of your next turn.",
      {
        "type": "entries",
        "name": "Invoking the Rune",
        "entries": [
          "When you blow the horn, you can also invoke the rune, imbuing the horn's deep call with protective magic that affects creatures of your choice within 30 feet of yourself. You and all affected creatures gain a +1 bonus to AC until the start of your next turn.",
          "Once the rune has been invoked, it can't be invoked again until the next dawn."
        ]
      }
    ],
    "html": "This brass war horn is engraved with the war rune, which glows purple when the horn is blown.\nYou can blow the horn as a bonus action. When you do, if you have the frightened condition, you immediately end that condition on yourself. You also have advantage on saving throws against being frightened until the start of your next turn.\n<div class=\"parser-entries\"><div class=\"parser-entries-name\">Invoking the Rune</div><div class=\"parser-entries-content\">When you blow the horn, you can also invoke the rune, imbuing the horn's deep call with protective magic that affects creatures of your choice within 30 feet of yourself. You and all affected creatures gain a +1 bonus to AC until the start of your next turn.Once the rune has been invoked, it can't be invoked again until the next dawn.</div></div>"
  },
  "bonus": {
    "ac": 1
  }
}