{
  "dataType": "item",
  "uid": "item_Nautiloid|AAG ",
  "id": "Nautiloid|AAG",
  "value": 5000000,
  "rarity": "none",
  "isBaseItem": false,
  "baseItem": "",
  "displayName": {
    "zh": "鹦鹉螺",
    "en": "Nautiloid"
  },
  "mainSource": {
    "source": "AAG",
    "page": 38
  },
  "allSources": [
    {
      "source": "AAG",
      "page": 38
    }
  ],
  "zh": {
    "name": "鹦鹉螺",
    "source": "AAG",
    "page": 38,
    "type": "SPC|AAG",
    "rarity": "none",
    "value": 5000000,
    "crew": 20,
    "vehAc": 15,
    "vehHp": 400,
    "vehDmgThresh": 15,
    "vehSpeed": 4.5,
    "capCargo": 17,
    "entries": [
      "由夺心魔制造和使用的鹦鹉螺专为空间旅行设计。它们不能漂浮在水上，也不能安全降落在地面上。",
      "作为一个动作，一个与鹦鹉螺的法驱魔舵同调并与舰船有物理接触的生物可以将鹦鹉螺和她上面的所有生物和物件传送到另一个存在位面，出现在法驱者预想的目的地或其附近（或该位面的随机位置，如果法驱者没有想象具体目的地）。这项属性是船舶的特性，而非其法驱魔舵的。每次使用此属性时，掷一次 {@dice d6}。若结果为5-6，该属性会在1分钟后充能完毕；否则在24小时内不能再次使用。"
    ],
    "seeAlsoVehicle": [
      "鹦鹉螺|AAG"
    ],
    "ENG_name": "Nautiloid",
    "html": "由夺心魔制造和使用的鹦鹉螺专为空间旅行设计。它们不能漂浮在水上，也不能安全降落在地面上。\n作为一个动作，一个与鹦鹉螺的法驱魔舵同调并与舰船有物理接触的生物可以将鹦鹉螺和她上面的所有生物和物件传送到另一个存在位面，出现在法驱者预想的目的地或其附近（或该位面的随机位置，如果法驱者没有想象具体目的地）。这项属性是船舶的特性，而非其法驱魔舵的。每次使用此属性时，掷一次 {{@dice|d6}}。若结果为5-6，该属性会在1分钟后充能完毕；否则在24小时内不能再次使用。"
  },
  "en": {
    "name": "Nautiloid",
    "source": "AAG",
    "page": 38,
    "type": "SPC|AAG",
    "rarity": "none",
    "value": 5000000,
    "crew": 20,
    "vehAc": 15,
    "vehHp": 400,
    "vehDmgThresh": 15,
    "vehSpeed": 4.5,
    "capCargo": 17,
    "entries": [
      "Built and used by mind flayers, nautiloids are designed exclusively for space travel. They can't float on water, nor can they land safely on the ground.",
      "As an action, a creature attuned to a nautiloid's spelljamming helm and in physical contact with the ship can transport the nautiloid and all creatures and objects aboard it to a different plane of existence, at or near a destination envisioned by the spelljammer (or to a random location on the plane if no destination is envisioned). This property is a feature of the ship, not the spelljamming helm. Each time this property is used, roll a {@dice d6}. On a 5–6, the property recharges after 1 minute; otherwise, it can't be used again for 24 hours."
    ],
    "seeAlsoVehicle": [
      "Nautiloid|AAG"
    ],
    "html": "Built and used by mind flayers, nautiloids are designed exclusively for space travel. They can't float on water, nor can they land safely on the ground.\nAs an action, a creature attuned to a nautiloid's spelljamming helm and in physical contact with the ship can transport the nautiloid and all creatures and objects aboard it to a different plane of existence, at or near a destination envisioned by the spelljammer (or to a random location on the plane if no destination is envisioned). This property is a feature of the ship, not the spelljamming helm. Each time this property is used, roll a {{@dice|d6}}. On a 5–6, the property recharges after 1 minute; otherwise, it can't be used again for 24 hours."
  },
  "bonus": {}
}