{
  "dataType": "item",
  "uid": "item_+1 Ammunition|DMG",
  "id": "+1 Ammunition|DMG",
  "rarity": "uncommon",
  "isBaseItem": false,
  "displayName": {
    "zh": "+1 弹药",
    "en": "+1 Ammunition"
  },
  "mainSource": {
    "source": "DMG",
    "page": 150
  },
  "allSources": [
    {
      "source": "DMG",
      "page": 150
    },
    {
      "source": "XDMG",
      "page": 0
    },
    {
      "source": "XDMG",
      "page": 228
    }
  ],
  "relatedVersions": [
    "+1 Ammunition|XDMG"
  ],
  "zh": {
    "name": "+1 弹药",
    "edition": "classic",
    "type": "GV|DMG",
    "requires": [
      {
        "type": "A"
      },
      {
        "type": "AF|DMG"
      },
      {
        "type": "A|XPHB"
      },
      {
        "type": "AF|XDMG"
      }
    ],
    "ammo": true,
    "inherits": {
      "namePrefix": "+1 ",
      "source": "DMG",
      "page": 150,
      "srd": true,
      "reprintedAs": [
        "+1 弹药|XDMG"
      ],
      "tier": "次要",
      "rarity": "uncommon",
      "bonusWeapon": "+1",
      "entries": [
        "使用这件魔法弹药进行攻击和伤害判定时，你会获得{=bonusWeapon}的额外加成。一旦击中目标，弹药将不再具有魔法效果。"
      ],
      "lootTables": [
        "魔法物品表B"
      ]
    },
    "ENG_name": "+1 Ammunition",
    "entries": [
      "使用这件魔法弹药进行攻击和伤害判定时，你会获得{=bonusWeapon}的额外加成。一旦击中目标，弹药将不再具有魔法效果。"
    ],
    "html": "使用这件魔法弹药进行攻击和伤害判定时，你会获得{=bonusWeapon}的额外加成。一旦击中目标，弹药将不再具有魔法效果。"
  },
  "en": {
    "name": "+1 Ammunition",
    "edition": "classic",
    "type": "GV|DMG",
    "requires": [
      {
        "type": "A"
      },
      {
        "type": "AF|DMG"
      },
      {
        "type": "A|XPHB"
      },
      {
        "type": "AF|XDMG"
      }
    ],
    "ammo": true,
    "inherits": {
      "namePrefix": "+1 ",
      "source": "DMG",
      "page": 150,
      "srd": true,
      "reprintedAs": [
        "+1 Ammunition|XDMG"
      ],
      "tier": "minor",
      "rarity": "uncommon",
      "bonusWeapon": "+1",
      "entries": [
        "You have a {=bonusWeapon} bonus to attack and damage rolls made with this piece of magic ammunition. Once it hits a target, the ammunition is no longer magical."
      ],
      "lootTables": [
        "Magic Item Table B"
      ]
    },
    "entries": [
      "You have a {=bonusWeapon} bonus to attack and damage rolls made with this piece of magic ammunition. Once it hits a target, the ammunition is no longer magical."
    ],
    "html": "You have a {=bonusWeapon} bonus to attack and damage rolls made with this piece of magic ammunition. Once it hits a target, the ammunition is no longer magical."
  }
}