{
  "dataType": "item",
  "uid": "item_Radiance|CM ",
  "id": "Radiance|CM",
  "rarity": "unknown (magic)",
  "isBaseItem": false,
  "baseItem": "",
  "displayName": {
    "zh": "光辉",
    "en": "Radiance"
  },
  "mainSource": {
    "source": "CM",
    "page": 87
  },
  "allSources": [
    {
      "source": "CM",
      "page": 87
    }
  ],
  "zh": {
    "name": "光辉",
    "source": "CM",
    "page": 87,
    "type": "WD|DMG",
    "rarity": "unknown (magic)",
    "reqAttune": "由施法者",
    "reqAttuneTags": [
      {
        "spellcasting": true
      }
    ],
    "bonusSpellAttack": "+1",
    "entries": [
      "持有这根魔杖时，你在法术攻击检定中获得+1加值。此外，进行法术攻击时，你忽略{@quickref 掩护||3||半身掩护}。光辉魔杖呈现为一面精致的金色手镜形状。",
      "当被黑暗包围时，它在5尺半径内发出昏暗的光线。与光辉共鸣的生物可以在持有镜子时使用一个附赠动作施放{@spell 强化属性}法术，选择自己作为法术的目标，不能选择其他生物。一旦这个魔杖的属性被使用，直到下一个黎明之前都不能再次使用。"
    ],
    "light": [
      {
        "dim": 5
      }
    ],
    "attachedSpells": {
      "daily": {
        "1e": [
          "强化属性"
        ]
      }
    },
    "ENG_name": "Radiance",
    "html": "持有这根魔杖时，你在法术攻击检定中获得+1加值。此外，进行法术攻击时，你忽略{{@quickref|掩护||3||半身掩护}}。光辉魔杖呈现为一面精致的金色手镜形状。\n当被黑暗包围时，它在5尺半径内发出昏暗的光线。与光辉共鸣的生物可以在持有镜子时使用一个附赠动作施放{{@spell|强化属性}}法术，选择自己作为法术的目标，不能选择其他生物。一旦这个魔杖的属性被使用，直到下一个黎明之前都不能再次使用。"
  },
  "en": {
    "name": "Radiance",
    "source": "CM",
    "page": 87,
    "type": "WD|DMG",
    "rarity": "unknown (magic)",
    "reqAttune": "by a spellcaster",
    "reqAttuneTags": [
      {
        "spellcasting": true
      }
    ],
    "bonusSpellAttack": "+1",
    "entries": [
      "While holding this wand, you gain a +1 bonus to spell attack rolls. In addition, you ignore {@quickref Cover||3||half cover} when making a spell attack. Radiance is in the form of an exquisite golden hand mirror.",
      "While surrounded by darkness, it sheds dim light in a 5-foot radius. A creature that is attuned to Radiance can use a bonus action while holding the mirror to cast the {@spell enhance ability} spell, choosing itself and no other creature as the spell's target. Once this property of the wand is used, it can't be used again until the next dawn."
    ],
    "light": [
      {
        "dim": 5
      }
    ],
    "attachedSpells": {
      "daily": {
        "1e": [
          "enhance ability"
        ]
      }
    },
    "html": "While holding this wand, you gain a +1 bonus to spell attack rolls. In addition, you ignore {{@quickref|Cover||3||half cover}} when making a spell attack. Radiance is in the form of an exquisite golden hand mirror.\nWhile surrounded by darkness, it sheds dim light in a 5-foot radius. A creature that is attuned to Radiance can use a bonus action while holding the mirror to cast the {{@spell|enhance ability}} spell, choosing itself and no other creature as the spell's target. Once this property of the wand is used, it can't be used again until the next dawn."
  },
  "bonus": {
    "spellAttack": 1
  }
}