{
  "dataType": "item",
  "uid": "item_Infernal Amulet|CoA ",
  "id": "Infernal Amulet|CoA",
  "rarity": "rare",
  "isBaseItem": false,
  "baseItem": "",
  "displayName": {
    "zh": "地狱护符",
    "en": "Infernal Amulet"
  },
  "mainSource": {
    "source": "CoA",
    "page": 268
  },
  "allSources": [
    {
      "source": "CoA",
      "page": 268
    }
  ],
  "zh": {
    "name": "地狱护符",
    "source": "CoA",
    "page": 268,
    "rarity": "rare",
    "reqAttune": true,
    "wondrous": true,
    "curse": true,
    "entries": [
      "佩戴这个护身符时，你可以将其作为施法焦点来使用你的法术，并且它赋予你的法术豁免困难等级和法术攻击加值+2的加值。",
      {
        "ENG_name": "Curse",
        "name": "诅咒",
        "type": "entries",
        "entries": [
          "当你与这个护身符绑定时，你不愿意与之分离，并且总是佩戴着它。佩戴护身符时，你在力量豁免检定和力量检定时处于不利状态。只有{@spell 移除诅咒}法术可以让你移除这个物品并结束绑定。"
        ]
      },
      {
        "ENG_name": "Corrupting",
        "name": "腐蚀",
        "type": "entries",
        "entries": [
          "这个物品具有腐蚀性。详见\"{@adventure 地狱物品腐化|CoA|16|地狱物品腐化}\"部分。"
        ]
      }
    ],
    "ENG_name": "Infernal Amulet",
    "html": "佩戴这个护身符时，你可以将其作为施法焦点来使用你的法术，并且它赋予你的法术豁免困难等级和法术攻击加值+2的加值。\n<div class=\"parser-entries\"><div class=\"parser-entries-name\">诅咒</div><div class=\"parser-entries-eng-name\">Curse</div><div class=\"parser-entries-content\">当你与这个护身符绑定时，你不愿意与之分离，并且总是佩戴着它。佩戴护身符时，你在力量豁免检定和力量检定时处于不利状态。只有{{@spell|移除诅咒}}法术可以让你移除这个物品并结束绑定。</div></div>\n<div class=\"parser-entries\"><div class=\"parser-entries-name\">腐蚀</div><div class=\"parser-entries-eng-name\">Corrupting</div><div class=\"parser-entries-content\">这个物品具有腐蚀性。详见\"{{@adventure|地狱物品腐化|CoA|16|地狱物品腐化}}\"部分。</div></div>"
  },
  "en": {
    "name": "Infernal Amulet",
    "source": "CoA",
    "page": 268,
    "rarity": "rare",
    "reqAttune": true,
    "wondrous": true,
    "curse": true,
    "entries": [
      "While wearing this amulet, you can use it as a spellcasting focus for your spells, and it grants a +2 bonus to your spell save DC and spell attack bonus.",
      {
        "type": "entries",
        "name": "Curse",
        "entries": [
          "You're unwilling to part with this amulet while attuned to it and you wear it always. While wearing the amulet you have disadvantage on Strength saving throws and Strength checks. Only the {@spell Remove Curse} spell allows you to remove the item and end attunement."
        ]
      },
      {
        "type": "entries",
        "name": "Corrupting",
        "entries": [
          "This item corrupts. See the \"{@adventure Infernal Item Corruption|CoA|16|Infernal Item Corruption}\" section."
        ]
      }
    ],
    "html": "While wearing this amulet, you can use it as a spellcasting focus for your spells, and it grants a +2 bonus to your spell save DC and spell attack bonus.\n<div class=\"parser-entries\"><div class=\"parser-entries-name\">Curse</div><div class=\"parser-entries-content\">You're unwilling to part with this amulet while attuned to it and you wear it always. While wearing the amulet you have disadvantage on Strength saving throws and Strength checks. Only the {{@spell|Remove Curse}} spell allows you to remove the item and end attunement.</div></div>\n<div class=\"parser-entries\"><div class=\"parser-entries-name\">Corrupting</div><div class=\"parser-entries-content\">This item corrupts. See the \"{{@adventure|Infernal Item Corruption|CoA|16|Infernal Item Corruption}}\" section.</div></div>"
  },
  "bonus": {}
}