{
  "dataType": "item",
  "uid": "item_Bloodshed Blade|BGG",
  "id": "Bloodshed Blade|BGG",
  "rarity": "very rare",
  "isBaseItem": false,
  "displayName": {
    "zh": "祭血之刃",
    "en": "Bloodshed Blade"
  },
  "mainSource": {
    "source": "BGG",
    "page": 111
  },
  "allSources": [
    {
      "source": "BGG",
      "page": 111
    }
  ],
  "zh": {
    "name": "祭血之刃",
    "type": "GV|DMG",
    "requires": [
      {
        "sword": true
      }
    ],
    "inherits": {
      "namePrefix": "祭血",
      "source": "BGG",
      "page": 111,
      "rarity": "very rare",
      "reqAttune": true,
      "bonusWeaponDamage": "+1",
      "entries": [
        "这把剑的剑柄上镶有一颗刻有血符文的红榴石。",
        "你可以将你的体质调整值（最少为{=bonusWeaponDamage}）加到使用这把武器进行攻击的伤害判定上。",
        {
          "ENG_name": "Invoking the Rune",
          "name": "激活符文",
          "type": "entries",
          "entries": [
            "当你使用这把武器攻击一个生物时，你可以召唤剑上的符文，使其发出深红色的光芒，并将嗜血的精准注入你的攻击中。然后，你花费并投掷一个未使用的命中骰，并把投掷的数字加到攻击卷上。你可以选择在投掷{@dice d20}之后召唤符文。",
            "如果这次攻击命中，你还可以花费并掷出任意数量的未使用生命骰，并把掷出的总和加到武器的伤害上。",
            "此符文被激活后，直到下一个黎明它都不能被再激活。"
          ]
        }
      ]
    },
    "ENG_name": "Bloodshed Blade",
    "entries": [
      "这把剑的剑柄上镶有一颗刻有血符文的红榴石。",
      "你可以将你的体质调整值（最少为{=bonusWeaponDamage}）加到使用这把武器进行攻击的伤害判定上。",
      {
        "ENG_name": "Invoking the Rune",
        "name": "激活符文",
        "type": "entries",
        "entries": [
          "当你使用这把武器攻击一个生物时，你可以召唤剑上的符文，使其发出深红色的光芒，并将嗜血的精准注入你的攻击中。然后，你花费并投掷一个未使用的命中骰，并把投掷的数字加到攻击卷上。你可以选择在投掷{@dice d20}之后召唤符文。",
          "如果这次攻击命中，你还可以花费并掷出任意数量的未使用生命骰，并把掷出的总和加到武器的伤害上。",
          "此符文被激活后，直到下一个黎明它都不能被再激活。"
        ]
      }
    ],
    "html": "这把剑的剑柄上镶有一颗刻有血符文的红榴石。\n你可以将你的体质调整值（最少为{=bonusWeaponDamage}）加到使用这把武器进行攻击的伤害判定上。\n<div class=\"parser-entries\"><div class=\"parser-entries-name\">激活符文</div><div class=\"parser-entries-eng-name\">Invoking the Rune</div><div class=\"parser-entries-content\">当你使用这把武器攻击一个生物时，你可以召唤剑上的符文，使其发出深红色的光芒，并将嗜血的精准注入你的攻击中。然后，你花费并投掷一个未使用的命中骰，并把投掷的数字加到攻击卷上。你可以选择在投掷{{@dice|d20}}之后召唤符文。如果这次攻击命中，你还可以花费并掷出任意数量的未使用生命骰，并把掷出的总和加到武器的伤害上。此符文被激活后，直到下一个黎明它都不能被再激活。</div></div>"
  },
  "en": {
    "name": "Bloodshed Blade",
    "type": "GV|DMG",
    "requires": [
      {
        "sword": true
      }
    ],
    "inherits": {
      "namePrefix": "Bloodshed ",
      "source": "BGG",
      "page": 111,
      "rarity": "very rare",
      "reqAttune": true,
      "bonusWeaponDamage": "+1",
      "entries": [
        "The hilt of this sword bears a carnelian engraved with the blood rune.",
        "You can add your Constitution modifier (minimum of {=bonusWeaponDamage}) to the damage rolls of attacks made with this weapon.",
        {
          "type": "entries",
          "name": "Invoking the Rune",
          "entries": [
            "When you target a creature with an attack using this weapon, you can invoke the sword's rune, causing it to flare with crimson light and infusing your attack with bloodthirsty precision. You then spend and roll one of your unspent Hit Dice and add the number rolled to the attack roll. You can choose to invoke the rune after rolling the {@dice d20}.",
            "If this attack hits, you can also spend and roll any number of your unspent Hit Dice and add the total rolled to the weapon's damage.",
            "Once the rune has been invoked, it can't be invoked again until the next dawn."
          ]
        }
      ]
    },
    "entries": [
      "The hilt of this sword bears a carnelian engraved with the blood rune.",
      "You can add your Constitution modifier (minimum of {=bonusWeaponDamage}) to the damage rolls of attacks made with this weapon.",
      {
        "type": "entries",
        "name": "Invoking the Rune",
        "entries": [
          "When you target a creature with an attack using this weapon, you can invoke the sword's rune, causing it to flare with crimson light and infusing your attack with bloodthirsty precision. You then spend and roll one of your unspent Hit Dice and add the number rolled to the attack roll. You can choose to invoke the rune after rolling the {@dice d20}.",
          "If this attack hits, you can also spend and roll any number of your unspent Hit Dice and add the total rolled to the weapon's damage.",
          "Once the rune has been invoked, it can't be invoked again until the next dawn."
        ]
      }
    ],
    "html": "The hilt of this sword bears a carnelian engraved with the blood rune.\nYou can add your Constitution modifier (minimum of {=bonusWeaponDamage}) to the damage rolls of attacks made with this weapon.\n<div class=\"parser-entries\"><div class=\"parser-entries-name\">Invoking the Rune</div><div class=\"parser-entries-content\">When you target a creature with an attack using this weapon, you can invoke the sword's rune, causing it to flare with crimson light and infusing your attack with bloodthirsty precision. You then spend and roll one of your unspent Hit Dice and add the number rolled to the attack roll. You can choose to invoke the rune after rolling the {{@dice|d20}}.If this attack hits, you can also spend and roll any number of your unspent Hit Dice and add the total rolled to the weapon's damage.Once the rune has been invoked, it can't be invoked again until the next dawn.</div></div>"
  }
}