{
  "dataType": "item",
  "uid": "item_Travel Alchemical Kit|AI ",
  "id": "Travel Alchemical Kit|AI",
  "rarity": "uncommon",
  "isBaseItem": false,
  "full": {
    "en": {
      "images": [
        {
          "type": "image",
          "href": {
            "type": "internal",
            "path": "items/AI/travel-alchemical-kit.webp"
          },
          "credit": "Chris Walton"
        }
      ]
    },
    "zh": {
      "images": [
        {
          "type": "image",
          "href": {
            "type": "internal",
            "path": "items/AI/travel-alchemical-kit.webp"
          },
          "credit": "Chris Walton"
        }
      ]
    }
  },
  "baseItem": "",
  "displayName": {
    "zh": "旅行炼金工具包",
    "en": "Travel Alchemical Kit"
  },
  "mainSource": {
    "source": "AI",
    "page": 30
  },
  "allSources": [
    {
      "source": "AI",
      "page": 30
    }
  ],
  "zh": {
    "name": "旅行炼金工具包",
    "source": "AI",
    "page": 30,
    "rarity": "uncommon",
    "wondrous": true,
    "grantsProficiency": true,
    "entries": [
      "第3级时，总部为你提供了一个旅行炼金工具包——一个非普通的魔法物品，包含了缩小版的{@item 炼金工具|PHB}和{@item 制毒工具|PHB}（玻璃瓶、研钵和研钵、化学品和玻璃搅拌棒）。作为这次升级的一部分，你获得了{@item 制毒工具|PHB}的熟练。",
      "只要这个魔法工具包在你身上，你就可以使用它，无需拿出或收起。如果你被搜查，找到你的旅行炼金工具包需要通过一次{@dc 20}的智力（{@skill 调查}）或感知（{@skill 洞悉}）检定。"
    ],
    "hasFluffImages": true,
    "ENG_name": "Travel Alchemical Kit",
    "html": "第3级时，总部为你提供了一个旅行炼金工具包——一个非普通的魔法物品，包含了缩小版的{{@item|炼金工具|PHB}}和{{@item|制毒工具|PHB}}（玻璃瓶、研钵和研钵、化学品和玻璃搅拌棒）。作为这次升级的一部分，你获得了{{@item|制毒工具|PHB}}的熟练。\n只要这个魔法工具包在你身上，你就可以使用它，无需拿出或收起。如果你被搜查，找到你的旅行炼金工具包需要通过一次{{@dc|20}}的智力（{{@skill|调查}}）或感知（{{@skill|洞悉}}）检定。"
  },
  "en": {
    "name": "Travel Alchemical Kit",
    "source": "AI",
    "page": 30,
    "rarity": "uncommon",
    "wondrous": true,
    "grantsProficiency": true,
    "entries": [
      "Also at rank 3, Head Office provides you with a travel alchemical kit—an uncommon magic item containing miniaturized versions of both {@item alchemist's supplies|phb} and a {@item poisoner's kit|phb} (glass vials, a mortar and pestle, chemicals, and a glass stirring rod). You gain proficiency with a {@item poisoner's kit|phb} as part of this upgrade.",
      "You can use this magical kit as long as it is on your person, with no need to draw or stow it. If you are ever searched, finding your travel alchemical kit requires a successful {@dc 20} Intelligence ({@skill Investigation}) or Wisdom ({@skill Insight}) check."
    ],
    "hasFluffImages": true,
    "html": "Also at rank 3, Head Office provides you with a travel alchemical kit—an uncommon magic item containing miniaturized versions of both {{@item|alchemist's supplies|phb}} and a {{@item|poisoner's kit|phb}} (glass vials, a mortar and pestle, chemicals, and a glass stirring rod). You gain proficiency with a {{@item|poisoner's kit|phb}} as part of this upgrade.\nYou can use this magical kit as long as it is on your person, with no need to draw or stow it. If you are ever searched, finding your travel alchemical kit requires a successful {{@dc|20}} Intelligence ({{@skill|Investigation}}) or Wisdom ({{@skill|Insight}}) check."
  },
  "bonus": {}
}