{
  "dataType": "item",
  "uid": "item_Gauntlets of Ogre Power|DMG ",
  "id": "Gauntlets of Ogre Power|DMG",
  "rarity": "uncommon",
  "isBaseItem": false,
  "full": {
    "en": {
      "images": [
        {
          "type": "image",
          "href": {
            "type": "internal",
            "path": "items/DMG/Gauntlets of Ogre Power.webp"
          },
          "credit": "Conceptopolis"
        }
      ]
    },
    "zh": {
      "images": [
        {
          "type": "image",
          "href": {
            "type": "internal",
            "path": "items/DMG/Gauntlets of Ogre Power.webp"
          },
          "credit": "Conceptopolis"
        }
      ]
    }
  },
  "baseItem": "",
  "displayName": {
    "zh": "食人魔力量护手",
    "en": "Gauntlets of Ogre Power"
  },
  "mainSource": {
    "source": "DMG",
    "page": 171
  },
  "allSources": [
    {
      "source": "DMG",
      "page": 171
    },
    {
      "source": "XDMG",
      "page": 0
    },
    {
      "source": "XDMG",
      "page": 264
    }
  ],
  "relatedVersions": [
    "Gauntlets of Ogre Power|XDMG"
  ],
  "zh": {
    "name": "食人魔力量护手",
    "source": "DMG",
    "page": 171,
    "srd": true,
    "basicRules": true,
    "reprintedAs": [
      "食人魔力量护手|XDMG"
    ],
    "tier": "主要",
    "rarity": "uncommon",
    "reqAttune": true,
    "wondrous": true,
    "ability": {
      "static": {
        "str": 19
      }
    },
    "entries": [
      "佩戴此护手期间，你的力量值变为19。如果你的力量值在未佩戴护手时已经大于或等于19，则此护手无效。"
    ],
    "optionalfeatures": [
      "仿制魔法物品|TCE"
    ],
    "lootTables": [
      "魔法物品表F"
    ],
    "hasFluffImages": true,
    "ENG_name": "Gauntlets of Ogre Power",
    "html": "佩戴此护手期间，你的力量值变为19。如果你的力量值在未佩戴护手时已经大于或等于19，则此护手无效。"
  },
  "en": {
    "name": "Gauntlets of Ogre Power",
    "source": "DMG",
    "page": 171,
    "srd": true,
    "basicRules": true,
    "reprintedAs": [
      "Gauntlets of Ogre Power|XDMG"
    ],
    "tier": "major",
    "rarity": "uncommon",
    "reqAttune": true,
    "wondrous": true,
    "ability": {
      "static": {
        "str": 19
      }
    },
    "entries": [
      "Your Strength score is 19 while you wear these gauntlets. They have no effect on you if your Strength is already 19 or higher without them."
    ],
    "optionalfeatures": [
      "replicate magic item|tce"
    ],
    "lootTables": [
      "Magic Item Table F"
    ],
    "hasFluffImages": true,
    "html": "Your Strength score is 19 while you wear these gauntlets. They have no effect on you if your Strength is already 19 or higher without them."
  },
  "bonus": {}
}