{
  "dataType": "item",
  "uid": "item_Deck of Many Things|BMT ",
  "id": "Deck of Many Things|BMT",
  "rarity": "legendary",
  "isBaseItem": false,
  "baseItem": "",
  "displayName": {
    "zh": "万象无常牌",
    "en": "Deck of Many Things"
  },
  "mainSource": {
    "source": "BMT",
    "page": 13
  },
  "allSources": [
    {
      "source": "BMT",
      "page": 13
    },
    {
      "source": "XDMG",
      "page": 0
    },
    {
      "source": "XDMG",
      "page": 250
    },
    {
      "source": "DMG",
      "page": 162
    }
  ],
  "relatedVersions": [
    "Deck of Many Things|XDMG"
  ],
  "zh": {
    "name": "万象无常牌",
    "source": "BMT",
    "page": 13,
    "reprintedAs": [
      "万象无常牌|XDMG"
    ],
    "tier": "主要",
    "rarity": "legendary",
    "wondrous": true,
    "entries": [
      "{@item 万象无常牌}通常不是以单独的卡片出现，而是作为角色可以抽取的卡组。但这并非必须如此；你可以为每张卡片赋予独立物品的属性，这样即使只找到一张卡片的角色仍然可以享受这一著名物品并在冒险中使用该卡片。",
      "这种方法在你将{@item 万象无常牌}作为任务目标时特别有用；随着角色探索，他们找到的每张卡牌都赋予他们一个可以在后续冒险中使用的魔法能力，以找到剩余的卡牌。最终英雄们将整副牌组组装在一起，然后就可以按照传统的方式使用它，从中抽取改变命运的卡牌，作为战役的合适高潮。",
      "{@note 这副牌组物品包含以下独立卡片：}",
      {
        "type": "list",
        "columns": 3,
        "items": [
          "{@item 平衡卡牌|BMT}",
          "{@item 彗星卡|BMT}",
          "{@item 城堡卡|BMT}",
          "{@item 尤瑞艾莉卡|BMT}",
          "{@item 命运卡|BMT}",
          "{@item 火焰卡|BMT}",
          "{@item 愚者卡|BMT}",
          "{@item 宝石卡|BMT}",
          "{@item 小丑卡|BMT}",
          "{@item 钥匙卡|BMT}",
          "{@item 骑士卡|BMT}",
          "{@item 月亮卡|BMT}",
          "{@item 谜题卡|BMT}",
          "{@item 游荡者卡|BMT}",
          "{@item 毁灭卡|BMT}",
          "{@item 贤者卡|BMT}",
          "{@item 骷髅卡|BMT}",
          "{@item 星星卡|BMT}",
          "{@item 太阳卡|BMT}",
          "{@item 禽爪卡|BMT}",
          "{@item 王座卡|BMT}",
          "{@item 虚空卡|BMT}"
        ]
      }
    ],
    "packContents": [
      "平衡卡牌|BMT",
      "彗星卡|BMT",
      "城堡卡|BMT",
      "尤瑞艾莉卡|BMT",
      "命运卡|BMT",
      "火焰卡|BMT",
      "愚者卡|BMT",
      "宝石卡|BMT",
      "小丑卡|BMT",
      "钥匙卡|BMT",
      "骑士卡|BMT",
      "月亮卡|BMT",
      "谜题卡|BMT",
      "游荡者卡|BMT",
      "毁灭卡|BMT",
      "贤者卡|BMT",
      "骷髅卡|BMT",
      "星星卡|BMT",
      "太阳卡|BMT",
      "禽爪卡|BMT",
      "王座卡|BMT",
      "虚空卡|BMT"
    ],
    "seeAlsoDeck": [
      "万象无常牌|BMT"
    ],
    "ENG_name": "Deck of Many Things",
    "html": "{{@item|万象无常牌}}通常不是以单独的卡片出现，而是作为角色可以抽取的卡组。但这并非必须如此；你可以为每张卡片赋予独立物品的属性，这样即使只找到一张卡片的角色仍然可以享受这一著名物品并在冒险中使用该卡片。\n这种方法在你将{{@item|万象无常牌}}作为任务目标时特别有用；随着角色探索，他们找到的每张卡牌都赋予他们一个可以在后续冒险中使用的魔法能力，以找到剩余的卡牌。最终英雄们将整副牌组组装在一起，然后就可以按照传统的方式使用它，从中抽取改变命运的卡牌，作为战役的合适高潮。\n{{@note|这副牌组物品包含以下独立卡片：}}\n<ul class=\"parser-list parser-list-default\"><li>{{@item|平衡卡牌|BMT}}</li><li>{{@item|彗星卡|BMT}}</li><li>{{@item|城堡卡|BMT}}</li><li>{{@item|尤瑞艾莉卡|BMT}}</li><li>{{@item|命运卡|BMT}}</li><li>{{@item|火焰卡|BMT}}</li><li>{{@item|愚者卡|BMT}}</li><li>{{@item|宝石卡|BMT}}</li><li>{{@item|小丑卡|BMT}}</li><li>{{@item|钥匙卡|BMT}}</li><li>{{@item|骑士卡|BMT}}</li><li>{{@item|月亮卡|BMT}}</li><li>{{@item|谜题卡|BMT}}</li><li>{{@item|游荡者卡|BMT}}</li><li>{{@item|毁灭卡|BMT}}</li><li>{{@item|贤者卡|BMT}}</li><li>{{@item|骷髅卡|BMT}}</li><li>{{@item|星星卡|BMT}}</li><li>{{@item|太阳卡|BMT}}</li><li>{{@item|禽爪卡|BMT}}</li><li>{{@item|王座卡|BMT}}</li><li>{{@item|虚空卡|BMT}}</li></ul>"
  },
  "en": {
    "name": "Deck of Many Things",
    "source": "BMT",
    "page": 13,
    "reprintedAs": [
      "Deck of Many Things|XDMG"
    ],
    "tier": "major",
    "rarity": "legendary",
    "wondrous": true,
    "entries": [
      "A {@item Deck of Many Things} typically appears not as individual cards, but as a collection of cards characters can draw from. But this doesn't have to be true; you can give each card a property as a standalone item, so characters who find only one card can still enjoy this famed item and use the card on adventures.",
      "This approach is particularly useful if you make a {@item Deck of Many Things} the object of a quest; as the characters explore, each card they find grants them a magical ability they can use in subsequent adventures to find the cards that remain. Eventually the heroes assemble the entire deck, which they can then use in the traditional manner, drawing transformative cards from it in a fitting climax to the campaign.",
      "{@note This deck item comprises the following individual cards:}",
      {
        "type": "list",
        "columns": 3,
        "items": [
          "{@item Balance Card|BMT}",
          "{@item Comet Card|BMT}",
          "{@item Donjon Card|BMT}",
          "{@item Euryale Card|BMT}",
          "{@item Fates Card|BMT}",
          "{@item Flames Card|BMT}",
          "{@item Fool Card|BMT}",
          "{@item Gem Card|BMT}",
          "{@item Jester Card|BMT}",
          "{@item Key Card|BMT}",
          "{@item Knight Card|BMT}",
          "{@item Moon Card|BMT}",
          "{@item Puzzle Card|BMT}",
          "{@item Rogue Card|BMT}",
          "{@item Ruin Card|BMT}",
          "{@item Sage Card|BMT}",
          "{@item Skull Card|BMT}",
          "{@item Star Card|BMT}",
          "{@item Sun Card|BMT}",
          "{@item Talons Card|BMT}",
          "{@item Throne Card|BMT}",
          "{@item Void Card|BMT}"
        ]
      }
    ],
    "packContents": [
      "Balance Card|BMT",
      "Comet Card|BMT",
      "Donjon Card|BMT",
      "Euryale Card|BMT",
      "Fates Card|BMT",
      "Flames Card|BMT",
      "Fool Card|BMT",
      "Gem Card|BMT",
      "Jester Card|BMT",
      "Key Card|BMT",
      "Knight Card|BMT",
      "Moon Card|BMT",
      "Puzzle Card|BMT",
      "Rogue Card|BMT",
      "Ruin Card|BMT",
      "Sage Card|BMT",
      "Skull Card|BMT",
      "Star Card|BMT",
      "Sun Card|BMT",
      "Talons Card|BMT",
      "Throne Card|BMT",
      "Void Card|BMT"
    ],
    "seeAlsoDeck": [
      "Deck of Many Things|BMT"
    ],
    "html": "A {{@item|Deck of Many Things}} typically appears not as individual cards, but as a collection of cards characters can draw from. But this doesn't have to be true; you can give each card a property as a standalone item, so characters who find only one card can still enjoy this famed item and use the card on adventures.\nThis approach is particularly useful if you make a {{@item|Deck of Many Things}} the object of a quest; as the characters explore, each card they find grants them a magical ability they can use in subsequent adventures to find the cards that remain. Eventually the heroes assemble the entire deck, which they can then use in the traditional manner, drawing transformative cards from it in a fitting climax to the campaign.\n{{@note|This deck item comprises the following individual cards:}}\n<ul class=\"parser-list parser-list-default\"><li>{{@item|Balance Card|BMT}}</li><li>{{@item|Comet Card|BMT}}</li><li>{{@item|Donjon Card|BMT}}</li><li>{{@item|Euryale Card|BMT}}</li><li>{{@item|Fates Card|BMT}}</li><li>{{@item|Flames Card|BMT}}</li><li>{{@item|Fool Card|BMT}}</li><li>{{@item|Gem Card|BMT}}</li><li>{{@item|Jester Card|BMT}}</li><li>{{@item|Key Card|BMT}}</li><li>{{@item|Knight Card|BMT}}</li><li>{{@item|Moon Card|BMT}}</li><li>{{@item|Puzzle Card|BMT}}</li><li>{{@item|Rogue Card|BMT}}</li><li>{{@item|Ruin Card|BMT}}</li><li>{{@item|Sage Card|BMT}}</li><li>{{@item|Skull Card|BMT}}</li><li>{{@item|Star Card|BMT}}</li><li>{{@item|Sun Card|BMT}}</li><li>{{@item|Talons Card|BMT}}</li><li>{{@item|Throne Card|BMT}}</li><li>{{@item|Void Card|BMT}}</li></ul>"
  },
  "weapon": {
    "packContents": [
      "Balance Card|BMT",
      "Comet Card|BMT",
      "Donjon Card|BMT",
      "Euryale Card|BMT",
      "Fates Card|BMT",
      "Flames Card|BMT",
      "Fool Card|BMT",
      "Gem Card|BMT",
      "Jester Card|BMT",
      "Key Card|BMT",
      "Knight Card|BMT",
      "Moon Card|BMT",
      "Puzzle Card|BMT",
      "Rogue Card|BMT",
      "Ruin Card|BMT",
      "Sage Card|BMT",
      "Skull Card|BMT",
      "Star Card|BMT",
      "Sun Card|BMT",
      "Talons Card|BMT",
      "Throne Card|BMT",
      "Void Card|BMT"
    ]
  },
  "bonus": {}
}