{
  "dataType": "item",
  "uid": "item_Blue Sapphire|DMG ",
  "id": "Blue Sapphire|DMG",
  "value": 100000,
  "rarity": "none",
  "isBaseItem": false,
  "baseItem": "",
  "displayName": {
    "zh": "蓝色蓝宝石",
    "en": "Blue Sapphire"
  },
  "mainSource": {
    "source": "DMG",
    "page": 134
  },
  "allSources": [
    {
      "source": "DMG",
      "page": 134
    },
    {
      "source": "XDMG",
      "page": 0
    },
    {
      "source": "XDMG",
      "page": 214
    }
  ],
  "relatedVersions": [
    "Blue Sapphire|XDMG"
  ],
  "zh": {
    "name": "蓝色蓝宝石",
    "source": "DMG",
    "page": 134,
    "reprintedAs": [
      "蓝色蓝宝石|XDMG"
    ],
    "type": "$G|DMG",
    "rarity": "none",
    "value": 100000,
    "entries": [
      "一种透明的蓝白色至中型蓝色宝石。"
    ],
    "ENG_name": "Blue Sapphire",
    "html": "一种透明的蓝白色至中型蓝色宝石。"
  },
  "en": {
    "name": "Blue Sapphire",
    "source": "DMG",
    "page": 134,
    "reprintedAs": [
      "Blue Sapphire|XDMG"
    ],
    "type": "$G|DMG",
    "rarity": "none",
    "value": 100000,
    "entries": [
      "A transparent blue-white to medium blue gemstone."
    ],
    "html": "A transparent blue-white to medium blue gemstone."
  },
  "bonus": {}
}