{
  "dataType": "item",
  "uid": "item_Giant Trinket|BGG ",
  "id": "Giant Trinket|BGG",
  "rarity": "none",
  "isBaseItem": false,
  "baseItem": "",
  "displayName": {
    "zh": "巨人饰品",
    "en": "Giant Trinket"
  },
  "mainSource": {
    "source": "BGG",
    "page": 16
  },
  "allSources": [
    {
      "source": "BGG",
      "page": 16
    }
  ],
  "zh": {
    "name": "巨人饰品",
    "source": "BGG",
    "page": 16,
    "type": "G",
    "rarity": "none",
    "entries": [
      "探索你家乡的途中，你找到了一些古老居民的残羹剩饭，你可以投掷下方的巨人饰品表以决定它。写在括号中的物品，是与所述的巨型饰品最相似的正常大小的物件。",
      {
        "caption": "巨人饰品",
        "colLabels": [
          "d6",
          "巨人饰品"
        ],
        "colStyles": [
          "col-2 text-center",
          "col-10"
        ],
        "rows": [
          [
            "1",
            "一根巨人的牙签（一把{@item 匕首|PHB}）"
          ],
          [
            "2",
            "一张巨人的手绢（一条{@item 毯子|PHB}）"
          ],
          [
            "3",
            "一个巨人的大理石（一个水晶球）"
          ],
          [
            "4",
            "一个巨人的火柴（一个{@item 火把|PHB}）"
          ],
          [
            "5",
            "一把巨人的拆信刀（一把{@item 长剑|PHB}）"
          ],
          [
            "6",
            "一枚巨人的针箍（一个{@item 铁壶|PHB}）"
          ]
        ],
        "type": "table"
      }
    ],
    "miscTags": [
      "TT"
    ],
    "ENG_name": "Giant Trinket",
    "html": "探索你家乡的途中，你找到了一些古老居民的残羹剩饭，你可以投掷下方的巨人饰品表以决定它。写在括号中的物品，是与所述的巨型饰品最相似的正常大小的物件。\n<table class=\"wiki-table\"><caption>巨人饰品</caption><tr><th class=\"parser-col-2 text-center\">d6</th><th class=\"parser-col-10\">巨人饰品</th></tr><tr><td class=\"parser-col-2 text-center\">1</td><td class=\"parser-col-10\">一根巨人的牙签（一把{{@item|匕首|PHB}}）</td></tr><tr><td class=\"parser-col-2 text-center\">2</td><td class=\"parser-col-10\">一张巨人的手绢（一条{{@item|毯子|PHB}}）</td></tr><tr><td class=\"parser-col-2 text-center\">3</td><td class=\"parser-col-10\">一个巨人的大理石（一个水晶球）</td></tr><tr><td class=\"parser-col-2 text-center\">4</td><td class=\"parser-col-10\">一个巨人的火柴（一个{{@item|火把|PHB}}）</td></tr><tr><td class=\"parser-col-2 text-center\">5</td><td class=\"parser-col-10\">一把巨人的拆信刀（一把{{@item|长剑|PHB}}）</td></tr><tr><td class=\"parser-col-2 text-center\">6</td><td class=\"parser-col-10\">一枚巨人的针箍（一个{{@item|铁壶|PHB}}）</td></tr></table>"
  },
  "en": {
    "name": "Giant Trinket",
    "source": "BGG",
    "page": 16,
    "type": "G",
    "rarity": "none",
    "entries": [
      "While exploring your home, you discovered some trivial remnant of the ancient inhabitants, as determined by rolling on the Giant Trinkets table. The items in parentheses are the normal-sized objects most analogous to the described giant trinkets.",
      {
        "caption": "Giant Trinkets",
        "colLabels": [
          "d6",
          "Giant Trinket"
        ],
        "colStyles": [
          "col-2 text-center",
          "col-10"
        ],
        "rows": [
          [
            "1",
            "A giant's toothpick (a {@item dagger|PHB})"
          ],
          [
            "2",
            "A giant's handkerchief (a {@item blanket|PHB})"
          ],
          [
            "3",
            "A giant's marble (a crystal orb)"
          ],
          [
            "4",
            "A giant's match (a {@item torch|PHB})"
          ],
          [
            "5",
            "A giant's letter opener (a {@item longsword|PHB})"
          ],
          [
            "6",
            "A giant's thimble (an {@item iron pot|PHB})"
          ]
        ],
        "type": "table"
      }
    ],
    "miscTags": [
      "TT"
    ],
    "html": "While exploring your home, you discovered some trivial remnant of the ancient inhabitants, as determined by rolling on the Giant Trinkets table. The items in parentheses are the normal-sized objects most analogous to the described giant trinkets.\n<table class=\"wiki-table\"><caption>Giant Trinkets</caption><tr><th class=\"parser-col-2 text-center\">d6</th><th class=\"parser-col-10\">Giant Trinket</th></tr><tr><td class=\"parser-col-2 text-center\">1</td><td class=\"parser-col-10\">A giant's toothpick (a {{@item|dagger|PHB}})</td></tr><tr><td class=\"parser-col-2 text-center\">2</td><td class=\"parser-col-10\">A giant's handkerchief (a {{@item|blanket|PHB}})</td></tr><tr><td class=\"parser-col-2 text-center\">3</td><td class=\"parser-col-10\">A giant's marble (a crystal orb)</td></tr><tr><td class=\"parser-col-2 text-center\">4</td><td class=\"parser-col-10\">A giant's match (a {{@item|torch|PHB}})</td></tr><tr><td class=\"parser-col-2 text-center\">5</td><td class=\"parser-col-10\">A giant's letter opener (a {{@item|longsword|PHB}})</td></tr><tr><td class=\"parser-col-2 text-center\">6</td><td class=\"parser-col-10\">A giant's thimble (an {{@item|iron pot|PHB}})</td></tr></table>"
  },
  "bonus": {}
}