{
  "dataType": "item",
  "uid": "item_Spyglass of Clairvoyance|AI ",
  "id": "Spyglass of Clairvoyance|AI",
  "rarity": "common",
  "isBaseItem": false,
  "baseItem": "",
  "displayName": {
    "zh": "透视望远镜",
    "en": "Spyglass of Clairvoyance"
  },
  "mainSource": {
    "source": "AI",
    "page": 19
  },
  "allSources": [
    {
      "source": "AI",
      "page": 19
    }
  ],
  "zh": {
    "name": "透视望远镜",
    "source": "AI",
    "page": 19,
    "rarity": "common",
    "wondrous": true,
    "entries": [
      "第2级起，你的总部提供的望远镜变成一件普通品质的魔法物品。以一个动作，你可以透过透视望远镜观察一英里内遮挡你视线的地点，例如山脉、城堡或森林。你必须随后成功通过{@dc 15}的感知检定使用{@item 制图工具|PHB}来绘制该选定点三英里内的自然地形。除了自然地形外，你不能获得任何关于生物、建筑物或其他事物的知识。透视望远镜的这个特性直到次日黎明之前不可再次使用。"
    ],
    "ENG_name": "Spyglass of Clairvoyance",
    "html": "第2级起，你的总部提供的望远镜变成一件普通品质的魔法物品。以一个动作，你可以透过透视望远镜观察一英里内遮挡你视线的地点，例如山脉、城堡或森林。你必须随后成功通过{{@dc|15}}的感知检定使用{{@item|制图工具|PHB}}来绘制该选定点三英里内的自然地形。除了自然地形外，你不能获得任何关于生物、建筑物或其他事物的知识。透视望远镜的这个特性直到次日黎明之前不可再次使用。"
  },
  "en": {
    "name": "Spyglass of Clairvoyance",
    "source": "AI",
    "page": 19,
    "rarity": "common",
    "wondrous": true,
    "entries": [
      "At rank 2, your Head Office-supplied spyglass becomes a common magic item. As an action, you can look through the spyglass of clairvoyance at a location within 1 mile of you that is obstructing your view, such as a mountain, castle, or forest. You must then succeed on a {@dc 15} Wisdom check using {@item cartographer's tools|phb} to map the natural terrain found within three miles of that chosen point. You do not gain any knowledge of creatures, structures, or anything other than natural terrain. This property of the spyglass cannot be used again until the next dawn."
    ],
    "html": "At rank 2, your Head Office-supplied spyglass becomes a common magic item. As an action, you can look through the spyglass of clairvoyance at a location within 1 mile of you that is obstructing your view, such as a mountain, castle, or forest. You must then succeed on a {{@dc|15}} Wisdom check using {{@item|cartographer's tools|phb}} to map the natural terrain found within three miles of that chosen point. You do not gain any knowledge of creatures, structures, or anything other than natural terrain. This property of the spyglass cannot be used again until the next dawn."
  },
  "bonus": {}
}