{
  "dataType": "item",
  "uid": "item_Crystal Ball of True Seeing|DMG ",
  "id": "Crystal Ball of True Seeing|DMG",
  "weight": 3,
  "rarity": "legendary",
  "isBaseItem": false,
  "baseItem": "",
  "displayName": {
    "zh": "真知水晶球",
    "en": "Crystal Ball of True Seeing"
  },
  "mainSource": {
    "source": "DMG",
    "page": 159
  },
  "allSources": [
    {
      "source": "DMG",
      "page": 159
    },
    {
      "source": "XDMG",
      "page": 0
    },
    {
      "source": "XDMG",
      "page": 159
    }
  ],
  "relatedVersions": [
    "Crystal Ball of True Seeing|XDMG"
  ],
  "zh": {
    "name": "真知水晶球",
    "source": "DMG",
    "page": 159,
    "reprintedAs": [
      "真知水晶球|XDMG"
    ],
    "tier": "主要",
    "rarity": "legendary",
    "reqAttune": true,
    "wondrous": true,
    "weight": 3,
    "entries": [
      "这个{@item 水晶球}直径约6寸。接触它期间，你可以用它施放{@spell 探知术}（豁免{@dc 17}）。",
      "使用此{@item 水晶球}施展{@spell 探知术}后，直到法术结束前，你对该法术传感器周围半径120尺范围拥有{@sense 真实视觉}。"
    ],
    "attachedSpells": [
      "探知术"
    ],
    "lootTables": [
      "魔法物品表I"
    ],
    "ENG_name": "Crystal Ball of True Seeing",
    "html": "这个{{@item|水晶球}}直径约6寸。接触它期间，你可以用它施放{{@spell|探知术}}（豁免{{@dc|17}}）。\n使用此{{@item|水晶球}}施展{{@spell|探知术}}后，直到法术结束前，你对该法术传感器周围半径120尺范围拥有{{@sense|真实视觉}}。"
  },
  "en": {
    "name": "Crystal Ball of True Seeing",
    "source": "DMG",
    "page": 159,
    "reprintedAs": [
      "Crystal Ball of True Seeing|XDMG"
    ],
    "tier": "major",
    "rarity": "legendary",
    "reqAttune": true,
    "wondrous": true,
    "weight": 3,
    "entries": [
      "This {@item crystal ball} is about 6 inches in diameter. While touching it, you can cast the {@spell scrying} spell (save {@dc 17}) with it.",
      "While {@spell scrying} with the {@item crystal ball}, you have {@sense truesight} with a radius of 120 feet centered on the spell's sensor."
    ],
    "attachedSpells": [
      "scrying"
    ],
    "lootTables": [
      "Magic Item Table I"
    ],
    "html": "This {{@item|crystal ball}} is about 6 inches in diameter. While touching it, you can cast the {{@spell|scrying}} spell (save {{@dc|17}}) with it.\nWhile {{@spell|scrying}} with the {{@item|crystal ball}}, you have {{@sense|truesight}} with a radius of 120 feet centered on the spell's sensor."
  },
  "bonus": {}
}