{
  "dataType": "item",
  "uid": "item_Piercer|AI ",
  "id": "Piercer|AI",
  "weight": 2,
  "rarity": "rare",
  "isBaseItem": false,
  "baseItem": "shortsword|phb",
  "displayName": {
    "zh": "石锥怪",
    "en": "Piercer"
  },
  "mainSource": {
    "source": "AI",
    "page": 121
  },
  "allSources": [
    {
      "source": "AI",
      "page": 121
    }
  ],
  "zh": {
    "name": "石锥怪",
    "source": "AI",
    "page": 121,
    "baseItem": "短剑|PHB",
    "type": "M",
    "rarity": "rare",
    "reqAttune": true,
    "weight": 2,
    "weaponCategory": "军用",
    "property": [
      "F",
      "L"
    ],
    "dmg1": "1d6",
    "dmgType": "P",
    "bonusWeapon": "+1",
    "entries": [
      "你使用这把魔法武器进行攻击和伤害掷骰时具有+1加值。",
      "与剑同调的角色从消耗的生命骰中恢复最大可能的生命值。然而，同调的角色每天必须吃两倍的食物（至少2磅）以避免{@condition 力竭}（参见《玩家手册》第8章\"环境\"）。"
    ],
    "ENG_name": "Piercer",
    "html": "你使用这把魔法武器进行攻击和伤害掷骰时具有+1加值。\n与剑同调的角色从消耗的生命骰中恢复最大可能的生命值。然而，同调的角色每天必须吃两倍的食物（至少2磅）以避免{{@condition|力竭}}（参见《玩家手册》第8章\"环境\"）。"
  },
  "en": {
    "name": "Piercer",
    "source": "AI",
    "page": 121,
    "baseItem": "shortsword|phb",
    "type": "M",
    "rarity": "rare",
    "reqAttune": true,
    "weight": 2,
    "weaponCategory": "martial",
    "property": [
      "F",
      "L"
    ],
    "dmg1": "1d6",
    "dmgType": "P",
    "bonusWeapon": "+1",
    "entries": [
      "You have a +1 bonus to attack and damage rolls made with this magic weapon.",
      "A character attuned to the sword regains the maximum possible number of hit points from expended Hit Dice. However, the attuned character must eat twice as much food each day (a minimum of 2 pounds) to avoid {@condition exhaustion} (see \"The Environment\" in chapter 8 of the Player's Handbook.)"
    ],
    "html": "You have a +1 bonus to attack and damage rolls made with this magic weapon.\nA character attuned to the sword regains the maximum possible number of hit points from expended Hit Dice. However, the attuned character must eat twice as much food each day (a minimum of 2 pounds) to avoid {{@condition|exhaustion}} (see \"The Environment\" in chapter 8 of the Player's Handbook.)"
  },
  "weapon": {
    "category": "martial",
    "weaponCategory": "martial",
    "dmg1": "1d6",
    "dmgType": "P",
    "dmgs": [
      "1d6"
    ],
    "property": [
      "F",
      "L"
    ]
  },
  "bonus": {
    "weapon": 1
  }
}