{
  "dataType": "item",
  "uid": "item_Statuette of Saint Markovia|CoS ",
  "id": "Statuette of Saint Markovia|CoS",
  "value": 25000,
  "rarity": "unknown (magic)",
  "isBaseItem": false,
  "baseItem": "",
  "displayName": {
    "zh": "圣马柯维娅的小雕像",
    "en": "Statuette of Saint Markovia"
  },
  "mainSource": {
    "source": "CoS",
    "page": 152
  },
  "allSources": [
    {
      "source": "CoS",
      "page": 152
    }
  ],
  "zh": {
    "name": "圣马柯维娅的小雕像",
    "source": "CoS",
    "page": 152,
    "type": "OTH",
    "rarity": "unknown (magic)",
    "value": 25000,
    "bonusSavingThrow": "+1",
    "entries": [
      "这尊金色小雕像赋予携带它的任何善良阵营生物+1的豁免检定加值。"
    ],
    "ENG_name": "Statuette of Saint Markovia",
    "html": "这尊金色小雕像赋予携带它的任何善良阵营生物+1的豁免检定加值。"
  },
  "en": {
    "name": "Statuette of Saint Markovia",
    "source": "CoS",
    "page": 152,
    "type": "OTH",
    "rarity": "unknown (magic)",
    "value": 25000,
    "bonusSavingThrow": "+1",
    "entries": [
      "This golden statuette grants any good-aligned creature that carries it a +1 bonus to saving throws."
    ],
    "html": "This golden statuette grants any good-aligned creature that carries it a +1 bonus to saving throws."
  },
  "bonus": {
    "savingThrow": 1
  }
}