{
  "dataType": "item",
  "uid": "item_Bead of Force|DMG ",
  "id": "Bead of Force|DMG",
  "weight": 0.0625,
  "rarity": "rare",
  "isBaseItem": false,
  "baseItem": "",
  "displayName": {
    "zh": "力场珠",
    "en": "Bead of Force"
  },
  "mainSource": {
    "source": "DMG",
    "page": 154
  },
  "allSources": [
    {
      "source": "DMG",
      "page": 154
    },
    {
      "source": "XDMG",
      "page": 0
    },
    {
      "source": "XDMG",
      "page": 234
    }
  ],
  "relatedVersions": [
    "Bead of Force|XDMG"
  ],
  "zh": {
    "name": "力场珠",
    "source": "DMG",
    "page": 154,
    "srd": true,
    "reprintedAs": [
      "力场珠|XDMG"
    ],
    "tier": "次要",
    "rarity": "rare",
    "wondrous": true,
    "weight": 0.0625,
    "entries": [
      "这个小型黑色球体直径3/4寸，重1盎司。通常都会有{@dice 1d4 + 4}颗{@italic 力场珠}保存在一起。",
      "你可以用一个动作把珠子扔出至多60尺远。珠子因冲击而爆炸并被摧毁，落点周围半径10尺范围内的每个生物都必须进行一次{@dc 15}的敏捷豁免，失败则受到{@damage 5d4}的力场伤害。随后一个透明的力场球体将封闭该区域1分钟。任何豁免失败且完全处于该区域内的生物将被困在这个球体内。豁免成功或部分处于该区域内的生物将被从球体中心推开直到完全离开球体。只有可呼吸的空气能穿过球体墙壁。没有任何攻击或其他效果可以。",
      "被困在内部的生物可以用它的动作推击球型障壁，移动球体至多相当于该生物步行速度一半的距离。这个球型障壁也可以被拿起，它的魔法使得它无论内部的生物有多重，整体重量都只有1磅。"
    ],
    "lootTables": [
      "魔法物品表C"
    ],
    "miscTags": [
      "CNS"
    ],
    "ENG_name": "Bead of Force",
    "html": "这个小型黑色球体直径3/4寸，重1盎司。通常都会有{{@dice|1d4 + 4}}颗{{@italic|力场珠}}保存在一起。\n你可以用一个动作把珠子扔出至多60尺远。珠子因冲击而爆炸并被摧毁，落点周围半径10尺范围内的每个生物都必须进行一次{{@dc|15}}的敏捷豁免，失败则受到{{@damage|5d4}}的力场伤害。随后一个透明的力场球体将封闭该区域1分钟。任何豁免失败且完全处于该区域内的生物将被困在这个球体内。豁免成功或部分处于该区域内的生物将被从球体中心推开直到完全离开球体。只有可呼吸的空气能穿过球体墙壁。没有任何攻击或其他效果可以。\n被困在内部的生物可以用它的动作推击球型障壁，移动球体至多相当于该生物步行速度一半的距离。这个球型障壁也可以被拿起，它的魔法使得它无论内部的生物有多重，整体重量都只有1磅。"
  },
  "en": {
    "name": "Bead of Force",
    "source": "DMG",
    "page": 154,
    "srd": true,
    "reprintedAs": [
      "Bead of Force|XDMG"
    ],
    "tier": "minor",
    "rarity": "rare",
    "wondrous": true,
    "weight": 0.0625,
    "entries": [
      "This small black sphere measures ¾ of an inch in diameter and weighs an ounce. Typically, {@dice 1d4 + 4} {@italic beads of force} are found together.",
      "You can use an action to throw the bead up to 60 feet. The bead explodes on impact and is destroyed. Each creature within a 10-foot radius of where the bead landed must succeed on a {@dc 15} Dexterity saving throw or take {@damage 5d4} force damage. A sphere of transparent force then encloses the area for 1 minute. Any creature that failed the save and is completely within the area is trapped inside this sphere. Creatures that succeeded on the save, or are partially within the area, are pushed away from the center of the sphere until they are no longer inside it. Only breathable air can pass through the sphere's wall. No attack or other effect can.",
      "An enclosed creature can use its action to push against the sphere's wall, moving the sphere up to half the creature's walking speed. The sphere can be picked up, and its magic causes it to weigh only 1 pound, regardless of the weight of creatures inside."
    ],
    "lootTables": [
      "Magic Item Table C"
    ],
    "miscTags": [
      "CNS"
    ],
    "html": "This small black sphere measures ¾ of an inch in diameter and weighs an ounce. Typically, {{@dice|1d4 + 4}} {{@italic|beads of force}} are found together.\nYou can use an action to throw the bead up to 60 feet. The bead explodes on impact and is destroyed. Each creature within a 10-foot radius of where the bead landed must succeed on a {{@dc|15}} Dexterity saving throw or take {{@damage|5d4}} force damage. A sphere of transparent force then encloses the area for 1 minute. Any creature that failed the save and is completely within the area is trapped inside this sphere. Creatures that succeeded on the save, or are partially within the area, are pushed away from the center of the sphere until they are no longer inside it. Only breathable air can pass through the sphere's wall. No attack or other effect can.\nAn enclosed creature can use its action to push against the sphere's wall, moving the sphere up to half the creature's walking speed. The sphere can be picked up, and its magic causes it to weigh only 1 pound, regardless of the weight of creatures inside."
  },
  "bonus": {}
}