{
  "dataType": "item",
  "uid": "item_Ring of Treachery|CoA ",
  "id": "Ring of Treachery|CoA",
  "rarity": "very rare",
  "isBaseItem": false,
  "baseItem": "",
  "displayName": {
    "zh": "变节之戒",
    "en": "Ring of Treachery"
  },
  "mainSource": {
    "source": "CoA",
    "page": 269
  },
  "allSources": [
    {
      "source": "CoA",
      "page": 269
    }
  ],
  "zh": {
    "name": "变节之戒",
    "source": "CoA",
    "page": 269,
    "type": "RG|DMG",
    "rarity": "very rare",
    "reqAttune": true,
    "recharge": "长休",
    "rechargeAmount": 3,
    "charges": 3,
    "entries": [
      "这枚戒指有3次使用次数。佩戴这枚戒指时，当你受到伤害时，你可以使用反应消耗一次使用次数，并将该伤害转移到60尺内的任意生物（可能包括盟友）。完成一次长休后，所有使用次数会恢复。"
    ],
    "ENG_name": "Ring of Treachery",
    "html": "这枚戒指有3次使用次数。佩戴这枚戒指时，当你受到伤害时，你可以使用反应消耗一次使用次数，并将该伤害转移到60尺内的任意生物（可能包括盟友）。完成一次长休后，所有使用次数会恢复。"
  },
  "en": {
    "name": "Ring of Treachery",
    "source": "CoA",
    "page": 269,
    "type": "RG|DMG",
    "rarity": "very rare",
    "reqAttune": true,
    "recharge": "restLong",
    "rechargeAmount": 3,
    "charges": 3,
    "entries": [
      "This ring has 3 charges. While wearing this ring, when you're damaged, you may use a reaction to expend a charge and transfer that damage to a random creature (which could include an ally) within 60 feet. All charges are restored when you finish a long rest."
    ],
    "html": "This ring has 3 charges. While wearing this ring, when you're damaged, you may use a reaction to expend a charge and transfer that damage to a random creature (which could include an ally) within 60 feet. All charges are restored when you finish a long rest."
  },
  "charge": {
    "max": 3,
    "rechargeAt": "restLong",
    "rechargeAmount": 3
  },
  "bonus": {}
}