{
  "dataType": "item",
  "uid": "item_Gold Dragon Scale Mail|DMG ",
  "id": "Gold Dragon Scale Mail|DMG",
  "weight": 45,
  "rarity": "very rare",
  "isBaseItem": false,
  "baseItem": "",
  "displayName": {
    "zh": "金龙鳞甲",
    "en": "Gold Dragon Scale Mail"
  },
  "mainSource": {
    "source": "DMG",
    "page": 165
  },
  "allSources": [
    {
      "source": "DMG",
      "page": 165
    },
    {
      "source": "XDMG",
      "page": 0
    },
    {
      "source": "XDMG",
      "page": 254
    }
  ],
  "relatedVersions": [
    "Gold Dragon Scale Mail|XDMG"
  ],
  "zh": {
    "name": "金龙鳞甲",
    "source": "DMG",
    "page": 165,
    "srd": true,
    "reprintedAs": [
      "金龙鳞甲|XDMG"
    ],
    "type": "MA",
    "resist": [
      "火焰"
    ],
    "tier": "主要",
    "rarity": "very rare",
    "reqAttune": true,
    "weight": 45,
    "ac": 14,
    "bonusAc": "+1",
    "stealth": true,
    "entries": [
      "龙鳞甲是以某一种龙的鳞片制成的护甲。有时候龙会收集自己褪下的鳞片并赠送给类人生物。其他时候，猎人们会小心地剥下并保存死去龙类的皮。无论哪种情况，龙鳞甲都是非常珍贵的物品。着装该护甲期间，你的AC获得+1加值，且为对抗龙类的骇人威仪特性与吐息武器时所作豁免具有优势，并且你具有火焰伤害抗性。",
      "另外，你还可以用一个动作集中精神来魔法性地感知距你最近的金龙，并得知其相对于你的方向与距离。这条龙必须在你周边30里以内。这一特殊动作一经使用，直至次日黎明前都无法被再度使用。"
    ],
    "ENG_name": "Gold Dragon Scale Mail",
    "html": "龙鳞甲是以某一种龙的鳞片制成的护甲。有时候龙会收集自己褪下的鳞片并赠送给类人生物。其他时候，猎人们会小心地剥下并保存死去龙类的皮。无论哪种情况，龙鳞甲都是非常珍贵的物品。着装该护甲期间，你的AC获得+1加值，且为对抗龙类的骇人威仪特性与吐息武器时所作豁免具有优势，并且你具有火焰伤害抗性。\n另外，你还可以用一个动作集中精神来魔法性地感知距你最近的金龙，并得知其相对于你的方向与距离。这条龙必须在你周边30里以内。这一特殊动作一经使用，直至次日黎明前都无法被再度使用。"
  },
  "en": {
    "name": "Gold Dragon Scale Mail",
    "source": "DMG",
    "page": 165,
    "srd": true,
    "reprintedAs": [
      "Gold Dragon Scale Mail|XDMG"
    ],
    "type": "MA",
    "resist": [
      "fire"
    ],
    "tier": "major",
    "rarity": "very rare",
    "reqAttune": true,
    "weight": 45,
    "ac": 14,
    "bonusAc": "+1",
    "stealth": true,
    "entries": [
      "Dragon scale mail is made of the scales of one kind of dragon. Sometimes dragons collect their cast-off scales and gift them to humanoids. Other times, hunters carefully skin and preserve the hide of a dead dragon. In either case, dragon scale mail is highly valued. While wearing this armor, you gain a +1 bonus to AC, you have advantage on saving throws against the Frightful Presence and breath weapons of dragons, and you have resistance to fire damage.",
      "Additionally, you can focus your senses as an action to magically discern the distance and direction to the closest gold dragon within 30 miles of you. This special action can't be used again until the next dawn."
    ],
    "html": "Dragon scale mail is made of the scales of one kind of dragon. Sometimes dragons collect their cast-off scales and gift them to humanoids. Other times, hunters carefully skin and preserve the hide of a dead dragon. In either case, dragon scale mail is highly valued. While wearing this armor, you gain a +1 bonus to AC, you have advantage on saving throws against the Frightful Presence and breath weapons of dragons, and you have resistance to fire damage.\nAdditionally, you can focus your senses as an action to magically discern the distance and direction to the closest gold dragon within 30 miles of you. This special action can't be used again until the next dawn."
  },
  "bonus": {
    "ac": 1
  }
}