{
  "dataType": "item",
  "uid": "item_Boomerang Shield|BMT ",
  "id": "Boomerang Shield|BMT",
  "weight": 6,
  "rarity": "uncommon",
  "isBaseItem": false,
  "baseItem": "shield|PHB",
  "displayName": {
    "zh": "回旋战盾",
    "en": "Boomerang Shield"
  },
  "mainSource": {
    "source": "BMT",
    "page": 66
  },
  "allSources": [
    {
      "source": "BMT",
      "page": 66
    }
  ],
  "zh": {
    "name": "回旋战盾",
    "source": "BMT",
    "page": 66,
    "baseItem": "护盾术|PHB",
    "type": "S",
    "rarity": "uncommon",
    "reqAttune": true,
    "weight": 6,
    "ac": 2,
    "entries": [
      "你可以用这把魔法盾牌发动远程武器攻击。它具有20尺的通常射程与60尺的最大射程，且它的攻击检定使用你的力量属性或敏捷属性（由你选择）。如果你具有盾牌的熟练项，那么你也将熟练于用这把盾牌发起的攻击检定。命中时，它将造成{@damage 1d6}点挥砍伤害。如果你投掷了盾牌，不论是攻击是否命中，它都会在攻击后立刻重新飞回你的手上。"
    ],
    "ENG_name": "Boomerang Shield",
    "html": "你可以用这把魔法盾牌发动远程武器攻击。它具有20尺的通常射程与60尺的最大射程，且它的攻击检定使用你的力量属性或敏捷属性（由你选择）。如果你具有盾牌的熟练项，那么你也将熟练于用这把盾牌发起的攻击检定。命中时，它将造成{{@damage|1d6}}点挥砍伤害。如果你投掷了盾牌，不论是攻击是否命中，它都会在攻击后立刻重新飞回你的手上。"
  },
  "en": {
    "name": "Boomerang Shield",
    "source": "BMT",
    "page": 66,
    "baseItem": "shield|PHB",
    "type": "S",
    "rarity": "uncommon",
    "reqAttune": true,
    "weight": 6,
    "ac": 2,
    "entries": [
      "You can make a ranged weapon attack with this magic shield. It has a normal range of 20 feet and a long range of 60 feet, and it uses your Strength or Dexterity for the attack roll (your choice). If you're proficient with shields, you are proficient with attacks made using this shield. On a hit, it deals {@damage 1d6} slashing damage. If you throw the shield, it reappears in your hand the instant after it hits or misses a target."
    ],
    "html": "You can make a ranged weapon attack with this magic shield. It has a normal range of 20 feet and a long range of 60 feet, and it uses your Strength or Dexterity for the attack roll (your choice). If you're proficient with shields, you are proficient with attacks made using this shield. On a hit, it deals {{@damage|1d6}} slashing damage. If you throw the shield, it reappears in your hand the instant after it hits or misses a target."
  },
  "bonus": {}
}