{
  "dataType": "item",
  "uid": "item_Medal of Wit|CRCotN ",
  "id": "Medal of Wit|CRCotN",
  "rarity": "common",
  "isBaseItem": false,
  "baseItem": "",
  "displayName": {
    "zh": "智慧奖章",
    "en": "Medal of Wit"
  },
  "mainSource": {
    "source": "CRCotN",
    "page": 214
  },
  "allSources": [
    {
      "source": "CRCotN",
      "page": 214
    }
  ],
  "zh": {
    "name": "智慧奖章",
    "source": "CRCotN",
    "page": 214,
    "rarity": "common",
    "wondrous": true,
    "entries": [
      "你可以将这枚奖章按在太阳穴上作为动作。这样做可以让你在接下来的1小时内，在智力检定和智力豁免检定上获得优势。一旦使用了这个属性，它就无法再次使用，奖章也会变成非魔法物品。"
    ],
    "ENG_name": "Medal of Wit",
    "html": "你可以将这枚奖章按在太阳穴上作为动作。这样做可以让你在接下来的1小时内，在智力检定和智力豁免检定上获得优势。一旦使用了这个属性，它就无法再次使用，奖章也会变成非魔法物品。"
  },
  "en": {
    "name": "Medal of Wit",
    "source": "CRCotN",
    "page": 214,
    "rarity": "common",
    "wondrous": true,
    "entries": [
      "You can press this medal to your temple as an action. Doing so gives you advantage on Intelligence checks and Intelligence saving throws for 1 hour. Once this property has been used, it can't be used again, and the medal becomes nonmagical."
    ],
    "html": "You can press this medal to your temple as an action. Doing so gives you advantage on Intelligence checks and Intelligence saving throws for 1 hour. Once this property has been used, it can't be used again, and the medal becomes nonmagical."
  },
  "bonus": {}
}