{
  "dataType": "item",
  "uid": "item_Wayfarer's Boots|BGG ",
  "id": "Wayfarer's Boots|BGG",
  "rarity": "rare",
  "isBaseItem": false,
  "baseItem": "",
  "displayName": {
    "zh": "旅人之靴",
    "en": "Wayfarer's Boots"
  },
  "mainSource": {
    "source": "BGG",
    "page": 117
  },
  "allSources": [
    {
      "source": "BGG",
      "page": 117
    }
  ],
  "zh": {
    "name": "旅人之靴",
    "source": "BGG",
    "page": 117,
    "rarity": "rare",
    "reqAttune": true,
    "wondrous": true,
    "entries": [
      "这双靴子使用坚固耐用的布料制成，金色的丝线在两只靴子的脚后跟上各缝纫着旅途符文。穿着这对靴子期间，你的步行速度增加10尺，且你进行的感知（{@skill 生存}）检定具有优势。",
      {
        "ENG_name": "Invoking the Runes",
        "name": "激活符文",
        "type": "entries",
        "entries": [
          "以一个附赠动作，你可以激活这对靴子上的符文以用其施放{@spell 脚底抹油}法术。此符文被激活后，直到次日拂晓为止都无法被再度激活。"
        ]
      }
    ],
    "attachedSpells": {
      "daily": {
        "1e": [
          "脚底抹油"
        ]
      }
    },
    "ENG_name": "Wayfarer's Boots",
    "html": "这双靴子使用坚固耐用的布料制成，金色的丝线在两只靴子的脚后跟上各缝纫着旅途符文。穿着这对靴子期间，你的步行速度增加10尺，且你进行的感知（{{@skill|生存}}）检定具有优势。\n<div class=\"parser-entries\"><div class=\"parser-entries-name\">激活符文</div><div class=\"parser-entries-eng-name\">Invoking the Runes</div><div class=\"parser-entries-content\">以一个附赠动作，你可以激活这对靴子上的符文以用其施放{{@spell|脚底抹油}}法术。此符文被激活后，直到次日拂晓为止都无法被再度激活。</div></div>"
  },
  "en": {
    "name": "Wayfarer's Boots",
    "source": "BGG",
    "page": 117,
    "rarity": "rare",
    "reqAttune": true,
    "wondrous": true,
    "entries": [
      "This pair of boots is made of durable cloth, with the journey rune stitched in golden thread above each heel. While you are wearing this item, your walking speed increases by 10 feet, and you have advantage on Wisdom ({@skill Survival}) checks.",
      {
        "type": "entries",
        "name": "Invoking the Runes",
        "entries": [
          "As a bonus action, you can invoke the boots' runes to cast the {@spell expeditious retreat} spell with them. Once the runes have been invoked, they can't be invoked again until the next dawn."
        ]
      }
    ],
    "attachedSpells": {
      "daily": {
        "1e": [
          "expeditious retreat"
        ]
      }
    },
    "html": "This pair of boots is made of durable cloth, with the journey rune stitched in golden thread above each heel. While you are wearing this item, your walking speed increases by 10 feet, and you have advantage on Wisdom ({{@skill|Survival}}) checks.\n<div class=\"parser-entries\"><div class=\"parser-entries-name\">Invoking the Runes</div><div class=\"parser-entries-content\">As a bonus action, you can invoke the boots' runes to cast the {{@spell|expeditious retreat}} spell with them. Once the runes have been invoked, they can't be invoked again until the next dawn.</div></div>"
  },
  "bonus": {}
}