{
  "dataType": "item",
  "uid": "item_Blade of Avernus|BGDIA ",
  "id": "Blade of Avernus|BGDIA",
  "weight": 3,
  "rarity": "artifact",
  "isBaseItem": false,
  "baseItem": "longsword|phb",
  "displayName": {
    "zh": "阿弗纳斯之刃",
    "en": "Blade of Avernus"
  },
  "mainSource": {
    "source": "BGDIA",
    "page": 150
  },
  "allSources": [
    {
      "source": "BGDIA",
      "page": 150
    }
  ],
  "zh": {
    "name": "阿弗纳斯之刃",
    "source": "BGDIA",
    "page": 150,
    "baseItem": "长剑|PHB",
    "type": "M",
    "rarity": "artifact",
    "reqAttune": true,
    "weight": 3,
    "weaponCategory": "军用",
    "property": [
      "V"
    ],
    "dmg1": "1d8",
    "dmgType": "S",
    "dmg2": "1d10",
    "bonusWeapon": "+3",
    "entries": [
      "使用这把魔法武器进行的攻击和伤害检定，你获得+3的加值。此外，该武器无视对挥砍伤害的抗性。",
      "当你使用这个武器攻击至少有一个头的生物，并且在攻击骰上掷出20时，你将切断生物的一个头。如果生物失去头无法存活，则生物死亡。如果生物对挥砍伤害免疫，没有或不需要头部，具有传奇行动，或者DM决定生物太大，无法用这个武器切断头部，则生物免疫此效果。这样的生物在命中时反而受到额外的{@damage 6d8}挥砍伤害。",
      {
        "ENG_name": "Random Properties",
        "name": "随机词条",
        "type": "entries",
        "entries": [
          "这把剑具有以下随机确定的属性，如《地下城主指南》第7章所述：",
          {
            "type": "list",
            "items": [
              "2 {@table 神器词条; 次要增益词条|DMG|次要增益词条}",
              "1 {@table 神器词条; 主要增益词条|DMG|强效增益属性}",
              "1 {@table 神器词条; 主要减益词条|DMG|强效减益属性}，当剑与大恶魔协调时被抑制"
            ]
          }
        ]
      },
      {
        "ENG_name": "Ruler of Avernus",
        "name": "阿弗纳斯的统治者",
        "type": "entries",
        "entries": [
          "作为一个动作，你可以将此剑指向你能看到的60英尺范围内的一个魔鬼。该魔鬼必须成功通过一个{@dc 22}魅力豁免检定，否则将被你{@condition 魅惑}1小时。在被{@condition 魅惑}的状态下，魔鬼将尽其所能遵循你的命令。如果你命令魔鬼去做某些它认为自杀性的事情，效果将结束，并且你不能再对该魔鬼使用此剑的这个能力。"
        ]
      },
      {
        "ENG_name": "Infernal Recall",
        "name": "地狱回返",
        "type": "entries",
        "entries": [
          "作为一项行动，你可以使用这把剑施放{@spell 回返真言}。被这个法术传送的生物将出现在阿弗纳斯当前统治者30尺内的未被占用的空间，或者如果你统治阿弗纳斯，出现在你指定的避难所。"
        ]
      },
      {
        "ENG_name": "Destroying the Sword",
        "name": "摧毁此剑",
        "type": "entries",
        "entries": [
          "这把剑可以通过将其投入冥河或在创造它的熔炉中熔化来摧毁。"
        ]
      }
    ],
    "attachedSpells": [
      "回返真言"
    ],
    "ENG_name": "Blade of Avernus",
    "html": "使用这把魔法武器进行的攻击和伤害检定，你获得+3的加值。此外，该武器无视对挥砍伤害的抗性。\n当你使用这个武器攻击至少有一个头的生物，并且在攻击骰上掷出20时，你将切断生物的一个头。如果生物失去头无法存活，则生物死亡。如果生物对挥砍伤害免疫，没有或不需要头部，具有传奇行动，或者DM决定生物太大，无法用这个武器切断头部，则生物免疫此效果。这样的生物在命中时反而受到额外的{{@damage|6d8}}挥砍伤害。\n<div class=\"parser-entries\"><div class=\"parser-entries-name\">随机词条</div><div class=\"parser-entries-eng-name\">Random Properties</div><div class=\"parser-entries-content\">这把剑具有以下随机确定的属性，如《地下城主指南》第7章所述：<ul class=\"parser-list parser-list-default\"><li>2 {{@table|神器词条; 次要增益词条|DMG|次要增益词条}}</li><li>1 {{@table|神器词条; 主要增益词条|DMG|强效增益属性}}</li><li>1 {{@table|神器词条; 主要减益词条|DMG|强效减益属性}}，当剑与大恶魔协调时被抑制</li></ul></div></div>\n<div class=\"parser-entries\"><div class=\"parser-entries-name\">阿弗纳斯的统治者</div><div class=\"parser-entries-eng-name\">Ruler of Avernus</div><div class=\"parser-entries-content\">作为一个动作，你可以将此剑指向你能看到的60英尺范围内的一个魔鬼。该魔鬼必须成功通过一个{{@dc|22}}魅力豁免检定，否则将被你{{@condition|魅惑}}1小时。在被{{@condition|魅惑}}的状态下，魔鬼将尽其所能遵循你的命令。如果你命令魔鬼去做某些它认为自杀性的事情，效果将结束，并且你不能再对该魔鬼使用此剑的这个能力。</div></div>\n<div class=\"parser-entries\"><div class=\"parser-entries-name\">地狱回返</div><div class=\"parser-entries-eng-name\">Infernal Recall</div><div class=\"parser-entries-content\">作为一项行动，你可以使用这把剑施放{{@spell|回返真言}}。被这个法术传送的生物将出现在阿弗纳斯当前统治者30尺内的未被占用的空间，或者如果你统治阿弗纳斯，出现在你指定的避难所。</div></div>\n<div class=\"parser-entries\"><div class=\"parser-entries-name\">摧毁此剑</div><div class=\"parser-entries-eng-name\">Destroying the Sword</div><div class=\"parser-entries-content\">这把剑可以通过将其投入冥河或在创造它的熔炉中熔化来摧毁。</div></div>"
  },
  "en": {
    "name": "Blade of Avernus",
    "source": "BGDIA",
    "page": 150,
    "baseItem": "longsword|phb",
    "type": "M",
    "rarity": "artifact",
    "reqAttune": true,
    "weight": 3,
    "weaponCategory": "martial",
    "property": [
      "V"
    ],
    "dmg1": "1d8",
    "dmgType": "S",
    "dmg2": "1d10",
    "bonusWeapon": "+3",
    "entries": [
      "You gain a +3 bonus to attack and damage rolls made with this magic weapon. In addition, the weapon ignores resistance to slashing damage.",
      "When you attack a creature that has at least one head with this weapon and roll a 20 on the attack roll, you cut off one of the creature's heads. The creature dies if it can't survive without the lost head. A creature is immune to this effect if it is immune to slashing damage, doesn't have or need a head, has legendary actions, or the DM decides that the creature is too big for its head to be cut off with this weapon. Such a creature instead takes an extra {@damage 6d8} slashing damage from the hit.",
      {
        "type": "entries",
        "name": "Random Properties",
        "entries": [
          "The sword has the following randomly determined properties, as described in chapter 7 of the Dungeon Master's Guide:",
          {
            "type": "list",
            "items": [
              "2 {@table Artifact Properties; Minor Beneficial Properties|dmg|minor beneficial properties}",
              "1 {@table Artifact Properties; Major Beneficial Properties|dmg|major beneficial property}",
              "1 {@table Artifact Properties; Major Detrimental Properties|dmg|major detrimental property}, which is suppressed while the sword is attuned to an archdevil"
            ]
          }
        ]
      },
      {
        "type": "entries",
        "name": "Ruler of Avernus",
        "entries": [
          "As an action, you can point this sword at one devil you can see within 60 feet of you. That devil must succeed on a {@dc 22} Charisma saving throw or be {@condition charmed} by you for 1 hour. While {@condition charmed} in this way, the devil follows your orders to the best of its ability. If you command the devil to do something it perceives as suicidal, the effect ends and you can no longer use this power of the sword against that devil."
        ]
      },
      {
        "type": "entries",
        "name": "Infernal Recall",
        "entries": [
          "As an action, you can use the sword to cast {@spell word of recall}. Creatures transported by this spell appear in an unoccupied space within 30 feet of the current ruler of Avernus, or a sanctuary you designate if you rule Avernus."
        ]
      },
      {
        "type": "entries",
        "name": "Destroying the Sword",
        "entries": [
          "The sword can be destroyed by casting it into the River Styx or melting it down in the forge that created it."
        ]
      }
    ],
    "attachedSpells": [
      "word of recall"
    ],
    "html": "You gain a +3 bonus to attack and damage rolls made with this magic weapon. In addition, the weapon ignores resistance to slashing damage.\nWhen you attack a creature that has at least one head with this weapon and roll a 20 on the attack roll, you cut off one of the creature's heads. The creature dies if it can't survive without the lost head. A creature is immune to this effect if it is immune to slashing damage, doesn't have or need a head, has legendary actions, or the DM decides that the creature is too big for its head to be cut off with this weapon. Such a creature instead takes an extra {{@damage|6d8}} slashing damage from the hit.\n<div class=\"parser-entries\"><div class=\"parser-entries-name\">Random Properties</div><div class=\"parser-entries-content\">The sword has the following randomly determined properties, as described in chapter 7 of the Dungeon Master's Guide:<ul class=\"parser-list parser-list-default\"><li>2 {{@table|Artifact Properties; Minor Beneficial Properties|dmg|minor beneficial properties}}</li><li>1 {{@table|Artifact Properties; Major Beneficial Properties|dmg|major beneficial property}}</li><li>1 {{@table|Artifact Properties; Major Detrimental Properties|dmg|major detrimental property}}, which is suppressed while the sword is attuned to an archdevil</li></ul></div></div>\n<div class=\"parser-entries\"><div class=\"parser-entries-name\">Ruler of Avernus</div><div class=\"parser-entries-content\">As an action, you can point this sword at one devil you can see within 60 feet of you. That devil must succeed on a {{@dc|22}} Charisma saving throw or be {{@condition|charmed}} by you for 1 hour. While {{@condition|charmed}} in this way, the devil follows your orders to the best of its ability. If you command the devil to do something it perceives as suicidal, the effect ends and you can no longer use this power of the sword against that devil.</div></div>\n<div class=\"parser-entries\"><div class=\"parser-entries-name\">Infernal Recall</div><div class=\"parser-entries-content\">As an action, you can use the sword to cast {{@spell|word of recall}}. Creatures transported by this spell appear in an unoccupied space within 30 feet of the current ruler of Avernus, or a sanctuary you designate if you rule Avernus.</div></div>\n<div class=\"parser-entries\"><div class=\"parser-entries-name\">Destroying the Sword</div><div class=\"parser-entries-content\">The sword can be destroyed by casting it into the River Styx or melting it down in the forge that created it.</div></div>"
  },
  "weapon": {
    "category": "martial",
    "weaponCategory": "martial",
    "dmg1": "1d8",
    "dmg2": "1d10",
    "dmgType": "S",
    "dmgs": [
      "1d8",
      "1d10"
    ],
    "property": [
      "V"
    ]
  },
  "bonus": {
    "weapon": 3
  }
}