{
  "dataType": "item",
  "uid": "item_Cartographer's Map Case|AI ",
  "id": "Cartographer's Map Case|AI",
  "rarity": "common",
  "isBaseItem": false,
  "full": {
    "en": {
      "images": [
        {
          "type": "image",
          "href": {
            "type": "internal",
            "path": "items/AI/cartographers-map-case.webp"
          },
          "credit": "Chris Walton"
        }
      ]
    },
    "zh": {
      "images": [
        {
          "type": "image",
          "href": {
            "type": "internal",
            "path": "items/AI/cartographers-map-case.webp"
          },
          "credit": "Chris Walton"
        }
      ]
    }
  },
  "baseItem": "",
  "displayName": {
    "zh": "制作师的地图盒",
    "en": "Cartographer's Map Case"
  },
  "mainSource": {
    "source": "AI",
    "page": 20
  },
  "allSources": [
    {
      "source": "AI",
      "page": 20
    }
  ],
  "zh": {
    "name": "制作师的地图盒",
    "source": "AI",
    "page": 20,
    "rarity": "common",
    "wondrous": true,
    "entries": [
      {
        "ENG_name": "Map of Shortcuts",
        "name": "捷径之图",
        "type": "entries",
        "entries": [
          "第3级起，你的地图盒变成一件普通品质的魔法物品。除了存储普通地图外，你的地图盒还能生成一份特殊地图，用以识别一条捷径。你可以用一个动作进行一次{@dc 15}的感知（{@skill 察觉}）检定，若检定成功，你会在制图师的地图盒里发现一张地图，上面标注着通往目标地点的捷径。当你的队伍在遵循该路线行进时，行进时间减少一半。若你成功的检定骰值超过难度5点，地图上还将包括对地形的备注，使你在穿越该区域的一小时内的下一个属性检定获得优势。一旦使用了此特性，你在完成一次长休之前无法再次使用。"
        ]
      },
      {
        "ENG_name": "Map of the Moment",
        "name": "须臾之图",
        "type": "entries",
        "entries": [
          "第3级起，你可以使用一个动作进行一次{@dc 15}的感知（{@skill 察觉}）检定，搜索你的制图师的地图盒以找到一张与你当前任务相关、或引向新任务的地图。检定成功时，你将找到一张标注好了地标的地图。地图上标记了关于地标周围一英里范围内的自然地形的信息。一旦使用了此功能，你在七天后的黎明之前无法再次使用。",
          {
            "type": "table",
            "caption": "可能的地图任务地标",
            "colLabels": [
              "d8",
              "地标"
            ],
            "colStyles": [
              "col-2 text-center",
              "col-10"
            ],
            "rows": [
              [
                "1",
                "杰拉德·史密斯的古石棺"
              ],
              [
                "2",
                "一棵标有\"这棵树\"的树"
              ],
              [
                "3",
                "\"吾兄长眠之地，亦是熊之洞穴\""
              ],
              [
                "4",
                "被称为\"微微摇晃山峰\"的一系列峰顶"
              ],
              [
                "5",
                "一个能源源不断地涌出纯净清水的非魔法水龙头，在空无之处的中央"
              ],
              [
                "6",
                "一个充满了尖叫荧光蠕虫的洞穴"
              ],
              [
                "7",
                "方圆十英里内闹鬼最严重的森林"
              ],
              [
                "8",
                "一堆视野范围内没有其他石头的巨型石堆"
              ]
            ]
          }
        ]
      }
    ],
    "hasFluffImages": true,
    "ENG_name": "Cartographer's Map Case",
    "html": "<div class=\"parser-entries\"><div class=\"parser-entries-name\">捷径之图</div><div class=\"parser-entries-eng-name\">Map of Shortcuts</div><div class=\"parser-entries-content\">第3级起，你的地图盒变成一件普通品质的魔法物品。除了存储普通地图外，你的地图盒还能生成一份特殊地图，用以识别一条捷径。你可以用一个动作进行一次{{@dc|15}}的感知（{{@skill|察觉}}）检定，若检定成功，你会在制图师的地图盒里发现一张地图，上面标注着通往目标地点的捷径。当你的队伍在遵循该路线行进时，行进时间减少一半。若你成功的检定骰值超过难度5点，地图上还将包括对地形的备注，使你在穿越该区域的一小时内的下一个属性检定获得优势。一旦使用了此特性，你在完成一次长休之前无法再次使用。</div></div>\n<div class=\"parser-entries\"><div class=\"parser-entries-name\">须臾之图</div><div class=\"parser-entries-eng-name\">Map of the Moment</div><div class=\"parser-entries-content\">第3级起，你可以使用一个动作进行一次{{@dc|15}}的感知（{{@skill|察觉}}）检定，搜索你的制图师的地图盒以找到一张与你当前任务相关、或引向新任务的地图。检定成功时，你将找到一张标注好了地标的地图。地图上标记了关于地标周围一英里范围内的自然地形的信息。一旦使用了此功能，你在七天后的黎明之前无法再次使用。<table class=\"wiki-table\"><caption>可能的地图任务地标</caption><tr><th class=\"parser-col-2 text-center\">d8</th><th class=\"parser-col-10\">地标</th></tr><tr><td class=\"parser-col-2 text-center\">1</td><td class=\"parser-col-10\">杰拉德·史密斯的古石棺</td></tr><tr><td class=\"parser-col-2 text-center\">2</td><td class=\"parser-col-10\">一棵标有\"这棵树\"的树</td></tr><tr><td class=\"parser-col-2 text-center\">3</td><td class=\"parser-col-10\">\"吾兄长眠之地，亦是熊之洞穴\"</td></tr><tr><td class=\"parser-col-2 text-center\">4</td><td class=\"parser-col-10\">被称为\"微微摇晃山峰\"的一系列峰顶</td></tr><tr><td class=\"parser-col-2 text-center\">5</td><td class=\"parser-col-10\">一个能源源不断地涌出纯净清水的非魔法水龙头，在空无之处的中央</td></tr><tr><td class=\"parser-col-2 text-center\">6</td><td class=\"parser-col-10\">一个充满了尖叫荧光蠕虫的洞穴</td></tr><tr><td class=\"parser-col-2 text-center\">7</td><td class=\"parser-col-10\">方圆十英里内闹鬼最严重的森林</td></tr><tr><td class=\"parser-col-2 text-center\">8</td><td class=\"parser-col-10\">一堆视野范围内没有其他石头的巨型石堆</td></tr></table></div></div>"
  },
  "en": {
    "name": "Cartographer's Map Case",
    "source": "AI",
    "page": 20,
    "rarity": "common",
    "wondrous": true,
    "entries": [
      {
        "type": "entries",
        "name": "Map of Shortcuts",
        "entries": [
          "At rank 3, your map case becomes a common magic item. In addition to storing normal maps, your cartographer's map case can be used to generate a special map identifying a shortcut. You can use your action to make a {@dc 15} Wisdom ({@skill Perception}) check, with a success revealing a map buried in your cartographer's map case noting a relevant shortcut. Your travel time is reduced by half while you follow that route. If you succeed at the check by 5 or more, the map includes notes on the terrain, granting you advantage on the next ability check you make to travel through the mapped area in the next hour. Once you use this feature, you cannot use it again until you finish a long rest."
        ]
      },
      {
        "type": "entries",
        "name": "Map of the Moment",
        "entries": [
          "Starting at rank 3, you can use an action to make a {@dc 15} Wisdom ({@skill Perception}) check and search your cartographer's map case to find a map either related to your current mission or inspiring a new one. On a success, you find a map with a prominent landmark. The map has information on the natural terrain within one mile of the landmark. Once you use this feature, you cannot use it again until dawn seven days later.",
          {
            "type": "table",
            "caption": "Possible Map Mission Landmarks",
            "colLabels": [
              "d8",
              "Landmark"
            ],
            "colStyles": [
              "col-2 text-center",
              "col-10"
            ],
            "rows": [
              [
                "1",
                "The Ancient Sarcophagus of Gerald Smith"
              ],
              [
                "2",
                "A tree labeled \"This tree\""
              ],
              [
                "3",
                "\"The Last Resting Place of My Rich Brother that is Also a Bear Cave\""
              ],
              [
                "4",
                "A range of peaks known as the Slightly Wobbly Spires"
              ],
              [
                "5",
                "An ever-flowing, nonmagical spigot of pure, clear water in the middle of nowhere"
              ],
              [
                "6",
                "A cave filled with screaming bioluminescent worms"
              ],
              [
                "7",
                "The most haunted forest for ten miles in any direction"
              ],
              [
                "8",
                "A huge pile of rocks with no other rocks within sight"
              ]
            ]
          }
        ]
      }
    ],
    "hasFluffImages": true,
    "html": "<div class=\"parser-entries\"><div class=\"parser-entries-name\">Map of Shortcuts</div><div class=\"parser-entries-content\">At rank 3, your map case becomes a common magic item. In addition to storing normal maps, your cartographer's map case can be used to generate a special map identifying a shortcut. You can use your action to make a {{@dc|15}} Wisdom ({{@skill|Perception}}) check, with a success revealing a map buried in your cartographer's map case noting a relevant shortcut. Your travel time is reduced by half while you follow that route. If you succeed at the check by 5 or more, the map includes notes on the terrain, granting you advantage on the next ability check you make to travel through the mapped area in the next hour. Once you use this feature, you cannot use it again until you finish a long rest.</div></div>\n<div class=\"parser-entries\"><div class=\"parser-entries-name\">Map of the Moment</div><div class=\"parser-entries-content\">Starting at rank 3, you can use an action to make a {{@dc|15}} Wisdom ({{@skill|Perception}}) check and search your cartographer's map case to find a map either related to your current mission or inspiring a new one. On a success, you find a map with a prominent landmark. The map has information on the natural terrain within one mile of the landmark. Once you use this feature, you cannot use it again until dawn seven days later.<table class=\"wiki-table\"><caption>Possible Map Mission Landmarks</caption><tr><th class=\"parser-col-2 text-center\">d8</th><th class=\"parser-col-10\">Landmark</th></tr><tr><td class=\"parser-col-2 text-center\">1</td><td class=\"parser-col-10\">The Ancient Sarcophagus of Gerald Smith</td></tr><tr><td class=\"parser-col-2 text-center\">2</td><td class=\"parser-col-10\">A tree labeled \"This tree\"</td></tr><tr><td class=\"parser-col-2 text-center\">3</td><td class=\"parser-col-10\">\"The Last Resting Place of My Rich Brother that is Also a Bear Cave\"</td></tr><tr><td class=\"parser-col-2 text-center\">4</td><td class=\"parser-col-10\">A range of peaks known as the Slightly Wobbly Spires</td></tr><tr><td class=\"parser-col-2 text-center\">5</td><td class=\"parser-col-10\">An ever-flowing, nonmagical spigot of pure, clear water in the middle of nowhere</td></tr><tr><td class=\"parser-col-2 text-center\">6</td><td class=\"parser-col-10\">A cave filled with screaming bioluminescent worms</td></tr><tr><td class=\"parser-col-2 text-center\">7</td><td class=\"parser-col-10\">The most haunted forest for ten miles in any direction</td></tr><tr><td class=\"parser-col-2 text-center\">8</td><td class=\"parser-col-10\">A huge pile of rocks with no other rocks within sight</td></tr></table></div></div>"
  },
  "bonus": {}
}