{
  "dataType": "item",
  "uid": "item_Shield of the Tortoise|BMT ",
  "id": "Shield of the Tortoise|BMT",
  "weight": 6,
  "rarity": "uncommon",
  "isBaseItem": false,
  "full": {
    "en": {
      "images": [
        {
          "type": "image",
          "href": {
            "type": "internal",
            "path": "items/BMT/Shield of the Tortoise.webp"
          }
        }
      ]
    },
    "zh": {
      "images": [
        {
          "type": "image",
          "href": {
            "type": "internal",
            "path": "items/BMT/Shield of the Tortoise.webp"
          }
        }
      ]
    }
  },
  "baseItem": "shield|PHB",
  "displayName": {
    "zh": "龟壳重盾",
    "en": "Shield of the Tortoise"
  },
  "mainSource": {
    "source": "BMT",
    "page": 67
  },
  "allSources": [
    {
      "source": "BMT",
      "page": 67
    }
  ],
  "zh": {
    "name": "龟壳重盾",
    "source": "BMT",
    "page": 67,
    "baseItem": "护盾术|PHB",
    "type": "S",
    "rarity": "uncommon",
    "reqAttune": true,
    "curse": true,
    "weight": 6,
    "ac": 2,
    "bonusAc": "+1",
    "entries": [
      "着装这面盾牌期间，你的AC具有+1加值。这一加值可与盾牌的普通AC加值叠加。",
      {
        "ENG_name": "Curse",
        "name": "诅咒",
        "type": "entries",
        "entries": [
          "这件物品被诅咒了。与其同调时，其上方的诅咒会蔓延至你的身上，直至你成为{@spell 移除诅咒}法术或类似魔法的目标为止。诅咒期间，你无法卸下这面盾牌，也无法解除与之的同调。只要被诅咒，你的行动就会变得无比迟缓。你的速度减半。当你掷先攻时，将你在{@dice d20}上的掷骰结果视为1。你无法以任何方式改变你的先攻结果。"
        ]
      }
    ],
    "hasFluffImages": true,
    "ENG_name": "Shield of the Tortoise",
    "html": "着装这面盾牌期间，你的AC具有+1加值。这一加值可与盾牌的普通AC加值叠加。\n<div class=\"parser-entries\"><div class=\"parser-entries-name\">诅咒</div><div class=\"parser-entries-eng-name\">Curse</div><div class=\"parser-entries-content\">这件物品被诅咒了。与其同调时，其上方的诅咒会蔓延至你的身上，直至你成为{{@spell|移除诅咒}}法术或类似魔法的目标为止。诅咒期间，你无法卸下这面盾牌，也无法解除与之的同调。只要被诅咒，你的行动就会变得无比迟缓。你的速度减半。当你掷先攻时，将你在{{@dice|d20}}上的掷骰结果视为1。你无法以任何方式改变你的先攻结果。</div></div>"
  },
  "en": {
    "name": "Shield of the Tortoise",
    "source": "BMT",
    "page": 67,
    "baseItem": "shield|PHB",
    "type": "S",
    "rarity": "uncommon",
    "reqAttune": true,
    "curse": true,
    "weight": 6,
    "ac": 2,
    "bonusAc": "+1",
    "entries": [
      "While you are wielding this shield, you gain a +1 bonus to AC. This bonus is in addition to the shield's normal bonus to AC.",
      {
        "type": "entries",
        "name": "Curse",
        "entries": [
          "This item is cursed. Attuning to it extends the curse to you until you are targeted by a {@spell Remove Curse} spell or similar magic. You cannot discard the shield, and remain attuned to it, as long as you are cursed. As long as you are cursed, you are sluggish. Your speed is halved. When you roll initiative, treat the roll on your {@dice d20} as a 1. You can't change your initiative by any means."
        ]
      }
    ],
    "hasFluffImages": true,
    "html": "While you are wielding this shield, you gain a +1 bonus to AC. This bonus is in addition to the shield's normal bonus to AC.\n<div class=\"parser-entries\"><div class=\"parser-entries-name\">Curse</div><div class=\"parser-entries-content\">This item is cursed. Attuning to it extends the curse to you until you are targeted by a {{@spell|Remove Curse}} spell or similar magic. You cannot discard the shield, and remain attuned to it, as long as you are cursed. As long as you are cursed, you are sluggish. Your speed is halved. When you roll initiative, treat the roll on your {{@dice|d20}} as a 1. You can't change your initiative by any means.</div></div>"
  },
  "bonus": {
    "ac": 1
  }
}