{
  "dataType": "item",
  "uid": "item_True-Ice Shards (Dagger)|CoA ",
  "id": "True-Ice Shards (Dagger)|CoA",
  "rarity": "artifact",
  "isBaseItem": false,
  "baseItem": "dagger|phb",
  "displayName": {
    "zh": "真冰碎片（匕首）",
    "en": "True-Ice Shards (Dagger)"
  },
  "mainSource": {
    "source": "CoA",
    "page": 275
  },
  "allSources": [
    {
      "source": "CoA",
      "page": 275
    }
  ],
  "zh": {
    "name": "真冰碎片（匕首）",
    "source": "CoA",
    "page": 275,
    "baseItem": "匕首|PHB",
    "type": "M",
    "rarity": "artifact",
    "reqAttune": true,
    "weaponCategory": "简易",
    "property": [
      "F",
      "L",
      "T"
    ],
    "range": "20/60",
    "dmg1": "1d6",
    "dmgType": "C",
    "bonusAc": "+3",
    "entries": [
      "{@note 此物品与{@item 真冰碎片（刺剑）|CoA}配对}",
      "由他被囚禁的冰川中精心打造而成，真冰碎片是莱维图斯使用的一对轻剑和招架匕首（主手短剑）。它们体现了他在冰川中度过的时间，增强了心灵感应、占卜和防御能力。由于他对冰的控制，莱维图斯可以从任何地方召唤出真冰碎片，包括它们被摧毁的情况。",
      "使用这把魔法匕首时，只要你将其作为副手武器使用，你的AC将获得+3的加值，并且它造成的伤害是{@damage 1d6}的寒冷伤害，而不是常规伤害。",
      "由于莱维图斯可以随意召唤真冰碎片，他经常将这件神器的副本奖励给他最忠诚的追随者。副本与原件完全相同，只有一个例外：莱维图斯可以随时摧毁或取回副本。",
      {
        "ENG_name": "Random Properties",
        "name": "随机词条",
        "type": "entries",
        "entries": [
          "真冰碎片具有以下随机属性：",
          {
            "type": "list",
            "items": [
              "2项{@table 神器词条; 主要增益词条|DMG|强效增益}属性",
              "2 项{@table 神器词条; 次要减益词条|DMG|弱效减益}属性",
              "一个{@table 神器词条; 主要减益词条|DMG|强效减益}属性"
            ]
          }
        ]
      },
      {
        "ENG_name": "Sub-Zero",
        "name": "绝对零度",
        "type": "entries",
        "entries": [
          "使用碎片造成的寒冷伤害无视抗性和免疫。对寒冷伤害易感的生物从真冰碎片受到的伤害是三倍，而不是双倍。",
          "在用碎片伤害生物后，你可以使用一个奖励动作强制该生物进行一次{@dc 22}体质豁免掷骰。若豁免失败，受到伤害的生物将会在接下来的24小时内对寒冷伤害变得易受伤害。一旦你使用了这个特性，直到你完成一次长休息之后，你才能再次使用它。"
        ]
      },
      {
        "ENG_name": "Mental Command",
        "name": "心灵强令",
        "type": "entries",
        "entries": [
          "当你与真冰碎片调谐时，你可以使用一个动作来施放{@spell 侦测思想}法术（豁免{@dc 20}），目标为任何你先前见过的生物。如果目标生物处于不同的存在位面，法术将失败。",
          "只要你保持{@status 专注}，你可以使用附赠动作向专注的生物发送心灵感应信息。只要专注和{@status 专注}持续，它就可以回复——使用附赠动作这样做。"
        ]
      },
      {
        "ENG_name": "Omniscient",
        "name": "全知",
        "type": "entries",
        "entries": [
          "你可以使用真冰碎片施放多种占卜法术。{@spell 动植物定位术}、{@spell 生物定位术}和{@spell 物件定位术}可以随意施放，没有最大范围限制。法术的其他限制仍然适用，它们不能探测存在于其他位面的主体。",
          "此外，你可以施放{@spell 探知术}（法术豁免DC为20）和{@spell 寻路术}。任一法术施放后，你必须完成一次长休才能再次施放其中任何一个。"
        ]
      },
      {
        "ENG_name": "Destroying the Shards",
        "name": "摧毁碎片",
        "type": "entries",
        "entries": [
          "只要莱维图斯还活着，摧毁真冰碎片几乎没有什么意义，因为他可以随意重新创造它们。除此之外，当碎片暴露在足够热源下时，它们可以被摧毁。一些这样的热源包括活跃火山内部、持续的地狱火源或施放的9级强大火系法术。"
        ]
      }
    ],
    "attachedSpells": {
      "will": [
        "侦测思想",
        "动植物定位术",
        "生物定位术",
        "物件定位术"
      ],
      "daily": {
        "1e": [
          "寻路术",
          "探知术"
        ]
      }
    },
    "ENG_name": "True-Ice Shards (Dagger)",
    "html": "{{@note|此物品与{@item 真冰碎片（刺剑）|CoA}}配对}\n由他被囚禁的冰川中精心打造而成，真冰碎片是莱维图斯使用的一对轻剑和招架匕首（主手短剑）。它们体现了他在冰川中度过的时间，增强了心灵感应、占卜和防御能力。由于他对冰的控制，莱维图斯可以从任何地方召唤出真冰碎片，包括它们被摧毁的情况。\n使用这把魔法匕首时，只要你将其作为副手武器使用，你的AC将获得+3的加值，并且它造成的伤害是{{@damage|1d6}}的寒冷伤害，而不是常规伤害。\n由于莱维图斯可以随意召唤真冰碎片，他经常将这件神器的副本奖励给他最忠诚的追随者。副本与原件完全相同，只有一个例外：莱维图斯可以随时摧毁或取回副本。\n<div class=\"parser-entries\"><div class=\"parser-entries-name\">随机词条</div><div class=\"parser-entries-eng-name\">Random Properties</div><div class=\"parser-entries-content\">真冰碎片具有以下随机属性：<ul class=\"parser-list parser-list-default\"><li>2项{{@table|神器词条; 主要增益词条|DMG|强效增益}}属性</li><li>2 项{{@table|神器词条; 次要减益词条|DMG|弱效减益}}属性</li><li>一个{{@table|神器词条; 主要减益词条|DMG|强效减益}}属性</li></ul></div></div>\n<div class=\"parser-entries\"><div class=\"parser-entries-name\">绝对零度</div><div class=\"parser-entries-eng-name\">Sub-Zero</div><div class=\"parser-entries-content\">使用碎片造成的寒冷伤害无视抗性和免疫。对寒冷伤害易感的生物从真冰碎片受到的伤害是三倍，而不是双倍。在用碎片伤害生物后，你可以使用一个奖励动作强制该生物进行一次{{@dc|22}}体质豁免掷骰。若豁免失败，受到伤害的生物将会在接下来的24小时内对寒冷伤害变得易受伤害。一旦你使用了这个特性，直到你完成一次长休息之后，你才能再次使用它。</div></div>\n<div class=\"parser-entries\"><div class=\"parser-entries-name\">心灵强令</div><div class=\"parser-entries-eng-name\">Mental Command</div><div class=\"parser-entries-content\">当你与真冰碎片调谐时，你可以使用一个动作来施放{{@spell|侦测思想}}法术（豁免{{@dc|20}}），目标为任何你先前见过的生物。如果目标生物处于不同的存在位面，法术将失败。只要你保持{{@status|专注}}，你可以使用附赠动作向专注的生物发送心灵感应信息。只要专注和{{@status|专注}}持续，它就可以回复——使用附赠动作这样做。</div></div>\n<div class=\"parser-entries\"><div class=\"parser-entries-name\">全知</div><div class=\"parser-entries-eng-name\">Omniscient</div><div class=\"parser-entries-content\">你可以使用真冰碎片施放多种占卜法术。{{@spell|动植物定位术}}、{{@spell|生物定位术}}和{{@spell|物件定位术}}可以随意施放，没有最大范围限制。法术的其他限制仍然适用，它们不能探测存在于其他位面的主体。此外，你可以施放{{@spell|探知术}}（法术豁免DC为20）和{{@spell|寻路术}}。任一法术施放后，你必须完成一次长休才能再次施放其中任何一个。</div></div>\n<div class=\"parser-entries\"><div class=\"parser-entries-name\">摧毁碎片</div><div class=\"parser-entries-eng-name\">Destroying the Shards</div><div class=\"parser-entries-content\">只要莱维图斯还活着，摧毁真冰碎片几乎没有什么意义，因为他可以随意重新创造它们。除此之外，当碎片暴露在足够热源下时，它们可以被摧毁。一些这样的热源包括活跃火山内部、持续的地狱火源或施放的9级强大火系法术。</div></div>"
  },
  "en": {
    "name": "True-Ice Shards (Dagger)",
    "source": "CoA",
    "page": 275,
    "baseItem": "dagger|phb",
    "type": "M",
    "rarity": "artifact",
    "reqAttune": true,
    "weaponCategory": "simple",
    "property": [
      "F",
      "L",
      "T"
    ],
    "range": "20/60",
    "dmg1": "1d6",
    "dmgType": "C",
    "bonusAc": "+3",
    "entries": [
      "{@note This item is paired with {@item True-Ice Shards (Rapier)|CoA}}",
      "Crafted from the very glacier in which he was imprisoned, the True-Ice Shards are a rapier and parrying dagger (main gauche) pair used by Levistus. They exemplify his time spent in the glacier, augmenting telepathy, divination, and defense. Due to his control over ice, Levistus can conjure the True-Ice Shards from anywhere, including if they were destroyed.",
      "When using the magic dagger, you gain a +3 bonus to your AC, as long as it is used as your offhand weapon, and it does {@damage 1d6} cold damage instead of its regular damage.",
      "Because Levistus conjures the True-Ice Shards at will, he often rewards a copy of the artifact to his most loyal followers. The copies are identical to the original with one exception: Levistus can destroy or retrieve a copy at any time.",
      {
        "type": "entries",
        "name": "Random Properties",
        "entries": [
          "The True-Ice Shards have the following random properties:",
          {
            "type": "list",
            "items": [
              "2 {@table Artifact Properties; Major Beneficial Properties|dmg|major beneficial} properties",
              "2 {@table Artifact Properties; Minor Detrimental Properties|dmg|minor detrimental} properties",
              "1 {@table Artifact Properties; Major Detrimental Properties|dmg|major detrimental} property"
            ]
          }
        ]
      },
      {
        "type": "entries",
        "name": "Sub-Zero",
        "entries": [
          "Cold damage dealt with the shards ignores resistances and immunities. Creatures vulnerable to cold damage take triple damage from the True-Ice Shards, rather than double.",
          "After you damage a creature with the shards, you may use a bonus action to force the creature to make a {@dc 22} Constitution saving throw. On a failed save, the creature that took the damage becomes vulnerable to cold damage for 24 hours. Once you use this feature, you may not use it again until after you have finished a long rest."
        ]
      },
      {
        "type": "entries",
        "name": "Mental Command",
        "entries": [
          "While attuned to the True-Ice Shards, you can use an action to cast the {@spell Detect Thoughts} spell (save {@dc 20}), targeting any creature you have previously met. If the targeted creature is on a different plane of existence, the spell fails.",
          "As long as you maintain {@status concentration}, you can use a bonus action to send a telepathic message to the focused creature. It can reply—using a bonus action to do so—as long as the focus and {@status concentration} continue."
        ]
      },
      {
        "type": "entries",
        "name": "Omniscient",
        "entries": [
          "You can use the True-Ice Shards to cast a variety of divination spells. {@spell Locate Animals or Plants}, {@spell Locate Creature}, and {@spell Locate Object} may be cast at will, and don't have a maximum range. Other limitations of the spells still apply, and they can't detect subjects on other planes of existence.",
          "Additionally, you may cast {@spell Scrying} (with a spell save DC of 20) and {@spell Find the Path}. Once either spell is cast, you must finish a long rest before casting either of them again."
        ]
      },
      {
        "type": "entries",
        "name": "Destroying the Shards",
        "entries": [
          "While Levistus still lives, destroying the True-Ice Shards serves little purpose, as he is capable of recreating them at will. That aside, the shards can be destroyed when subjected to a sufficient source of heat. A few such sources include the inside of an active volcano, a continuous source of Hellfire, or a powerful fire spell cast at 9th level."
        ]
      }
    ],
    "attachedSpells": {
      "will": [
        "detect thoughts",
        "locate animals or plants",
        "locate creature",
        "locate object"
      ],
      "daily": {
        "1e": [
          "find the path",
          "scrying"
        ]
      }
    },
    "html": "{{@note|This item is paired with {@item True-Ice Shards (Rapier)|CoA}}}\nCrafted from the very glacier in which he was imprisoned, the True-Ice Shards are a rapier and parrying dagger (main gauche) pair used by Levistus. They exemplify his time spent in the glacier, augmenting telepathy, divination, and defense. Due to his control over ice, Levistus can conjure the True-Ice Shards from anywhere, including if they were destroyed.\nWhen using the magic dagger, you gain a +3 bonus to your AC, as long as it is used as your offhand weapon, and it does {{@damage|1d6}} cold damage instead of its regular damage.\nBecause Levistus conjures the True-Ice Shards at will, he often rewards a copy of the artifact to his most loyal followers. The copies are identical to the original with one exception: Levistus can destroy or retrieve a copy at any time.\n<div class=\"parser-entries\"><div class=\"parser-entries-name\">Random Properties</div><div class=\"parser-entries-content\">The True-Ice Shards have the following random properties:<ul class=\"parser-list parser-list-default\"><li>2 {{@table|Artifact Properties; Major Beneficial Properties|dmg|major beneficial}} properties</li><li>2 {{@table|Artifact Properties; Minor Detrimental Properties|dmg|minor detrimental}} properties</li><li>1 {{@table|Artifact Properties; Major Detrimental Properties|dmg|major detrimental}} property</li></ul></div></div>\n<div class=\"parser-entries\"><div class=\"parser-entries-name\">Sub-Zero</div><div class=\"parser-entries-content\">Cold damage dealt with the shards ignores resistances and immunities. Creatures vulnerable to cold damage take triple damage from the True-Ice Shards, rather than double.After you damage a creature with the shards, you may use a bonus action to force the creature to make a {{@dc|22}} Constitution saving throw. On a failed save, the creature that took the damage becomes vulnerable to cold damage for 24 hours. Once you use this feature, you may not use it again until after you have finished a long rest.</div></div>\n<div class=\"parser-entries\"><div class=\"parser-entries-name\">Mental Command</div><div class=\"parser-entries-content\">While attuned to the True-Ice Shards, you can use an action to cast the {{@spell|Detect Thoughts}} spell (save {{@dc|20}}), targeting any creature you have previously met. If the targeted creature is on a different plane of existence, the spell fails.As long as you maintain {{@status|concentration}}, you can use a bonus action to send a telepathic message to the focused creature. It can reply—using a bonus action to do so—as long as the focus and {{@status|concentration}} continue.</div></div>\n<div class=\"parser-entries\"><div class=\"parser-entries-name\">Omniscient</div><div class=\"parser-entries-content\">You can use the True-Ice Shards to cast a variety of divination spells. {{@spell|Locate Animals or Plants}}, {{@spell|Locate Creature}}, and {{@spell|Locate Object}} may be cast at will, and don't have a maximum range. Other limitations of the spells still apply, and they can't detect subjects on other planes of existence.Additionally, you may cast {{@spell|Scrying}} (with a spell save DC of 20) and {{@spell|Find the Path}}. Once either spell is cast, you must finish a long rest before casting either of them again.</div></div>\n<div class=\"parser-entries\"><div class=\"parser-entries-name\">Destroying the Shards</div><div class=\"parser-entries-content\">While Levistus still lives, destroying the True-Ice Shards serves little purpose, as he is capable of recreating them at will. That aside, the shards can be destroyed when subjected to a sufficient source of heat. A few such sources include the inside of an active volcano, a continuous source of Hellfire, or a powerful fire spell cast at 9th level.</div></div>"
  },
  "weapon": {
    "category": "simple",
    "weaponCategory": "simple",
    "dmg1": "1d6",
    "dmgType": "C",
    "dmgs": [
      "1d6"
    ],
    "range": {
      "min": 20,
      "max": 60
    },
    "property": [
      "F",
      "L",
      "T"
    ]
  },
  "bonus": {
    "ac": 3
  }
}