{
  "dataType": "item",
  "uid": "item_Chronolometer|AI ",
  "id": "Chronolometer|AI",
  "rarity": "very rare",
  "isBaseItem": false,
  "baseItem": "",
  "displayName": {
    "zh": "年表仪盘",
    "en": "Chronolometer"
  },
  "mainSource": {
    "source": "AI",
    "page": 220
  },
  "allSources": [
    {
      "source": "AI",
      "page": 220
    }
  ],
  "zh": {
    "name": "年表仪盘",
    "source": "AI",
    "page": 220,
    "rarity": "very rare",
    "reqAttune": true,
    "wondrous": true,
    "bonusSavingThrow": "+1",
    "entries": [
      "当你与该组件同调时，你获得+1智力豁免。当你第一次与年表仪盘同调时，你可以选择一种你不知道的语言。此后只要你与该组件同调，你就通晓此语言。",
      {
        "ENG_name": "Time Bandit",
        "name": "时间窃贼",
        "type": "entries",
        "entries": [
          "在你回合开始时，投一次{@dice d6}（无需使用动作）。投出点数为1-3时，你使时间放慢，在你的回合获得额外一个动作，并且直到回合结束速度翻倍。投出点数为4-6时，你使时间加速，看清将至的危险。当你下一次失败豁免鉴定，攻击检定或属性鉴定时，你可以重投一次，并在两个结果中二选一。一旦你使用了年表仪盘的这个能力，它在新一天前将无法被再次使用。"
        ]
      },
      {
        "ENG_name": "Fate Swap",
        "name": "命运交换",
        "type": "entries",
        "entries": [
          "当你视野内，处在你半径30尺内的生物受到伤害时，你可以使用一个反应触发该能力。如果处在该生物回合内，该生物获得额外一次动作；如果处在该生物回合外，该生物可以立刻使用一次动作。一旦你使用了年表仪盘的这个能力，它在新一天前将无法被再次使用。"
        ]
      },
      {
        "ENG_name": "Part of a Whole",
        "name": "六位一体",
        "type": "entries",
        "entries": [
          "当此组件未被安装进{@item 位面游荡仪|AI}时，它的魔法可能会时断时续，或是会有无法预测的副作用，这由DM决定。"
        ]
      }
    ],
    "ENG_name": "Chronolometer",
    "html": "当你与该组件同调时，你获得+1智力豁免。当你第一次与年表仪盘同调时，你可以选择一种你不知道的语言。此后只要你与该组件同调，你就通晓此语言。\n<div class=\"parser-entries\"><div class=\"parser-entries-name\">时间窃贼</div><div class=\"parser-entries-eng-name\">Time Bandit</div><div class=\"parser-entries-content\">在你回合开始时，投一次{{@dice|d6}}（无需使用动作）。投出点数为1-3时，你使时间放慢，在你的回合获得额外一个动作，并且直到回合结束速度翻倍。投出点数为4-6时，你使时间加速，看清将至的危险。当你下一次失败豁免鉴定，攻击检定或属性鉴定时，你可以重投一次，并在两个结果中二选一。一旦你使用了年表仪盘的这个能力，它在新一天前将无法被再次使用。</div></div>\n<div class=\"parser-entries\"><div class=\"parser-entries-name\">命运交换</div><div class=\"parser-entries-eng-name\">Fate Swap</div><div class=\"parser-entries-content\">当你视野内，处在你半径30尺内的生物受到伤害时，你可以使用一个反应触发该能力。如果处在该生物回合内，该生物获得额外一次动作；如果处在该生物回合外，该生物可以立刻使用一次动作。一旦你使用了年表仪盘的这个能力，它在新一天前将无法被再次使用。</div></div>\n<div class=\"parser-entries\"><div class=\"parser-entries-name\">六位一体</div><div class=\"parser-entries-eng-name\">Part of a Whole</div><div class=\"parser-entries-content\">当此组件未被安装进{{@item|位面游荡仪|AI}}时，它的魔法可能会时断时续，或是会有无法预测的副作用，这由DM决定。</div></div>"
  },
  "en": {
    "name": "Chronolometer",
    "source": "AI",
    "page": 220,
    "rarity": "very rare",
    "reqAttune": true,
    "wondrous": true,
    "bonusSavingThrow": "+1",
    "entries": [
      "While attuned to this device, you have a +1 bonus to Intelligence saving throws. The first time you attune to the chronolometer, you choose one language you don't know. You subsequently know that language while attuned to the device.",
      {
        "type": "entries",
        "name": "Time Bandit",
        "entries": [
          "At the start of your turn, roll a {@dice d6} (no action required). On a 1–3, you slow down time, gaining an additional action on your turn and doubling your speed until the end of the turn. On a 4–6, you go forward in time to warn yourself of what is to come. The next time you fail a saving throw, attack roll, or ability check, you can reroll the check and take either result. Once you use this feature of the chronolometer, it cannot be used again until the next dawn."
        ]
      },
      {
        "type": "entries",
        "name": "Fate Swap",
        "entries": [
          "As a reaction when a creature you can see within 30 feet of you takes damage, that creature gains an additional action if it is the creature's turn, or can take an action immediately even though it isn't the creature's turn. Once you use this feature of the chronolometer, it cannot be used again until the next dawn."
        ]
      },
      {
        "type": "entries",
        "name": "Part of a Whole",
        "entries": [
          "While this component is not installed in the {@item Orrery of the Wanderer|AI}, its magic might function sporadically or with unpredictable side effects, as determined by the DM."
        ]
      }
    ],
    "html": "While attuned to this device, you have a +1 bonus to Intelligence saving throws. The first time you attune to the chronolometer, you choose one language you don't know. You subsequently know that language while attuned to the device.\n<div class=\"parser-entries\"><div class=\"parser-entries-name\">Time Bandit</div><div class=\"parser-entries-content\">At the start of your turn, roll a {{@dice|d6}} (no action required). On a 1–3, you slow down time, gaining an additional action on your turn and doubling your speed until the end of the turn. On a 4–6, you go forward in time to warn yourself of what is to come. The next time you fail a saving throw, attack roll, or ability check, you can reroll the check and take either result. Once you use this feature of the chronolometer, it cannot be used again until the next dawn.</div></div>\n<div class=\"parser-entries\"><div class=\"parser-entries-name\">Fate Swap</div><div class=\"parser-entries-content\">As a reaction when a creature you can see within 30 feet of you takes damage, that creature gains an additional action if it is the creature's turn, or can take an action immediately even though it isn't the creature's turn. Once you use this feature of the chronolometer, it cannot be used again until the next dawn.</div></div>\n<div class=\"parser-entries\"><div class=\"parser-entries-name\">Part of a Whole</div><div class=\"parser-entries-content\">While this component is not installed in the {{@item|Orrery of the Wanderer|AI}}, its magic might function sporadically or with unpredictable side effects, as determined by the DM.</div></div>"
  },
  "bonus": {
    "savingThrow": 1
  }
}