{
  "dataType": "item",
  "uid": "item_Demonbone Polearm|CoA",
  "id": "Demonbone Polearm|CoA",
  "rarity": "very rare",
  "isBaseItem": false,
  "displayName": {
    "zh": "骨魔长兵",
    "en": "Demonbone Polearm"
  },
  "mainSource": {
    "source": "CoA",
    "page": 268
  },
  "allSources": [
    {
      "source": "CoA",
      "page": 268
    }
  ],
  "zh": {
    "name": "骨魔长兵",
    "type": "GV|DMG",
    "requires": [
      {
        "polearm": true
      }
    ],
    "inherits": {
      "namePrefix": "骨魔",
      "source": "CoA",
      "page": 268,
      "rarity": "very rare",
      "reqAttune": true,
      "curse": true,
      "bonusWeapon": "+2",
      "entries": [
        "使用这把魔法武器时，你对攻击和伤害骰有{=bonusWeapon}的加值。此外，当你被邻近的生物伤害时，你可以使用你的反应来进行一次近战攻击。",
        {
          "ENG_name": "Curse",
          "name": "诅咒",
          "type": "entries",
          "entries": [
            "当你与这件武器共鸣时，你不愿意与它分离。共鸣期间，你使用除这件武器之外的武器进行攻击骰时有不利。",
            "每当一个敌对生物对你造成伤害时，你必须成功通过一个{@dc 15}的感知豁免检定，否则会进入狂暴状态。狂暴时，你必须在自己的每个回合使用动作攻击离你最近的生物。如果你能作为{@action 攻击}动作的一部分进行额外攻击，你可以使用这些额外攻击，在击败当前目标后移动到攻击下一个最近的生物。如果你有多个可能的目标，你会随机攻击其中一个。",
            "你会陷入狂暴状态，直到你开始回合时，在60英尺范围内没有你能看到或听到的生物。另外，一名盟友可以用一个动作进行一次 {@dc 15} 魅力（{@skill 游说}）检定，若成功，你将不再狂暴。只有 {@spell 移除诅咒} 法术能让你结束对该物品的共鸣。"
          ]
        },
        {
          "ENG_name": "Corrupting",
          "name": "腐蚀",
          "type": "entries",
          "entries": [
            "这个物品具有腐蚀性。详见\"{@adventure 地狱物品腐化|CoA|16|地狱物品腐化}\"部分。"
          ]
        }
      ]
    },
    "ENG_name": "Demonbone Polearm",
    "entries": [
      "使用这把魔法武器时，你对攻击和伤害骰有{=bonusWeapon}的加值。此外，当你被邻近的生物伤害时，你可以使用你的反应来进行一次近战攻击。",
      {
        "ENG_name": "Curse",
        "name": "诅咒",
        "type": "entries",
        "entries": [
          "当你与这件武器共鸣时，你不愿意与它分离。共鸣期间，你使用除这件武器之外的武器进行攻击骰时有不利。",
          "每当一个敌对生物对你造成伤害时，你必须成功通过一个{@dc 15}的感知豁免检定，否则会进入狂暴状态。狂暴时，你必须在自己的每个回合使用动作攻击离你最近的生物。如果你能作为{@action 攻击}动作的一部分进行额外攻击，你可以使用这些额外攻击，在击败当前目标后移动到攻击下一个最近的生物。如果你有多个可能的目标，你会随机攻击其中一个。",
          "你会陷入狂暴状态，直到你开始回合时，在60英尺范围内没有你能看到或听到的生物。另外，一名盟友可以用一个动作进行一次 {@dc 15} 魅力（{@skill 游说}）检定，若成功，你将不再狂暴。只有 {@spell 移除诅咒} 法术能让你结束对该物品的共鸣。"
        ]
      },
      {
        "ENG_name": "Corrupting",
        "name": "腐蚀",
        "type": "entries",
        "entries": [
          "这个物品具有腐蚀性。详见\"{@adventure 地狱物品腐化|CoA|16|地狱物品腐化}\"部分。"
        ]
      }
    ],
    "html": "使用这把魔法武器时，你对攻击和伤害骰有{=bonusWeapon}的加值。此外，当你被邻近的生物伤害时，你可以使用你的反应来进行一次近战攻击。\n<div class=\"parser-entries\"><div class=\"parser-entries-name\">诅咒</div><div class=\"parser-entries-eng-name\">Curse</div><div class=\"parser-entries-content\">当你与这件武器共鸣时，你不愿意与它分离。共鸣期间，你使用除这件武器之外的武器进行攻击骰时有不利。每当一个敌对生物对你造成伤害时，你必须成功通过一个{{@dc|15}}的感知豁免检定，否则会进入狂暴状态。狂暴时，你必须在自己的每个回合使用动作攻击离你最近的生物。如果你能作为{{@action|攻击}}动作的一部分进行额外攻击，你可以使用这些额外攻击，在击败当前目标后移动到攻击下一个最近的生物。如果你有多个可能的目标，你会随机攻击其中一个。你会陷入狂暴状态，直到你开始回合时，在60英尺范围内没有你能看到或听到的生物。另外，一名盟友可以用一个动作进行一次 {{@dc|15}} 魅力（{{@skill|游说}}）检定，若成功，你将不再狂暴。只有 {{@spell|移除诅咒}} 法术能让你结束对该物品的共鸣。</div></div>\n<div class=\"parser-entries\"><div class=\"parser-entries-name\">腐蚀</div><div class=\"parser-entries-eng-name\">Corrupting</div><div class=\"parser-entries-content\">这个物品具有腐蚀性。详见\"{{@adventure|地狱物品腐化|CoA|16|地狱物品腐化}}\"部分。</div></div>"
  },
  "en": {
    "name": "Demonbone Polearm",
    "type": "GV|DMG",
    "requires": [
      {
        "polearm": true
      }
    ],
    "inherits": {
      "namePrefix": "Demonbone ",
      "source": "CoA",
      "page": 268,
      "rarity": "very rare",
      "reqAttune": true,
      "curse": true,
      "bonusWeapon": "+2",
      "entries": [
        "You have a {=bonusWeapon} bonus to attack and damage rolls made with this magic weapon. In addition, when you're damaged by a creature in reach, you may use your reaction to make one melee attack against it with this weapon.",
        {
          "type": "entries",
          "name": "Curse",
          "entries": [
            "You're unwilling to part with this weapon while attuned to it. While attuned, you have disadvantage on attack rolls with weapons other than this one.",
            "Whenever a hostile creature damages you, you must succeed on a {@dc 15} Wisdom saving throw or go berserk. While berserk, you must use your action on each of your turns to attack the creature nearest to you with the weapon. If you can make extra attacks as part of the {@action Attack} action, you use those extra attacks, moving to attack the next nearest creature after you fell your current target. If you have multiple possible targets, you attack one at random.",
            "You're berserk until you start your turn with no creatures within 60 feet of you that you can see or hear. Alternatively, an ally can use an action to make a {@dc 15} Charisma ({@skill Persuasion}) check and if successful, you're no longer berserk. Only the {@spell Remove Curse} spell allows you to end attunement to this item."
          ]
        },
        {
          "type": "entries",
          "name": "Corrupting",
          "entries": [
            "This item corrupts. See the \"{@adventure Infernal Item Corruption|CoA|16|Infernal Item Corruption}\" section."
          ]
        }
      ]
    },
    "entries": [
      "You have a {=bonusWeapon} bonus to attack and damage rolls made with this magic weapon. In addition, when you're damaged by a creature in reach, you may use your reaction to make one melee attack against it with this weapon.",
      {
        "type": "entries",
        "name": "Curse",
        "entries": [
          "You're unwilling to part with this weapon while attuned to it. While attuned, you have disadvantage on attack rolls with weapons other than this one.",
          "Whenever a hostile creature damages you, you must succeed on a {@dc 15} Wisdom saving throw or go berserk. While berserk, you must use your action on each of your turns to attack the creature nearest to you with the weapon. If you can make extra attacks as part of the {@action Attack} action, you use those extra attacks, moving to attack the next nearest creature after you fell your current target. If you have multiple possible targets, you attack one at random.",
          "You're berserk until you start your turn with no creatures within 60 feet of you that you can see or hear. Alternatively, an ally can use an action to make a {@dc 15} Charisma ({@skill Persuasion}) check and if successful, you're no longer berserk. Only the {@spell Remove Curse} spell allows you to end attunement to this item."
        ]
      },
      {
        "type": "entries",
        "name": "Corrupting",
        "entries": [
          "This item corrupts. See the \"{@adventure Infernal Item Corruption|CoA|16|Infernal Item Corruption}\" section."
        ]
      }
    ],
    "html": "You have a {=bonusWeapon} bonus to attack and damage rolls made with this magic weapon. In addition, when you're damaged by a creature in reach, you may use your reaction to make one melee attack against it with this weapon.\n<div class=\"parser-entries\"><div class=\"parser-entries-name\">Curse</div><div class=\"parser-entries-content\">You're unwilling to part with this weapon while attuned to it. While attuned, you have disadvantage on attack rolls with weapons other than this one.Whenever a hostile creature damages you, you must succeed on a {{@dc|15}} Wisdom saving throw or go berserk. While berserk, you must use your action on each of your turns to attack the creature nearest to you with the weapon. If you can make extra attacks as part of the {{@action|Attack}} action, you use those extra attacks, moving to attack the next nearest creature after you fell your current target. If you have multiple possible targets, you attack one at random.You're berserk until you start your turn with no creatures within 60 feet of you that you can see or hear. Alternatively, an ally can use an action to make a {{@dc|15}} Charisma ({{@skill|Persuasion}}) check and if successful, you're no longer berserk. Only the {{@spell|Remove Curse}} spell allows you to end attunement to this item.</div></div>\n<div class=\"parser-entries\"><div class=\"parser-entries-name\">Corrupting</div><div class=\"parser-entries-content\">This item corrupts. See the \"{{@adventure|Infernal Item Corruption|CoA|16|Infernal Item Corruption}}\" section.</div></div>"
  }
}