{
  "dataType": "item",
  "uid": "item_Deck of Wild Cards|BMT ",
  "id": "Deck of Wild Cards|BMT",
  "rarity": "very rare",
  "isBaseItem": false,
  "baseItem": "",
  "displayName": {
    "zh": "狂野牌组",
    "en": "Deck of Wild Cards"
  },
  "mainSource": {
    "source": "BMT",
    "page": 41
  },
  "allSources": [
    {
      "source": "BMT",
      "page": 41
    }
  ],
  "zh": {
    "name": "狂野牌组",
    "source": "BMT",
    "page": 41,
    "rarity": "very rare",
    "wondrous": true,
    "entries": [
      "这副厚重的羊皮纸卡牌充满了混沌元素的魔力。",
      "只有在随机抽取卡牌的情况下（可以用一套现实世界的牌组模拟这套牌组），这副牌的魔力才能发挥作用。花费一个动作，你可以从这副卡牌中随机抽取一张，并投掷它以进行远程法术攻击，使用敏捷进行攻击检定。该卡牌具有30尺的射程。命中时，它造成{@damage 1d4}的挥砍伤害，并施加一个由花色决定的魔法效果，详见狂野牌组表。不论是否命中，攻击后该卡牌会立即回到牌组中。",
      {
        "type": "table",
        "caption": "狂野牌组",
        "colStyles": [
          "col-2 text-center",
          "col-2 text-center",
          "col-8"
        ],
        "colLabels": [
          "d4",
          "花色",
          "效应"
        ],
        "rows": [
          [
            "1",
            "♣（草花）",
            "这张卡牌会爆发出一股火焰喷涌。目标及其周围5尺范围内的每个生物必须进行一次{@dc 15}的敏捷豁免检定，豁免失败将受到{@damage 2d8}点火焰伤害。"
          ],
          [
            "2",
            "{@color ♦|#ff0000}",
            "这张卡牌会发出闪电。目标必须进行一次{@dc 15}的敏捷豁免。豁免失败时目标将陷入目盲状态，持续直至在你的下一个回合结束，并且目标周围10尺范围内的每个生物都将受到{@damage 1d6}点闪电伤害。"
          ],
          [
            "3",
            "{@color ♥|#ff0000} (Cups)",
            "这张卡牌使目标身上附着一层厚厚的冰。目标会立刻受到{@damage 1d10}点寒冷伤害，并必须通过一次{@dc 15}的体质豁免，豁免失败时该生物将被束缚状态，直到你的下一回合结束为止。"
          ],
          [
            "4",
            "♠ （剑）",
            "这张卡牌释放出一阵尖锐的冲击波。目标和其周围5尺范围内的每个生物受到{@damage 1d6}点力场伤害，并且必须成功通过{@dc 15}的力量豁免检定否则陷入倒地状态。"
          ]
        ]
      }
    ],
    "ENG_name": "Deck of Wild Cards",
    "html": "这副厚重的羊皮纸卡牌充满了混沌元素的魔力。\n只有在随机抽取卡牌的情况下（可以用一套现实世界的牌组模拟这套牌组），这副牌的魔力才能发挥作用。花费一个动作，你可以从这副卡牌中随机抽取一张，并投掷它以进行远程法术攻击，使用敏捷进行攻击检定。该卡牌具有30尺的射程。命中时，它造成{{@damage|1d4}}的挥砍伤害，并施加一个由花色决定的魔法效果，详见狂野牌组表。不论是否命中，攻击后该卡牌会立即回到牌组中。\n<table class=\"wiki-table\"><caption>狂野牌组</caption><tr><th class=\"parser-col-2 text-center\">d4</th><th class=\"parser-col-2 text-center\">花色</th><th class=\"parser-col-8\">效应</th></tr><tr><td class=\"parser-col-2 text-center\">1</td><td class=\"parser-col-2 text-center\">♣（草花）</td><td class=\"parser-col-8\">这张卡牌会爆发出一股火焰喷涌。目标及其周围5尺范围内的每个生物必须进行一次{{@dc|15}}的敏捷豁免检定，豁免失败将受到{{@damage|2d8}}点火焰伤害。</td></tr><tr><td class=\"parser-col-2 text-center\">2</td><td class=\"parser-col-2 text-center\">{{@color|♦|#ff0000}}</td><td class=\"parser-col-8\">这张卡牌会发出闪电。目标必须进行一次{{@dc|15}}的敏捷豁免。豁免失败时目标将陷入目盲状态，持续直至在你的下一个回合结束，并且目标周围10尺范围内的每个生物都将受到{{@damage|1d6}}点闪电伤害。</td></tr><tr><td class=\"parser-col-2 text-center\">3</td><td class=\"parser-col-2 text-center\">{{@color|♥|#ff0000}} (Cups)</td><td class=\"parser-col-8\">这张卡牌使目标身上附着一层厚厚的冰。目标会立刻受到{{@damage|1d10}}点寒冷伤害，并必须通过一次{{@dc|15}}的体质豁免，豁免失败时该生物将被束缚状态，直到你的下一回合结束为止。</td></tr><tr><td class=\"parser-col-2 text-center\">4</td><td class=\"parser-col-2 text-center\">♠ （剑）</td><td class=\"parser-col-8\">这张卡牌释放出一阵尖锐的冲击波。目标和其周围5尺范围内的每个生物受到{{@damage|1d6}}点力场伤害，并且必须成功通过{{@dc|15}}的力量豁免检定否则陷入倒地状态。</td></tr></table>"
  },
  "en": {
    "name": "Deck of Wild Cards",
    "source": "BMT",
    "page": 41,
    "rarity": "very rare",
    "wondrous": true,
    "entries": [
      "This deck of heavy vellum cards hums with the magic of the Elemental Chaos.",
      "The magic of the deck functions only if cards are drawn at random (a deck of real-world playing cards can simulate the deck). As an action, you can draw a random card from this deck and throw it to make a ranged spell attack, using Dexterity for the attack roll. The card has a range of 30 feet. On a hit, it deals {@damage 1d4} slashing damage and imposes a magical effect determined by its suit, as detailed in the Deck of Wild Cards table. The card immediately returns to the deck after it hits or misses a target.",
      {
        "type": "table",
        "caption": "Deck of Wild Cards",
        "colStyles": [
          "col-2 text-center",
          "col-2 text-center",
          "col-8"
        ],
        "colLabels": [
          "d4",
          "Suit",
          "Effect"
        ],
        "rows": [
          [
            "1",
            "♣ (Rods)",
            "The card explodes in a burst of fire. The target and each creature within 5 feet of it must succeed on a {@dc 15} Dexterity saving throw or take {@damage 2d8} fire damage."
          ],
          [
            "2",
            "{@color ♦|#ff0000} (Coins)",
            "The card shoots streaks of lightning. The target must make a {@dc 15} Dexterity saving throw. On a failed save, the target has the blinded condition until the end of your next turn, and each creature within 10 feet of the target takes {@damage 1d6} lightning damage."
          ],
          [
            "3",
            "{@color ♥|#ff0000} (Cups)",
            "The card covers the target in a thick layer of ice. The target takes {@damage 1d10} cold damage and must succeed on a {@dc 15} Constitution saving throw or have the restrained condition until the end of your next turn."
          ],
          [
            "4",
            "♠ (Swords)",
            "The card unleashes a sharp, concussive blast. The target and each creature within 5 feet of it take {@damage 1d6} force damage and must succeed on a {@dc 15} Strength saving throw or have the prone condition."
          ]
        ]
      }
    ],
    "html": "This deck of heavy vellum cards hums with the magic of the Elemental Chaos.\nThe magic of the deck functions only if cards are drawn at random (a deck of real-world playing cards can simulate the deck). As an action, you can draw a random card from this deck and throw it to make a ranged spell attack, using Dexterity for the attack roll. The card has a range of 30 feet. On a hit, it deals {{@damage|1d4}} slashing damage and imposes a magical effect determined by its suit, as detailed in the Deck of Wild Cards table. The card immediately returns to the deck after it hits or misses a target.\n<table class=\"wiki-table\"><caption>Deck of Wild Cards</caption><tr><th class=\"parser-col-2 text-center\">d4</th><th class=\"parser-col-2 text-center\">Suit</th><th class=\"parser-col-8\">Effect</th></tr><tr><td class=\"parser-col-2 text-center\">1</td><td class=\"parser-col-2 text-center\">♣ (Rods)</td><td class=\"parser-col-8\">The card explodes in a burst of fire. The target and each creature within 5 feet of it must succeed on a {{@dc|15}} Dexterity saving throw or take {{@damage|2d8}} fire damage.</td></tr><tr><td class=\"parser-col-2 text-center\">2</td><td class=\"parser-col-2 text-center\">{{@color|♦|#ff0000}} (Coins)</td><td class=\"parser-col-8\">The card shoots streaks of lightning. The target must make a {{@dc|15}} Dexterity saving throw. On a failed save, the target has the blinded condition until the end of your next turn, and each creature within 10 feet of the target takes {{@damage|1d6}} lightning damage.</td></tr><tr><td class=\"parser-col-2 text-center\">3</td><td class=\"parser-col-2 text-center\">{{@color|♥|#ff0000}} (Cups)</td><td class=\"parser-col-8\">The card covers the target in a thick layer of ice. The target takes {{@damage|1d10}} cold damage and must succeed on a {{@dc|15}} Constitution saving throw or have the restrained condition until the end of your next turn.</td></tr><tr><td class=\"parser-col-2 text-center\">4</td><td class=\"parser-col-2 text-center\">♠ (Swords)</td><td class=\"parser-col-8\">The card unleashes a sharp, concussive blast. The target and each creature within 5 feet of it take {{@damage|1d6}} force damage and must succeed on a {{@dc|15}} Strength saving throw or have the prone condition.</td></tr></table>"
  },
  "bonus": {}
}