{
  "dataType": "item",
  "uid": "item_Amulet of the Inferno|CoA ",
  "id": "Amulet of the Inferno|CoA",
  "rarity": "artifact",
  "isBaseItem": false,
  "full": {
    "en": {
      "images": [
        {
          "type": "image",
          "href": {
            "type": "internal",
            "path": "items/CoA/Amulet of the Inferno.webp"
          },
          "credit": "Aaron Sims"
        }
      ]
    },
    "zh": {
      "images": [
        {
          "type": "image",
          "href": {
            "type": "internal",
            "path": "items/CoA/Amulet of the Inferno.webp"
          },
          "credit": "Aaron Sims"
        }
      ]
    }
  },
  "baseItem": "",
  "displayName": {
    "zh": "地狱护符",
    "en": "Amulet of the Inferno"
  },
  "mainSource": {
    "source": "CoA",
    "page": 273
  },
  "allSources": [
    {
      "source": "CoA",
      "page": 273
    }
  ],
  "zh": {
    "name": "地狱护符",
    "source": "CoA",
    "page": 273,
    "rarity": "artifact",
    "reqAttune": true,
    "wondrous": true,
    "entries": [
      "当菲恩拉出生时，来自各地的请愿者和恶魔都来庆祝她的诞生。许多人带来了礼物和财宝，包括一位强大的地狱魔契师。魔契师认出了菲恩拉的力量和内心的火焰，于是赠予了她地狱之火护身符，从那时起它就一直挂在她的脖子上。",
      "地狱护身符是一件魔法项链，它为法术豁免难度等级和法术攻击加值提供+3的加成。",
      {
        "ENG_name": "Random Properties",
        "name": "随机词条",
        "type": "entries",
        "entries": [
          "地狱护身符具有以下随机属性：",
          {
            "type": "list",
            "items": [
              "3 项{@table 神器词条; 主要增益词条|DMG|强效增益}属性",
              "2项{@table 神器词条; 主要减益词条|DMG|强效减益}属性"
            ]
          }
        ]
      },
      {
        "ENG_name": "Infernal Fire",
        "name": "地狱之火",
        "type": "entries",
        "entries": [
          "佩戴时，这个护身符增强了你创造的任何魔法火焰，将普通火焰转变为地狱火。地狱火无视对火焰伤害的抗性和免疫，并且对易受火焰或暗蚀伤害的生物造成双倍伤害。它还能够熔化石头，以及点燃易燃物体。"
        ]
      },
      {
        "ENG_name": "Raging Inferno",
        "name": "狂暴狱火",
        "type": "entries",
        "entries": [
          "当与地狱护身符共鸣时，你可以使用附赠动作施放{@spell 火焰箭}或{@spell 燃火术}。这些戏法的等级根据你的总角色等级来定，并且如果你通常无法施放法术，它们会使用智力作为施法调整值。"
        ]
      },
      {
        "ENG_name": "Everburning",
        "name": "永恒燃烧",
        "type": "entries",
        "entries": [
          "地狱护身符赋予对寒冷伤害的抗性以及水下呼吸的能力。你召唤的任何魔法火焰也相应增强：它们可以在水下使用，无法通过任何手段熄灭，并且可以散发任何温度。尽管施放火系法术仍然可以被{@spell 法术反制}打断，但一旦法术被施放，任何持续的火焰都无法被移除。"
        ]
      },
      {
        "ENG_name": "Destroying the Amulet",
        "name": "摧毁此护符",
        "type": "entries",
        "entries": [
          "唯一能够摧毁这个护身符的生物是创造它的魔契师。没有人知道魔契师的身份，这使得摧毁护身符几乎不可能。"
        ]
      }
    ],
    "attachedSpells": [
      "火焰箭",
      "燃火术"
    ],
    "hasFluffImages": true,
    "ENG_name": "Amulet of the Inferno",
    "html": "当菲恩拉出生时，来自各地的请愿者和恶魔都来庆祝她的诞生。许多人带来了礼物和财宝，包括一位强大的地狱魔契师。魔契师认出了菲恩拉的力量和内心的火焰，于是赠予了她地狱之火护身符，从那时起它就一直挂在她的脖子上。\n地狱护身符是一件魔法项链，它为法术豁免难度等级和法术攻击加值提供+3的加成。\n<div class=\"parser-entries\"><div class=\"parser-entries-name\">随机词条</div><div class=\"parser-entries-eng-name\">Random Properties</div><div class=\"parser-entries-content\">地狱护身符具有以下随机属性：<ul class=\"parser-list parser-list-default\"><li>3 项{{@table|神器词条; 主要增益词条|DMG|强效增益}}属性</li><li>2项{{@table|神器词条; 主要减益词条|DMG|强效减益}}属性</li></ul></div></div>\n<div class=\"parser-entries\"><div class=\"parser-entries-name\">地狱之火</div><div class=\"parser-entries-eng-name\">Infernal Fire</div><div class=\"parser-entries-content\">佩戴时，这个护身符增强了你创造的任何魔法火焰，将普通火焰转变为地狱火。地狱火无视对火焰伤害的抗性和免疫，并且对易受火焰或暗蚀伤害的生物造成双倍伤害。它还能够熔化石头，以及点燃易燃物体。</div></div>\n<div class=\"parser-entries\"><div class=\"parser-entries-name\">狂暴狱火</div><div class=\"parser-entries-eng-name\">Raging Inferno</div><div class=\"parser-entries-content\">当与地狱护身符共鸣时，你可以使用附赠动作施放{{@spell|火焰箭}}或{{@spell|燃火术}}。这些戏法的等级根据你的总角色等级来定，并且如果你通常无法施放法术，它们会使用智力作为施法调整值。</div></div>\n<div class=\"parser-entries\"><div class=\"parser-entries-name\">永恒燃烧</div><div class=\"parser-entries-eng-name\">Everburning</div><div class=\"parser-entries-content\">地狱护身符赋予对寒冷伤害的抗性以及水下呼吸的能力。你召唤的任何魔法火焰也相应增强：它们可以在水下使用，无法通过任何手段熄灭，并且可以散发任何温度。尽管施放火系法术仍然可以被{{@spell|法术反制}}打断，但一旦法术被施放，任何持续的火焰都无法被移除。</div></div>\n<div class=\"parser-entries\"><div class=\"parser-entries-name\">摧毁此护符</div><div class=\"parser-entries-eng-name\">Destroying the Amulet</div><div class=\"parser-entries-content\">唯一能够摧毁这个护身符的生物是创造它的魔契师。没有人知道魔契师的身份，这使得摧毁护身符几乎不可能。</div></div>"
  },
  "en": {
    "name": "Amulet of the Inferno",
    "source": "CoA",
    "page": 273,
    "rarity": "artifact",
    "reqAttune": true,
    "wondrous": true,
    "entries": [
      "When Fierna was born, petitioners and devils from all over came to celebrate her birth. Many brought gifts and treasures, including a powerful infernal warlock. Recognizing the strength and inner fire of Fierna, the warlock gifted her with the Amulet of the Inferno, and it has been around her neck ever since.",
      "The Amulet of the Inferno is a magic necklace that grants a +3 bonus to spell save DC and spell attack bonus.",
      {
        "type": "entries",
        "name": "Random Properties",
        "entries": [
          "The Amulet of the Inferno has the following random properties:",
          {
            "type": "list",
            "items": [
              "3 {@table Artifact Properties; Major Beneficial Properties|dmg|major beneficial} properties",
              "2 {@table Artifact Properties; Major Detrimental Properties|dmg|major detrimental} properties"
            ]
          }
        ]
      },
      {
        "type": "entries",
        "name": "Infernal Fire",
        "entries": [
          "While worn, the amulet augments any magical flames created by you, transforming normal fire into Hellfire. Hellfire ignores resistances and immunities to fire damage and deals double damage to creatures vulnerable to either fire or necrotic damage. It is also capable of melting stone, as well as igniting flammable objects."
        ]
      },
      {
        "type": "entries",
        "name": "Raging Inferno",
        "entries": [
          "While attuned to the Amulet of the Inferno, you may use a bonus action to cast {@spell Fire Bolt} or {@spell Produce Flame}. The cantrips scale based on your total character level and use Intelligence as a spellcasting modifier if you're normally incapable of casting spells."
        ]
      },
      {
        "type": "entries",
        "name": "Everburning",
        "entries": [
          "The Amulet of the Inferno grants resistance to cold damage and the ability to breathe underwater. Any magical flames you conjure are similarly augmented: they can be used underwater, can't be extinguished through any means, and can exude any temperature. While the casting of a fire spell can still be interrupted with {@spell Counterspell}, once the spell has been cast, any lingering flames can't be removed."
        ]
      },
      {
        "type": "entries",
        "name": "Destroying the Amulet",
        "entries": [
          "The only creature capable of destroying the amulet is the warlock that created it. Nobody living knows the warlock's identity, making destroying the amulet almost impossible."
        ]
      }
    ],
    "attachedSpells": [
      "fire bolt",
      "produce flame"
    ],
    "hasFluffImages": true,
    "html": "When Fierna was born, petitioners and devils from all over came to celebrate her birth. Many brought gifts and treasures, including a powerful infernal warlock. Recognizing the strength and inner fire of Fierna, the warlock gifted her with the Amulet of the Inferno, and it has been around her neck ever since.\nThe Amulet of the Inferno is a magic necklace that grants a +3 bonus to spell save DC and spell attack bonus.\n<div class=\"parser-entries\"><div class=\"parser-entries-name\">Random Properties</div><div class=\"parser-entries-content\">The Amulet of the Inferno has the following random properties:<ul class=\"parser-list parser-list-default\"><li>3 {{@table|Artifact Properties; Major Beneficial Properties|dmg|major beneficial}} properties</li><li>2 {{@table|Artifact Properties; Major Detrimental Properties|dmg|major detrimental}} properties</li></ul></div></div>\n<div class=\"parser-entries\"><div class=\"parser-entries-name\">Infernal Fire</div><div class=\"parser-entries-content\">While worn, the amulet augments any magical flames created by you, transforming normal fire into Hellfire. Hellfire ignores resistances and immunities to fire damage and deals double damage to creatures vulnerable to either fire or necrotic damage. It is also capable of melting stone, as well as igniting flammable objects.</div></div>\n<div class=\"parser-entries\"><div class=\"parser-entries-name\">Raging Inferno</div><div class=\"parser-entries-content\">While attuned to the Amulet of the Inferno, you may use a bonus action to cast {{@spell|Fire Bolt}} or {{@spell|Produce Flame}}. The cantrips scale based on your total character level and use Intelligence as a spellcasting modifier if you're normally incapable of casting spells.</div></div>\n<div class=\"parser-entries\"><div class=\"parser-entries-name\">Everburning</div><div class=\"parser-entries-content\">The Amulet of the Inferno grants resistance to cold damage and the ability to breathe underwater. Any magical flames you conjure are similarly augmented: they can be used underwater, can't be extinguished through any means, and can exude any temperature. While the casting of a fire spell can still be interrupted with {{@spell|Counterspell}}, once the spell has been cast, any lingering flames can't be removed.</div></div>\n<div class=\"parser-entries\"><div class=\"parser-entries-name\">Destroying the Amulet</div><div class=\"parser-entries-content\">The only creature capable of destroying the amulet is the warlock that created it. Nobody living knows the warlock's identity, making destroying the amulet almost impossible.</div></div>"
  },
  "bonus": {}
}