{
  "dataType": "item",
  "uid": "item_Cloak of Invisibility|DMG ",
  "id": "Cloak of Invisibility|DMG",
  "rarity": "legendary",
  "isBaseItem": false,
  "full": {
    "en": {
      "images": [
        {
          "type": "image",
          "href": {
            "type": "internal",
            "path": "items/DMG/Cloak of Invisibility.webp"
          }
        }
      ]
    },
    "zh": {
      "images": [
        {
          "type": "image",
          "href": {
            "type": "internal",
            "path": "items/DMG/Cloak of Invisibility.webp"
          }
        }
      ]
    }
  },
  "baseItem": "",
  "displayName": {
    "zh": "隐形斗篷",
    "en": "Cloak of Invisibility"
  },
  "mainSource": {
    "source": "DMG",
    "page": 158
  },
  "allSources": [
    {
      "source": "DMG",
      "page": 158
    },
    {
      "source": "XDMG",
      "page": 0
    },
    {
      "source": "XDMG",
      "page": 244
    }
  ],
  "relatedVersions": [
    "Cloak of Invisibility|XDMG"
  ],
  "zh": {
    "name": "隐形斗篷",
    "source": "DMG",
    "page": 158,
    "reprintedAs": [
      "隐形斗篷|XDMG"
    ],
    "tier": "主要",
    "rarity": "legendary",
    "reqAttune": true,
    "wondrous": true,
    "entries": [
      "着装此斗篷后，你可以拉上兜帽以使自己进入{@condition 隐形}。当你处于{@condition 隐形}时，你身上着装和携带的所有东西也会随你{@condition 隐形}。而褪下兜帽会使你显形。褪下或拉起兜帽需要一个动作。",
      "扣除你处于隐形状态的时间，以1分钟为单位从斗篷最多2小时的持续时间中扣除。使用2小时后，斗篷将暂时失效。斗篷每连续未被使用满12小时，就会恢复1小时的使用时间。"
    ],
    "lootTables": [
      "魔法物品表I"
    ],
    "hasFluffImages": true,
    "ENG_name": "Cloak of Invisibility",
    "html": "着装此斗篷后，你可以拉上兜帽以使自己进入{{@condition|隐形}}。当你处于{{@condition|隐形}}时，你身上着装和携带的所有东西也会随你{{@condition|隐形}}。而褪下兜帽会使你显形。褪下或拉起兜帽需要一个动作。\n扣除你处于隐形状态的时间，以1分钟为单位从斗篷最多2小时的持续时间中扣除。使用2小时后，斗篷将暂时失效。斗篷每连续未被使用满12小时，就会恢复1小时的使用时间。"
  },
  "en": {
    "name": "Cloak of Invisibility",
    "source": "DMG",
    "page": 158,
    "reprintedAs": [
      "Cloak of Invisibility|XDMG"
    ],
    "tier": "major",
    "rarity": "legendary",
    "reqAttune": true,
    "wondrous": true,
    "entries": [
      "While wearing this cloak, you can pull its hood over your head to cause yourself to become {@condition invisible}. While you are {@condition invisible}, anything you are carrying or wearing is {@condition invisible} with you. You become visible when you cease wearing the hood. Pulling the hood up or down requires an action.",
      "Deduct the time you are invisible, in increments of 1 minute, from the cloak's maximum duration of 2 hours. After 2 hours of use, the cloak ceases to function. For every uninterrupted period of 12 hours the cloak goes unused, it regains 1 hour of duration."
    ],
    "lootTables": [
      "Magic Item Table I"
    ],
    "hasFluffImages": true,
    "html": "While wearing this cloak, you can pull its hood over your head to cause yourself to become {{@condition|invisible}}. While you are {{@condition|invisible}}, anything you are carrying or wearing is {{@condition|invisible}} with you. You become visible when you cease wearing the hood. Pulling the hood up or down requires an action.\nDeduct the time you are invisible, in increments of 1 minute, from the cloak's maximum duration of 2 hours. After 2 hours of use, the cloak ceases to function. For every uninterrupted period of 12 hours the cloak goes unused, it regains 1 hour of duration."
  },
  "bonus": {}
}