{
  "dataType": "item",
  "uid": "item_Berserker Axe|DMG",
  "id": "Berserker Axe|DMG",
  "rarity": "rare",
  "isBaseItem": false,
  "displayName": {
    "zh": "狂战斧",
    "en": "Berserker Axe"
  },
  "mainSource": {
    "source": "DMG",
    "page": 155
  },
  "allSources": [
    {
      "source": "DMG",
      "page": 155
    },
    {
      "source": "XDMG",
      "page": 0
    },
    {
      "source": "XDMG",
      "page": 236
    }
  ],
  "relatedVersions": [
    "Berserker Axe|XDMG"
  ],
  "zh": {
    "name": "狂战斧",
    "edition": "classic",
    "type": "GV|DMG",
    "requires": [
      {
        "axe": true
      }
    ],
    "inherits": {
      "namePrefix": "狂战士",
      "source": "DMG",
      "page": 155,
      "srd": true,
      "reprintedAs": [
        "狂战斧|XDMG"
      ],
      "tier": "主要",
      "rarity": "rare",
      "reqAttune": true,
      "curse": true,
      "bonusWeapon": "+1",
      "entries": [
        "使用这件魔法武器进行攻击和伤害判定时，你获得+1的加值。此外，当你与这件武器共鸣时，你的生命值上限会根据你达到的等级每级增加1。",
        {
          "ENG_name": "Curse",
          "name": "诅咒",
          "type": "entries",
          "entries": [
            "这把斧头被诅咒了，与它共鸣会将诅咒延续到你身上。只要你仍然被诅咒，你就不愿意与斧头分开，始终将其保持在可触及的范围内。此外，使用除了这把斧头之外的武器进行攻击判定时，你会处于不利状态，除非你看不到或听不到任何60尺范围内的敌人。"
          ]
        },
        "当你持有这把斧头时，每当一个敌对生物对你造成伤害，你必须成功通过一次 {@dc 15} 的感知豁免，否则将陷入狂暴状态。在狂暴状态下，你必须在每个回合使用你的动作用斧头攻击离你最近的生物。如果你能作为 {@action 攻击} 动作的一部分进行额外攻击，你将使用这些额外攻击，在击倒当前目标后移动到攻击下一个最近的生物。如果你有多个潜在目标，你将随机攻击其中一个。在你开始回合时，如果你在60英尺内没有可以看到或听到的生物，你将结束狂暴状态。"
      ],
      "lootTables": [
        "魔法物品表G"
      ]
    },
    "hasFluffImages": true,
    "ENG_name": "Berserker Axe",
    "entries": [
      "使用这件魔法武器进行攻击和伤害判定时，你获得+1的加值。此外，当你与这件武器共鸣时，你的生命值上限会根据你达到的等级每级增加1。",
      {
        "ENG_name": "Curse",
        "name": "诅咒",
        "type": "entries",
        "entries": [
          "这把斧头被诅咒了，与它共鸣会将诅咒延续到你身上。只要你仍然被诅咒，你就不愿意与斧头分开，始终将其保持在可触及的范围内。此外，使用除了这把斧头之外的武器进行攻击判定时，你会处于不利状态，除非你看不到或听不到任何60尺范围内的敌人。"
        ]
      },
      "当你持有这把斧头时，每当一个敌对生物对你造成伤害，你必须成功通过一次 {@dc 15} 的感知豁免，否则将陷入狂暴状态。在狂暴状态下，你必须在每个回合使用你的动作用斧头攻击离你最近的生物。如果你能作为 {@action 攻击} 动作的一部分进行额外攻击，你将使用这些额外攻击，在击倒当前目标后移动到攻击下一个最近的生物。如果你有多个潜在目标，你将随机攻击其中一个。在你开始回合时，如果你在60英尺内没有可以看到或听到的生物，你将结束狂暴状态。"
    ],
    "html": "使用这件魔法武器进行攻击和伤害判定时，你获得+1的加值。此外，当你与这件武器共鸣时，你的生命值上限会根据你达到的等级每级增加1。\n<div class=\"parser-entries\"><div class=\"parser-entries-name\">诅咒</div><div class=\"parser-entries-eng-name\">Curse</div><div class=\"parser-entries-content\">这把斧头被诅咒了，与它共鸣会将诅咒延续到你身上。只要你仍然被诅咒，你就不愿意与斧头分开，始终将其保持在可触及的范围内。此外，使用除了这把斧头之外的武器进行攻击判定时，你会处于不利状态，除非你看不到或听不到任何60尺范围内的敌人。</div></div>\n当你持有这把斧头时，每当一个敌对生物对你造成伤害，你必须成功通过一次 {{@dc|15}} 的感知豁免，否则将陷入狂暴状态。在狂暴状态下，你必须在每个回合使用你的动作用斧头攻击离你最近的生物。如果你能作为 {{@action|攻击}} 动作的一部分进行额外攻击，你将使用这些额外攻击，在击倒当前目标后移动到攻击下一个最近的生物。如果你有多个潜在目标，你将随机攻击其中一个。在你开始回合时，如果你在60英尺内没有可以看到或听到的生物，你将结束狂暴状态。"
  },
  "en": {
    "name": "Berserker Axe",
    "edition": "classic",
    "type": "GV|DMG",
    "requires": [
      {
        "axe": true
      }
    ],
    "inherits": {
      "namePrefix": "Berserker ",
      "source": "DMG",
      "page": 155,
      "srd": true,
      "reprintedAs": [
        "Berserker Axe|XDMG"
      ],
      "tier": "major",
      "rarity": "rare",
      "reqAttune": true,
      "curse": true,
      "bonusWeapon": "+1",
      "entries": [
        "You gain a +1 bonus to attack and damage rolls made with this magic weapon. In addition, while you are attuned to this weapon, your hit point maximum increases by 1 for each level you have attained.",
        {
          "type": "entries",
          "name": "Curse",
          "entries": [
            "This axe is cursed, and becoming attuned to it extends the curse to you. As long as you remain cursed, you are unwilling to part with the axe, keeping it within reach at all times. You also have disadvantage on attack rolls with weapons other than this one, unless no foe is within 60 feet of you that you can see or hear."
          ]
        },
        "Whenever a hostile creature damages you while the axe is in your possession, you must succeed on a {@dc 15} Wisdom saving throw or go berserk. While berserk, you must use your action each round to attack the creature nearest to you with the axe. If you can make extra attacks as part of the {@action Attack} action, you use those extra attacks, moving to attack the next nearest creature after you fell your current target. If you have multiple possible targets, you attack one at random. You are berserk until you start your turn with no creatures within 60 feet of you that you can see or hear."
      ],
      "lootTables": [
        "Magic Item Table G"
      ]
    },
    "hasFluffImages": true,
    "entries": [
      "You gain a +1 bonus to attack and damage rolls made with this magic weapon. In addition, while you are attuned to this weapon, your hit point maximum increases by 1 for each level you have attained.",
      {
        "type": "entries",
        "name": "Curse",
        "entries": [
          "This axe is cursed, and becoming attuned to it extends the curse to you. As long as you remain cursed, you are unwilling to part with the axe, keeping it within reach at all times. You also have disadvantage on attack rolls with weapons other than this one, unless no foe is within 60 feet of you that you can see or hear."
        ]
      },
      "Whenever a hostile creature damages you while the axe is in your possession, you must succeed on a {@dc 15} Wisdom saving throw or go berserk. While berserk, you must use your action each round to attack the creature nearest to you with the axe. If you can make extra attacks as part of the {@action Attack} action, you use those extra attacks, moving to attack the next nearest creature after you fell your current target. If you have multiple possible targets, you attack one at random. You are berserk until you start your turn with no creatures within 60 feet of you that you can see or hear."
    ],
    "html": "You gain a +1 bonus to attack and damage rolls made with this magic weapon. In addition, while you are attuned to this weapon, your hit point maximum increases by 1 for each level you have attained.\n<div class=\"parser-entries\"><div class=\"parser-entries-name\">Curse</div><div class=\"parser-entries-content\">This axe is cursed, and becoming attuned to it extends the curse to you. As long as you remain cursed, you are unwilling to part with the axe, keeping it within reach at all times. You also have disadvantage on attack rolls with weapons other than this one, unless no foe is within 60 feet of you that you can see or hear.</div></div>\nWhenever a hostile creature damages you while the axe is in your possession, you must succeed on a {{@dc|15}} Wisdom saving throw or go berserk. While berserk, you must use your action each round to attack the creature nearest to you with the axe. If you can make extra attacks as part of the {{@action|Attack}} action, you use those extra attacks, moving to attack the next nearest creature after you fell your current target. If you have multiple possible targets, you attack one at random. You are berserk until you start your turn with no creatures within 60 feet of you that you can see or hear."
  }
}