{
  "dataType": "item",
  "uid": "item_Cloak of the Manta Ray|DMG ",
  "id": "Cloak of the Manta Ray|DMG",
  "rarity": "uncommon",
  "isBaseItem": false,
  "full": {
    "en": {
      "images": [
        {
          "type": "image",
          "href": {
            "type": "internal",
            "path": "items/DMG/Cloak of the Manta Ray.webp"
          }
        }
      ]
    },
    "zh": {
      "images": [
        {
          "type": "image",
          "href": {
            "type": "internal",
            "path": "items/DMG/Cloak of the Manta Ray.webp"
          }
        }
      ]
    }
  },
  "baseItem": "",
  "displayName": {
    "zh": "蝠鲼斗篷",
    "en": "Cloak of the Manta Ray"
  },
  "mainSource": {
    "source": "DMG",
    "page": 159
  },
  "allSources": [
    {
      "source": "DMG",
      "page": 159
    },
    {
      "source": "XDMG",
      "page": 0
    },
    {
      "source": "XDMG",
      "page": 245
    }
  ],
  "relatedVersions": [
    "Cloak of the Manta Ray|XDMG"
  ],
  "zh": {
    "name": "蝠鲼斗篷",
    "source": "DMG",
    "page": 159,
    "srd": true,
    "reprintedAs": [
      "蝠鲼斗篷|XDMG"
    ],
    "tier": "次要",
    "rarity": "uncommon",
    "wondrous": true,
    "modifySpeed": {
      "static": {
        "swim": 60
      }
    },
    "entries": [
      "着装此斗篷期间，拉起兜帽后，你可以在水下呼吸，并获得60尺的游泳速度。拉起或放下兜帽需要一个动作。"
    ],
    "optionalfeatures": [
      "仿制魔法物品|TCE"
    ],
    "lootTables": [
      "魔法物品表B"
    ],
    "hasFluffImages": true,
    "ENG_name": "Cloak of the Manta Ray",
    "html": "着装此斗篷期间，拉起兜帽后，你可以在水下呼吸，并获得60尺的游泳速度。拉起或放下兜帽需要一个动作。"
  },
  "en": {
    "name": "Cloak of the Manta Ray",
    "source": "DMG",
    "page": 159,
    "srd": true,
    "reprintedAs": [
      "Cloak of the Manta Ray|XDMG"
    ],
    "tier": "minor",
    "rarity": "uncommon",
    "wondrous": true,
    "modifySpeed": {
      "static": {
        "swim": 60
      }
    },
    "entries": [
      "While wearing this cloak with its hood up, you can breathe underwater, and you have a swimming speed of 60 feet. Pulling the hood up or down requires an action."
    ],
    "optionalfeatures": [
      "replicate magic item|tce"
    ],
    "lootTables": [
      "Magic Item Table B"
    ],
    "hasFluffImages": true,
    "html": "While wearing this cloak with its hood up, you can breathe underwater, and you have a swimming speed of 60 feet. Pulling the hood up or down requires an action."
  },
  "bonus": {}
}