{
  "dataType": "item",
  "uid": "item_Copper chalice with silver filigree|DMG ",
  "id": "Copper chalice with silver filigree|DMG",
  "value": 2500,
  "rarity": "none",
  "isBaseItem": false,
  "baseItem": "",
  "displayName": {
    "zh": "点缀着银丝的铜制酒杯",
    "en": "Copper chalice with silver filigree"
  },
  "mainSource": {
    "source": "DMG",
    "page": 134
  },
  "allSources": [
    {
      "source": "DMG",
      "page": 134
    },
    {
      "source": "XDMG",
      "page": 0
    },
    {
      "source": "XDMG",
      "page": 215
    }
  ],
  "relatedVersions": [
    "Copper chalice with silver filigree|XDMG"
  ],
  "zh": {
    "name": "点缀着银丝的铜制酒杯",
    "source": "DMG",
    "page": 134,
    "reprintedAs": [
      "点缀着银丝的铜制酒杯|XDMG"
    ],
    "type": "$A|DMG",
    "rarity": "none",
    "value": 2500,
    "ENG_name": "Copper chalice with silver filigree",
    "entries": [],
    "html": ""
  },
  "en": {
    "name": "Copper chalice with silver filigree",
    "source": "DMG",
    "page": 134,
    "reprintedAs": [
      "Copper chalice with silver filigree|XDMG"
    ],
    "type": "$A|DMG",
    "rarity": "none",
    "value": 2500,
    "entries": [],
    "html": ""
  },
  "bonus": {}
}