{
  "dataType": "item",
  "uid": "item_Jester Card|BMT ",
  "id": "Jester Card|BMT",
  "rarity": "legendary",
  "isBaseItem": false,
  "full": {
    "en": {
      "images": [
        {
          "type": "image",
          "href": {
            "type": "internal",
            "path": "decks/BMT/Deck of Many Things/14-jester.webp"
          },
          "credit": "Harry Conway"
        }
      ]
    },
    "zh": {
      "images": [
        {
          "type": "image",
          "href": {
            "type": "internal",
            "path": "decks/BMT/Deck of Many Things/14-jester.webp"
          },
          "credit": "Harry Conway"
        }
      ]
    }
  },
  "baseItem": "",
  "displayName": {
    "zh": "小丑卡",
    "en": "Jester Card"
  },
  "mainSource": {
    "source": "BMT",
    "page": 14
  },
  "allSources": [
    {
      "source": "BMT",
      "page": 14
    }
  ],
  "zh": {
    "name": "小丑卡",
    "source": "BMT",
    "page": 14,
    "rarity": "legendary",
    "wondrous": true,
    "recharge": "拂晓",
    "entries": [
      "作为动作，你可以挥舞这张卡牌并用其施放{@spell 奥图迷舞}法术（豁免{@dc 17}），并且你在为维持{@status 专注}的体质豁免检定上具有优势。这一属性一经使用，直到次日黎明之前无法再次使用。"
    ],
    "attachedSpells": {
      "daily": {
        "1e": [
          "奥图迷舞"
        ]
      }
    },
    "hasFluffImages": true,
    "ENG_name": "Jester Card",
    "html": "作为动作，你可以挥舞这张卡牌并用其施放{{@spell|奥图迷舞}}法术（豁免{{@dc|17}}），并且你在为维持{{@status|专注}}的体质豁免检定上具有优势。这一属性一经使用，直到次日黎明之前无法再次使用。"
  },
  "en": {
    "name": "Jester Card",
    "source": "BMT",
    "page": 14,
    "rarity": "legendary",
    "wondrous": true,
    "recharge": "dawn",
    "entries": [
      "As an action, you can brandish this card and use it to cast the {@spell Otto's Irresistible Dance} spell (save {@dc 17}), and you have advantage on Constitution saving throws to maintain {@status concentration} on it. Once this property is used, it can't be used again until the next dawn."
    ],
    "attachedSpells": {
      "daily": {
        "1e": [
          "otto's irresistible dance"
        ]
      }
    },
    "hasFluffImages": true,
    "html": "As an action, you can brandish this card and use it to cast the {{@spell|Otto's Irresistible Dance}} spell (save {{@dc|17}}), and you have advantage on Constitution saving throws to maintain {{@status|concentration}} on it. Once this property is used, it can't be used again until the next dawn."
  },
  "bonus": {}
}