{
  "dataType": "item",
  "uid": "item_Eye and Hand of Vecna|DMG ",
  "id": "Eye and Hand of Vecna|DMG",
  "rarity": "artifact",
  "isBaseItem": false,
  "full": {
    "en": {
      "images": [
        {
          "type": "image",
          "href": {
            "type": "internal",
            "path": "items/DMG/Eye and Hand of Vecna.webp"
          }
        }
      ]
    },
    "zh": {
      "images": [
        {
          "type": "image",
          "href": {
            "type": "internal",
            "path": "items/DMG/Eye and Hand of Vecna.webp"
          }
        }
      ]
    }
  },
  "baseItem": "",
  "items": [
    "维克那法眼|DMG",
    "维克那魔掌|DMG"
  ],
  "displayName": {
    "zh": "维克那法眼和魔掌",
    "en": "Eye and Hand of Vecna"
  },
  "mainSource": {
    "source": "DMG",
    "page": 224
  },
  "allSources": [
    {
      "source": "DMG",
      "page": 224
    },
    {
      "source": "XDMG",
      "page": 0
    },
    {
      "source": "XDMG",
      "page": 259
    }
  ],
  "relatedVersions": [
    "Eye and Hand of Vecna|XDMG"
  ],
  "zh": {
    "name": "维克那法眼和魔掌",
    "source": "DMG",
    "page": 224,
    "reprintedAs": [
      "维克那法眼和魔掌|XDMG"
    ],
    "rarity": "artifact",
    "reqAttune": true,
    "wondrous": true,
    "ability": {
      "static": {
        "str": 20
      }
    },
    "entries": [
      "维克那之名鲜少被提及，除非是以低语之声。在其时代，维克那是所有法师中最强大的之一。通过黑暗魔法和征服，他建立了一个恐怖的帝国。尽管拥有如此力量，维克那却无法逃脱自己的死亡。他开始恐惧死亡，并采取措施阻止自己的终结。",
      "恶魔君主{@creature 奥喀斯|MTF}，不死生物的恶魔王子，向维克那传授了一个仪式，使他能够以{@creature 巫妖}的形式继续存活。超越死亡后，他成为了所有巫妖中最强大的一个。即使他的身体逐渐枯萎腐烂，维克那依然继续扩张其邪恶的统治。他的脾气如此可怕而可憎，以至于他的臣民都不敢提及他的名号。他被称为耳语者、蜘蛛王座之主、不朽者之王，以及腐朽塔楼之主。",
      "传闻维克那的副官凯斯觊觎其蜘蛛王座，又有说是主君为其制作的宝剑曾对他不停的煽动挑拨。不管原因为何，凯斯最终发动了叛乱，并在一场骇人的战争中结束了不朽者国王的统治，甚至让维克那的塔楼回归尘土。而维克那本身则只留下一只手掌和一只眼睛，并化作力量惊人的神器继续在世上贯彻耳语者的意志。",
      "这个{@item 维克那法眼}和这个{@item 维克那魔掌}可能会一起或分别被发现。法眼布满血丝，有如刚刚直接从眼眶中抽出。魔掌则是一副风干萎缩断肢的样子。",
      "与法眼同调前，你必须先挖出自身的一颗眼珠，再把神器放入挖空的眼眶内。法眼会自行嫁接入你的脑袋并留在其位置直至你死亡。一旦就位，法眼会变为一只有着狭长瞳孔的金色的猫眼。此后法眼一旦被取下，你将立即死亡。",
      "与魔掌同调前，你必须先将左手手腕以下砍断，再把神器接入断手的截面。魔掌会自行嫁接到你的手臂并成为一副正常运作的前肢。一旦魔掌被取下，你将立即死亡。",
      {
        "ENG_name": "Random Properties",
        "name": "随机词条",
        "type": "entries",
        "entries": [
          "{@item 维克那法眼} 和{@item 维克那魔掌} 各自具有下列随机属性：",
          {
            "type": "list",
            "items": [
              "1 {@table 神器词条; 次要增益词条|DMG|弱效增益属性}",
              "1 {@table 神器词条; 主要增益词条|DMG|强效增益属性}",
              "1 {@table 神器词条; 次要减益词条|DMG|弱效减益属性}"
            ]
          }
        ]
      },
      {
        "ENG_name": "Properties of the Eye",
        "name": "法眼词条",
        "type": "entries",
        "entries": [
          "你的阵营变为中立邪恶，并且获得以下增益：",
          {
            "type": "list",
            "items": [
              "你拥有{@sense 真实视觉}。",
              "你可以使用一个动作来视物，并视为等同于带着{@item X射线戒指}。你可以用一附赠动作终止该效应。",
              "法眼拥有8发充能。你可以用一个动作并花费1发或更多充能，然后从法眼施展以下法术（豁免{@dc 18}）之一：{@spell 鹰眼术}（2充能），{@spell 疯狂冠冕}（1充能），{@spell 解离术}（4充能），{@spell 支配怪物}（5充能），或{@spell 摄心目光}（4充能）。法眼在每天黎明时恢复{@dice 1d4 + 4}发已消耗的充能。每次使用法眼的法术时，有{@chance 5}的几率被维克那抽取灵魂并吞噬殆尽，而你的身体则变为受其控制的傀儡。该情况下你将成为DM控制的NPC。"
            ]
          }
        ]
      },
      {
        "ENG_name": "Properties of the Hand",
        "name": "魔掌词条",
        "type": "entries",
        "entries": [
          "你的阵营变为中立邪恶，并且获得以下增益：",
          {
            "type": "list",
            "items": [
              "你的力量值变为20，除非其数值已经是20或者更高。",
              "· 使用魔掌进行的任何近战法术攻击，以及使用魔掌持用近战武器发动的近战武器攻击，命中时将加上额外的{@damage 2d8}寒冷伤害。",
              "魔掌拥有8发充能。你可以使用一个动作并花费1发或更多充能，然后从魔掌施放以下法术（豁免{@dc 18}）之一：{@spell 死亡一指}（5充能），{@spell 睡眠术}（1充能），{@spell 缓慢术}（2充能），或{@spell 传送术}（3充能）。魔掌在每天黎明时恢复{@dice 1d4 + 4}发已消耗的充能。每次使用魔掌的法术时，它将对你施展{@spell 暗示术}（豁免{@dc 18}），要求你犯下邪恶行径。魔掌可能有一个特定的行为要求，也可能由你自行决定。"
            ]
          }
        ]
      },
      {
        "ENG_name": "Properties of the Eye and Hand",
        "name": "法眼和魔掌词条",
        "type": "entries",
        "entries": [
          "与魔掌和法眼都进行同调后，你将获得以下的额外增益：",
          {
            "type": "list",
            "items": [
              "你免疫所有疾病和毒素。",
              "使用法眼的X射线时不再承受{@condition 力竭}。",
              "你对危险拥有预感，除非你处于{@condition 失能}状态，否则无法被{@status 措手不及}。",
              "在你的回合开始时，如果你的生命值至少还剩1，则恢复{@dice 1d10}的生命值。",
              "如果生物有骨架，你可以用{@item 维克那魔掌}对其进行一次接触，并尝试将其骨头变为凝胶。你可以使用一个动作对可触及的生物发动一次近战攻击，攻击时你可以选择使用你可选的近战武器或法术攻击加值。一旦命中，目标必须成功通过一次{@dc 18}的体质豁免否则其生命值降至0。",
              "你可以使用一个动作施放{@spell 祈愿术}。该属性使用后必需经过30日才可再次使用。"
            ]
          }
        ]
      },
      {
        "ENG_name": "Destroying the Eye and Hand",
        "name": "摧毁法眼和魔掌",
        "type": "entries",
        "entries": [
          "如果{@item 维克那法眼}和{@item 维克那魔掌}都与同一生物同调，并且该生物被{@item 凯斯之剑}所斩杀，则法眼和魔掌即时迸出火焰烧成灰烬，并且被彻底摧毁。任何其他行为似乎也可以破坏法眼和魔掌，但这些神器会在维克那其中一个隐藏宝库中重现，并在此等待重现人间。"
        ]
      }
    ],
    "items": [
      "维克那法眼|DMG",
      "维克那魔掌|DMG"
    ],
    "attachedSpells": {
      "charges": {
        "1": [
          "疯狂冠冕",
          "睡眠术"
        ],
        "2": [
          "鹰眼术",
          "缓慢术"
        ],
        "3": [
          "传送术"
        ],
        "4": [
          "解离术",
          "摄心目光"
        ],
        "5": [
          "支配怪物",
          "死亡一指"
        ]
      },
      "other": [
        "祈愿术"
      ]
    },
    "hasFluffImages": true,
    "ENG_name": "Eye and Hand of Vecna",
    "html": "维克那之名鲜少被提及，除非是以低语之声。在其时代，维克那是所有法师中最强大的之一。通过黑暗魔法和征服，他建立了一个恐怖的帝国。尽管拥有如此力量，维克那却无法逃脱自己的死亡。他开始恐惧死亡，并采取措施阻止自己的终结。\n恶魔君主{{@creature|奥喀斯|MTF}}，不死生物的恶魔王子，向维克那传授了一个仪式，使他能够以{{@creature|巫妖}}的形式继续存活。超越死亡后，他成为了所有巫妖中最强大的一个。即使他的身体逐渐枯萎腐烂，维克那依然继续扩张其邪恶的统治。他的脾气如此可怕而可憎，以至于他的臣民都不敢提及他的名号。他被称为耳语者、蜘蛛王座之主、不朽者之王，以及腐朽塔楼之主。\n传闻维克那的副官凯斯觊觎其蜘蛛王座，又有说是主君为其制作的宝剑曾对他不停的煽动挑拨。不管原因为何，凯斯最终发动了叛乱，并在一场骇人的战争中结束了不朽者国王的统治，甚至让维克那的塔楼回归尘土。而维克那本身则只留下一只手掌和一只眼睛，并化作力量惊人的神器继续在世上贯彻耳语者的意志。\n这个{{@item|维克那法眼}}和这个{{@item|维克那魔掌}}可能会一起或分别被发现。法眼布满血丝，有如刚刚直接从眼眶中抽出。魔掌则是一副风干萎缩断肢的样子。\n与法眼同调前，你必须先挖出自身的一颗眼珠，再把神器放入挖空的眼眶内。法眼会自行嫁接入你的脑袋并留在其位置直至你死亡。一旦就位，法眼会变为一只有着狭长瞳孔的金色的猫眼。此后法眼一旦被取下，你将立即死亡。\n与魔掌同调前，你必须先将左手手腕以下砍断，再把神器接入断手的截面。魔掌会自行嫁接到你的手臂并成为一副正常运作的前肢。一旦魔掌被取下，你将立即死亡。\n<div class=\"parser-entries\"><div class=\"parser-entries-name\">随机词条</div><div class=\"parser-entries-eng-name\">Random Properties</div><div class=\"parser-entries-content\">{{@item|维克那法眼}} 和{{@item|维克那魔掌}} 各自具有下列随机属性：<ul class=\"parser-list parser-list-default\"><li>1 {{@table|神器词条; 次要增益词条|DMG|弱效增益属性}}</li><li>1 {{@table|神器词条; 主要增益词条|DMG|强效增益属性}}</li><li>1 {{@table|神器词条; 次要减益词条|DMG|弱效减益属性}}</li></ul></div></div>\n<div class=\"parser-entries\"><div class=\"parser-entries-name\">法眼词条</div><div class=\"parser-entries-eng-name\">Properties of the Eye</div><div class=\"parser-entries-content\">你的阵营变为中立邪恶，并且获得以下增益：<ul class=\"parser-list parser-list-default\"><li>你拥有{{@sense|真实视觉}}。</li><li>你可以使用一个动作来视物，并视为等同于带着{{@item|X射线戒指}}。你可以用一附赠动作终止该效应。</li><li>法眼拥有8发充能。你可以用一个动作并花费1发或更多充能，然后从法眼施展以下法术（豁免{{@dc|18}}）之一：{{@spell|鹰眼术}}（2充能），{{@spell|疯狂冠冕}}（1充能），{{@spell|解离术}}（4充能），{{@spell|支配怪物}}（5充能），或{{@spell|摄心目光}}（4充能）。法眼在每天黎明时恢复{{@dice|1d4 + 4}}发已消耗的充能。每次使用法眼的法术时，有{{@chance|5}}的几率被维克那抽取灵魂并吞噬殆尽，而你的身体则变为受其控制的傀儡。该情况下你将成为DM控制的NPC。</li></ul></div></div>\n<div class=\"parser-entries\"><div class=\"parser-entries-name\">魔掌词条</div><div class=\"parser-entries-eng-name\">Properties of the Hand</div><div class=\"parser-entries-content\">你的阵营变为中立邪恶，并且获得以下增益：<ul class=\"parser-list parser-list-default\"><li>你的力量值变为20，除非其数值已经是20或者更高。</li><li>· 使用魔掌进行的任何近战法术攻击，以及使用魔掌持用近战武器发动的近战武器攻击，命中时将加上额外的{{@damage|2d8}}寒冷伤害。</li><li>魔掌拥有8发充能。你可以使用一个动作并花费1发或更多充能，然后从魔掌施放以下法术（豁免{{@dc|18}}）之一：{{@spell|死亡一指}}（5充能），{{@spell|睡眠术}}（1充能），{{@spell|缓慢术}}（2充能），或{{@spell|传送术}}（3充能）。魔掌在每天黎明时恢复{{@dice|1d4 + 4}}发已消耗的充能。每次使用魔掌的法术时，它将对你施展{{@spell|暗示术}}（豁免{{@dc|18}}），要求你犯下邪恶行径。魔掌可能有一个特定的行为要求，也可能由你自行决定。</li></ul></div></div>\n<div class=\"parser-entries\"><div class=\"parser-entries-name\">法眼和魔掌词条</div><div class=\"parser-entries-eng-name\">Properties of the Eye and Hand</div><div class=\"parser-entries-content\">与魔掌和法眼都进行同调后，你将获得以下的额外增益：<ul class=\"parser-list parser-list-default\"><li>你免疫所有疾病和毒素。</li><li>使用法眼的X射线时不再承受{{@condition|力竭}}。</li><li>你对危险拥有预感，除非你处于{{@condition|失能}}状态，否则无法被{{@status|措手不及}}。</li><li>在你的回合开始时，如果你的生命值至少还剩1，则恢复{{@dice|1d10}}的生命值。</li><li>如果生物有骨架，你可以用{{@item|维克那魔掌}}对其进行一次接触，并尝试将其骨头变为凝胶。你可以使用一个动作对可触及的生物发动一次近战攻击，攻击时你可以选择使用你可选的近战武器或法术攻击加值。一旦命中，目标必须成功通过一次{{@dc|18}}的体质豁免否则其生命值降至0。</li><li>你可以使用一个动作施放{{@spell|祈愿术}}。该属性使用后必需经过30日才可再次使用。</li></ul></div></div>\n<div class=\"parser-entries\"><div class=\"parser-entries-name\">摧毁法眼和魔掌</div><div class=\"parser-entries-eng-name\">Destroying the Eye and Hand</div><div class=\"parser-entries-content\">如果{{@item|维克那法眼}}和{{@item|维克那魔掌}}都与同一生物同调，并且该生物被{{@item|凯斯之剑}}所斩杀，则法眼和魔掌即时迸出火焰烧成灰烬，并且被彻底摧毁。任何其他行为似乎也可以破坏法眼和魔掌，但这些神器会在维克那其中一个隐藏宝库中重现，并在此等待重现人间。</div></div>"
  },
  "en": {
    "name": "Eye and Hand of Vecna",
    "source": "DMG",
    "page": 224,
    "reprintedAs": [
      "Eye and Hand of Vecna|XDMG"
    ],
    "rarity": "artifact",
    "reqAttune": true,
    "wondrous": true,
    "ability": {
      "static": {
        "str": 20
      }
    },
    "entries": [
      "Seldom is the name of Vecna spoken except in a hushed voice. Vecna was, in his time, one of the mightiest of all wizards. Through dark magic and conquest, he forged a terrible empire. For all his power, Vecna couldn't escape his own mortality. He began to fear death and take steps to prevent his end from ever coming about.",
      "{@creature Orcus|MTF}, the demon prince of undeath, taught Vecna a ritual that would allow him to live on as a {@creature lich}. Beyond death, he became the greatest of all liches. Even though his body gradually withered and decayed, Vecna continued to expand his evil dominion. So formidable and hideous was his temper that his subjects feared to speak his name. He was the Whispered One, the Master of the Spider Throne, the Undying King, and the Lord of the Rotted Tower.",
      "Some say that Vecna's lieutenant Kas coveted the Spider Throne for himself, or that the sword his lord made for him seduced him into rebellion. Whatever the reason, Kas brought the Undying King's rule to an end in a terrible battle that left Vecna's tower a heap of ash. Of Vecna, all that remained were one hand and one eye, grisly artifacts that still seek to work the Whispered One's will in the world.",
      "The {@item Eye of Vecna} and the {@item Hand of Vecna} might be found together or separately. The eye looks like a bloodshot organ torn free from the socket. The hand is a mummified and shriveled left extremity.",
      "To attune to the eye, you must gouge out your own eye and press the artifact into the empty socket. The eye grafts itself to your head and remains there until you die. Once in place, the eye transforms into a golden eye with a slit for a pupil, much like that of a cat. If the eye is ever removed, you die.",
      "To attune to the hand, you must lop off your left hand at the wrist and the press the artifact against the stump. The hand grafts itself to your arm and becomes a functioning appendage. If the hand is ever removed, you die.",
      {
        "name": "Random Properties",
        "type": "entries",
        "entries": [
          "The {@item Eye of Vecna} and the {@item Hand of Vecna} each have the following random properties:",
          {
            "type": "list",
            "items": [
              "1 {@table Artifact Properties; Minor Beneficial Properties|dmg|minor beneficial property}",
              "1 {@table Artifact Properties; Major Beneficial Properties|dmg|major beneficial property}",
              "1 {@table Artifact Properties; Minor Detrimental Properties|dmg|minor detrimental property}"
            ]
          }
        ]
      },
      {
        "name": "Properties of the Eye",
        "type": "entries",
        "entries": [
          "Your alignment changes to neutral evil, and you gain the following benefits:",
          {
            "type": "list",
            "items": [
              "You have {@sense truesight}.",
              "You can use an action to see as if you were wearing a {@item ring of X-ray vision}. You can end this effect as a bonus action.",
              "The eye has 8 charges. You can use an action and expend 1 or more charges to cast one of the following spells (save {@dc 18}) from it: {@spell clairvoyance} (2 charges), {@spell crown of madness} (1 charge), {@spell disintegrate} (4 charges), {@spell dominate monster} (5 charges), or {@spell eyebite} (4 charges). The eye regains {@dice 1d4 + 4} expended charges daily at dawn. Each time you cast a spell from the eye, there is a {@chance 5} chance that Vecna tears your soul from your body, devours it, and then takes control of the body like a puppet. If that happens, you become an NPC under the DM's control."
            ]
          }
        ]
      },
      {
        "name": "Properties of the Hand",
        "type": "entries",
        "entries": [
          "Your alignment changes to neutral evil, and you gain the following benefits:",
          {
            "type": "list",
            "items": [
              "Your Strength score becomes 20, unless it is already 20 or higher.",
              "Any melee spell attack you make with the hand, and any melee weapon attack made with a weapon held by it, deals an extra {@damage 2d8} cold damage on a hit.",
              "The hand has 8 charges. You can use an action and expend 1 or more charges to cast one of the following spells (save {@dc 18}) from it: {@spell finger of death} (5 charges), {@spell sleep} (1 charge), {@spell slow} (2 charges), or {@spell teleport} (3 charges). The hand regains {@dice 1d4 + 4} expended charges daily at dawn. Each time you cast a spell from the hand, it casts the {@spell suggestion} spell on you (save {@dc 18}), demanding that you commit an evil act. The hand might have a specific act in mind or leave it up to you."
            ]
          }
        ]
      },
      {
        "name": "Properties of the Eye and Hand",
        "type": "entries",
        "entries": [
          "If you are attuned to both the hand and eye, you gain the following additional benefits:",
          {
            "type": "list",
            "items": [
              "You are immune to disease and poison.",
              "Using the eye's X-ray vision never causes you to suffer {@condition exhaustion}.",
              "You experience premonitions of danger and, unless you are {@condition incapacitated}, can't be {@status surprised}.",
              "If you start your turn with at least 1 hit point, you regain {@dice 1d10} hit points.",
              "If a creature has a skeleton, you can attempt to turn its bones to jelly with a touch of the {@item Hand of Vecna}. You can do so by using an action to make a melee attack against a creature you can reach, using your choice of your melee attack bonus for weapons or spells. On a hit, the target must succeed on a {@dc 18} Constitution saving throw or drop to 0 hit points.",
              "You can use an action to cast {@spell wish}. This property can't be used again until 30 days have passed."
            ]
          }
        ]
      },
      {
        "name": "Destroying the Eye and Hand",
        "type": "entries",
        "entries": [
          "If the {@item Eye of Vecna} and the {@item Hand of Vecna} are both attached to the same creature, and that creature is slain by the {@item Sword of Kas}, both the eye and the hand burst into flame, turn to ash, and are destroyed forever. Any other attempt to destroy the eye or hand seems to work, but the artifact reappears in one of Vecna's many hidden vaults, where it waits to be rediscovered."
        ]
      }
    ],
    "items": [
      "Eye of Vecna|DMG",
      "Hand of Vecna|DMG"
    ],
    "attachedSpells": {
      "charges": {
        "1": [
          "crown of madness",
          "sleep"
        ],
        "2": [
          "clairvoyance",
          "slow"
        ],
        "3": [
          "teleport"
        ],
        "4": [
          "disintegrate",
          "eyebite"
        ],
        "5": [
          "dominate monster",
          "finger of death"
        ]
      },
      "other": [
        "wish"
      ]
    },
    "hasFluffImages": true,
    "html": "Seldom is the name of Vecna spoken except in a hushed voice. Vecna was, in his time, one of the mightiest of all wizards. Through dark magic and conquest, he forged a terrible empire. For all his power, Vecna couldn't escape his own mortality. He began to fear death and take steps to prevent his end from ever coming about.\n{{@creature|Orcus|MTF}}, the demon prince of undeath, taught Vecna a ritual that would allow him to live on as a {{@creature|lich}}. Beyond death, he became the greatest of all liches. Even though his body gradually withered and decayed, Vecna continued to expand his evil dominion. So formidable and hideous was his temper that his subjects feared to speak his name. He was the Whispered One, the Master of the Spider Throne, the Undying King, and the Lord of the Rotted Tower.\nSome say that Vecna's lieutenant Kas coveted the Spider Throne for himself, or that the sword his lord made for him seduced him into rebellion. Whatever the reason, Kas brought the Undying King's rule to an end in a terrible battle that left Vecna's tower a heap of ash. Of Vecna, all that remained were one hand and one eye, grisly artifacts that still seek to work the Whispered One's will in the world.\nThe {{@item|Eye of Vecna}} and the {{@item|Hand of Vecna}} might be found together or separately. The eye looks like a bloodshot organ torn free from the socket. The hand is a mummified and shriveled left extremity.\nTo attune to the eye, you must gouge out your own eye and press the artifact into the empty socket. The eye grafts itself to your head and remains there until you die. Once in place, the eye transforms into a golden eye with a slit for a pupil, much like that of a cat. If the eye is ever removed, you die.\nTo attune to the hand, you must lop off your left hand at the wrist and the press the artifact against the stump. The hand grafts itself to your arm and becomes a functioning appendage. If the hand is ever removed, you die.\n<div class=\"parser-entries\"><div class=\"parser-entries-name\">Random Properties</div><div class=\"parser-entries-content\">The {{@item|Eye of Vecna}} and the {{@item|Hand of Vecna}} each have the following random properties:<ul class=\"parser-list parser-list-default\"><li>1 {{@table|Artifact Properties; Minor Beneficial Properties|dmg|minor beneficial property}}</li><li>1 {{@table|Artifact Properties; Major Beneficial Properties|dmg|major beneficial property}}</li><li>1 {{@table|Artifact Properties; Minor Detrimental Properties|dmg|minor detrimental property}}</li></ul></div></div>\n<div class=\"parser-entries\"><div class=\"parser-entries-name\">Properties of the Eye</div><div class=\"parser-entries-content\">Your alignment changes to neutral evil, and you gain the following benefits:<ul class=\"parser-list parser-list-default\"><li>You have {{@sense|truesight}}.</li><li>You can use an action to see as if you were wearing a {{@item|ring of X-ray vision}}. You can end this effect as a bonus action.</li><li>The eye has 8 charges. You can use an action and expend 1 or more charges to cast one of the following spells (save {{@dc|18}}) from it: {{@spell|clairvoyance}} (2 charges), {{@spell|crown of madness}} (1 charge), {{@spell|disintegrate}} (4 charges), {{@spell|dominate monster}} (5 charges), or {{@spell|eyebite}} (4 charges). The eye regains {{@dice|1d4 + 4}} expended charges daily at dawn. Each time you cast a spell from the eye, there is a {{@chance|5}} chance that Vecna tears your soul from your body, devours it, and then takes control of the body like a puppet. If that happens, you become an NPC under the DM's control.</li></ul></div></div>\n<div class=\"parser-entries\"><div class=\"parser-entries-name\">Properties of the Hand</div><div class=\"parser-entries-content\">Your alignment changes to neutral evil, and you gain the following benefits:<ul class=\"parser-list parser-list-default\"><li>Your Strength score becomes 20, unless it is already 20 or higher.</li><li>Any melee spell attack you make with the hand, and any melee weapon attack made with a weapon held by it, deals an extra {{@damage|2d8}} cold damage on a hit.</li><li>The hand has 8 charges. You can use an action and expend 1 or more charges to cast one of the following spells (save {{@dc|18}}) from it: {{@spell|finger of death}} (5 charges), {{@spell|sleep}} (1 charge), {{@spell|slow}} (2 charges), or {{@spell|teleport}} (3 charges). The hand regains {{@dice|1d4 + 4}} expended charges daily at dawn. Each time you cast a spell from the hand, it casts the {{@spell|suggestion}} spell on you (save {{@dc|18}}), demanding that you commit an evil act. The hand might have a specific act in mind or leave it up to you.</li></ul></div></div>\n<div class=\"parser-entries\"><div class=\"parser-entries-name\">Properties of the Eye and Hand</div><div class=\"parser-entries-content\">If you are attuned to both the hand and eye, you gain the following additional benefits:<ul class=\"parser-list parser-list-default\"><li>You are immune to disease and poison.</li><li>Using the eye's X-ray vision never causes you to suffer {{@condition|exhaustion}}.</li><li>You experience premonitions of danger and, unless you are {{@condition|incapacitated}}, can't be {{@status|surprised}}.</li><li>If you start your turn with at least 1 hit point, you regain {{@dice|1d10}} hit points.</li><li>If a creature has a skeleton, you can attempt to turn its bones to jelly with a touch of the {{@item|Hand of Vecna}}. You can do so by using an action to make a melee attack against a creature you can reach, using your choice of your melee attack bonus for weapons or spells. On a hit, the target must succeed on a {{@dc|18}} Constitution saving throw or drop to 0 hit points.</li><li>You can use an action to cast {{@spell|wish}}. This property can't be used again until 30 days have passed.</li></ul></div></div>\n<div class=\"parser-entries\"><div class=\"parser-entries-name\">Destroying the Eye and Hand</div><div class=\"parser-entries-content\">If the {{@item|Eye of Vecna}} and the {{@item|Hand of Vecna}} are both attached to the same creature, and that creature is slain by the {{@item|Sword of Kas}}, both the eye and the hand burst into flame, turn to ash, and are destroyed forever. Any other attempt to destroy the eye or hand seems to work, but the artifact reappears in one of Vecna's many hidden vaults, where it waits to be rediscovered.</div></div>"
  },
  "bonus": {}
}