{
  "dataType": "item",
  "uid": "item_Cubic Gate|DMG ",
  "id": "Cubic Gate|DMG",
  "rarity": "legendary",
  "isBaseItem": false,
  "full": {
    "en": {
      "images": [
        {
          "type": "image",
          "href": {
            "type": "internal",
            "path": "items/DMG/Cubic Gate.webp"
          }
        }
      ]
    },
    "zh": {
      "images": [
        {
          "type": "image",
          "href": {
            "type": "internal",
            "path": "items/DMG/Cubic Gate.webp"
          }
        }
      ]
    }
  },
  "baseItem": "",
  "displayName": {
    "zh": "异界之门魔方",
    "en": "Cubic Gate"
  },
  "mainSource": {
    "source": "DMG",
    "page": 160
  },
  "allSources": [
    {
      "source": "DMG",
      "page": 160
    },
    {
      "source": "XDMG",
      "page": 0
    },
    {
      "source": "XDMG",
      "page": 247
    }
  ],
  "relatedVersions": [
    "Cubic Gate|XDMG"
  ],
  "zh": {
    "name": "异界之门魔方",
    "source": "DMG",
    "page": 160,
    "srd": true,
    "reprintedAs": [
      "异界之门魔方|XDMG"
    ],
    "tier": "主要",
    "rarity": "legendary",
    "wondrous": true,
    "recharge": "拂晓",
    "rechargeAmount": "{@dice 1d3}",
    "charges": 3,
    "entries": [
      "这个魔方棱长3寸，散发着明显的魔法能量。魔方的六个面分别对应六个不同的位面，其中之一是物质位面，其他位面由DM决定。",
      "你可以用一个动作按下立方体的某个面以施放{@spell 异界之门}法术，并打开连接对应位面的传送门。或者，如果你用一个动作按两次立方体的某个面，你可以用该魔方施放{@spell 位面转移}法术（豁免{@dc 17}）并将目标传送到对应位面。",
      "这个魔方有3发充能。每次使用魔方都会消耗1发充能。魔方每天黎明时会恢复{@dice 1d3}发已消耗的充能。"
    ],
    "attachedSpells": [
      "异界之门",
      "位面转移"
    ],
    "lootTables": [
      "魔法物品表I"
    ],
    "hasFluffImages": true,
    "ENG_name": "Cubic Gate",
    "html": "这个魔方棱长3寸，散发着明显的魔法能量。魔方的六个面分别对应六个不同的位面，其中之一是物质位面，其他位面由DM决定。\n你可以用一个动作按下立方体的某个面以施放{{@spell|异界之门}}法术，并打开连接对应位面的传送门。或者，如果你用一个动作按两次立方体的某个面，你可以用该魔方施放{{@spell|位面转移}}法术（豁免{{@dc|17}}）并将目标传送到对应位面。\n这个魔方有3发充能。每次使用魔方都会消耗1发充能。魔方每天黎明时会恢复{{@dice|1d3}}发已消耗的充能。"
  },
  "en": {
    "name": "Cubic Gate",
    "source": "DMG",
    "page": 160,
    "srd": true,
    "reprintedAs": [
      "Cubic Gate|XDMG"
    ],
    "tier": "major",
    "rarity": "legendary",
    "wondrous": true,
    "recharge": "dawn",
    "rechargeAmount": "{@dice 1d3}",
    "charges": 3,
    "entries": [
      "This cube is 3 inches across and radiates palpable magical energy. The six sides of the cube are each keyed to a different plane of existence, one of which is the Material Plane. The other sides are linked to planes determined by the DM.",
      "You can use an action to press one side of the cube to cast the {@spell gate} spell with it, opening a portal to the plane keyed to that side. Alternatively, if you use an action to press one side twice, you can cast the {@spell plane shift} spell (save {@dc 17}) with the cube and transport the targets to the plane keyed to that side.",
      "The cube has 3 charges. Each use of the cube expends 1 charge. The cube regains {@dice 1d3} expended charges daily at dawn."
    ],
    "attachedSpells": [
      "gate",
      "plane shift"
    ],
    "lootTables": [
      "Magic Item Table I"
    ],
    "hasFluffImages": true,
    "html": "This cube is 3 inches across and radiates palpable magical energy. The six sides of the cube are each keyed to a different plane of existence, one of which is the Material Plane. The other sides are linked to planes determined by the DM.\nYou can use an action to press one side of the cube to cast the {{@spell|gate}} spell with it, opening a portal to the plane keyed to that side. Alternatively, if you use an action to press one side twice, you can cast the {{@spell|plane shift}} spell (save {{@dc|17}}) with the cube and transport the targets to the plane keyed to that side.\nThe cube has 3 charges. Each use of the cube expends 1 charge. The cube regains {{@dice|1d3}} expended charges daily at dawn."
  },
  "charge": {
    "max": 3,
    "rechargeAt": "dawn",
    "rechargeAmount": "{@dice 1d3}"
  },
  "bonus": {}
}