{
  "dataType": "item",
  "uid": "item_Emerald|DMG ",
  "id": "Emerald|DMG",
  "value": 100000,
  "rarity": "none",
  "isBaseItem": false,
  "baseItem": "",
  "displayName": {
    "zh": "祖母绿",
    "en": "Emerald"
  },
  "mainSource": {
    "source": "DMG",
    "page": 134
  },
  "allSources": [
    {
      "source": "DMG",
      "page": 134
    },
    {
      "source": "XDMG",
      "page": 0
    },
    {
      "source": "XDMG",
      "page": 214
    }
  ],
  "relatedVersions": [
    "Emerald|XDMG"
  ],
  "zh": {
    "name": "祖母绿",
    "source": "DMG",
    "page": 134,
    "reprintedAs": [
      "祖母绿|XDMG"
    ],
    "type": "$G|DMG",
    "rarity": "none",
    "value": 100000,
    "entries": [
      "一颗透明的深亮绿色宝石。"
    ],
    "ENG_name": "Emerald",
    "html": "一颗透明的深亮绿色宝石。"
  },
  "en": {
    "name": "Emerald",
    "source": "DMG",
    "page": 134,
    "reprintedAs": [
      "Emerald|XDMG"
    ],
    "type": "$G|DMG",
    "rarity": "none",
    "value": 100000,
    "entries": [
      "A transparent deep bright green gemstone."
    ],
    "html": "A transparent deep bright green gemstone."
  },
  "bonus": {}
}