{
  "dataType": "item",
  "uid": "item_Apparatus of Kwalish|DMG ",
  "id": "Apparatus of Kwalish|DMG",
  "weight": 500,
  "rarity": "legendary",
  "isBaseItem": false,
  "full": {
    "en": {
      "images": [
        {
          "type": "image",
          "href": {
            "type": "internal",
            "path": "items/DMG/Apparatus of Kwalish.webp"
          },
          "credit": "Aaron Hübrich"
        }
      ]
    },
    "zh": {
      "images": [
        {
          "type": "image",
          "href": {
            "type": "internal",
            "path": "items/DMG/Apparatus of Kwalish.webp"
          },
          "credit": "Aaron Hübrich"
        }
      ]
    }
  },
  "baseItem": "",
  "displayName": {
    "zh": "夸力许装置",
    "en": "Apparatus of Kwalish"
  },
  "mainSource": {
    "source": "DMG",
    "page": 151
  },
  "allSources": [
    {
      "source": "DMG",
      "page": 151
    },
    {
      "source": "XDMG",
      "page": 0
    },
    {
      "source": "XDMG",
      "page": 229
    }
  ],
  "relatedVersions": [
    "Apparatus of Kwalish|XDMG"
  ],
  "zh": {
    "name": "夸力许装置",
    "source": "DMG",
    "page": 151,
    "srd": "蟹形装置",
    "reprintedAs": [
      "夸力许装置|XDMG"
    ],
    "tier": "主要",
    "rarity": "legendary",
    "wondrous": true,
    "weight": 500,
    "entries": [
      "这件物品最初看起来是一个重达500磅的大型密封铁桶。桶上有一个隐藏的机关，可以通过成功的{@dc 20}智力（{@skill 调查}）检定发现。释放机关会解锁桶一端的舱口，允许两个中型或更小的生物爬入内部。远端排列着十个处于绝对中立位置的杠杆，每个都可以向上或向下移动。当使用特定杠杆时，该装置会变形为类似巨型龙虾的形态。",
      "夸力许装置是一个大型物件，其具体数值如下：",
      {
        "type": "list",
        "style": "list-hang-notitle",
        "items": [
          {
            "ENG_name": "Armor Class:",
            "name": "护甲等级：",
            "type": "item",
            "entry": "20"
          },
          {
            "ENG_name": "Hit Points:",
            "name": "生命值：",
            "type": "item",
            "entry": "200"
          },
          {
            "ENG_name": "Speed:",
            "name": "速度：",
            "type": "item",
            "entry": "速度：30尺，游泳30尺（如果装置的腿和尾巴未展开，则都为0尺）"
          },
          {
            "ENG_name": "Damage Immunities:",
            "name": "伤害免疫：",
            "type": "item",
            "entry": "毒素，心灵"
          }
        ]
      },
      "要将夸力许装置用作载具，需要一个飞行员。当装置的舱门关闭时，舱室是气密且防水的。舱室内的空气足够供10小时的呼吸，由内部呼吸的生物数量均分。",
      "夸力许装置可以浮在水面上。它也可以下潜至900尺深的水下。超过这个深度，载具会因压力每分钟受到{@damage 2d6}点钝击伤害。",
      "隔间内的生物可以使用一个动作将夸力许装置的两个拉杆向上或向下移动。每次使用后，拉杆会回到绝对中立位置。从左到右的每个拉杆功能如夸力许装置拉杆表格所示。",
      {
        "type": "table",
        "caption": "夸力许装置拉杆：",
        "colLabels": [
          "拉杆",
          "Up",
          "下"
        ],
        "colStyles": [
          "col-1 text-center",
          "col-5-5",
          "col-5-5"
        ],
        "rows": [
          [
            "1",
            "腿和尾巴伸展，允许装置行走和游泳。",
            "腿部和尾巴收回，使装置的速度降至0，并且无法从速度加成中受益。"
          ],
          [
            "2",
            "前窗百叶窗打开。",
            "前窗百叶窗关闭。"
          ],
          [
            "3",
            "侧窗百叶窗打开（每侧两个）。",
            "侧窗百叶窗关闭（每侧两个）。"
          ],
          [
            "4",
            "两个爪子从装置的前侧伸出。",
            "爪子收回。"
          ],
          [
            "5",
            "每个伸出的爪子进行以下近战武器攻击：命中{@hit 8}，触及5尺，单一目标。{@h}7（{@damage 2d6}）点钝击伤害。",
            "每只伸展的爪子进行以下近战武器攻击：命中{@hit 8}，触及5尺，单一目标。{@h}目标陷入{@condition 受擒}状态（逃脱{@dc 15}）。"
          ],
          [
            "6",
            "装置向前行走或游动。",
            "装置向后行走或游动。"
          ],
          [
            "7",
            "装置向左转90度。",
            "装置向右转90度。"
          ],
          [
            "8",
            "眼状装置发出30尺半径的明亮光照和额外30尺的微光光照。",
            "灯光熄灭。"
          ],
          [
            "9",
            "装置在液体中下沉20尺。",
            "装置在液体中上升20尺"
          ],
          [
            "10",
            "后舱门解锁并打开。",
            "后舱门关闭并密封。"
          ]
        ]
      }
    ],
    "light": [
      {
        "bright": 30,
        "dim": 60
      }
    ],
    "lootTables": [
      "魔法物品表I"
    ],
    "seeAlsoVehicle": [
      "夸力许装置|DMG"
    ],
    "hasFluffImages": true,
    "ENG_name": "Apparatus of Kwalish",
    "html": "这件物品最初看起来是一个重达500磅的大型密封铁桶。桶上有一个隐藏的机关，可以通过成功的{{@dc|20}}智力（{{@skill|调查}}）检定发现。释放机关会解锁桶一端的舱口，允许两个中型或更小的生物爬入内部。远端排列着十个处于绝对中立位置的杠杆，每个都可以向上或向下移动。当使用特定杠杆时，该装置会变形为类似巨型龙虾的形态。\n夸力许装置是一个大型物件，其具体数值如下：\n<ul class=\"parser-list parser-list-list-hang-notitle\"><li class=\"parser-list-item\"><span class=\"parser-list-item-name\">护甲等级：</span><span class=\"parser-list-item-eng-name\">Armor Class:</span><span class=\"parser-list-item-entry\">20</span></li><li class=\"parser-list-item\"><span class=\"parser-list-item-name\">生命值：</span><span class=\"parser-list-item-eng-name\">Hit Points:</span><span class=\"parser-list-item-entry\">200</span></li><li class=\"parser-list-item\"><span class=\"parser-list-item-name\">速度：</span><span class=\"parser-list-item-eng-name\">Speed:</span><span class=\"parser-list-item-entry\">速度：30尺，游泳30尺（如果装置的腿和尾巴未展开，则都为0尺）</span></li><li class=\"parser-list-item\"><span class=\"parser-list-item-name\">伤害免疫：</span><span class=\"parser-list-item-eng-name\">Damage Immunities:</span><span class=\"parser-list-item-entry\">毒素，心灵</span></li></ul>\n要将夸力许装置用作载具，需要一个飞行员。当装置的舱门关闭时，舱室是气密且防水的。舱室内的空气足够供10小时的呼吸，由内部呼吸的生物数量均分。\n夸力许装置可以浮在水面上。它也可以下潜至900尺深的水下。超过这个深度，载具会因压力每分钟受到{{@damage|2d6}}点钝击伤害。\n隔间内的生物可以使用一个动作将夸力许装置的两个拉杆向上或向下移动。每次使用后，拉杆会回到绝对中立位置。从左到右的每个拉杆功能如夸力许装置拉杆表格所示。\n<table class=\"wiki-table\"><caption>夸力许装置拉杆：</caption><tr><th class=\"parser-col-1 text-center\">拉杆</th><th class=\"parser-col-5-5\">Up</th><th class=\"parser-col-5-5\">下</th></tr><tr><td class=\"parser-col-1 text-center\">1</td><td class=\"parser-col-5-5\">腿和尾巴伸展，允许装置行走和游泳。</td><td class=\"parser-col-5-5\">腿部和尾巴收回，使装置的速度降至0，并且无法从速度加成中受益。</td></tr><tr><td class=\"parser-col-1 text-center\">2</td><td class=\"parser-col-5-5\">前窗百叶窗打开。</td><td class=\"parser-col-5-5\">前窗百叶窗关闭。</td></tr><tr><td class=\"parser-col-1 text-center\">3</td><td class=\"parser-col-5-5\">侧窗百叶窗打开（每侧两个）。</td><td class=\"parser-col-5-5\">侧窗百叶窗关闭（每侧两个）。</td></tr><tr><td class=\"parser-col-1 text-center\">4</td><td class=\"parser-col-5-5\">两个爪子从装置的前侧伸出。</td><td class=\"parser-col-5-5\">爪子收回。</td></tr><tr><td class=\"parser-col-1 text-center\">5</td><td class=\"parser-col-5-5\">每个伸出的爪子进行以下近战武器攻击：命中{{@hit|8}}，触及5尺，单一目标。{{@h}}7（{{@damage|2d6}}）点钝击伤害。</td><td class=\"parser-col-5-5\">每只伸展的爪子进行以下近战武器攻击：命中{{@hit|8}}，触及5尺，单一目标。{{@h}}目标陷入{{@condition|受擒}}状态（逃脱{{@dc|15}}）。</td></tr><tr><td class=\"parser-col-1 text-center\">6</td><td class=\"parser-col-5-5\">装置向前行走或游动。</td><td class=\"parser-col-5-5\">装置向后行走或游动。</td></tr><tr><td class=\"parser-col-1 text-center\">7</td><td class=\"parser-col-5-5\">装置向左转90度。</td><td class=\"parser-col-5-5\">装置向右转90度。</td></tr><tr><td class=\"parser-col-1 text-center\">8</td><td class=\"parser-col-5-5\">眼状装置发出30尺半径的明亮光照和额外30尺的微光光照。</td><td class=\"parser-col-5-5\">灯光熄灭。</td></tr><tr><td class=\"parser-col-1 text-center\">9</td><td class=\"parser-col-5-5\">装置在液体中下沉20尺。</td><td class=\"parser-col-5-5\">装置在液体中上升20尺</td></tr><tr><td class=\"parser-col-1 text-center\">10</td><td class=\"parser-col-5-5\">后舱门解锁并打开。</td><td class=\"parser-col-5-5\">后舱门关闭并密封。</td></tr></table>"
  },
  "en": {
    "name": "Apparatus of Kwalish",
    "source": "DMG",
    "page": 151,
    "srd": "Apparatus of the Crab",
    "reprintedAs": [
      "Apparatus of Kwalish|XDMG"
    ],
    "tier": "major",
    "rarity": "legendary",
    "wondrous": true,
    "weight": 500,
    "entries": [
      "This item first appears to be a Large sealed iron barrel weighing 500 pounds. The barrel has a hidden catch, which can be found with a successful {@dc 20} Intelligence ({@skill Investigation}) check. Releasing the catch unlocks a hatch at one end of the barrel, allowing two Medium or smaller creatures to crawl inside. Ten levers are set in a row at the far end, each in a neutral position, able to move either up or down. When certain levers are used, the apparatus transforms to resemble a giant lobster.",
      "The apparatus of Kwalish is a Large object with the following statistics:",
      {
        "type": "list",
        "style": "list-hang-notitle",
        "items": [
          {
            "type": "item",
            "name": "Armor Class:",
            "entry": "20"
          },
          {
            "type": "item",
            "name": "Hit Points:",
            "entry": "200"
          },
          {
            "type": "item",
            "name": "Speed:",
            "entry": "30 ft., swim 30 ft. (or 0 ft. for both if the legs and tail aren't extended)"
          },
          {
            "type": "item",
            "name": "Damage Immunities:",
            "entry": "poison, psychic"
          }
        ]
      },
      "To be used as a vehicle, the apparatus requires one pilot. While the apparatus's hatch is closed, the compartment is airtight and watertight. The compartment holds enough air for 10 hours of breathing, divided by the number of breathing creatures inside.",
      "The apparatus floats on water. It can also go underwater to a depth of 900 feet. Below that, the vehicle takes {@damage 2d6} bludgeoning damage per minute from pressure.",
      "A creature in the compartment can use an action to move as many as two of the apparatus's levers up or down. After each use, a lever goes back to its neutral position. Each lever, from left to right, functions as shown in the Apparatus of Kwalish Levers table.",
      {
        "type": "table",
        "caption": "Apparatus of Kwalish Levers:",
        "colLabels": [
          "Lever",
          "Up",
          "Down"
        ],
        "colStyles": [
          "col-1 text-center",
          "col-5-5",
          "col-5-5"
        ],
        "rows": [
          [
            "1",
            "Legs and tail extend, allowing the apparatus to walk and swim.",
            "Legs and tail retract, reducing the apparatus's speed to 0 and making it unable to benefit from bonuses to speed."
          ],
          [
            "2",
            "Forward window shutter opens.",
            "Forward window shutter closes."
          ],
          [
            "3",
            "Side window shutters open (two per side).",
            "Side window shutters close (two per side)."
          ],
          [
            "4",
            "Two claws extend from the front sides of the apparatus.",
            "The claws retract."
          ],
          [
            "5",
            "Each extended claw makes the following melee weapon attack: {@hit 8} to hit, reach 5 ft., one target. {@h} 7 ({@damage 2d6}) bludgeoning damage.",
            "Each extended claw makes the following melee weapon attack: {@hit 8} to hit, reach 5 ft., one target. {@h} The target is {@condition grappled} (escape {@dc 15})."
          ],
          [
            "6",
            "The apparatus walks or swims forward.",
            "The apparatus walks or swims backward."
          ],
          [
            "7",
            "The apparatus turns 90 degrees left.",
            "The apparatus turns 90 degrees right."
          ],
          [
            "8",
            "Eyelike fixtures emit bright light in a 30-foot radius and dim light for an additional 30 feet.",
            "The light turns off."
          ],
          [
            "9",
            "The apparatus sinks as much as 20 feet in liquid.",
            "The apparatus rises up to 20 feet in liquid."
          ],
          [
            "10",
            "The rear hatch unseals and opens.",
            "The rear hatch closes and seals."
          ]
        ]
      }
    ],
    "light": [
      {
        "bright": 30,
        "dim": 60
      }
    ],
    "lootTables": [
      "Magic Item Table I"
    ],
    "seeAlsoVehicle": [
      "Apparatus of Kwalish|DMG"
    ],
    "hasFluffImages": true,
    "html": "This item first appears to be a Large sealed iron barrel weighing 500 pounds. The barrel has a hidden catch, which can be found with a successful {{@dc|20}} Intelligence ({{@skill|Investigation}}) check. Releasing the catch unlocks a hatch at one end of the barrel, allowing two Medium or smaller creatures to crawl inside. Ten levers are set in a row at the far end, each in a neutral position, able to move either up or down. When certain levers are used, the apparatus transforms to resemble a giant lobster.\nThe apparatus of Kwalish is a Large object with the following statistics:\n<ul class=\"parser-list parser-list-list-hang-notitle\"><li class=\"parser-list-item\"><span class=\"parser-list-item-name\">Armor Class:</span><span class=\"parser-list-item-entry\">20</span></li><li class=\"parser-list-item\"><span class=\"parser-list-item-name\">Hit Points:</span><span class=\"parser-list-item-entry\">200</span></li><li class=\"parser-list-item\"><span class=\"parser-list-item-name\">Speed:</span><span class=\"parser-list-item-entry\">30 ft., swim 30 ft. (or 0 ft. for both if the legs and tail aren't extended)</span></li><li class=\"parser-list-item\"><span class=\"parser-list-item-name\">Damage Immunities:</span><span class=\"parser-list-item-entry\">poison, psychic</span></li></ul>\nTo be used as a vehicle, the apparatus requires one pilot. While the apparatus's hatch is closed, the compartment is airtight and watertight. The compartment holds enough air for 10 hours of breathing, divided by the number of breathing creatures inside.\nThe apparatus floats on water. It can also go underwater to a depth of 900 feet. Below that, the vehicle takes {{@damage|2d6}} bludgeoning damage per minute from pressure.\nA creature in the compartment can use an action to move as many as two of the apparatus's levers up or down. After each use, a lever goes back to its neutral position. Each lever, from left to right, functions as shown in the Apparatus of Kwalish Levers table.\n<table class=\"wiki-table\"><caption>Apparatus of Kwalish Levers:</caption><tr><th class=\"parser-col-1 text-center\">Lever</th><th class=\"parser-col-5-5\">Up</th><th class=\"parser-col-5-5\">Down</th></tr><tr><td class=\"parser-col-1 text-center\">1</td><td class=\"parser-col-5-5\">Legs and tail extend, allowing the apparatus to walk and swim.</td><td class=\"parser-col-5-5\">Legs and tail retract, reducing the apparatus's speed to 0 and making it unable to benefit from bonuses to speed.</td></tr><tr><td class=\"parser-col-1 text-center\">2</td><td class=\"parser-col-5-5\">Forward window shutter opens.</td><td class=\"parser-col-5-5\">Forward window shutter closes.</td></tr><tr><td class=\"parser-col-1 text-center\">3</td><td class=\"parser-col-5-5\">Side window shutters open (two per side).</td><td class=\"parser-col-5-5\">Side window shutters close (two per side).</td></tr><tr><td class=\"parser-col-1 text-center\">4</td><td class=\"parser-col-5-5\">Two claws extend from the front sides of the apparatus.</td><td class=\"parser-col-5-5\">The claws retract.</td></tr><tr><td class=\"parser-col-1 text-center\">5</td><td class=\"parser-col-5-5\">Each extended claw makes the following melee weapon attack: {{@hit|8}} to hit, reach 5 ft., one target. {{@h}} 7 ({{@damage|2d6}}) bludgeoning damage.</td><td class=\"parser-col-5-5\">Each extended claw makes the following melee weapon attack: {{@hit|8}} to hit, reach 5 ft., one target. {{@h}} The target is {{@condition|grappled}} (escape {{@dc|15}}).</td></tr><tr><td class=\"parser-col-1 text-center\">6</td><td class=\"parser-col-5-5\">The apparatus walks or swims forward.</td><td class=\"parser-col-5-5\">The apparatus walks or swims backward.</td></tr><tr><td class=\"parser-col-1 text-center\">7</td><td class=\"parser-col-5-5\">The apparatus turns 90 degrees left.</td><td class=\"parser-col-5-5\">The apparatus turns 90 degrees right.</td></tr><tr><td class=\"parser-col-1 text-center\">8</td><td class=\"parser-col-5-5\">Eyelike fixtures emit bright light in a 30-foot radius and dim light for an additional 30 feet.</td><td class=\"parser-col-5-5\">The light turns off.</td></tr><tr><td class=\"parser-col-1 text-center\">9</td><td class=\"parser-col-5-5\">The apparatus sinks as much as 20 feet in liquid.</td><td class=\"parser-col-5-5\">The apparatus rises up to 20 feet in liquid.</td></tr><tr><td class=\"parser-col-1 text-center\">10</td><td class=\"parser-col-5-5\">The rear hatch unseals and opens.</td><td class=\"parser-col-5-5\">The rear hatch closes and seals.</td></tr></table>"
  },
  "bonus": {}
}