{
  "dataType": "item",
  "uid": "item_Deck of Oracles|BMT ",
  "id": "Deck of Oracles|BMT",
  "rarity": "rare",
  "isBaseItem": false,
  "baseItem": "",
  "displayName": {
    "zh": "神谕牌组",
    "en": "Deck of Oracles"
  },
  "mainSource": {
    "source": "BMT",
    "page": 61
  },
  "allSources": [
    {
      "source": "BMT",
      "page": 61
    }
  ],
  "zh": {
    "name": "神谕牌组",
    "source": "BMT",
    "page": 61,
    "rarity": "rare",
    "reqAttune": true,
    "wondrous": true,
    "entries": [
      "这副神谕之牌上的插图在间接观察时会发生微小的移动或变化。当你完成了一次长休时，你可以花10分钟向卡牌咨询关于即将到来的日子的一个预兆。骰一次{@dice d20}并记录骰点结果。接下来的8小时内限一次，当一个在你60尺内的生物进行了一次属性检定，攻击检定或豁免检定后，你可以立即以反应以弃用该{@dice d20}骰点；该生物必须使用你所骰出的数字取代其骰点结果。",
      "此外，持握该牌组期间，你可以用它施展法术{@spell 预言术}。一旦使用了该特性后，直到第二天黎明之前你无法再次使用该特性。"
    ],
    "attachedSpells": {
      "daily": {
        "1e": [
          "预言术"
        ]
      }
    },
    "ENG_name": "Deck of Oracles",
    "html": "这副神谕之牌上的插图在间接观察时会发生微小的移动或变化。当你完成了一次长休时，你可以花10分钟向卡牌咨询关于即将到来的日子的一个预兆。骰一次{{@dice|d20}}并记录骰点结果。接下来的8小时内限一次，当一个在你60尺内的生物进行了一次属性检定，攻击检定或豁免检定后，你可以立即以反应以弃用该{{@dice|d20}}骰点；该生物必须使用你所骰出的数字取代其骰点结果。\n此外，持握该牌组期间，你可以用它施展法术{{@spell|预言术}}。一旦使用了该特性后，直到第二天黎明之前你无法再次使用该特性。"
  },
  "en": {
    "name": "Deck of Oracles",
    "source": "BMT",
    "page": 61,
    "rarity": "rare",
    "reqAttune": true,
    "wondrous": true,
    "entries": [
      "The illustrations on this deck of oracle cards move or change subtly when viewed indirectly. When you finish a long rest, you can spend 10 minutes consulting the cards for an omen of the coming day. Roll a {@dice d20} and record the number rolled. Once in the next 8 hours, immediately after a creature within 60 feet of you makes an ability check, an attack roll, or a saving throw, you can use your reaction to discard the {@dice d20} roll; the creature must use the number you rolled in place of its roll.",
      "Additionally, while holding the cards, you can cast {@spell Divination} from them. Once this property is used, it can't be used again until the next dawn."
    ],
    "attachedSpells": {
      "daily": {
        "1e": [
          "divination"
        ]
      }
    },
    "html": "The illustrations on this deck of oracle cards move or change subtly when viewed indirectly. When you finish a long rest, you can spend 10 minutes consulting the cards for an omen of the coming day. Roll a {{@dice|d20}} and record the number rolled. Once in the next 8 hours, immediately after a creature within 60 feet of you makes an ability check, an attack roll, or a saving throw, you can use your reaction to discard the {{@dice|d20}} roll; the creature must use the number you rolled in place of its roll.\nAdditionally, while holding the cards, you can cast {{@spell|Divination}} from them. Once this property is used, it can't be used again until the next dawn."
  },
  "bonus": {}
}