{
  "dataType": "item",
  "uid": "item_Hellfire Weapon|BGDIA",
  "id": "Hellfire Weapon|BGDIA",
  "rarity": "uncommon",
  "isBaseItem": false,
  "displayName": {
    "zh": "地狱火武器",
    "en": "Hellfire Weapon"
  },
  "mainSource": {
    "source": "BGDIA",
    "page": 223
  },
  "allSources": [
    {
      "source": "BGDIA",
      "page": 223
    }
  ],
  "zh": {
    "name": "地狱火武器",
    "type": "GV|DMG",
    "requires": [
      {
        "weapon": true
      }
    ],
    "inherits": {
      "namePrefix": "狱火",
      "source": "BGDIA",
      "page": 223,
      "rarity": "uncommon",
      "entries": [
        "这件武器由地狱铁打造，并带有地狱火纹理，这些纹理散发出暗淡的光芒，照亮了5尺半径的范围。",
        "任何被这把武器攻击致死的人形生物，其灵魂会被吸入冥河，在那里它将立即重生为一个{@creature 劣魔}恶魔。"
      ],
      "light": [
        {
          "dim": 5
        }
      ]
    },
    "hasFluffImages": true,
    "ENG_name": "Hellfire Weapon",
    "entries": [
      "这件武器由地狱铁打造，并带有地狱火纹理，这些纹理散发出暗淡的光芒，照亮了5尺半径的范围。",
      "任何被这把武器攻击致死的人形生物，其灵魂会被吸入冥河，在那里它将立即重生为一个{@creature 劣魔}恶魔。"
    ],
    "html": "这件武器由地狱铁打造，并带有地狱火纹理，这些纹理散发出暗淡的光芒，照亮了5尺半径的范围。\n任何被这把武器攻击致死的人形生物，其灵魂会被吸入冥河，在那里它将立即重生为一个{{@creature|劣魔}}恶魔。"
  },
  "en": {
    "name": "Hellfire Weapon",
    "type": "GV|DMG",
    "requires": [
      {
        "weapon": true
      }
    ],
    "inherits": {
      "namePrefix": "Hellfire ",
      "source": "BGDIA",
      "page": 223,
      "rarity": "uncommon",
      "entries": [
        "This weapon is fashioned from infernal iron and traced with veins of hellfire that shed dim light in a 5-foot-radius.",
        "Any humanoid killed by an attack made with this weapon has its soul funneled into the River Styx, where it's reborn instantly as a {@creature lemure} devil."
      ],
      "light": [
        {
          "dim": 5
        }
      ]
    },
    "hasFluffImages": true,
    "entries": [
      "This weapon is fashioned from infernal iron and traced with veins of hellfire that shed dim light in a 5-foot-radius.",
      "Any humanoid killed by an attack made with this weapon has its soul funneled into the River Styx, where it's reborn instantly as a {@creature lemure} devil."
    ],
    "html": "This weapon is fashioned from infernal iron and traced with veins of hellfire that shed dim light in a 5-foot-radius.\nAny humanoid killed by an attack made with this weapon has its soul funneled into the River Styx, where it's reborn instantly as a {{@creature|lemure}} devil."
  }
}