{
  "dataType": "item",
  "uid": "item_Staff of Fate|CM ",
  "id": "Staff of Fate|CM",
  "weight": 4,
  "rarity": "very rare",
  "isBaseItem": false,
  "baseItem": "quarterstaff|PHB",
  "displayName": {
    "zh": "命运法杖",
    "en": "Staff of Fate"
  },
  "mainSource": {
    "source": "CM",
    "page": 183
  },
  "allSources": [
    {
      "source": "CM",
      "page": 183
    }
  ],
  "zh": {
    "name": "命运法杖",
    "source": "CM",
    "page": 183,
    "baseItem": "长棍|PHB",
    "type": "M",
    "rarity": "very rare",
    "reqAttune": true,
    "weight": 4,
    "weaponCategory": "简易",
    "property": [
      "V"
    ],
    "dmg1": "1d6",
    "dmgType": "B",
    "dmg2": "1d8",
    "bonusWeapon": "+3",
    "recharge": "特殊",
    "charges": 6,
    "staff": true,
    "entries": [
      "这根透明的水晶法杖可以作为魔法长棍使用，它在使用时攻击和伤害骰上提供+3的加值。",
      {
        "ENG_name": "Altered Outcome",
        "name": "改变结果",
        "type": "entries",
        "entries": [
          "这根法杖有6个充能点。作为一个附赠动作，你可以消耗法杖的1个充能点，给自己或你能看到的一个其他生物一个{@dice d4}。接受者可以掷这个{@dice d4}，并将掷出的数字加到在下一回合开始前进行的一次属性检定、攻击检定、伤害检定或豁免检定上。如果在那时之前没有使用这个额外的骰子，它就会消失。",
          "如果你消耗了法杖的最后一次充能，掷一个{@dice d20}。如果是9或更低，法杖会变成一根非魔法的棍棒，在第一次命中并造成伤害时就会断裂。如果是10或更高，法杖会恢复{@dice 1d6}次已消耗的充能。"
        ]
      }
    ],
    "ENG_name": "Staff of Fate",
    "html": "这根透明的水晶法杖可以作为魔法长棍使用，它在使用时攻击和伤害骰上提供+3的加值。\n<div class=\"parser-entries\"><div class=\"parser-entries-name\">改变结果</div><div class=\"parser-entries-eng-name\">Altered Outcome</div><div class=\"parser-entries-content\">这根法杖有6个充能点。作为一个附赠动作，你可以消耗法杖的1个充能点，给自己或你能看到的一个其他生物一个{{@dice|d4}}。接受者可以掷这个{{@dice|d4}}，并将掷出的数字加到在下一回合开始前进行的一次属性检定、攻击检定、伤害检定或豁免检定上。如果在那时之前没有使用这个额外的骰子，它就会消失。如果你消耗了法杖的最后一次充能，掷一个{{@dice|d20}}。如果是9或更低，法杖会变成一根非魔法的棍棒，在第一次命中并造成伤害时就会断裂。如果是10或更高，法杖会恢复{{@dice|1d6}}次已消耗的充能。</div></div>"
  },
  "en": {
    "name": "Staff of Fate",
    "source": "CM",
    "page": 183,
    "baseItem": "quarterstaff|PHB",
    "type": "M",
    "rarity": "very rare",
    "reqAttune": true,
    "weight": 4,
    "weaponCategory": "simple",
    "property": [
      "V"
    ],
    "dmg1": "1d6",
    "dmgType": "B",
    "dmg2": "1d8",
    "bonusWeapon": "+3",
    "recharge": "special",
    "charges": 6,
    "staff": true,
    "entries": [
      "This transparent crystal staff can be wielded as a magic quarterstaff that grants a +3 bonus to attack and damage rolls made with it.",
      {
        "type": "entries",
        "name": "Altered Outcome",
        "entries": [
          "The staff has 6 charges. As a bonus action, you can expend 1 of the staff's charges to give yourself or one other creature that you can see a {@dice d4}. The recipient can roll this {@dice d4} and add the number rolled to one ability check, attack roll, damage roll, or saving throw it makes before the start of your next turn. If this extra die is not used before then, it is lost.",
          "If you expend the staff's last charge, roll a {@dice d20}. On a roll of 9 or lower, the staff becomes a nonmagical quarterstaff that breaks the first time it scores a hit and deals damage. On a roll of 10 or higher, the staff regains {@dice 1d6} of its expended charges."
        ]
      }
    ],
    "html": "This transparent crystal staff can be wielded as a magic quarterstaff that grants a +3 bonus to attack and damage rolls made with it.\n<div class=\"parser-entries\"><div class=\"parser-entries-name\">Altered Outcome</div><div class=\"parser-entries-content\">The staff has 6 charges. As a bonus action, you can expend 1 of the staff's charges to give yourself or one other creature that you can see a {{@dice|d4}}. The recipient can roll this {{@dice|d4}} and add the number rolled to one ability check, attack roll, damage roll, or saving throw it makes before the start of your next turn. If this extra die is not used before then, it is lost.If you expend the staff's last charge, roll a {{@dice|d20}}. On a roll of 9 or lower, the staff becomes a nonmagical quarterstaff that breaks the first time it scores a hit and deals damage. On a roll of 10 or higher, the staff regains {{@dice|1d6}} of its expended charges.</div></div>"
  },
  "weapon": {
    "category": "simple",
    "weaponCategory": "simple",
    "dmg1": "1d6",
    "dmg2": "1d8",
    "dmgType": "B",
    "dmgs": [
      "1d6",
      "1d8"
    ],
    "property": [
      "V"
    ],
    "staff": true
  },
  "charge": {
    "max": 6,
    "rechargeAt": "special"
  },
  "bonus": {
    "weapon": 3
  }
}