{
  "dataType": "item",
  "uid": "item_Tyrant Ship|AAG ",
  "id": "Tyrant Ship|AAG",
  "rarity": "none",
  "isBaseItem": false,
  "baseItem": "",
  "displayName": {
    "zh": "暴君舰",
    "en": "Tyrant Ship"
  },
  "mainSource": {
    "source": "AAG",
    "page": 54
  },
  "allSources": [
    {
      "source": "AAG",
      "page": 54
    }
  ],
  "zh": {
    "name": "暴君舰",
    "source": "AAG",
    "page": 54,
    "type": "SPC|AAG",
    "rarity": "none",
    "crew": 10,
    "vehAc": 17,
    "vehHp": 300,
    "vehDmgThresh": 20,
    "vehSpeed": 4.5,
    "capCargo": 20,
    "entries": [
      "眼魔使用他们的解离射线从石头中雕刻出暴君舰，并使用这些舰船在星界漫游，寻找要征服的世界和要摧毁的敌对眼魔。没有两艘暴君舰长得一模一样，但她们都有一个或多个让人想起其创造者的特征，比如球根般的形状和眼柄。",
      "暴君舰指挥甲板上的球形房间视同一个只有眼魔才能同调的法驱魔舵。任何占据这个房间的眼魔都可以与其进行同调。将暴君舰的生命值降至0不仅会摧毁她本身，还会摧毁舰上的法驱魔舵和眼柄光炮。",
      "暴君舰不能漂浮在水上，但可以安全地降落在地面上。"
    ],
    "seeAlsoVehicle": [
      "暴君舰|AAG"
    ],
    "ENG_name": "Tyrant Ship",
    "html": "眼魔使用他们的解离射线从石头中雕刻出暴君舰，并使用这些舰船在星界漫游，寻找要征服的世界和要摧毁的敌对眼魔。没有两艘暴君舰长得一模一样，但她们都有一个或多个让人想起其创造者的特征，比如球根般的形状和眼柄。\n暴君舰指挥甲板上的球形房间视同一个只有眼魔才能同调的法驱魔舵。任何占据这个房间的眼魔都可以与其进行同调。将暴君舰的生命值降至0不仅会摧毁她本身，还会摧毁舰上的法驱魔舵和眼柄光炮。\n暴君舰不能漂浮在水上，但可以安全地降落在地面上。"
  },
  "en": {
    "name": "Tyrant Ship",
    "source": "AAG",
    "page": 54,
    "type": "SPC|AAG",
    "rarity": "none",
    "crew": 10,
    "vehAc": 17,
    "vehHp": 300,
    "vehDmgThresh": 20,
    "vehSpeed": 4.5,
    "capCargo": 20,
    "entries": [
      "Beholders carve tyrant ships out of stone using their disintegration rays and use these ships to wander the Astral Plane, looking for worlds to conquer and rival beholders to destroy. No two tyrant ships look alike, but they all have one or more features reminiscent of their creators, such as a bulbous shape and eyestalks.",
      "A spherical chamber on the ship's command deck functions as a spelljamming helm that only beholders can attune to. Any beholder that occupies this chamber can attune to it. Reducing a tyrant ship to 0 hit points not only destroys it but also destroys the ship's spelljamming helm and eyestalk cannons.",
      "A tyrant ship can't float on water, but it can safely land on the ground."
    ],
    "seeAlsoVehicle": [
      "Tyrant Ship|AAG"
    ],
    "html": "Beholders carve tyrant ships out of stone using their disintegration rays and use these ships to wander the Astral Plane, looking for worlds to conquer and rival beholders to destroy. No two tyrant ships look alike, but they all have one or more features reminiscent of their creators, such as a bulbous shape and eyestalks.\nA spherical chamber on the ship's command deck functions as a spelljamming helm that only beholders can attune to. Any beholder that occupies this chamber can attune to it. Reducing a tyrant ship to 0 hit points not only destroys it but also destroys the ship's spelljamming helm and eyestalk cannons.\nA tyrant ship can't float on water, but it can safely land on the ground."
  },
  "bonus": {}
}