{
  "dataType": "item",
  "uid": "item_Chime of Opening|DMG ",
  "id": "Chime of Opening|DMG",
  "weight": 1,
  "rarity": "rare",
  "isBaseItem": false,
  "full": {
    "en": {
      "images": [
        {
          "type": "image",
          "href": {
            "type": "internal",
            "path": "items/DMG/Chime of Opening.webp"
          }
        }
      ]
    },
    "zh": {
      "images": [
        {
          "type": "image",
          "href": {
            "type": "internal",
            "path": "items/DMG/Chime of Opening.webp"
          }
        }
      ]
    }
  },
  "baseItem": "",
  "displayName": {
    "zh": "开门钟琴",
    "en": "Chime of Opening"
  },
  "mainSource": {
    "source": "DMG",
    "page": 158
  },
  "allSources": [
    {
      "source": "DMG",
      "page": 158
    },
    {
      "source": "XDMG",
      "page": 0
    },
    {
      "source": "XDMG",
      "page": 244
    }
  ],
  "relatedVersions": [
    "Chime of Opening|XDMG"
  ],
  "zh": {
    "name": "开门钟琴",
    "source": "DMG",
    "page": 158,
    "srd": true,
    "reprintedAs": [
      "开门钟琴|XDMG"
    ],
    "tier": "次要",
    "rarity": "rare",
    "wondrous": true,
    "weight": 1,
    "entries": [
      "这种空心金属管长约1尺，重1磅。你可以用一个动作敲击它，在将它指向120尺内一个能被打开的物件，比如门、盖子或锁。被敲击的钟琴会发出一个清晰的音调。只要声音可以传到目标物件处，该物件上面的一个锁或者闩就会被打开。如果物件上没有锁闭的锁或闩，则物件本身被打开。",
      "开门钟琴可使用10次。使用10次后，它将碎裂并失去它的能力。"
    ],
    "lootTables": [
      "魔法物品表C"
    ],
    "hasFluffImages": true,
    "ENG_name": "Chime of Opening",
    "html": "这种空心金属管长约1尺，重1磅。你可以用一个动作敲击它，在将它指向120尺内一个能被打开的物件，比如门、盖子或锁。被敲击的钟琴会发出一个清晰的音调。只要声音可以传到目标物件处，该物件上面的一个锁或者闩就会被打开。如果物件上没有锁闭的锁或闩，则物件本身被打开。\n开门钟琴可使用10次。使用10次后，它将碎裂并失去它的能力。"
  },
  "en": {
    "name": "Chime of Opening",
    "source": "DMG",
    "page": 158,
    "srd": true,
    "reprintedAs": [
      "Chime of Opening|XDMG"
    ],
    "tier": "minor",
    "rarity": "rare",
    "wondrous": true,
    "weight": 1,
    "entries": [
      "This hollow metal tube measures about 1 foot long and weighs 1 pound. You can strike it as an action, pointing it at an object within 120 feet of you that can be opened, such as a door, lid, or lock. The chime issues a clear tone, and one lock or latch on the object opens unless the sound can't reach the object. If no locks or latches remain, the object itself opens.",
      "The chime can be used ten times. After the tenth time it cracks and becomes useless."
    ],
    "lootTables": [
      "Magic Item Table C"
    ],
    "hasFluffImages": true,
    "html": "This hollow metal tube measures about 1 foot long and weighs 1 pound. You can strike it as an action, pointing it at an object within 120 feet of you that can be opened, such as a door, lid, or lock. The chime issues a clear tone, and one lock or latch on the object opens unless the sound can't reach the object. If no locks or latches remain, the object itself opens.\nThe chime can be used ten times. After the tenth time it cracks and becomes useless."
  },
  "bonus": {}
}