{
  "dataType": "item",
  "uid": "item_Candle Mace|BGDIA ",
  "id": "Candle Mace|BGDIA",
  "weight": 4,
  "rarity": "unknown (magic)",
  "isBaseItem": false,
  "baseItem": "mace|phb",
  "displayName": {
    "zh": "烛台锤",
    "en": "Candle Mace"
  },
  "mainSource": {
    "source": "BGDIA",
    "page": 39
  },
  "allSources": [
    {
      "source": "BGDIA",
      "page": 39
    }
  ],
  "zh": {
    "name": "烛台锤",
    "source": "BGDIA",
    "page": 39,
    "baseItem": "硬头锤|PHB",
    "type": "M",
    "rarity": "unknown (magic)",
    "weight": 4,
    "weaponCategory": "简易",
    "dmg1": "1d6",
    "dmgType": "B",
    "bonusWeapon": "+1",
    "entries": [
      "使用这把魔法武器进行的攻击和伤害骰有+1加值。这把钉头锤的头部在5尺半径内发出明亮的光，在额外的5尺内发出微光。当你挥舞这把钉头锤时，你可以作为动作熄灭或点燃它的光。"
    ],
    "light": [
      {
        "bright": 5,
        "dim": 10
      }
    ],
    "ENG_name": "Candle Mace",
    "html": "使用这把魔法武器进行的攻击和伤害骰有+1加值。这把钉头锤的头部在5尺半径内发出明亮的光，在额外的5尺内发出微光。当你挥舞这把钉头锤时，你可以作为动作熄灭或点燃它的光。"
  },
  "en": {
    "name": "Candle Mace",
    "source": "BGDIA",
    "page": 39,
    "baseItem": "mace|phb",
    "type": "M",
    "rarity": "unknown (magic)",
    "weight": 4,
    "weaponCategory": "simple",
    "dmg1": "1d6",
    "dmgType": "B",
    "bonusWeapon": "+1",
    "entries": [
      "You have a +1 bonus to attack and damage rolls made with this magic weapon. The head of this mace sheds bright light in a 5-foot-radius and dim light for an additional 5 feet. When you wield this mace, you can extinguish or ignite its light as an action."
    ],
    "light": [
      {
        "bright": 5,
        "dim": 10
      }
    ],
    "html": "You have a +1 bonus to attack and damage rolls made with this magic weapon. The head of this mace sheds bright light in a 5-foot-radius and dim light for an additional 5 feet. When you wield this mace, you can extinguish or ignite its light as an action."
  },
  "weapon": {
    "category": "simple",
    "weaponCategory": "simple",
    "dmg1": "1d6",
    "dmgType": "B",
    "dmgs": [
      "1d6"
    ]
  },
  "bonus": {
    "weapon": 1
  }
}