{
  "dataType": "item",
  "uid": "item_Shatterstick|BGDIA ",
  "id": "Shatterstick|BGDIA",
  "weight": 4,
  "rarity": "unknown",
  "isBaseItem": false,
  "baseItem": "",
  "displayName": {
    "zh": "粉碎棒",
    "en": "Shatterstick"
  },
  "mainSource": {
    "source": "BGDIA",
    "page": 99
  },
  "allSources": [
    {
      "source": "BGDIA",
      "page": 99
    }
  ],
  "zh": {
    "name": "粉碎棒",
    "source": "BGDIA",
    "page": 99,
    "type": "OTH",
    "rarity": "unknown",
    "weight": 4,
    "entries": [
      "碎裂棒是一种非魔法的，12英寸长，4磅重的木桩，由产自九层地狱第八层Cania的带有蓝色光泽的地狱铁制成。当它嵌入土中或被锤入坚硬的岩石时，该木桩会在以自身为中心的20尺半径内发出地震振动，持续1分钟，使该区域内的地面持续震动。当效果结束时，碎裂棒会破碎，变得无用，并且所有距离它20尺以内的建筑物会受到35（{@damage 10d6}）点钝击伤害。"
    ],
    "ENG_name": "Shatterstick",
    "html": "碎裂棒是一种非魔法的，12英寸长，4磅重的木桩，由产自九层地狱第八层Cania的带有蓝色光泽的地狱铁制成。当它嵌入土中或被锤入坚硬的岩石时，该木桩会在以自身为中心的20尺半径内发出地震振动，持续1分钟，使该区域内的地面持续震动。当效果结束时，碎裂棒会破碎，变得无用，并且所有距离它20尺以内的建筑物会受到35（{{@damage|10d6}}）点钝击伤害。"
  },
  "en": {
    "name": "Shatterstick",
    "source": "BGDIA",
    "page": 99,
    "type": "OTH",
    "rarity": "unknown",
    "weight": 4,
    "entries": [
      "A shatterstick is a nonmagical, 12-inch-long, 4-pound stake made of blue-tinged infernal iron mined on Cania, the eighth layer of the Nine Hells. When embedded in earth or pounded into solid rock, the stake emits a seismic vibration in a 20-foot radius centered on itself for 1 minute, shaking the ground in that area for the duration. When the effects ends, the shatterstick breaks apart, becoming useless, and all structures within 20 feet of it take 35 ({@damage 10d6}) bludgeoning damage."
    ],
    "html": "A shatterstick is a nonmagical, 12-inch-long, 4-pound stake made of blue-tinged infernal iron mined on Cania, the eighth layer of the Nine Hells. When embedded in earth or pounded into solid rock, the stake emits a seismic vibration in a 20-foot radius centered on itself for 1 minute, shaking the ground in that area for the duration. When the effects ends, the shatterstick breaks apart, becoming useless, and all structures within 20 feet of it take 35 ({{@damage|10d6}}) bludgeoning damage."
  },
  "bonus": {}
}