{
  "dataType": "item",
  "uid": "item_Ruidium Weapon|CRCotN",
  "id": "Ruidium Weapon|CRCotN",
  "rarity": "very rare",
  "isBaseItem": false,
  "displayName": {
    "zh": "月蚀武器",
    "en": "Ruidium Weapon"
  },
  "mainSource": {
    "source": "CRCotN",
    "page": 216
  },
  "allSources": [
    {
      "source": "CRCotN",
      "page": 216
    }
  ],
  "zh": {
    "name": "月蚀武器",
    "type": "GV|DMG",
    "requires": [
      {
        "weapon": true
      }
    ],
    "inherits": {
      "namePrefix": "月蚀",
      "source": "CRCotN",
      "page": 216,
      "rarity": "very rare",
      "reqAttune": true,
      "bonusWeapon": "+2",
      "modifySpeed": {
        "equal": {
          "swim": "走"
        }
      },
      "entries": [
        "这件魔法武器颜色暗淡，呈锈迹斑斑，或者有钌元素的脉络贯穿其中。当这件武器在你身上时，你将获得以下好处：",
        {
          "type": "list",
          "items": [
            "你可以在水中呼吸。",
            "你的游泳速度等同于你的步行速度。"
          ]
        },
        {
          "ENG_name": "Ruidium Strike",
          "name": "月蚀打击",
          "type": "entries",
          "entries": [
            "被这把武器击中的生物额外承受{@damage 2d6}心灵伤害。"
          ]
        },
        {
          "ENG_name": "Ruidium Corruption",
          "name": "月蚀腐化",
          "type": "entries",
          "entries": [
            "当你使用这件武器进行攻击检定时掷出1，你必须进行一次{@dc 20}的魅力豁免检定。若豁免失败，你将获得1级{@condition 力竭}状态。如果你还没有受到镭污染，那么在这次豁免失败时你将会受到污染。"
          ]
        },
        {
          "ENG_name": "If Ruidium Is Destroyed",
          "name": "如果月蚀矿被摧毁",
          "type": "entries",
          "entries": [
            "如果阿波西昂被杀死或得到救赎，Exandria中的所有銣瞬间被摧毁，銣武器会变成一个{@item +2 武器}。"
          ]
        }
      ]
    },
    "hasFluffImages": true,
    "ENG_name": "Ruidium Weapon",
    "entries": [
      "这件魔法武器颜色暗淡，呈锈迹斑斑，或者有钌元素的脉络贯穿其中。当这件武器在你身上时，你将获得以下好处：",
      {
        "type": "list",
        "items": [
          "你可以在水中呼吸。",
          "你的游泳速度等同于你的步行速度。"
        ]
      },
      {
        "ENG_name": "Ruidium Strike",
        "name": "月蚀打击",
        "type": "entries",
        "entries": [
          "被这把武器击中的生物额外承受{@damage 2d6}心灵伤害。"
        ]
      },
      {
        "ENG_name": "Ruidium Corruption",
        "name": "月蚀腐化",
        "type": "entries",
        "entries": [
          "当你使用这件武器进行攻击检定时掷出1，你必须进行一次{@dc 20}的魅力豁免检定。若豁免失败，你将获得1级{@condition 力竭}状态。如果你还没有受到镭污染，那么在这次豁免失败时你将会受到污染。"
        ]
      },
      {
        "ENG_name": "If Ruidium Is Destroyed",
        "name": "如果月蚀矿被摧毁",
        "type": "entries",
        "entries": [
          "如果阿波西昂被杀死或得到救赎，Exandria中的所有銣瞬间被摧毁，銣武器会变成一个{@item +2 武器}。"
        ]
      }
    ],
    "html": "这件魔法武器颜色暗淡，呈锈迹斑斑，或者有钌元素的脉络贯穿其中。当这件武器在你身上时，你将获得以下好处：\n<ul class=\"parser-list parser-list-default\"><li>你可以在水中呼吸。</li><li>你的游泳速度等同于你的步行速度。</li></ul>\n<div class=\"parser-entries\"><div class=\"parser-entries-name\">月蚀打击</div><div class=\"parser-entries-eng-name\">Ruidium Strike</div><div class=\"parser-entries-content\">被这把武器击中的生物额外承受{{@damage|2d6}}心灵伤害。</div></div>\n<div class=\"parser-entries\"><div class=\"parser-entries-name\">月蚀腐化</div><div class=\"parser-entries-eng-name\">Ruidium Corruption</div><div class=\"parser-entries-content\">当你使用这件武器进行攻击检定时掷出1，你必须进行一次{{@dc|20}}的魅力豁免检定。若豁免失败，你将获得1级{{@condition|力竭}}状态。如果你还没有受到镭污染，那么在这次豁免失败时你将会受到污染。</div></div>\n<div class=\"parser-entries\"><div class=\"parser-entries-name\">如果月蚀矿被摧毁</div><div class=\"parser-entries-eng-name\">If Ruidium Is Destroyed</div><div class=\"parser-entries-content\">如果阿波西昂被杀死或得到救赎，Exandria中的所有銣瞬间被摧毁，銣武器会变成一个{{@item|+2 武器}}。</div></div>"
  },
  "en": {
    "name": "Ruidium Weapon",
    "type": "GV|DMG",
    "requires": [
      {
        "weapon": true
      }
    ],
    "inherits": {
      "namePrefix": "Ruidium ",
      "source": "CRCotN",
      "page": 216,
      "rarity": "very rare",
      "reqAttune": true,
      "bonusWeapon": "+2",
      "modifySpeed": {
        "equal": {
          "swim": "walk"
        }
      },
      "entries": [
        "This magic weapon has a dull, rusty color or has veins of ruidium running through it. While this weapon is on your person, you gain the following benefits:",
        {
          "type": "list",
          "items": [
            "You can breathe water.",
            "You gain a swimming speed equal to your walking speed."
          ]
        },
        {
          "type": "entries",
          "name": "Ruidium Strike",
          "entries": [
            "A creature you hit with this weapon takes an extra {@damage 2d6} psychic damage."
          ]
        },
        {
          "type": "entries",
          "name": "Ruidium Corruption",
          "entries": [
            "When you roll a 1 on an attack roll made with this weapon, you must make a {@dc 20} Charisma saving throw. On a failed save, you gain 1 level of {@condition exhaustion}. If you are not already suffering from ruidium corruption, you become corrupted when you fail this save."
          ]
        },
        {
          "type": "entries",
          "name": "If Ruidium Is Destroyed",
          "entries": [
            "If the Apotheon is killed or redeemed, all the ruidium in Exandria is destroyed instantly, and a ruidium weapon becomes a {@item +2 weapon}."
          ]
        }
      ]
    },
    "hasFluffImages": true,
    "entries": [
      "This magic weapon has a dull, rusty color or has veins of ruidium running through it. While this weapon is on your person, you gain the following benefits:",
      {
        "type": "list",
        "items": [
          "You can breathe water.",
          "You gain a swimming speed equal to your walking speed."
        ]
      },
      {
        "type": "entries",
        "name": "Ruidium Strike",
        "entries": [
          "A creature you hit with this weapon takes an extra {@damage 2d6} psychic damage."
        ]
      },
      {
        "type": "entries",
        "name": "Ruidium Corruption",
        "entries": [
          "When you roll a 1 on an attack roll made with this weapon, you must make a {@dc 20} Charisma saving throw. On a failed save, you gain 1 level of {@condition exhaustion}. If you are not already suffering from ruidium corruption, you become corrupted when you fail this save."
        ]
      },
      {
        "type": "entries",
        "name": "If Ruidium Is Destroyed",
        "entries": [
          "If the Apotheon is killed or redeemed, all the ruidium in Exandria is destroyed instantly, and a ruidium weapon becomes a {@item +2 weapon}."
        ]
      }
    ],
    "html": "This magic weapon has a dull, rusty color or has veins of ruidium running through it. While this weapon is on your person, you gain the following benefits:\n<ul class=\"parser-list parser-list-default\"><li>You can breathe water.</li><li>You gain a swimming speed equal to your walking speed.</li></ul>\n<div class=\"parser-entries\"><div class=\"parser-entries-name\">Ruidium Strike</div><div class=\"parser-entries-content\">A creature you hit with this weapon takes an extra {{@damage|2d6}} psychic damage.</div></div>\n<div class=\"parser-entries\"><div class=\"parser-entries-name\">Ruidium Corruption</div><div class=\"parser-entries-content\">When you roll a 1 on an attack roll made with this weapon, you must make a {{@dc|20}} Charisma saving throw. On a failed save, you gain 1 level of {{@condition|exhaustion}}. If you are not already suffering from ruidium corruption, you become corrupted when you fail this save.</div></div>\n<div class=\"parser-entries\"><div class=\"parser-entries-name\">If Ruidium Is Destroyed</div><div class=\"parser-entries-content\">If the Apotheon is killed or redeemed, all the ruidium in Exandria is destroyed instantly, and a ruidium weapon becomes a {{@item|+2 weapon}}.</div></div>"
  }
}