{
  "dataType": "item",
  "uid": "item_Green Copper Ewer|CoS ",
  "id": "Green Copper Ewer|CoS",
  "rarity": "unknown (magic)",
  "isBaseItem": false,
  "baseItem": "",
  "displayName": {
    "zh": "青铜酒壶",
    "en": "Green Copper Ewer"
  },
  "mainSource": {
    "source": "CoS",
    "page": 188
  },
  "allSources": [
    {
      "source": "CoS",
      "page": 188
    }
  ],
  "zh": {
    "name": "青铜酒壶",
    "source": "CoS",
    "page": 188,
    "type": "OTH",
    "rarity": "unknown (magic)",
    "entries": [
      "任何倒入酒壶的有毒液体会立刻转化为等量的甜葡萄酒。此外，握住酒壶柄的生物可以命令酒壶装满1加仑的葡萄酒，且直到下一个拂晓前无法再产生更多葡萄酒。"
    ],
    "ENG_name": "Green Copper Ewer",
    "html": "任何倒入酒壶的有毒液体会立刻转化为等量的甜葡萄酒。此外，握住酒壶柄的生物可以命令酒壶装满1加仑的葡萄酒，且直到下一个拂晓前无法再产生更多葡萄酒。"
  },
  "en": {
    "name": "Green Copper Ewer",
    "source": "CoS",
    "page": 188,
    "type": "OTH",
    "rarity": "unknown (magic)",
    "entries": [
      "Any poisonous liquid poured into the ewer is instantly transformed into an equal amount of sweet wine. Furthermore, a creature that grasps the ewer's handle can command the ewer to fill with 1 gallon of wine, and it can't produce more wine until the next dawn."
    ],
    "html": "Any poisonous liquid poured into the ewer is instantly transformed into an equal amount of sweet wine. Furthermore, a creature that grasps the ewer's handle can command the ewer to fill with 1 gallon of wine, and it can't produce more wine until the next dawn."
  },
  "bonus": {}
}