{
  "dataType": "item",
  "uid": "item_Longbow of the Healing Hearth|BGG ",
  "id": "Longbow of the Healing Hearth|BGG",
  "weight": 2,
  "rarity": "legendary",
  "isBaseItem": false,
  "baseItem": "longbow|PHB",
  "displayName": {
    "zh": "愈炉长弓",
    "en": "Longbow of the Healing Hearth"
  },
  "mainSource": {
    "source": "BGG",
    "page": 113
  },
  "allSources": [
    {
      "source": "BGG",
      "page": 113
    }
  ],
  "zh": {
    "name": "愈炉长弓",
    "source": "BGG",
    "page": 113,
    "baseItem": "长弓|PHB",
    "type": "R",
    "rarity": "legendary",
    "reqAttune": true,
    "weight": 2,
    "weaponCategory": "军用",
    "property": [
      "A",
      "H",
      "2H"
    ],
    "range": "150/600",
    "dmg1": "1d8",
    "dmgType": "P",
    "bonusWeapon": "+3",
    "recharge": "拂晓",
    "rechargeAmount": "{@dice 1d4 + 1}",
    "charges": 8,
    "entries": [
      "这把象牙制的长弓上镌刻着对神祇西亚缇的祷言，符文被镀金的麦穗与鹿角雕刻缠绕。",
      "你在使用这把武器进行的攻击检定和伤害骰上具有+3加值。如果你没有装载弹药，这把弓会在你拉动弓弦时自动地制造一发魔法箭矢。以这种方法被创造的箭矢将在命中目标或失手的瞬间消失。",
      "弓具有8发充能，且每天黎明时恢复 {@dice 1d4 + 1} 发已消耗的充能。",
      {
        "ENG_name": "Curative Arrow",
        "name": "治愈之箭",
        "type": "entries",
        "entries": [
          "当你使用这把弓发动{@action 攻击}动作时，你可以消耗1点充能以一支炽热的治愈魔法箭矢替换你其中一次的攻击动作，箭矢会自动命中一名你能看见的150尺内的生物。随后，目标可以立即消耗并投掷它的一枚未被使用的生命骰，生命值回复投掷结果加上你的感知调整值（最小为+1）的数值。",
          "如果那名生物没有未被使用的生命骰，则无事发生。你在一回合只能使用一次治愈箭。"
        ]
      },
      {
        "ENG_name": "Spellcasting",
        "name": "施法",
        "type": "entries",
        "entries": [
          "当持握这把弓时，你可以使用一个动作以消耗1发或以上的充能，并从它施放下列其中一个法术（豁免{@dc 18}）：{@spell 造粮术}（1发充能），{@spell 守护之链}（2发充能），{@spell 信仰守卫}（3发充能）。"
        ]
      }
    ],
    "ammoType": "箭|PHB",
    "attachedSpells": {
      "charges": {
        "1": [
          "造粮术"
        ],
        "2": [
          "守护之链"
        ],
        "3": [
          "信仰守卫"
        ]
      }
    },
    "ENG_name": "Longbow of the Healing Hearth",
    "html": "这把象牙制的长弓上镌刻着对神祇西亚缇的祷言，符文被镀金的麦穗与鹿角雕刻缠绕。\n你在使用这把武器进行的攻击检定和伤害骰上具有+3加值。如果你没有装载弹药，这把弓会在你拉动弓弦时自动地制造一发魔法箭矢。以这种方法被创造的箭矢将在命中目标或失手的瞬间消失。\n弓具有8发充能，且每天黎明时恢复 {{@dice|1d4 + 1}} 发已消耗的充能。\n<div class=\"parser-entries\"><div class=\"parser-entries-name\">治愈之箭</div><div class=\"parser-entries-eng-name\">Curative Arrow</div><div class=\"parser-entries-content\">当你使用这把弓发动{{@action|攻击}}动作时，你可以消耗1点充能以一支炽热的治愈魔法箭矢替换你其中一次的攻击动作，箭矢会自动命中一名你能看见的150尺内的生物。随后，目标可以立即消耗并投掷它的一枚未被使用的生命骰，生命值回复投掷结果加上你的感知调整值（最小为+1）的数值。如果那名生物没有未被使用的生命骰，则无事发生。你在一回合只能使用一次治愈箭。</div></div>\n<div class=\"parser-entries\"><div class=\"parser-entries-name\">施法</div><div class=\"parser-entries-eng-name\">Spellcasting</div><div class=\"parser-entries-content\">当持握这把弓时，你可以使用一个动作以消耗1发或以上的充能，并从它施放下列其中一个法术（豁免{{@dc|18}}）：{{@spell|造粮术}}（1发充能），{{@spell|守护之链}}（2发充能），{{@spell|信仰守卫}}（3发充能）。</div></div>"
  },
  "en": {
    "name": "Longbow of the Healing Hearth",
    "source": "BGG",
    "page": 113,
    "baseItem": "longbow|PHB",
    "type": "R",
    "rarity": "legendary",
    "reqAttune": true,
    "weight": 2,
    "weaponCategory": "martial",
    "property": [
      "A",
      "H",
      "2H"
    ],
    "range": "150/600",
    "dmg1": "1d8",
    "dmgType": "P",
    "bonusWeapon": "+3",
    "recharge": "dawn",
    "rechargeAmount": "{@dice 1d4 + 1}",
    "charges": 8,
    "entries": [
      "This ivory longbow is inscribed with a prayer to the god Hiatea, the runes of which are entwined with gilded engravings of wheat stalks and deer antlers.",
      "You gain a +3 bonus to attack and damage rolls made with this weapon. If you load no ammunition in the weapon, it produces its own, automatically creating one magic arrow when you pull back the string. The arrow created by the bow vanishes the instant after it hits or misses a target.",
      "The bow has 8 charges for the following properties, which you can use while wielding the bow. The bow regains {@dice 1d4 + 1} charges daily at dawn.",
      {
        "type": "entries",
        "name": "Curative Arrow",
        "entries": [
          "When you take the {@action Attack} action using the bow, you can expend 1 charge to replace one of your attacks with a blazing arrow of curative magic, which automatically hits one creature you can see within 150 feet of you. The target can then immediately spend and roll one of its unspent Hit Dice and regain a number of hit points equal to the roll plus your Wisdom modifier (minimum of +1).",
          "If the target has no unspent Hit Dice remaining, nothing happens. You can use a curative arrow only once per turn."
        ]
      },
      {
        "type": "entries",
        "name": "Spellcasting",
        "entries": [
          "While holding the bow, you can use an action to expend 1 or more of its charges to cast one of the following spells from it (save {@dc 18}): {@spell create food and water} (1 charge), {@spell warding bond} (2 charges), {@spell guardian of faith} (3 charges)."
        ]
      }
    ],
    "ammoType": "arrow|phb",
    "attachedSpells": {
      "charges": {
        "1": [
          "create food and water"
        ],
        "2": [
          "warding bond"
        ],
        "3": [
          "guardian of faith"
        ]
      }
    },
    "html": "This ivory longbow is inscribed with a prayer to the god Hiatea, the runes of which are entwined with gilded engravings of wheat stalks and deer antlers.\nYou gain a +3 bonus to attack and damage rolls made with this weapon. If you load no ammunition in the weapon, it produces its own, automatically creating one magic arrow when you pull back the string. The arrow created by the bow vanishes the instant after it hits or misses a target.\nThe bow has 8 charges for the following properties, which you can use while wielding the bow. The bow regains {{@dice|1d4 + 1}} charges daily at dawn.\n<div class=\"parser-entries\"><div class=\"parser-entries-name\">Curative Arrow</div><div class=\"parser-entries-content\">When you take the {{@action|Attack}} action using the bow, you can expend 1 charge to replace one of your attacks with a blazing arrow of curative magic, which automatically hits one creature you can see within 150 feet of you. The target can then immediately spend and roll one of its unspent Hit Dice and regain a number of hit points equal to the roll plus your Wisdom modifier (minimum of +1).If the target has no unspent Hit Dice remaining, nothing happens. You can use a curative arrow only once per turn.</div></div>\n<div class=\"parser-entries\"><div class=\"parser-entries-name\">Spellcasting</div><div class=\"parser-entries-content\">While holding the bow, you can use an action to expend 1 or more of its charges to cast one of the following spells from it (save {{@dc|18}}): {{@spell|create food and water}} (1 charge), {{@spell|warding bond}} (2 charges), {{@spell|guardian of faith}} (3 charges).</div></div>"
  },
  "weapon": {
    "category": "martial",
    "weaponCategory": "martial",
    "dmg1": "1d8",
    "dmgType": "P",
    "dmgs": [
      "1d8"
    ],
    "range": {
      "min": 150,
      "max": 600
    },
    "ammoType": "arrow|phb",
    "property": [
      "A",
      "H",
      "2H"
    ]
  },
  "charge": {
    "max": 8,
    "rechargeAt": "dawn",
    "rechargeAmount": "{@dice 1d4 + 1}"
  },
  "bonus": {
    "weapon": 3
  }
}