{
  "dataType": "item",
  "uid": "item_Elemental Gem, Emerald|DMG ",
  "id": "Elemental Gem, Emerald|DMG",
  "rarity": "uncommon",
  "isBaseItem": false,
  "baseItem": "",
  "displayName": {
    "zh": "元素宝石，翡翠",
    "en": "Elemental Gem, Emerald"
  },
  "mainSource": {
    "source": "DMG",
    "page": 167
  },
  "allSources": [
    {
      "source": "DMG",
      "page": 167
    },
    {
      "source": "XDMG",
      "page": 0
    },
    {
      "source": "XDMG",
      "page": 257
    }
  ],
  "relatedVersions": [
    "Elemental Gem, Emerald|XDMG"
  ],
  "zh": {
    "name": "元素宝石，翡翠",
    "source": "DMG",
    "page": 167,
    "srd": true,
    "reprintedAs": [
      "元素宝石，翡翠|XDMG"
    ],
    "tier": "次要",
    "rarity": "uncommon",
    "wondrous": true,
    "entries": [
      "这种宝石蕴藏着操纵元素的能量。当你用一个动作打碎宝石时，将召唤一个{@creature 水元素}，如同你施放了{@spell 元素咒唤术}法术一样，宝石的魔力也将随之消失。"
    ],
    "attachedSpells": {
      "limited": {
        "1": [
          "元素咒唤术"
        ]
      }
    },
    "ENG_name": "Elemental Gem, Emerald",
    "html": "这种宝石蕴藏着操纵元素的能量。当你用一个动作打碎宝石时，将召唤一个{{@creature|水元素}}，如同你施放了{{@spell|元素咒唤术}}法术一样，宝石的魔力也将随之消失。"
  },
  "en": {
    "name": "Elemental Gem, Emerald",
    "source": "DMG",
    "page": 167,
    "srd": true,
    "reprintedAs": [
      "Elemental Gem, Emerald|XDMG"
    ],
    "tier": "minor",
    "rarity": "uncommon",
    "wondrous": true,
    "entries": [
      "This gem contains a mote of elemental energy. When you use an action to break the gem, a {@creature water elemental} is summoned as if you had cast the {@spell conjure elemental} spell, and the gem's magic is lost."
    ],
    "attachedSpells": {
      "limited": {
        "1": [
          "conjure elemental"
        ]
      }
    },
    "html": "This gem contains a mote of elemental energy. When you use an action to break the gem, a {{@creature|water elemental}} is summoned as if you had cast the {{@spell|conjure elemental}} spell, and the gem's magic is lost."
  },
  "bonus": {}
}