{
  "dataType": "item",
  "uid": "item_Elemental Gem|DMG ",
  "id": "Elemental Gem|DMG",
  "rarity": "uncommon",
  "isBaseItem": false,
  "full": {
    "en": {
      "images": [
        {
          "type": "image",
          "href": {
            "type": "internal",
            "path": "items/DMG/Elemental Gem.webp"
          }
        }
      ]
    },
    "zh": {
      "images": [
        {
          "type": "image",
          "href": {
            "type": "internal",
            "path": "items/DMG/Elemental Gem.webp"
          }
        }
      ]
    }
  },
  "baseItem": "",
  "items": [
    "元素宝石，蓝宝石",
    "元素宝石，翡翠",
    "元素宝石，红刚玉",
    "元素宝石，黄钻石"
  ],
  "displayName": {
    "zh": "元素宝石",
    "en": "Elemental Gem"
  },
  "mainSource": {
    "source": "DMG",
    "page": 167
  },
  "allSources": [
    {
      "source": "DMG",
      "page": 167
    },
    {
      "source": "XDMG",
      "page": 0
    },
    {
      "source": "XDMG",
      "page": 257
    }
  ],
  "relatedVersions": [
    "Elemental Gem|XDMG"
  ],
  "zh": {
    "name": "元素宝石",
    "source": "DMG",
    "page": 167,
    "reprintedAs": [
      "元素宝石|XDMG"
    ],
    "tier": "次要",
    "rarity": "uncommon",
    "wondrous": true,
    "items": [
      "元素宝石，蓝宝石",
      "元素宝石，翡翠",
      "元素宝石，红刚玉",
      "元素宝石，黄钻石"
    ],
    "attachedSpells": {
      "limited": {
        "1": [
          "元素咒唤术"
        ]
      }
    },
    "lootTables": [
      "魔法物品表B"
    ],
    "hasFluffImages": true,
    "ENG_name": "Elemental Gem",
    "entries": [],
    "html": ""
  },
  "en": {
    "name": "Elemental Gem",
    "source": "DMG",
    "page": 167,
    "reprintedAs": [
      "Elemental Gem|XDMG"
    ],
    "tier": "minor",
    "rarity": "uncommon",
    "wondrous": true,
    "items": [
      "Elemental Gem, Blue Sapphire",
      "Elemental Gem, Emerald",
      "Elemental Gem, Red Corundum",
      "Elemental Gem, Yellow Diamond"
    ],
    "attachedSpells": {
      "limited": {
        "1": [
          "conjure elemental"
        ]
      }
    },
    "lootTables": [
      "Magic Item Table B"
    ],
    "hasFluffImages": true,
    "entries": [],
    "html": ""
  },
  "bonus": {}
}