{
  "dataType": "item",
  "uid": "item_Weapon of Throne's Command|BMT",
  "id": "Weapon of Throne's Command|BMT",
  "rarity": "very rare",
  "isBaseItem": false,
  "displayName": {
    "zh": "王座之旨武器",
    "en": "Weapon of Throne's Command"
  },
  "mainSource": {
    "source": "BMT",
    "page": 39
  },
  "allSources": [
    {
      "source": "BMT",
      "page": 39
    }
  ],
  "zh": {
    "name": "王座之旨武器",
    "type": "GV|DMG",
    "requires": [
      {
        "weaponCategory": "军用"
      }
    ],
    "inherits": {
      "nameSuffix": "王座之旨",
      "source": "BMT",
      "page": 39,
      "rarity": "very rare",
      "reqAttune": true,
      "grantsProficiency": true,
      "bonusWeapon": "+1",
      "recharge": "拂晓",
      "rechargeAmount": "{@dice 1d4}",
      "charges": 5,
      "entries": [
        "这件武器装饰着华丽的金色细工和深蓝色与栗色的宝石。使用这件武器进行攻击和伤害判定时，你获得{=bonusWeapon}的加值。此外，如果你尚未拥有，你将获得{@skill 威吓}恐吓和{@skill 游说}说服技能的熟练度。",
        {
          "ENG_name": "Spellcasting",
          "name": "施法",
          "type": "entries",
          "entries": [
            "这件武器有5个充能。你可以使用一个附赠动作并消耗1个或更多的充能来施放以下法术之一（掷 {@dc 16}）：{@spell 命令术} (1个充能), {@spell 诚实之域} (2个充能), {@spell 强迫术} (4个充能), {@spell 放逐术} (4个充能), 或者 {@spell 支配人类} (5个充能)。",
            "这把武器在每天黎明时恢复{@dice 1d4}点消耗的充能。"
          ]
        }
      ],
      "attachedSpells": {
        "charges": {
          "1": [
            "命令术"
          ],
          "2": [
            "诚实之域"
          ],
          "4": [
            "放逐术",
            "强迫术"
          ],
          "5": [
            "支配人类"
          ]
        }
      }
    },
    "ENG_name": "Weapon of Throne's Command",
    "entries": [
      "这件武器装饰着华丽的金色细工和深蓝色与栗色的宝石。使用这件武器进行攻击和伤害判定时，你获得{=bonusWeapon}的加值。此外，如果你尚未拥有，你将获得{@skill 威吓}恐吓和{@skill 游说}说服技能的熟练度。",
      {
        "ENG_name": "Spellcasting",
        "name": "施法",
        "type": "entries",
        "entries": [
          "这件武器有5个充能。你可以使用一个附赠动作并消耗1个或更多的充能来施放以下法术之一（掷 {@dc 16}）：{@spell 命令术} (1个充能), {@spell 诚实之域} (2个充能), {@spell 强迫术} (4个充能), {@spell 放逐术} (4个充能), 或者 {@spell 支配人类} (5个充能)。",
          "这把武器在每天黎明时恢复{@dice 1d4}点消耗的充能。"
        ]
      }
    ],
    "html": "这件武器装饰着华丽的金色细工和深蓝色与栗色的宝石。使用这件武器进行攻击和伤害判定时，你获得{=bonusWeapon}的加值。此外，如果你尚未拥有，你将获得{{@skill|威吓}}恐吓和{{@skill|游说}}说服技能的熟练度。\n<div class=\"parser-entries\"><div class=\"parser-entries-name\">施法</div><div class=\"parser-entries-eng-name\">Spellcasting</div><div class=\"parser-entries-content\">这件武器有5个充能。你可以使用一个附赠动作并消耗1个或更多的充能来施放以下法术之一（掷 {{@dc|16}}）：{{@spell|命令术}} (1个充能), {{@spell|诚实之域}} (2个充能), {{@spell|强迫术}} (4个充能), {{@spell|放逐术}} (4个充能), 或者 {{@spell|支配人类}} (5个充能)。这把武器在每天黎明时恢复{{@dice|1d4}}点消耗的充能。</div></div>"
  },
  "en": {
    "name": "Weapon of Throne's Command",
    "type": "GV|DMG",
    "requires": [
      {
        "weaponCategory": "martial"
      }
    ],
    "inherits": {
      "nameSuffix": " of Throne's Command",
      "source": "BMT",
      "page": 39,
      "rarity": "very rare",
      "reqAttune": true,
      "grantsProficiency": true,
      "bonusWeapon": "+1",
      "recharge": "dawn",
      "rechargeAmount": "{@dice 1d4}",
      "charges": 5,
      "entries": [
        "This weapon is bedecked in ornate gold filigree and deep-blue and maroon jewels. You gain a {=bonusWeapon} bonus to attack and damage rolls made with this weapon. Additionally, you gain proficiency in the {@skill Intimidation} and {@skill Persuasion} skills if you don't already have it.",
        {
          "type": "entries",
          "name": "Spellcasting",
          "entries": [
            "The weapon has 5 charges. You can use a bonus action and expend 1 or more of its charges to cast one of the following spells (save {@dc 16}): {@spell Command} (1 charge), {@spell Zone of Truth} (2 charges), {@spell Compulsion} (4 charges), {@spell Banishment} (4 charges), or {@spell Dominate Person} (5 charges).",
            "The weapon regains {@dice 1d4} expended charges daily at dawn."
          ]
        }
      ],
      "attachedSpells": {
        "charges": {
          "1": [
            "command"
          ],
          "2": [
            "zone of truth"
          ],
          "4": [
            "banishment",
            "compulsion"
          ],
          "5": [
            "dominate person"
          ]
        }
      }
    },
    "entries": [
      "This weapon is bedecked in ornate gold filigree and deep-blue and maroon jewels. You gain a {=bonusWeapon} bonus to attack and damage rolls made with this weapon. Additionally, you gain proficiency in the {@skill Intimidation} and {@skill Persuasion} skills if you don't already have it.",
      {
        "type": "entries",
        "name": "Spellcasting",
        "entries": [
          "The weapon has 5 charges. You can use a bonus action and expend 1 or more of its charges to cast one of the following spells (save {@dc 16}): {@spell Command} (1 charge), {@spell Zone of Truth} (2 charges), {@spell Compulsion} (4 charges), {@spell Banishment} (4 charges), or {@spell Dominate Person} (5 charges).",
          "The weapon regains {@dice 1d4} expended charges daily at dawn."
        ]
      }
    ],
    "html": "This weapon is bedecked in ornate gold filigree and deep-blue and maroon jewels. You gain a {=bonusWeapon} bonus to attack and damage rolls made with this weapon. Additionally, you gain proficiency in the {{@skill|Intimidation}} and {{@skill|Persuasion}} skills if you don't already have it.\n<div class=\"parser-entries\"><div class=\"parser-entries-name\">Spellcasting</div><div class=\"parser-entries-content\">The weapon has 5 charges. You can use a bonus action and expend 1 or more of its charges to cast one of the following spells (save {{@dc|16}}): {{@spell|Command}} (1 charge), {{@spell|Zone of Truth}} (2 charges), {{@spell|Compulsion}} (4 charges), {{@spell|Banishment}} (4 charges), or {{@spell|Dominate Person}} (5 charges).The weapon regains {{@dice|1d4}} expended charges daily at dawn.</div></div>"
  }
}