{
  "dataType": "item",
  "uid": "item_Lash of Immolation|BGG ",
  "id": "Lash of Immolation|BGG",
  "weight": 3,
  "rarity": "rare",
  "isBaseItem": false,
  "baseItem": "whip|PHB",
  "displayName": {
    "zh": "焚焰之笞",
    "en": "Lash of Immolation"
  },
  "mainSource": {
    "source": "BGG",
    "page": 113
  },
  "allSources": [
    {
      "source": "BGG",
      "page": 113
    }
  ],
  "zh": {
    "name": "焚焰之笞",
    "source": "BGG",
    "page": 113,
    "baseItem": "鞭子|PHB",
    "type": "M",
    "rarity": "rare",
    "weight": 3,
    "weaponCategory": "军用",
    "property": [
      "F",
      "R"
    ],
    "dmg1": "1d4",
    "dmgType": "S",
    "bonusWeapon": "+1",
    "entries": [
      "这根黑色皮鞭的握把上刻印着火焰符文，而无数的余烬飞舞在鞭尾周遭。",
      "你在使用这把武器进行的攻击检定和伤害骰上具有+1加值，且在命中时，鞭子还会额外造成{@damage 1d6}点火焰伤害。当你在用这把鞭子发动的攻击检定中掷出一次重击时，目标将被激情的烈火紧紧缠绕，陷入束缚状态，持续直至你的下一回合开始前。",
      {
        "ENG_name": "Invoking the Rune",
        "name": "激活符文",
        "type": "entries",
        "entries": [
          "当你用这根鞭子发动攻击并命中时，你可以用反应激活鞭子上的符文。当你这么做时，这根鞭子造成的额外火焰伤害将会增加至{@dice 2d6}。",
          "此符文被激活后，直到下一个黎明它都不能被再激活。"
        ]
      }
    ],
    "ENG_name": "Lash of Immolation",
    "html": "这根黑色皮鞭的握把上刻印着火焰符文，而无数的余烬飞舞在鞭尾周遭。\n你在使用这把武器进行的攻击检定和伤害骰上具有+1加值，且在命中时，鞭子还会额外造成{{@damage|1d6}}点火焰伤害。当你在用这把鞭子发动的攻击检定中掷出一次重击时，目标将被激情的烈火紧紧缠绕，陷入束缚状态，持续直至你的下一回合开始前。\n<div class=\"parser-entries\"><div class=\"parser-entries-name\">激活符文</div><div class=\"parser-entries-eng-name\">Invoking the Rune</div><div class=\"parser-entries-content\">当你用这根鞭子发动攻击并命中时，你可以用反应激活鞭子上的符文。当你这么做时，这根鞭子造成的额外火焰伤害将会增加至{{@dice|2d6}}。此符文被激活后，直到下一个黎明它都不能被再激活。</div></div>"
  },
  "en": {
    "name": "Lash of Immolation",
    "source": "BGG",
    "page": 113,
    "baseItem": "whip|PHB",
    "type": "M",
    "rarity": "rare",
    "weight": 3,
    "weaponCategory": "martial",
    "property": [
      "F",
      "R"
    ],
    "dmg1": "1d4",
    "dmgType": "S",
    "bonusWeapon": "+1",
    "entries": [
      "The handle of this dark leather whip bears the fire rune, and embers dance around the whip's tail.",
      "You gain a +1 bonus to attack and damage rolls made with this weapon, and on a hit, the whip deals an extra {@damage 1d6} fire damage. When you score a critical hit with an attack using this whip, the target also has the restrained condition until the start of your next turn, as fiery bands lash around the target.",
      {
        "type": "entries",
        "name": "Invoking the Rune",
        "entries": [
          "When you make an attack with the whip and hit, you can use your reaction to invoke the whip's rune. Doing so increases the extra fire damage dealt by the whip to {@dice 2d6}.",
          "Once the rune has been invoked, it can't be invoked again until the next dawn."
        ]
      }
    ],
    "html": "The handle of this dark leather whip bears the fire rune, and embers dance around the whip's tail.\nYou gain a +1 bonus to attack and damage rolls made with this weapon, and on a hit, the whip deals an extra {{@damage|1d6}} fire damage. When you score a critical hit with an attack using this whip, the target also has the restrained condition until the start of your next turn, as fiery bands lash around the target.\n<div class=\"parser-entries\"><div class=\"parser-entries-name\">Invoking the Rune</div><div class=\"parser-entries-content\">When you make an attack with the whip and hit, you can use your reaction to invoke the whip's rune. Doing so increases the extra fire damage dealt by the whip to {{@dice|2d6}}.Once the rune has been invoked, it can't be invoked again until the next dawn.</div></div>"
  },
  "weapon": {
    "category": "martial",
    "weaponCategory": "martial",
    "dmg1": "1d4",
    "dmgType": "S",
    "dmgs": [
      "1d4"
    ],
    "property": [
      "F",
      "R"
    ]
  },
  "bonus": {
    "weapon": 1
  }
}