{
  "dataType": "item",
  "uid": "item_Fish Suit|AAG ",
  "id": "Fish Suit|AAG",
  "rarity": "very rare",
  "isBaseItem": false,
  "full": {
    "en": {
      "images": [
        {
          "type": "image",
          "href": {
            "type": "internal",
            "path": "items/AAG/Fish Suit.webp"
          },
          "credit": "Olga Drebas"
        }
      ]
    },
    "zh": {
      "images": [
        {
          "type": "image",
          "href": {
            "type": "internal",
            "path": "items/AAG/Fish Suit.webp"
          },
          "credit": "Olga Drebas"
        }
      ]
    }
  },
  "baseItem": "",
  "displayName": {
    "zh": "游鱼服",
    "en": "Fish Suit"
  },
  "mainSource": {
    "source": "AAG",
    "page": 22
  },
  "allSources": [
    {
      "source": "AAG",
      "page": 22
    }
  ],
  "zh": {
    "name": "游鱼服",
    "source": "AAG",
    "page": 22,
    "rarity": "very rare",
    "wondrous": true,
    "entries": [
      "这套笨重的套装将你的头部和身体完全包裹起来，穿脱它需要1分钟的时间。穿戴期间，它能使你能在没有空气的环境中呼吸，并保护你免受你周遭任何有害气体的影响。这套服装还能在你在水中环境下为你提供等同于你步行速度的游泳速度，或在无重力环境下为你提供等同于你步行速度的飞行速度。"
    ],
    "hasFluffImages": true,
    "ENG_name": "Fish Suit",
    "html": "这套笨重的套装将你的头部和身体完全包裹起来，穿脱它需要1分钟的时间。穿戴期间，它能使你能在没有空气的环境中呼吸，并保护你免受你周遭任何有害气体的影响。这套服装还能在你在水中环境下为你提供等同于你步行速度的游泳速度，或在无重力环境下为你提供等同于你步行速度的飞行速度。"
  },
  "en": {
    "name": "Fish Suit",
    "source": "AAG",
    "page": 22,
    "rarity": "very rare",
    "wondrous": true,
    "entries": [
      "This bulky suit, which fully encases your head and body, takes 1 minute to don or doff. While worn, it enables you to breathe in an airless environment and renders you immune to the harmful effects of any gas that surrounds you. The suit also grants you a swimming speed equal to your walking speed while underwater, or a flying speed equal to your walking speed in an environment with no gravity."
    ],
    "hasFluffImages": true,
    "html": "This bulky suit, which fully encases your head and body, takes 1 minute to don or doff. While worn, it enables you to breathe in an airless environment and renders you immune to the harmful effects of any gas that surrounds you. The suit also grants you a swimming speed equal to your walking speed while underwater, or a flying speed equal to your walking speed in an environment with no gravity."
  },
  "bonus": {}
}