{
  "dataType": "item",
  "uid": "item_Stone of Creation|AitFR-AVT ",
  "id": "Stone of Creation|AitFR-AVT",
  "rarity": "artifact",
  "isBaseItem": false,
  "baseItem": "",
  "displayName": {
    "zh": "造物之石",
    "en": "Stone of Creation"
  },
  "mainSource": {
    "source": "AitFR-AVT",
    "page": 10
  },
  "allSources": [
    {
      "source": "AitFR-AVT",
      "page": 10
    }
  ],
  "zh": {
    "name": "造物之石",
    "source": "AitFR-AVT",
    "page": 10,
    "otherSources": [
      {
        "source": "AitFR-DN",
        "page": 14
      },
      {
        "source": "AitFR-FCD",
        "page": 12
      }
    ],
    "rarity": "artifact",
    "reqAttune": true,
    "wondrous": true,
    "entries": [
      "关于创世之石的稀有传说和知识声称，它像流星一样从外层位面或遥远领域的边缘坠落到物质位面。不同世界中类似的传说，都描述了能够从魔法中生长出建筑和岛屿的石头，就像从种子中生长出房子一样，暗示创世之石不是一个独特的神器——或者所有不同的石块碎片都源自一个比学者们想象的还要大的单一石源。",
      "这块原始的黑色石头看起来像片岩一样易碎，但其实坚硬如花岗岩，并且带有金色和铂金的纹理。最初的完整创造石是一个类似立石的块状石板，但可能无法知道石头的真实大小，或者\"完整\"的创造石是否适用于这个神器。也许其他由创造石制成的石板和巨石已经遍布多元宇宙，通过跨位面运动和神器自身的魔法被切割和重新组合。",
      {
        "ENG_name": "Random Properties",
        "name": "随机词条",
        "type": "entries",
        "entries": [
          "创造之石具有以下随机属性：",
          {
            "type": "list",
            "items": [
              "2项{@table 神器词条; 次要增益词条|DMG|弱效增益}属性",
              "一个{@table 神器词条; 主要增益词条|DMG|强效增益}属性"
            ]
          }
        ]
      },
      {
        "ENG_name": "Stone Smithing",
        "name": "石匠工艺",
        "type": "entries",
        "entries": [
          "当与创造之石协调时，你熟练掌握{@item mason's tools|PHB}，并且可以使用它们从石板中切割出小块，从而创造次级神器。"
        ]
      },
      {
        "ENG_name": "Cut into Pieces",
        "name": "切割成片",
        "type": "entries",
        "entries": [
          "创世之石是较小神器的源泉，它们从它那里获得力量。这些碎片允许你塑造并赋予自己或他人石板的一部分力量。",
          "你可以切割成两种一般大小：一个{@item 创造岩片|AitFR-AVT}或者一个{@item 创造基石|AitFR-AVT}。这些较小的神器需要它们自己的共鸣。",
          "从现有的石板中最多可以创造出十一块创造碎片，外加多达九块基石。一个碎片类似于一块岩石碎片，大约有一个成年人手的大小。一块基石的厚度至少是那个大小的五倍。",
          "当所有的碎片和关键石都被切掉后，石头的一部分仍然保留下来，但证明对进一步的切割或雕刻尝试是不可渗透的。这个最小的石头版本的大小与一个微小生物相同。"
        ]
      },
      {
        "ENG_name": "Raze or Reshape Creations",
        "name": "摧毁或重塑造物",
        "type": "entries",
        "entries": [
          "尽管创世之石本身无法创造结构或半位面，但当你与之协调一致时，你可以修改或翻新任何由基石或碎片创造的结构或半位面，前提是你必须在石的1英里范围内，并且能够看到或以其他方式感知该结构或半位面。例如，你可以添加门，封闭窗户，改变房间的布局，甚至消除由基石创造的结构。要做到这一点，你必须集中注意力1分钟，就像施放法术一样，同时在脑海中想象你想要做出的更改；在那一分钟的过程中，这些变化会慢慢发生。这些变化不能造成伤害或直接伤害生物。被消除的结构会逐渐消失并减少至无，生物则不受影响。"
        ]
      },
      {
        "ENG_name": "Destroying the Stone",
        "name": "摧毁此石",
        "type": "entries",
        "entries": [
          "创造之石是一件可以被分割成较小神器的奇异神器，然而，创造之石本身对大多数伤害都是不可渗透的。只有与创造之石协调的铁匠才能雕刻它。摧毁创造之石的次级衍生神器（及其创造物）不会对创造之石本身造成伤害。",
          "如果创造石到达元素混沌之地或被一个与元素混沌共鸣的分叉金属棒击中（如{@spell 位面转移}法术所述），创造石就会被毁灭。然后，创造石会碎裂成无害的、惰性的岩石碎片。在创造石被毁灭后，由石板碎片和基石创造的地方会崩溃、腐烂或消失得无影无踪。创造石本身是否是一个更大神器的一部分仍然未知。"
        ]
      }
    ],
    "ENG_name": "Stone of Creation",
    "html": "关于创世之石的稀有传说和知识声称，它像流星一样从外层位面或遥远领域的边缘坠落到物质位面。不同世界中类似的传说，都描述了能够从魔法中生长出建筑和岛屿的石头，就像从种子中生长出房子一样，暗示创世之石不是一个独特的神器——或者所有不同的石块碎片都源自一个比学者们想象的还要大的单一石源。\n这块原始的黑色石头看起来像片岩一样易碎，但其实坚硬如花岗岩，并且带有金色和铂金的纹理。最初的完整创造石是一个类似立石的块状石板，但可能无法知道石头的真实大小，或者\"完整\"的创造石是否适用于这个神器。也许其他由创造石制成的石板和巨石已经遍布多元宇宙，通过跨位面运动和神器自身的魔法被切割和重新组合。\n<div class=\"parser-entries\"><div class=\"parser-entries-name\">随机词条</div><div class=\"parser-entries-eng-name\">Random Properties</div><div class=\"parser-entries-content\">创造之石具有以下随机属性：<ul class=\"parser-list parser-list-default\"><li>2项{{@table|神器词条; 次要增益词条|DMG|弱效增益}}属性</li><li>一个{{@table|神器词条; 主要增益词条|DMG|强效增益}}属性</li></ul></div></div>\n<div class=\"parser-entries\"><div class=\"parser-entries-name\">石匠工艺</div><div class=\"parser-entries-eng-name\">Stone Smithing</div><div class=\"parser-entries-content\">当与创造之石协调时，你熟练掌握{{@item|mason's tools|PHB}}，并且可以使用它们从石板中切割出小块，从而创造次级神器。</div></div>\n<div class=\"parser-entries\"><div class=\"parser-entries-name\">切割成片</div><div class=\"parser-entries-eng-name\">Cut into Pieces</div><div class=\"parser-entries-content\">创世之石是较小神器的源泉，它们从它那里获得力量。这些碎片允许你塑造并赋予自己或他人石板的一部分力量。你可以切割成两种一般大小：一个{{@item|创造岩片|AitFR-AVT}}或者一个{{@item|创造基石|AitFR-AVT}}。这些较小的神器需要它们自己的共鸣。从现有的石板中最多可以创造出十一块创造碎片，外加多达九块基石。一个碎片类似于一块岩石碎片，大约有一个成年人手的大小。一块基石的厚度至少是那个大小的五倍。当所有的碎片和关键石都被切掉后，石头的一部分仍然保留下来，但证明对进一步的切割或雕刻尝试是不可渗透的。这个最小的石头版本的大小与一个微小生物相同。</div></div>\n<div class=\"parser-entries\"><div class=\"parser-entries-name\">摧毁或重塑造物</div><div class=\"parser-entries-eng-name\">Raze or Reshape Creations</div><div class=\"parser-entries-content\">尽管创世之石本身无法创造结构或半位面，但当你与之协调一致时，你可以修改或翻新任何由基石或碎片创造的结构或半位面，前提是你必须在石的1英里范围内，并且能够看到或以其他方式感知该结构或半位面。例如，你可以添加门，封闭窗户，改变房间的布局，甚至消除由基石创造的结构。要做到这一点，你必须集中注意力1分钟，就像施放法术一样，同时在脑海中想象你想要做出的更改；在那一分钟的过程中，这些变化会慢慢发生。这些变化不能造成伤害或直接伤害生物。被消除的结构会逐渐消失并减少至无，生物则不受影响。</div></div>\n<div class=\"parser-entries\"><div class=\"parser-entries-name\">摧毁此石</div><div class=\"parser-entries-eng-name\">Destroying the Stone</div><div class=\"parser-entries-content\">创造之石是一件可以被分割成较小神器的奇异神器，然而，创造之石本身对大多数伤害都是不可渗透的。只有与创造之石协调的铁匠才能雕刻它。摧毁创造之石的次级衍生神器（及其创造物）不会对创造之石本身造成伤害。如果创造石到达元素混沌之地或被一个与元素混沌共鸣的分叉金属棒击中（如{{@spell|位面转移}}法术所述），创造石就会被毁灭。然后，创造石会碎裂成无害的、惰性的岩石碎片。在创造石被毁灭后，由石板碎片和基石创造的地方会崩溃、腐烂或消失得无影无踪。创造石本身是否是一个更大神器的一部分仍然未知。</div></div>"
  },
  "en": {
    "name": "Stone of Creation",
    "source": "AitFR-AVT",
    "page": 10,
    "otherSources": [
      {
        "source": "AitFR-DN",
        "page": 14
      },
      {
        "source": "AitFR-FCD",
        "page": 12
      }
    ],
    "rarity": "artifact",
    "reqAttune": true,
    "wondrous": true,
    "entries": [
      "Rare legends and lore that speak of the Stone of Creation claim it fell to the Material Plane like a meteor from some distant edge of the Outer Planes or the Far Realm. Similar legends across various worlds, all describing stones that grow buildings and islands from magic, like a house from a seed, suggest the Stone of Creation is not a unique artifact—or that all the various pieces of it are derived from a single source of stone even larger than sages imagine.",
      "The raw, black stone appears flaky like slate but is as hard as granite and marbled with veins of gold and platinum. The original, complete Stone of Creation took the form of a blocky slab like a standing stone, but it may be impossible to know the Stone's true size, or if the concept of a \"whole\" Stone of Creation even applies to the artifact. Perhaps other slabs and boulders made from the Stone have been scattered across the multiverse, being cut down and recombed through interplanar movements and the magic of the artifacts themselves.",
      {
        "type": "entries",
        "name": "Random Properties",
        "entries": [
          "The Stone of Creation has the following random properties:",
          {
            "type": "list",
            "items": [
              "2 {@table Artifact Properties; Minor Beneficial Properties|dmg|minor beneficial} properties",
              "1 {@table Artifact Properties; Major Beneficial Properties|dmg|major beneficial} property"
            ]
          }
        ]
      },
      {
        "type": "entries",
        "name": "Stone Smithing",
        "entries": [
          "While attuned to the Stone of Creation, you are proficient with {@item mason's tools|PHB} and can use them to cut pieces from the Stone's slab, thereby creating lesser artifacts."
        ]
      },
      {
        "type": "entries",
        "name": "Cut into Pieces",
        "entries": [
          "The Stone of Creation is a source for smaller artifacts that derive their power from it. These pieces allow you to shape and bestow a portion of the slab's power for yourself or others.",
          "You can cut pieces in two general sizes: a {@item chip of creation|AitFR-AVT} or a {@item keystone of creation|AitFR-AVT}. These lesser artifacts require their own attunement.",
          "Up to eleven chips of creation can be created from the existing slab, plus up to nine keystones. A chip resembles a flake of rock about the size of an adult human's hand. A keystone is at least five times that thickness.",
          "When all chips and keystones have been cut away, a portion of the Stone remains but proves impervious to additional attempts to cut or chisel pieces from it. This smallest version of the Stone is the same size as a Tiny creature."
        ]
      },
      {
        "type": "entries",
        "name": "Raze or Reshape Creations",
        "entries": [
          "Although the Stone of Creation cannot create structures or demiplanes of its own, while you are attuned to it you can revise or renovate any structure or demiplane created by a keystone or chip, provided you are within 1 mile of the Stone and you can see or otherwise perceive the structure or demiplane. For example, you may add doors, seal windows, change the arrangement of rooms, or even dispel a structure created by a keystone. To do so, you must concentrate for 1 minute, as if on a spell, while picturing the changes you wish to make in your mind; over the course of that minute, the changes slowly occur. These changes cannot deal damage or directly harm a creature. A dispelled structure gradually recedes and diminishes to nothing, leaving creatures unharmed."
        ]
      },
      {
        "type": "entries",
        "name": "Destroying the Stone",
        "entries": [
          "The Stone of Creation is a strange artifact that can be divided into smaller artifacts, yet the Stone is impervious to most damage. Only the smith attuned to the Stone can carve it. Destroying the Stone's lesser, derived artifacts (and their creations) does no damage to the Stone itself.",
          "The Stone of Creation is destroyed if it reaches the Elemental Chaos or is struck with a forked metal rod attuned to the Elemental Chaos (as per the {@spell plane shift} spell). The Stone then shatters into harmless, inert shards of rock. Places created by the slab's chips and keystones crumble, decay, or fade away to nothing after the Stone of Creation is destroyed. Whether the Stone of Creation is itself a piece of a larger artifact remains unknown."
        ]
      }
    ],
    "html": "Rare legends and lore that speak of the Stone of Creation claim it fell to the Material Plane like a meteor from some distant edge of the Outer Planes or the Far Realm. Similar legends across various worlds, all describing stones that grow buildings and islands from magic, like a house from a seed, suggest the Stone of Creation is not a unique artifact—or that all the various pieces of it are derived from a single source of stone even larger than sages imagine.\nThe raw, black stone appears flaky like slate but is as hard as granite and marbled with veins of gold and platinum. The original, complete Stone of Creation took the form of a blocky slab like a standing stone, but it may be impossible to know the Stone's true size, or if the concept of a \"whole\" Stone of Creation even applies to the artifact. Perhaps other slabs and boulders made from the Stone have been scattered across the multiverse, being cut down and recombed through interplanar movements and the magic of the artifacts themselves.\n<div class=\"parser-entries\"><div class=\"parser-entries-name\">Random Properties</div><div class=\"parser-entries-content\">The Stone of Creation has the following random properties:<ul class=\"parser-list parser-list-default\"><li>2 {{@table|Artifact Properties; Minor Beneficial Properties|dmg|minor beneficial}} properties</li><li>1 {{@table|Artifact Properties; Major Beneficial Properties|dmg|major beneficial}} property</li></ul></div></div>\n<div class=\"parser-entries\"><div class=\"parser-entries-name\">Stone Smithing</div><div class=\"parser-entries-content\">While attuned to the Stone of Creation, you are proficient with {{@item|mason's tools|PHB}} and can use them to cut pieces from the Stone's slab, thereby creating lesser artifacts.</div></div>\n<div class=\"parser-entries\"><div class=\"parser-entries-name\">Cut into Pieces</div><div class=\"parser-entries-content\">The Stone of Creation is a source for smaller artifacts that derive their power from it. These pieces allow you to shape and bestow a portion of the slab's power for yourself or others.You can cut pieces in two general sizes: a {{@item|chip of creation|AitFR-AVT}} or a {{@item|keystone of creation|AitFR-AVT}}. These lesser artifacts require their own attunement.Up to eleven chips of creation can be created from the existing slab, plus up to nine keystones. A chip resembles a flake of rock about the size of an adult human's hand. A keystone is at least five times that thickness.When all chips and keystones have been cut away, a portion of the Stone remains but proves impervious to additional attempts to cut or chisel pieces from it. This smallest version of the Stone is the same size as a Tiny creature.</div></div>\n<div class=\"parser-entries\"><div class=\"parser-entries-name\">Raze or Reshape Creations</div><div class=\"parser-entries-content\">Although the Stone of Creation cannot create structures or demiplanes of its own, while you are attuned to it you can revise or renovate any structure or demiplane created by a keystone or chip, provided you are within 1 mile of the Stone and you can see or otherwise perceive the structure or demiplane. For example, you may add doors, seal windows, change the arrangement of rooms, or even dispel a structure created by a keystone. To do so, you must concentrate for 1 minute, as if on a spell, while picturing the changes you wish to make in your mind; over the course of that minute, the changes slowly occur. These changes cannot deal damage or directly harm a creature. A dispelled structure gradually recedes and diminishes to nothing, leaving creatures unharmed.</div></div>\n<div class=\"parser-entries\"><div class=\"parser-entries-name\">Destroying the Stone</div><div class=\"parser-entries-content\">The Stone of Creation is a strange artifact that can be divided into smaller artifacts, yet the Stone is impervious to most damage. Only the smith attuned to the Stone can carve it. Destroying the Stone's lesser, derived artifacts (and their creations) does no damage to the Stone itself.The Stone of Creation is destroyed if it reaches the Elemental Chaos or is struck with a forked metal rod attuned to the Elemental Chaos (as per the {{@spell|plane shift}} spell). The Stone then shatters into harmless, inert shards of rock. Places created by the slab's chips and keystones crumble, decay, or fade away to nothing after the Stone of Creation is destroyed. Whether the Stone of Creation is itself a piece of a larger artifact remains unknown.</div></div>"
  },
  "bonus": {}
}