{
  "dataType": "item",
  "uid": "item_+3 Wand of the War Mage|DMG ",
  "id": "+3 Wand of the War Mage|DMG",
  "weight": 1,
  "rarity": "very rare",
  "isBaseItem": false,
  "baseItem": "",
  "displayName": {
    "zh": "+3 战法师魔杖",
    "en": "+3 Wand of the War Mage"
  },
  "mainSource": {
    "source": "DMG",
    "page": 212
  },
  "allSources": [
    {
      "source": "DMG",
      "page": 212
    },
    {
      "source": "XDMG",
      "page": 0
    },
    {
      "source": "XDMG",
      "page": 322
    }
  ],
  "relatedVersions": [
    "+3 Wand of the War Mage|XDMG"
  ],
  "zh": {
    "name": "+3 战法师魔杖",
    "source": "DMG",
    "page": 212,
    "srd": true,
    "reprintedAs": [
      "+3 战法师魔杖|XDMG"
    ],
    "type": "WD|DMG",
    "tier": "主要",
    "rarity": "very rare",
    "reqAttune": "由施法者",
    "reqAttuneTags": [
      {
        "spellcasting": true
      }
    ],
    "weight": 1,
    "bonusSpellAttack": "+3",
    "entries": [
      "持握此魔杖期间，你的法术攻击检定获得+3加值。另外，你在使用法术攻击时忽略{@quickref 掩护||3||半身掩护}状态。"
    ],
    "lootTables": [
      "魔法物品表H"
    ],
    "ENG_name": "+3 Wand of the War Mage",
    "html": "持握此魔杖期间，你的法术攻击检定获得+3加值。另外，你在使用法术攻击时忽略{{@quickref|掩护||3||半身掩护}}状态。"
  },
  "en": {
    "name": "+3 Wand of the War Mage",
    "source": "DMG",
    "page": 212,
    "srd": true,
    "reprintedAs": [
      "+3 Wand of the War Mage|XDMG"
    ],
    "type": "WD|DMG",
    "tier": "major",
    "rarity": "very rare",
    "reqAttune": "by a spellcaster",
    "reqAttuneTags": [
      {
        "spellcasting": true
      }
    ],
    "weight": 1,
    "bonusSpellAttack": "+3",
    "entries": [
      "While you are holding this wand, you gain a +3 bonus to spell attack rolls. In addition, you ignore {@quickref Cover||3||half cover} when making a spell attack."
    ],
    "lootTables": [
      "Magic Item Table H"
    ],
    "html": "While you are holding this wand, you gain a +3 bonus to spell attack rolls. In addition, you ignore {{@quickref|Cover||3||half cover}} when making a spell attack."
  },
  "bonus": {
    "spellAttack": 3
  }
}