{
  "dataType": "item",
  "uid": "item_Medal of the Conch|CRCotN ",
  "id": "Medal of the Conch|CRCotN",
  "rarity": "common",
  "isBaseItem": false,
  "baseItem": "",
  "displayName": {
    "zh": "海螺奖章",
    "en": "Medal of the Conch"
  },
  "mainSource": {
    "source": "CRCotN",
    "page": 214
  },
  "allSources": [
    {
      "source": "CRCotN",
      "page": 214
    }
  ],
  "zh": {
    "name": "海螺奖章",
    "source": "CRCotN",
    "page": 214,
    "rarity": "common",
    "wondrous": true,
    "modifySpeed": {
      "equal": {
        "swim": "走"
      }
    },
    "entries": [
      "当你使用动作来摩擦这枚奖章时，你将获得等同于你步行速度的游泳速度，持续1小时。一旦使用了这个属性，它就无法再次使用，奖章也会变成非魔法物品。"
    ],
    "ENG_name": "Medal of the Conch",
    "html": "当你使用动作来摩擦这枚奖章时，你将获得等同于你步行速度的游泳速度，持续1小时。一旦使用了这个属性，它就无法再次使用，奖章也会变成非魔法物品。"
  },
  "en": {
    "name": "Medal of the Conch",
    "source": "CRCotN",
    "page": 214,
    "rarity": "common",
    "wondrous": true,
    "modifySpeed": {
      "equal": {
        "swim": "walk"
      }
    },
    "entries": [
      "When you use an action to rub this medal, you gain a swimming speed equal to your walking speed for 1 hour. Once this property has been used, it can't be used again, and the medal becomes nonmagical."
    ],
    "html": "When you use an action to rub this medal, you gain a swimming speed equal to your walking speed for 1 hour. Once this property has been used, it can't be used again, and the medal becomes nonmagical."
  },
  "bonus": {}
}