{
  "dataType": "item",
  "uid": "item_Bag of Tricks, Rust|DMG ",
  "id": "Bag of Tricks, Rust|DMG",
  "weight": 0.5,
  "rarity": "uncommon",
  "isBaseItem": false,
  "baseItem": "",
  "displayName": {
    "zh": "魔术袋，铁锈色",
    "en": "Bag of Tricks, Rust"
  },
  "mainSource": {
    "source": "DMG",
    "page": 154
  },
  "allSources": [
    {
      "source": "DMG",
      "page": 154
    },
    {
      "source": "XDMG",
      "page": 0
    },
    {
      "source": "XDMG",
      "page": 234
    }
  ],
  "relatedVersions": [
    "Bag of Tricks, Rust|XDMG"
  ],
  "zh": {
    "name": "魔术袋，铁锈色",
    "source": "DMG",
    "page": 154,
    "srd": true,
    "reprintedAs": [
      "魔术袋，铁锈色|XDMG"
    ],
    "tier": "主要",
    "rarity": "uncommon",
    "wondrous": true,
    "weight": 0.5,
    "recharge": "拂晓",
    "entries": [
      "这个由铁锈色布料制成的普通布袋看起来是空无一物。然而，将手伸进袋子里会摸到一个小小的毛绒物件。",
      "你可以用一个动作取出布袋里的毛绒物件并把它扔出至多20尺远。当物件落地时，它变成一个生物，你通过掷一次{@dice d8}并参考表格来决定。该生物在次日黎明时分消散，其生命值降至0时也随即消失。",
      "该生物对你和你的同伴态度友善，且会在你的回合内行动。你可以用一个附赠动作命令该生物在其下一回合执行特定的移动方式，做特定的动作。你也可以下达宽泛的命令，例如攻击你的敌人。没接到命令时，该生物按自己天性行动。",
      "袋子抽出三件毛绒物件后，要经过下次黎明才能再用。",
      {
        "type": "table",
        "colLabels": [
          "{@dice d8}",
          "creature"
        ],
        "colStyles": [
          "col-1 text-center",
          "col-11"
        ],
        "rows": [
          [
            "1",
            "{@creature 老鼠}"
          ],
          [
            "2",
            "{@creature 猫头鹰}"
          ],
          [
            "3",
            "{@creature 獒犬}"
          ],
          [
            "4",
            "{@creature 山羊}"
          ],
          [
            "5",
            "{@creature 巨山羊}"
          ],
          [
            "6",
            "{@creature 巨野猪}"
          ],
          [
            "7",
            "{@creature 狮子}"
          ],
          [
            "8",
            "{@creature 棕熊}"
          ]
        ]
      }
    ],
    "lootTables": [
      "魔法物品表F"
    ],
    "ENG_name": "Bag of Tricks, Rust",
    "html": "这个由铁锈色布料制成的普通布袋看起来是空无一物。然而，将手伸进袋子里会摸到一个小小的毛绒物件。\n你可以用一个动作取出布袋里的毛绒物件并把它扔出至多20尺远。当物件落地时，它变成一个生物，你通过掷一次{{@dice|d8}}并参考表格来决定。该生物在次日黎明时分消散，其生命值降至0时也随即消失。\n该生物对你和你的同伴态度友善，且会在你的回合内行动。你可以用一个附赠动作命令该生物在其下一回合执行特定的移动方式，做特定的动作。你也可以下达宽泛的命令，例如攻击你的敌人。没接到命令时，该生物按自己天性行动。\n袋子抽出三件毛绒物件后，要经过下次黎明才能再用。\n<table class=\"wiki-table\"><tr><th class=\"parser-col-1 text-center\">{{@dice|d8}}</th><th class=\"parser-col-11\">creature</th></tr><tr><td class=\"parser-col-1 text-center\">1</td><td class=\"parser-col-11\">{{@creature|老鼠}}</td></tr><tr><td class=\"parser-col-1 text-center\">2</td><td class=\"parser-col-11\">{{@creature|猫头鹰}}</td></tr><tr><td class=\"parser-col-1 text-center\">3</td><td class=\"parser-col-11\">{{@creature|獒犬}}</td></tr><tr><td class=\"parser-col-1 text-center\">4</td><td class=\"parser-col-11\">{{@creature|山羊}}</td></tr><tr><td class=\"parser-col-1 text-center\">5</td><td class=\"parser-col-11\">{{@creature|巨山羊}}</td></tr><tr><td class=\"parser-col-1 text-center\">6</td><td class=\"parser-col-11\">{{@creature|巨野猪}}</td></tr><tr><td class=\"parser-col-1 text-center\">7</td><td class=\"parser-col-11\">{{@creature|狮子}}</td></tr><tr><td class=\"parser-col-1 text-center\">8</td><td class=\"parser-col-11\">{{@creature|棕熊}}</td></tr></table>"
  },
  "en": {
    "name": "Bag of Tricks, Rust",
    "source": "DMG",
    "page": 154,
    "srd": true,
    "reprintedAs": [
      "Bag of Tricks, Rust|XDMG"
    ],
    "tier": "major",
    "rarity": "uncommon",
    "wondrous": true,
    "weight": 0.5,
    "recharge": "dawn",
    "entries": [
      "This ordinary bag, made from rust cloth, appears empty. Reaching inside the bag, however, reveals the presence of a small, fuzzy object.",
      "You can use an action to pull the fuzzy object from the bag and throw it up to 20 feet. When the object lands, it transforms into a creature you determine by rolling a {@dice d8} and consulting the table. The creature vanishes at the next dawn or when it is reduced to 0 hit points.",
      "The creature is friendly to you and your companions, and it acts on your turn. You can use a bonus action to command how the creature moves and what action it takes on its next turn, or to give it general orders, such as to attack your enemies. In the absence of such orders, the creature acts in a fashion appropriate to its nature.",
      "Once three fuzzy objects have been pulled from the bag, the bag can't be used again until the next dawn.",
      {
        "type": "table",
        "colLabels": [
          "{@dice d8}",
          "Creature"
        ],
        "colStyles": [
          "col-1 text-center",
          "col-11"
        ],
        "rows": [
          [
            "1",
            "{@creature Rat}"
          ],
          [
            "2",
            "{@creature Owl}"
          ],
          [
            "3",
            "{@creature Mastiff}"
          ],
          [
            "4",
            "{@creature Goat}"
          ],
          [
            "5",
            "{@creature Giant goat}"
          ],
          [
            "6",
            "{@creature Giant boar}"
          ],
          [
            "7",
            "{@creature Lion}"
          ],
          [
            "8",
            "{@creature Brown bear}"
          ]
        ]
      }
    ],
    "lootTables": [
      "Magic Item Table F"
    ],
    "html": "This ordinary bag, made from rust cloth, appears empty. Reaching inside the bag, however, reveals the presence of a small, fuzzy object.\nYou can use an action to pull the fuzzy object from the bag and throw it up to 20 feet. When the object lands, it transforms into a creature you determine by rolling a {{@dice|d8}} and consulting the table. The creature vanishes at the next dawn or when it is reduced to 0 hit points.\nThe creature is friendly to you and your companions, and it acts on your turn. You can use a bonus action to command how the creature moves and what action it takes on its next turn, or to give it general orders, such as to attack your enemies. In the absence of such orders, the creature acts in a fashion appropriate to its nature.\nOnce three fuzzy objects have been pulled from the bag, the bag can't be used again until the next dawn.\n<table class=\"wiki-table\"><tr><th class=\"parser-col-1 text-center\">{{@dice|d8}}</th><th class=\"parser-col-11\">Creature</th></tr><tr><td class=\"parser-col-1 text-center\">1</td><td class=\"parser-col-11\">{{@creature|Rat}}</td></tr><tr><td class=\"parser-col-1 text-center\">2</td><td class=\"parser-col-11\">{{@creature|Owl}}</td></tr><tr><td class=\"parser-col-1 text-center\">3</td><td class=\"parser-col-11\">{{@creature|Mastiff}}</td></tr><tr><td class=\"parser-col-1 text-center\">4</td><td class=\"parser-col-11\">{{@creature|Goat}}</td></tr><tr><td class=\"parser-col-1 text-center\">5</td><td class=\"parser-col-11\">{{@creature|Giant goat}}</td></tr><tr><td class=\"parser-col-1 text-center\">6</td><td class=\"parser-col-11\">{{@creature|Giant boar}}</td></tr><tr><td class=\"parser-col-1 text-center\">7</td><td class=\"parser-col-11\">{{@creature|Lion}}</td></tr><tr><td class=\"parser-col-1 text-center\">8</td><td class=\"parser-col-11\">{{@creature|Brown bear}}</td></tr></table>"
  },
  "bonus": {}
}