{
  "dataType": "item",
  "uid": "item_Trinket|CoS ",
  "id": "Trinket|CoS",
  "rarity": "none",
  "isBaseItem": false,
  "baseItem": "",
  "displayName": {
    "zh": "饰品",
    "en": "Trinket"
  },
  "mainSource": {
    "source": "CoS",
    "page": 2
  },
  "allSources": [
    {
      "source": "CoS",
      "page": 2
    }
  ],
  "zh": {
    "name": "饰品",
    "source": "CoS",
    "page": 2,
    "type": "G",
    "rarity": "none",
    "entries": [
      "你在创作角色时，可以投掷一次饰品表以获得一件饰品——一件稍微带着点神秘的简易物品。DM有时候也会用到本表格，比如用来协助点缀地下城的房间，或者用来装满某个生物的口袋。",
      {
        "type": "table",
        "caption": "施特拉德的诅咒。角色选项，哥特式小饰品表",
        "colLabels": [
          "{@dice d100}",
          "饰品"
        ],
        "colStyles": [
          "col-2 text-center",
          "col-10"
        ],
        "rows": [
          [
            "01-02",
            "一张你小时候画的画，画上是你想象中的朋友"
          ],
          [
            "03-04",
            "一把锁，当血滴进钥匙孔的时候才可以打开。"
          ],
          [
            "05-06",
            "从{@creature 稻草人}那里偷来的衣服"
          ],
          [
            "07-08",
            "一个陀螺，上部雕刻着四张脸：喜悦、悲伤、愤怒和死亡"
          ],
          [
            "09-10",
            "一条曾经属于你某个兄弟姐妹的项链，他/她在你出生的那天死去"
          ],
          [
            "11-12",
            "一顶假发，来自某个被处刑斩首的人"
          ],
          [
            "13-14",
            "一封亡父写给你的信，还没有被拆开。"
          ],
          [
            "15-16",
            "一只怀表，每天午夜都会往反方向走一个小时"
          ],
          [
            "17-18",
            "从垂死士兵身上偷来的冬衣"
          ],
          [
            "19-20",
            "一瓶隐形墨水，写下的字迹只能在日落时分看到。"
          ],
          [
            "21-22",
            "一个葡萄酒囊，将它和死人一起埋一个晚上就会重新装满酒。"
          ],
          [
            "23-24",
            "一套银质餐具，某个国王用它吃了生命中的最后一餐"
          ],
          [
            "25-26",
            "一架小望远镜，里面总是看见世间正在遭受一场可怕的风暴"
          ],
          [
            "27-28",
            "一件镶有侧身像的饰品，人像的脸已经被挖去。"
          ],
          [
            "29-30",
            "一个提灯，里面有一支黑蜡烛，永远不会被烧尽，燃烧着绿焰"
          ],
          [
            "31-32",
            "一个孩子的玩具茶杯，上面沾着血迹。"
          ],
          [
            "33-34",
            "一本黑皮小书，当你入睡的时候，书上会记录你的梦境，且只记录你的梦境。"
          ],
          [
            "35-36",
            "一条项链，由十几个不同神明的圣徽相连而成"
          ],
          [
            "37-38",
            "一个感觉比它应有的重量要重的绞索"
          ],
          [
            "39-40",
            "一个鸟笼，一旦小型鸟类飞进去，就不会再离开或者进食。"
          ],
          [
            "41-42",
            "一个鳞翅目昆虫学家的盒子，里面装满了翅膀上带有骷髅图案的死蛾"
          ],
          [
            "43-44",
            "一罐腌制的食尸鬼舌头"
          ],
          [
            "45-46",
            "某个恶名昭彰的海盗的木头假手"
          ],
          [
            "47-48",
            "一个装有已故亲人骨灰的骨灰盒"
          ],
          [
            "49-50",
            "一面背面有青铜雕刻的{@creature 美杜莎}形象的手持镜子"
          ],
          [
            "51-52",
            "苍白的皮手套，装饰着乳白色的指甲。"
          ],
          [
            "53-54",
            "用一个声名狼藉的江湖骗子的手指关节骨头做的骰子"
          ],
          [
            "55-56",
            "一串用于被遗忘的锁的钥匙"
          ],
          [
            "57-58",
            "谋杀者棺材上的钉子"
          ],
          [
            "59-60",
            "家族墓穴的钥匙"
          ],
          [
            "61-62",
            "一束葬礼上的花，无论看起来还是闻上去，一直都是新鲜的"
          ],
          [
            "63-64",
            "一条孩童时代用来训诫你的鞭子"
          ],
          [
            "65-66",
            "一个音乐盒，当有人拿着它起舞的时候，它会自动奏乐。"
          ],
          [
            "67-68",
            "一把金属包头的手杖，能在石头上击出火花来"
          ],
          [
            "69-70",
            "一面来自海上失踪船只的旗帜"
          ],
          [
            "71-72",
            "一个瓷娃娃的头，总是似乎在看着你"
          ],
          [
            "73-74",
            "一个银铸的狼头，同时也是一只哨子"
          ],
          [
            "75-76",
            "一面小型镜子，照出的人脸比实际年龄苍老得多"
          ],
          [
            "77-78",
            "一本破旧的儿童童谣小书"
          ],
          [
            "79-80",
            "一个做成木乃伊的鸦爪。"
          ],
          [
            "81-82",
            "一枚总是触感冰凉的银龙破碎吊坠"
          ],
          [
            "83-84",
            "一个小巧的锁盒，在夜晚会静静地发出悦耳的旋律，但你总是在早晨忘记它"
          ],
          [
            "85-86",
            "一个墨水瓶，凝视它的人总会感到有些恶心"
          ],
          [
            "87-88",
            "一个由深色、密实木材制成的旧小娃娃，缺少一只手和一只脚"
          ],
          [
            "89-90",
            "一条刽子手的黑头巾。"
          ],
          [
            "91-92",
            "一个血肉做的小袋子，拉绳是筋腱。"
          ],
          [
            "93-94",
            "一个永远用不完的微型黑线轴"
          ],
          [
            "95-96",
            "一个微型的发条舞者雕像，因缺少齿轮而无法运转"
          ],
          [
            "97-98",
            "一个黑色的木头烟斗，吐出的烟雾看起来就像骷髅。"
          ],
          [
            "99-00",
            "一小瓶香水，散发的气味只有特定的生物能侦查到"
          ]
        ]
      }
    ],
    "miscTags": [
      "TT"
    ],
    "ENG_name": "Trinket",
    "html": "你在创作角色时，可以投掷一次饰品表以获得一件饰品——一件稍微带着点神秘的简易物品。DM有时候也会用到本表格，比如用来协助点缀地下城的房间，或者用来装满某个生物的口袋。\n<table class=\"wiki-table\"><caption>施特拉德的诅咒。角色选项，哥特式小饰品表</caption><tr><th class=\"parser-col-2 text-center\">{{@dice|d100}}</th><th class=\"parser-col-10\">饰品</th></tr><tr><td class=\"parser-col-2 text-center\">01-02</td><td class=\"parser-col-10\">一张你小时候画的画，画上是你想象中的朋友</td></tr><tr><td class=\"parser-col-2 text-center\">03-04</td><td class=\"parser-col-10\">一把锁，当血滴进钥匙孔的时候才可以打开。</td></tr><tr><td class=\"parser-col-2 text-center\">05-06</td><td class=\"parser-col-10\">从{{@creature|稻草人}}那里偷来的衣服</td></tr><tr><td class=\"parser-col-2 text-center\">07-08</td><td class=\"parser-col-10\">一个陀螺，上部雕刻着四张脸：喜悦、悲伤、愤怒和死亡</td></tr><tr><td class=\"parser-col-2 text-center\">09-10</td><td class=\"parser-col-10\">一条曾经属于你某个兄弟姐妹的项链，他/她在你出生的那天死去</td></tr><tr><td class=\"parser-col-2 text-center\">11-12</td><td class=\"parser-col-10\">一顶假发，来自某个被处刑斩首的人</td></tr><tr><td class=\"parser-col-2 text-center\">13-14</td><td class=\"parser-col-10\">一封亡父写给你的信，还没有被拆开。</td></tr><tr><td class=\"parser-col-2 text-center\">15-16</td><td class=\"parser-col-10\">一只怀表，每天午夜都会往反方向走一个小时</td></tr><tr><td class=\"parser-col-2 text-center\">17-18</td><td class=\"parser-col-10\">从垂死士兵身上偷来的冬衣</td></tr><tr><td class=\"parser-col-2 text-center\">19-20</td><td class=\"parser-col-10\">一瓶隐形墨水，写下的字迹只能在日落时分看到。</td></tr><tr><td class=\"parser-col-2 text-center\">21-22</td><td class=\"parser-col-10\">一个葡萄酒囊，将它和死人一起埋一个晚上就会重新装满酒。</td></tr><tr><td class=\"parser-col-2 text-center\">23-24</td><td class=\"parser-col-10\">一套银质餐具，某个国王用它吃了生命中的最后一餐</td></tr><tr><td class=\"parser-col-2 text-center\">25-26</td><td class=\"parser-col-10\">一架小望远镜，里面总是看见世间正在遭受一场可怕的风暴</td></tr><tr><td class=\"parser-col-2 text-center\">27-28</td><td class=\"parser-col-10\">一件镶有侧身像的饰品，人像的脸已经被挖去。</td></tr><tr><td class=\"parser-col-2 text-center\">29-30</td><td class=\"parser-col-10\">一个提灯，里面有一支黑蜡烛，永远不会被烧尽，燃烧着绿焰</td></tr><tr><td class=\"parser-col-2 text-center\">31-32</td><td class=\"parser-col-10\">一个孩子的玩具茶杯，上面沾着血迹。</td></tr><tr><td class=\"parser-col-2 text-center\">33-34</td><td class=\"parser-col-10\">一本黑皮小书，当你入睡的时候，书上会记录你的梦境，且只记录你的梦境。</td></tr><tr><td class=\"parser-col-2 text-center\">35-36</td><td class=\"parser-col-10\">一条项链，由十几个不同神明的圣徽相连而成</td></tr><tr><td class=\"parser-col-2 text-center\">37-38</td><td class=\"parser-col-10\">一个感觉比它应有的重量要重的绞索</td></tr><tr><td class=\"parser-col-2 text-center\">39-40</td><td class=\"parser-col-10\">一个鸟笼，一旦小型鸟类飞进去，就不会再离开或者进食。</td></tr><tr><td class=\"parser-col-2 text-center\">41-42</td><td class=\"parser-col-10\">一个鳞翅目昆虫学家的盒子，里面装满了翅膀上带有骷髅图案的死蛾</td></tr><tr><td class=\"parser-col-2 text-center\">43-44</td><td class=\"parser-col-10\">一罐腌制的食尸鬼舌头</td></tr><tr><td class=\"parser-col-2 text-center\">45-46</td><td class=\"parser-col-10\">某个恶名昭彰的海盗的木头假手</td></tr><tr><td class=\"parser-col-2 text-center\">47-48</td><td class=\"parser-col-10\">一个装有已故亲人骨灰的骨灰盒</td></tr><tr><td class=\"parser-col-2 text-center\">49-50</td><td class=\"parser-col-10\">一面背面有青铜雕刻的{{@creature|美杜莎}}形象的手持镜子</td></tr><tr><td class=\"parser-col-2 text-center\">51-52</td><td class=\"parser-col-10\">苍白的皮手套，装饰着乳白色的指甲。</td></tr><tr><td class=\"parser-col-2 text-center\">53-54</td><td class=\"parser-col-10\">用一个声名狼藉的江湖骗子的手指关节骨头做的骰子</td></tr><tr><td class=\"parser-col-2 text-center\">55-56</td><td class=\"parser-col-10\">一串用于被遗忘的锁的钥匙</td></tr><tr><td class=\"parser-col-2 text-center\">57-58</td><td class=\"parser-col-10\">谋杀者棺材上的钉子</td></tr><tr><td class=\"parser-col-2 text-center\">59-60</td><td class=\"parser-col-10\">家族墓穴的钥匙</td></tr><tr><td class=\"parser-col-2 text-center\">61-62</td><td class=\"parser-col-10\">一束葬礼上的花，无论看起来还是闻上去，一直都是新鲜的</td></tr><tr><td class=\"parser-col-2 text-center\">63-64</td><td class=\"parser-col-10\">一条孩童时代用来训诫你的鞭子</td></tr><tr><td class=\"parser-col-2 text-center\">65-66</td><td class=\"parser-col-10\">一个音乐盒，当有人拿着它起舞的时候，它会自动奏乐。</td></tr><tr><td class=\"parser-col-2 text-center\">67-68</td><td class=\"parser-col-10\">一把金属包头的手杖，能在石头上击出火花来</td></tr><tr><td class=\"parser-col-2 text-center\">69-70</td><td class=\"parser-col-10\">一面来自海上失踪船只的旗帜</td></tr><tr><td class=\"parser-col-2 text-center\">71-72</td><td class=\"parser-col-10\">一个瓷娃娃的头，总是似乎在看着你</td></tr><tr><td class=\"parser-col-2 text-center\">73-74</td><td class=\"parser-col-10\">一个银铸的狼头，同时也是一只哨子</td></tr><tr><td class=\"parser-col-2 text-center\">75-76</td><td class=\"parser-col-10\">一面小型镜子，照出的人脸比实际年龄苍老得多</td></tr><tr><td class=\"parser-col-2 text-center\">77-78</td><td class=\"parser-col-10\">一本破旧的儿童童谣小书</td></tr><tr><td class=\"parser-col-2 text-center\">79-80</td><td class=\"parser-col-10\">一个做成木乃伊的鸦爪。</td></tr><tr><td class=\"parser-col-2 text-center\">81-82</td><td class=\"parser-col-10\">一枚总是触感冰凉的银龙破碎吊坠</td></tr><tr><td class=\"parser-col-2 text-center\">83-84</td><td class=\"parser-col-10\">一个小巧的锁盒，在夜晚会静静地发出悦耳的旋律，但你总是在早晨忘记它</td></tr><tr><td class=\"parser-col-2 text-center\">85-86</td><td class=\"parser-col-10\">一个墨水瓶，凝视它的人总会感到有些恶心</td></tr><tr><td class=\"parser-col-2 text-center\">87-88</td><td class=\"parser-col-10\">一个由深色、密实木材制成的旧小娃娃，缺少一只手和一只脚</td></tr><tr><td class=\"parser-col-2 text-center\">89-90</td><td class=\"parser-col-10\">一条刽子手的黑头巾。</td></tr><tr><td class=\"parser-col-2 text-center\">91-92</td><td class=\"parser-col-10\">一个血肉做的小袋子，拉绳是筋腱。</td></tr><tr><td class=\"parser-col-2 text-center\">93-94</td><td class=\"parser-col-10\">一个永远用不完的微型黑线轴</td></tr><tr><td class=\"parser-col-2 text-center\">95-96</td><td class=\"parser-col-10\">一个微型的发条舞者雕像，因缺少齿轮而无法运转</td></tr><tr><td class=\"parser-col-2 text-center\">97-98</td><td class=\"parser-col-10\">一个黑色的木头烟斗，吐出的烟雾看起来就像骷髅。</td></tr><tr><td class=\"parser-col-2 text-center\">99-00</td><td class=\"parser-col-10\">一小瓶香水，散发的气味只有特定的生物能侦查到</td></tr></table>"
  },
  "en": {
    "name": "Trinket",
    "source": "CoS",
    "page": 2,
    "type": "G",
    "rarity": "none",
    "entries": [
      "When you make your character, you can roll once on the Trinkets table to gain a trinket, a simple item lightly touched by mystery. The DM might also use this table. It can help stock a room in a dungeon or fill a creatures pockets.",
      {
        "type": "table",
        "caption": "Curse of Strahd. Character Options, Gothic Trinket Table",
        "colLabels": [
          "{@dice d100}",
          "Trinket"
        ],
        "colStyles": [
          "col-2 text-center",
          "col-10"
        ],
        "rows": [
          [
            "01-02",
            "A picture you drew as a child of your imaginary friend"
          ],
          [
            "03-04",
            "A lock that opens when blood is dripped in its keyhole"
          ],
          [
            "05-06",
            "Clothes stolen from a {@creature scarecrow}"
          ],
          [
            "07-08",
            "A spinning top carved with four faces: happy, sad, wrathful, and dead"
          ],
          [
            "09-10",
            "The necklace of a sibling who died on the day you were born"
          ],
          [
            "11-12",
            "A wig from someone executed by beheading"
          ],
          [
            "13-14",
            "The unopened letter to you from your dying father"
          ],
          [
            "15-16",
            "A pocket watch that runs backward for an hour every midnight"
          ],
          [
            "17-18",
            "A winter coat stolen from a dying soldier"
          ],
          [
            "19-20",
            "A bottle of invisible ink that can only be read at sunset"
          ],
          [
            "21-22",
            "A wineskin that refills when interred with a dead person for a night"
          ],
          [
            "23-24",
            "A set of silverware used by a king for his last meal"
          ],
          [
            "25-26",
            "A spyglass that always shows the world suffering a terrible storm"
          ],
          [
            "27-28",
            "A cameo with the profile's face scratched away"
          ],
          [
            "29-30",
            "A lantern with a black candle that never runs out and that burns with green flame"
          ],
          [
            "31-32",
            "A teacup from a child's tea set, stained with blood"
          ],
          [
            "33-34",
            "A little black book that records your dreams, and yours alone, when you sleep"
          ],
          [
            "35-36",
            "A necklace formed of the interlinked holy symbols of a dozen deities"
          ],
          [
            "37-38",
            "A hangman's noose that feels heavier than it should"
          ],
          [
            "39-40",
            "A birdcage into which small birds fly but once inside never eat or leave"
          ],
          [
            "41-42",
            "A lepidopterist's box filled dead moths with skull-like patterns on their wings"
          ],
          [
            "43-44",
            "A jar of pickled ghouls' tongues"
          ],
          [
            "45-46",
            "The wooden hand of a notorious pirate"
          ],
          [
            "47-48",
            "An urn with the ashes of a dead relative"
          ],
          [
            "49-50",
            "A hand mirror backed with a bronze depiction of a {@creature medusa}"
          ],
          [
            "51-52",
            "Pallid leather gloves crafted with ivory fingernails"
          ],
          [
            "53-54",
            "Dice made from the knuckles of a notorious charlatan"
          ],
          [
            "55-56",
            "A ring of keys for forgotten locks"
          ],
          [
            "57-58",
            "Nails from the coffin of a murderer"
          ],
          [
            "59-60",
            "A key to the family crypt"
          ],
          [
            "61-62",
            "A bouquet of funerary flowers that always looks and smells fresh"
          ],
          [
            "63-64",
            "A switch used to discipline you as a child"
          ],
          [
            "65-66",
            "A music box that plays by itself whenever someone holding it dances"
          ],
          [
            "67-68",
            "A walking cane with an iron ferrule that strikes sparks on stone"
          ],
          [
            "69-70",
            "A flag from a ship lost at sea"
          ],
          [
            "71-72",
            "Porcelain doll's head that always seems to be looking at you"
          ],
          [
            "73-74",
            "A wolf's head wrought in silver that is also a whistle"
          ],
          [
            "75-76",
            "A small mirror that shows a much older version of the viewer"
          ],
          [
            "77-78",
            "Small, worn book of children's nursery rhymes"
          ],
          [
            "79-80",
            "A mummified raven claw"
          ],
          [
            "81-82",
            "A broken pendent of a silver dragon that's always cold to the touch"
          ],
          [
            "83-84",
            "A small locked box that quietly hums a lovely melody at night but you always forget it in the morning"
          ],
          [
            "85-86",
            "An inkwell that makes one a little nauseous when staring at it"
          ],
          [
            "87-88",
            "An old little doll made from a dark, dense wood and missing a hand and a foot"
          ],
          [
            "89-90",
            "A black executioner's hood"
          ],
          [
            "91-92",
            "A pouch made of flesh, with a sinew drawstring"
          ],
          [
            "93-94",
            "A tiny spool of black thread that never runs out"
          ],
          [
            "95-96",
            "A tiny clockwork figurine of a dancer that's missing a gear and doesn't work"
          ],
          [
            "97-98",
            "A black wooden pipe that creates puffs of smoke that look like skulls"
          ],
          [
            "99-00",
            "A vial of perfume, the scent of which only certain creatures can detect"
          ]
        ]
      }
    ],
    "miscTags": [
      "TT"
    ],
    "html": "When you make your character, you can roll once on the Trinkets table to gain a trinket, a simple item lightly touched by mystery. The DM might also use this table. It can help stock a room in a dungeon or fill a creatures pockets.\n<table class=\"wiki-table\"><caption>Curse of Strahd. Character Options, Gothic Trinket Table</caption><tr><th class=\"parser-col-2 text-center\">{{@dice|d100}}</th><th class=\"parser-col-10\">Trinket</th></tr><tr><td class=\"parser-col-2 text-center\">01-02</td><td class=\"parser-col-10\">A picture you drew as a child of your imaginary friend</td></tr><tr><td class=\"parser-col-2 text-center\">03-04</td><td class=\"parser-col-10\">A lock that opens when blood is dripped in its keyhole</td></tr><tr><td class=\"parser-col-2 text-center\">05-06</td><td class=\"parser-col-10\">Clothes stolen from a {{@creature|scarecrow}}</td></tr><tr><td class=\"parser-col-2 text-center\">07-08</td><td class=\"parser-col-10\">A spinning top carved with four faces: happy, sad, wrathful, and dead</td></tr><tr><td class=\"parser-col-2 text-center\">09-10</td><td class=\"parser-col-10\">The necklace of a sibling who died on the day you were born</td></tr><tr><td class=\"parser-col-2 text-center\">11-12</td><td class=\"parser-col-10\">A wig from someone executed by beheading</td></tr><tr><td class=\"parser-col-2 text-center\">13-14</td><td class=\"parser-col-10\">The unopened letter to you from your dying father</td></tr><tr><td class=\"parser-col-2 text-center\">15-16</td><td class=\"parser-col-10\">A pocket watch that runs backward for an hour every midnight</td></tr><tr><td class=\"parser-col-2 text-center\">17-18</td><td class=\"parser-col-10\">A winter coat stolen from a dying soldier</td></tr><tr><td class=\"parser-col-2 text-center\">19-20</td><td class=\"parser-col-10\">A bottle of invisible ink that can only be read at sunset</td></tr><tr><td class=\"parser-col-2 text-center\">21-22</td><td class=\"parser-col-10\">A wineskin that refills when interred with a dead person for a night</td></tr><tr><td class=\"parser-col-2 text-center\">23-24</td><td class=\"parser-col-10\">A set of silverware used by a king for his last meal</td></tr><tr><td class=\"parser-col-2 text-center\">25-26</td><td class=\"parser-col-10\">A spyglass that always shows the world suffering a terrible storm</td></tr><tr><td class=\"parser-col-2 text-center\">27-28</td><td class=\"parser-col-10\">A cameo with the profile's face scratched away</td></tr><tr><td class=\"parser-col-2 text-center\">29-30</td><td class=\"parser-col-10\">A lantern with a black candle that never runs out and that burns with green flame</td></tr><tr><td class=\"parser-col-2 text-center\">31-32</td><td class=\"parser-col-10\">A teacup from a child's tea set, stained with blood</td></tr><tr><td class=\"parser-col-2 text-center\">33-34</td><td class=\"parser-col-10\">A little black book that records your dreams, and yours alone, when you sleep</td></tr><tr><td class=\"parser-col-2 text-center\">35-36</td><td class=\"parser-col-10\">A necklace formed of the interlinked holy symbols of a dozen deities</td></tr><tr><td class=\"parser-col-2 text-center\">37-38</td><td class=\"parser-col-10\">A hangman's noose that feels heavier than it should</td></tr><tr><td class=\"parser-col-2 text-center\">39-40</td><td class=\"parser-col-10\">A birdcage into which small birds fly but once inside never eat or leave</td></tr><tr><td class=\"parser-col-2 text-center\">41-42</td><td class=\"parser-col-10\">A lepidopterist's box filled dead moths with skull-like patterns on their wings</td></tr><tr><td class=\"parser-col-2 text-center\">43-44</td><td class=\"parser-col-10\">A jar of pickled ghouls' tongues</td></tr><tr><td class=\"parser-col-2 text-center\">45-46</td><td class=\"parser-col-10\">The wooden hand of a notorious pirate</td></tr><tr><td class=\"parser-col-2 text-center\">47-48</td><td class=\"parser-col-10\">An urn with the ashes of a dead relative</td></tr><tr><td class=\"parser-col-2 text-center\">49-50</td><td class=\"parser-col-10\">A hand mirror backed with a bronze depiction of a {{@creature|medusa}}</td></tr><tr><td class=\"parser-col-2 text-center\">51-52</td><td class=\"parser-col-10\">Pallid leather gloves crafted with ivory fingernails</td></tr><tr><td class=\"parser-col-2 text-center\">53-54</td><td class=\"parser-col-10\">Dice made from the knuckles of a notorious charlatan</td></tr><tr><td class=\"parser-col-2 text-center\">55-56</td><td class=\"parser-col-10\">A ring of keys for forgotten locks</td></tr><tr><td class=\"parser-col-2 text-center\">57-58</td><td class=\"parser-col-10\">Nails from the coffin of a murderer</td></tr><tr><td class=\"parser-col-2 text-center\">59-60</td><td class=\"parser-col-10\">A key to the family crypt</td></tr><tr><td class=\"parser-col-2 text-center\">61-62</td><td class=\"parser-col-10\">A bouquet of funerary flowers that always looks and smells fresh</td></tr><tr><td class=\"parser-col-2 text-center\">63-64</td><td class=\"parser-col-10\">A switch used to discipline you as a child</td></tr><tr><td class=\"parser-col-2 text-center\">65-66</td><td class=\"parser-col-10\">A music box that plays by itself whenever someone holding it dances</td></tr><tr><td class=\"parser-col-2 text-center\">67-68</td><td class=\"parser-col-10\">A walking cane with an iron ferrule that strikes sparks on stone</td></tr><tr><td class=\"parser-col-2 text-center\">69-70</td><td class=\"parser-col-10\">A flag from a ship lost at sea</td></tr><tr><td class=\"parser-col-2 text-center\">71-72</td><td class=\"parser-col-10\">Porcelain doll's head that always seems to be looking at you</td></tr><tr><td class=\"parser-col-2 text-center\">73-74</td><td class=\"parser-col-10\">A wolf's head wrought in silver that is also a whistle</td></tr><tr><td class=\"parser-col-2 text-center\">75-76</td><td class=\"parser-col-10\">A small mirror that shows a much older version of the viewer</td></tr><tr><td class=\"parser-col-2 text-center\">77-78</td><td class=\"parser-col-10\">Small, worn book of children's nursery rhymes</td></tr><tr><td class=\"parser-col-2 text-center\">79-80</td><td class=\"parser-col-10\">A mummified raven claw</td></tr><tr><td class=\"parser-col-2 text-center\">81-82</td><td class=\"parser-col-10\">A broken pendent of a silver dragon that's always cold to the touch</td></tr><tr><td class=\"parser-col-2 text-center\">83-84</td><td class=\"parser-col-10\">A small locked box that quietly hums a lovely melody at night but you always forget it in the morning</td></tr><tr><td class=\"parser-col-2 text-center\">85-86</td><td class=\"parser-col-10\">An inkwell that makes one a little nauseous when staring at it</td></tr><tr><td class=\"parser-col-2 text-center\">87-88</td><td class=\"parser-col-10\">An old little doll made from a dark, dense wood and missing a hand and a foot</td></tr><tr><td class=\"parser-col-2 text-center\">89-90</td><td class=\"parser-col-10\">A black executioner's hood</td></tr><tr><td class=\"parser-col-2 text-center\">91-92</td><td class=\"parser-col-10\">A pouch made of flesh, with a sinew drawstring</td></tr><tr><td class=\"parser-col-2 text-center\">93-94</td><td class=\"parser-col-10\">A tiny spool of black thread that never runs out</td></tr><tr><td class=\"parser-col-2 text-center\">95-96</td><td class=\"parser-col-10\">A tiny clockwork figurine of a dancer that's missing a gear and doesn't work</td></tr><tr><td class=\"parser-col-2 text-center\">97-98</td><td class=\"parser-col-10\">A black wooden pipe that creates puffs of smoke that look like skulls</td></tr><tr><td class=\"parser-col-2 text-center\">99-00</td><td class=\"parser-col-10\">A vial of perfume, the scent of which only certain creatures can detect</td></tr></table>"
  },
  "bonus": {}
}