{
  "dataType": "item",
  "uid": "item_+3 Weapon (no damage)|DMG",
  "id": "+3 Weapon (no damage)|DMG",
  "rarity": "very rare",
  "isBaseItem": false,
  "displayName": {
    "zh": "+3 武器 (无伤害)",
    "en": "+3 Weapon (no damage)"
  },
  "mainSource": {
    "source": "DMG",
    "page": 213
  },
  "allSources": [
    {
      "source": "DMG",
      "page": 213
    }
  ],
  "zh": {
    "name": "+3 武器 (无伤害)",
    "type": "GV|DMG",
    "requires": [
      {
        "net": true
      }
    ],
    "inherits": {
      "namePrefix": "+3 ",
      "source": "DMG",
      "page": 213,
      "tier": "主要",
      "rarity": "very rare",
      "bonusWeaponAttack": "+3",
      "entries": [
        "使用这个武器进行攻击判定时，你会获得{=bonusWeaponAttack}的额外加成。"
      ]
    },
    "ENG_name": "+3 Weapon (no damage)",
    "entries": [
      "使用这个武器进行攻击判定时，你会获得{=bonusWeaponAttack}的额外加成。"
    ],
    "html": "使用这个武器进行攻击判定时，你会获得{=bonusWeaponAttack}的额外加成。"
  },
  "en": {
    "name": "+3 Weapon (no damage)",
    "type": "GV|DMG",
    "requires": [
      {
        "net": true
      }
    ],
    "inherits": {
      "namePrefix": "+3 ",
      "source": "DMG",
      "page": 213,
      "tier": "major",
      "rarity": "very rare",
      "bonusWeaponAttack": "+3",
      "entries": [
        "You have a {=bonusWeaponAttack} bonus to attack rolls made with this weapon."
      ]
    },
    "entries": [
      "You have a {=bonusWeaponAttack} bonus to attack rolls made with this weapon."
    ],
    "html": "You have a {=bonusWeaponAttack} bonus to attack rolls made with this weapon."
  }
}