{
  "dataType": "item",
  "uid": "item_Stonky's ring|CM ",
  "id": "Stonky's ring|CM",
  "rarity": "unknown (magic)",
  "isBaseItem": false,
  "baseItem": "",
  "displayName": {
    "zh": "斯通基戒指",
    "en": "Stonky's ring"
  },
  "mainSource": {
    "source": "CM",
    "page": 132
  },
  "allSources": [
    {
      "source": "CM",
      "page": 132
    }
  ],
  "zh": {
    "name": "斯通基戒指",
    "source": "CM",
    "page": 132,
    "type": "RG|DMG",
    "rarity": "unknown (magic)",
    "reqAttune": true,
    "entries": [
      "佩戴这枚戒指期间，你可以随意施放{@spell 心灵遥控}法术，但只能以未被着装或携带的物件为目标。",
      "任何与戒指协调一致的角色都会获得对斯托基创造物的控制权，尽管{@creature 掠行体|cm|skitterwidgets}会忽略距离它们超过30尺远时发出的命令。"
    ],
    "attachedSpells": {
      "will": [
        "心灵遥控"
      ]
    },
    "ENG_name": "Stonky's ring",
    "html": "佩戴这枚戒指期间，你可以随意施放{{@spell|心灵遥控}}法术，但只能以未被着装或携带的物件为目标。\n任何与戒指协调一致的角色都会获得对斯托基创造物的控制权，尽管{{@creature|掠行体|cm|skitterwidgets}}会忽略距离它们超过30尺远时发出的命令。"
  },
  "en": {
    "name": "Stonky's ring",
    "source": "CM",
    "page": 132,
    "type": "RG|DMG",
    "rarity": "unknown (magic)",
    "reqAttune": true,
    "entries": [
      "While wearing this ring, you can cast the {@spell telekinesis} spell at will, but you can target only objects that aren't being worn or carried.",
      "Any character who attunes to the ring gains control of Stonky's creations, though the {@creature skitterwidget|cm|skitterwidgets} ignore commands spoken more than 30 feet away from them."
    ],
    "attachedSpells": {
      "will": [
        "telekinesis"
      ]
    },
    "html": "While wearing this ring, you can cast the {{@spell|telekinesis}} spell at will, but you can target only objects that aren't being worn or carried.\nAny character who attunes to the ring gains control of Stonky's creations, though the {{@creature|skitterwidget|cm|skitterwidgets}} ignore commands spoken more than 30 feet away from them."
  },
  "bonus": {}
}