{
  "dataType": "item",
  "uid": "item_Puzzle Card|BMT ",
  "id": "Puzzle Card|BMT",
  "rarity": "legendary",
  "isBaseItem": false,
  "full": {
    "en": {
      "images": [
        {
          "type": "image",
          "href": {
            "type": "internal",
            "path": "decks/BMT/Deck of Many Things/04-puzzle.webp"
          },
          "credit": "Tinnel Lovitt"
        }
      ]
    },
    "zh": {
      "images": [
        {
          "type": "image",
          "href": {
            "type": "internal",
            "path": "decks/BMT/Deck of Many Things/04-puzzle.webp"
          },
          "credit": "Tinnel Lovitt"
        }
      ]
    }
  },
  "baseItem": "",
  "displayName": {
    "zh": "谜题卡",
    "en": "Puzzle Card"
  },
  "mainSource": {
    "source": "BMT",
    "page": 14
  },
  "allSources": [
    {
      "source": "BMT",
      "page": 14
    }
  ],
  "zh": {
    "name": "谜题卡",
    "source": "BMT",
    "page": 14,
    "rarity": "legendary",
    "wondrous": true,
    "recharge": "拂晓",
    "entries": [
      "作为动作，你可以举起这张卡片并魔法性地解除距你60尺内的所有陷阱（位于{@quickref 掩护||3||全身掩护}后的除外）。会被此特性解除的陷阱包括任何可能引发的，对你有害或对你构成妨碍的突发性意外效应，而其性质也正是其创作者的意图。如果陷阱是法术的效果，比如{@spell 警报术}，则该陷阱被压制10分钟而不是被解除。这一特性一经使用，直到次日黎明之前无法再次使用。"
    ],
    "hasFluffImages": true,
    "ENG_name": "Puzzle Card",
    "html": "作为动作，你可以举起这张卡片并魔法性地解除距你60尺内的所有陷阱（位于{{@quickref|掩护||3||全身掩护}}后的除外）。会被此特性解除的陷阱包括任何可能引发的，对你有害或对你构成妨碍的突发性意外效应，而其性质也正是其创作者的意图。如果陷阱是法术的效果，比如{{@spell|警报术}}，则该陷阱被压制10分钟而不是被解除。这一特性一经使用，直到次日黎明之前无法再次使用。"
  },
  "en": {
    "name": "Puzzle Card",
    "source": "BMT",
    "page": 14,
    "rarity": "legendary",
    "wondrous": true,
    "recharge": "dawn",
    "entries": [
      "As an action, you can hold this card aloft and magically disable each trap within 60 feet of you that isn't behind {@quickref cover||3||total cover}. A trap, for the purpose of this property, includes any object or mechanism that would inflict a sudden effect that was intended by its maker to cause harm or inconvenience. If the trap is the effect of a spell, such as {@spell Alarm}, that trap is suppressed for 10 minutes instead of being disabled. Once this property is used, it can't be used again until the next dawn."
    ],
    "hasFluffImages": true,
    "html": "As an action, you can hold this card aloft and magically disable each trap within 60 feet of you that isn't behind {{@quickref|cover||3||total cover}}. A trap, for the purpose of this property, includes any object or mechanism that would inflict a sudden effect that was intended by its maker to cause harm or inconvenience. If the trap is the effect of a spell, such as {{@spell|Alarm}}, that trap is suppressed for 10 minutes instead of being disabled. Once this property is used, it can't be used again until the next dawn."
  },
  "bonus": {}
}