{
  "dataType": "item",
  "uid": "item_Warrior's Passkey|BMT ",
  "id": "Warrior's Passkey|BMT",
  "rarity": "rare",
  "isBaseItem": false,
  "full": {
    "en": {
      "images": [
        {
          "type": "image",
          "href": {
            "type": "internal",
            "path": "items/BMT/Warriors Passkey.webp"
          }
        }
      ]
    },
    "zh": {
      "images": [
        {
          "type": "image",
          "href": {
            "type": "internal",
            "path": "items/BMT/Warriors Passkey.webp"
          }
        }
      ]
    }
  },
  "baseItem": "",
  "displayName": {
    "zh": "武者的万能钥匙",
    "en": "Warrior's Passkey"
  },
  "mainSource": {
    "source": "BMT",
    "page": 39
  },
  "allSources": [
    {
      "source": "BMT",
      "page": 39
    }
  ],
  "zh": {
    "name": "武者的万能钥匙",
    "source": "BMT",
    "page": 39,
    "rarity": "rare",
    "reqAttune": true,
    "wondrous": true,
    "grantsProficiency": true,
    "bonusWeapon": "+1",
    "entries": [
      "这把银色的骷髅钥匙摸起来很暖和。若你持握着钥匙形态的它，便可以用一个动作从钥匙中施放{@spell 敲击术}法术。",
      {
        "ENG_name": "Transforming the Key",
        "name": "转化钥匙",
        "type": "entries",
        "entries": [
          "持握钥匙期间，你可以用一个附赠动作将其转变为一把魔法长剑。你熟练于这把剑，并且你用它进行的攻击检定和伤害掷骰获得+1加值。命中目标时，剑会造成{@damage 1d10}点力场伤害。该物品的剑形态持续到你不再持握它或者你用一个附赠动作将其恢复到钥匙形态为止。",
          "如果你在该物品处于剑形态时结束对该物品的同调，它会自动恢复到钥匙形态。"
        ]
      }
    ],
    "attachedSpells": {
      "will": [
        "敲击术"
      ]
    },
    "hasFluffImages": true,
    "ENG_name": "Warrior's Passkey",
    "html": "这把银色的骷髅钥匙摸起来很暖和。若你持握着钥匙形态的它，便可以用一个动作从钥匙中施放{{@spell|敲击术}}法术。\n<div class=\"parser-entries\"><div class=\"parser-entries-name\">转化钥匙</div><div class=\"parser-entries-eng-name\">Transforming the Key</div><div class=\"parser-entries-content\">持握钥匙期间，你可以用一个附赠动作将其转变为一把魔法长剑。你熟练于这把剑，并且你用它进行的攻击检定和伤害掷骰获得+1加值。命中目标时，剑会造成{{@damage|1d10}}点力场伤害。该物品的剑形态持续到你不再持握它或者你用一个附赠动作将其恢复到钥匙形态为止。如果你在该物品处于剑形态时结束对该物品的同调，它会自动恢复到钥匙形态。</div></div>"
  },
  "en": {
    "name": "Warrior's Passkey",
    "source": "BMT",
    "page": 39,
    "rarity": "rare",
    "reqAttune": true,
    "wondrous": true,
    "grantsProficiency": true,
    "bonusWeapon": "+1",
    "entries": [
      "This silver skeleton key is warm to the touch. While holding the key in its key form, you can use an action to cast the {@spell Knock} spell from the key.",
      {
        "type": "entries",
        "name": "Transforming the Key",
        "entries": [
          "While holding the key, you can use a bonus action to transform it into a magic longsword. You are considered proficient with the sword, and you have a +1 bonus to attack and damage rolls made with it. On a hit, the sword deals {@damage 1d10} force damage. The item remains in its sword form until it leaves your grasp or you use another bonus action to revert it to its key form.",
          "If you end your attunement to the item while it's in its sword form, it automatically reverts to its key form."
        ]
      }
    ],
    "attachedSpells": {
      "will": [
        "knock"
      ]
    },
    "hasFluffImages": true,
    "html": "This silver skeleton key is warm to the touch. While holding the key in its key form, you can use an action to cast the {{@spell|Knock}} spell from the key.\n<div class=\"parser-entries\"><div class=\"parser-entries-name\">Transforming the Key</div><div class=\"parser-entries-content\">While holding the key, you can use a bonus action to transform it into a magic longsword. You are considered proficient with the sword, and you have a +1 bonus to attack and damage rolls made with it. On a hit, the sword deals {{@damage|1d10}} force damage. The item remains in its sword form until it leaves your grasp or you use another bonus action to revert it to its key form.If you end your attunement to the item while it's in its sword form, it automatically reverts to its key form.</div></div>"
  },
  "bonus": {
    "weapon": 1
  }
}