{
  "dataType": "item",
  "uid": "item_Scorpion Ship|AAG ",
  "id": "Scorpion Ship|AAG",
  "value": 2500000,
  "rarity": "none",
  "isBaseItem": false,
  "baseItem": "",
  "displayName": {
    "zh": "蝎舰",
    "en": "Scorpion Ship"
  },
  "mainSource": {
    "source": "AAG",
    "page": 42
  },
  "allSources": [
    {
      "source": "AAG",
      "page": 42
    }
  ],
  "zh": {
    "name": "蝎舰",
    "source": "AAG",
    "page": 42,
    "type": "SPC|AAG",
    "rarity": "none",
    "value": 2500000,
    "crew": 12,
    "vehAc": 19,
    "vehHp": 250,
    "vehDmgThresh": 15,
    "vehSpeed": 3.5,
    "capCargo": 12,
    "entries": [
      "蝎舰是老派的金属战舰，但其受欢迎程度经久不衰，究其原因主要是她们的泛用性。铰接式支腿使蝎舰能够安全降落在地面上，并以30尺的步行速度穿过坚实地面。然而，这艘舰船不能漂浮在水面上。在顶层甲板上装有一门弩炮，而尾部的末端装有一门投石机。这艘舰船的两个爪子在战斗中的效率相对较低，但当爪子抓住一个生物时，很快就可以让它无法行动。"
    ],
    "seeAlsoVehicle": [
      "蝎舰|AAG"
    ],
    "ENG_name": "Scorpion Ship",
    "html": "蝎舰是老派的金属战舰，但其受欢迎程度经久不衰，究其原因主要是她们的泛用性。铰接式支腿使蝎舰能够安全降落在地面上，并以30尺的步行速度穿过坚实地面。然而，这艘舰船不能漂浮在水面上。在顶层甲板上装有一门弩炮，而尾部的末端装有一门投石机。这艘舰船的两个爪子在战斗中的效率相对较低，但当爪子抓住一个生物时，很快就可以让它无法行动。"
  },
  "en": {
    "name": "Scorpion Ship",
    "source": "AAG",
    "page": 42,
    "type": "SPC|AAG",
    "rarity": "none",
    "value": 2500000,
    "crew": 12,
    "vehAc": 19,
    "vehHp": 250,
    "vehDmgThresh": 15,
    "vehSpeed": 3.5,
    "capCargo": 12,
    "entries": [
      "Scorpion ships are archaic metal warships that have never lost their popularity, largely because of their versatility. Articulated legs enable a scorpion ship to land safely on the ground and move across a solid surface at a walking speed of 30 feet. The ship can't float on water, however. A ballista is mounted on the top deck, and a mangonel is perched on the end of the tail. The ship's two claws are relatively inefficient in combat, but a claw that grabs a creature can quickly take it out of action."
    ],
    "seeAlsoVehicle": [
      "Scorpion Ship|AAG"
    ],
    "html": "Scorpion ships are archaic metal warships that have never lost their popularity, largely because of their versatility. Articulated legs enable a scorpion ship to land safely on the ground and move across a solid surface at a walking speed of 30 feet. The ship can't float on water, however. A ballista is mounted on the top deck, and a mangonel is perched on the end of the tail. The ship's two claws are relatively inefficient in combat, but a claw that grabs a creature can quickly take it out of action."
  },
  "bonus": {}
}