{
  "dataType": "item",
  "uid": "item_Shield of the Blazing Dreadnought|BGG ",
  "id": "Shield of the Blazing Dreadnought|BGG",
  "weight": 6,
  "rarity": "legendary",
  "isBaseItem": false,
  "baseItem": "shield|PHB",
  "displayName": {
    "zh": "炽焰无畏者之盾",
    "en": "Shield of the Blazing Dreadnought"
  },
  "mainSource": {
    "source": "BGG",
    "page": 116
  },
  "allSources": [
    {
      "source": "BGG",
      "page": 116
    }
  ],
  "zh": {
    "name": "炽焰无畏者之盾",
    "source": "BGG",
    "page": 116,
    "baseItem": "护盾术|PHB",
    "type": "S",
    "immune": [
      "火焰"
    ],
    "rarity": "legendary",
    "reqAttune": true,
    "weight": 6,
    "ac": 2,
    "entries": [
      "这个铁质盾牌模仿着某些火巨人手里强大的带刺塔盾，不断地散发出温暖。",
      "你可以使用一个附赠动作以激活这个盾牌，令发光的熔岩在盾上的凹槽处涌动持续一分钟。当盾牌被激活时，你获得如下好处：",
      {
        "ENG_name": "Blazing Soul",
        "name": "炽魂",
        "type": "entries",
        "entries": [
          "你免疫火焰伤害。"
        ]
      },
      {
        "ENG_name": "Cleansing Fire",
        "name": "净化之火",
        "type": "entries",
        "entries": [
          "你可以以一个动作令盾牌爆发出来自苏尔特的净化之火。选择一名30尺内你能看见的生物（你可以选择你自己）。一个你选择的影响着该生物的疾病或者状态会立刻结束；这些状态可以是目盲，魅惑，耳聋或中毒。"
        ]
      },
      {
        "ENG_name": "Shield Bash",
        "name": "盾击",
        "type": "entries",
        "entries": [
          "当你在你的回合内采取{@action 攻击}动作时，你可以用一次盾击替换你的一次攻击，瞄准一名5尺内你能看见的生物。目标必须进行一次力量豁免（DC等于8+你的熟练加值+你的力量调整值）。豁免失败时，目标受到{@damage 3d6}钝击伤害外加{@damage 3d6}火焰伤害并被击倒在地。豁免成功时，目标只受到一半的伤害。你每回合只能使用一次盾击。",
          "当盾牌被激活后，直到下一个黎明它都不能被再激活。"
        ]
      }
    ],
    "ENG_name": "Shield of the Blazing Dreadnought",
    "html": "这个铁质盾牌模仿着某些火巨人手里强大的带刺塔盾，不断地散发出温暖。\n你可以使用一个附赠动作以激活这个盾牌，令发光的熔岩在盾上的凹槽处涌动持续一分钟。当盾牌被激活时，你获得如下好处：\n<div class=\"parser-entries\"><div class=\"parser-entries-name\">炽魂</div><div class=\"parser-entries-eng-name\">Blazing Soul</div><div class=\"parser-entries-content\">你免疫火焰伤害。</div></div>\n<div class=\"parser-entries\"><div class=\"parser-entries-name\">净化之火</div><div class=\"parser-entries-eng-name\">Cleansing Fire</div><div class=\"parser-entries-content\">你可以以一个动作令盾牌爆发出来自苏尔特的净化之火。选择一名30尺内你能看见的生物（你可以选择你自己）。一个你选择的影响着该生物的疾病或者状态会立刻结束；这些状态可以是目盲，魅惑，耳聋或中毒。</div></div>\n<div class=\"parser-entries\"><div class=\"parser-entries-name\">盾击</div><div class=\"parser-entries-eng-name\">Shield Bash</div><div class=\"parser-entries-content\">当你在你的回合内采取{{@action|攻击}}动作时，你可以用一次盾击替换你的一次攻击，瞄准一名5尺内你能看见的生物。目标必须进行一次力量豁免（DC等于8+你的熟练加值+你的力量调整值）。豁免失败时，目标受到{{@damage|3d6}}钝击伤害外加{{@damage|3d6}}火焰伤害并被击倒在地。豁免成功时，目标只受到一半的伤害。你每回合只能使用一次盾击。当盾牌被激活后，直到下一个黎明它都不能被再激活。</div></div>"
  },
  "en": {
    "name": "Shield of the Blazing Dreadnought",
    "source": "BGG",
    "page": 116,
    "baseItem": "shield|PHB",
    "type": "S",
    "immune": [
      "fire"
    ],
    "rarity": "legendary",
    "reqAttune": true,
    "weight": 6,
    "ac": 2,
    "entries": [
      "Modeled after the formidable spiked tower shields wielded by some fire giants, this iron shield emanates a constant warmth.",
      "You can use a bonus action to activate the shield, causing glowing lava to flow through the shield's grooves for 1 minute. While the shield is active, you gain the following benefits:",
      {
        "type": "entries",
        "name": "Blazing Soul",
        "entries": [
          "You have immunity to fire damage."
        ]
      },
      {
        "type": "entries",
        "name": "Cleansing Fire",
        "entries": [
          "As an action, you can cause the shield to flare with the cleansing fire of the god Surtur. Choose one creature you can see within 30 feet of yourself (you can choose yourself). One disease or condition of your choice affecting this creature ends immediately; the condition can be blinded, charmed, deafened, or poisoned."
        ]
      },
      {
        "type": "entries",
        "name": "Shield Bash",
        "entries": [
          "When you take the {@action Attack} action on your turn, you can replace one of your attacks with a shield bash, targeting one creature you can see within 5 feet of yourself. The target must make a Strength saving throw (DC equals 8 + your proficiency bonus + your Strength modifier). On a failed save, the target takes {@damage 3d6} bludgeoning damage plus {@damage 3d6} fire damage and is knocked prone. On a successful save, the target takes half as much damage only. You can use Shield Bash only once per turn.",
          "Once the shield has been activated, it can't be activated again until the next dawn."
        ]
      }
    ],
    "html": "Modeled after the formidable spiked tower shields wielded by some fire giants, this iron shield emanates a constant warmth.\nYou can use a bonus action to activate the shield, causing glowing lava to flow through the shield's grooves for 1 minute. While the shield is active, you gain the following benefits:\n<div class=\"parser-entries\"><div class=\"parser-entries-name\">Blazing Soul</div><div class=\"parser-entries-content\">You have immunity to fire damage.</div></div>\n<div class=\"parser-entries\"><div class=\"parser-entries-name\">Cleansing Fire</div><div class=\"parser-entries-content\">As an action, you can cause the shield to flare with the cleansing fire of the god Surtur. Choose one creature you can see within 30 feet of yourself (you can choose yourself). One disease or condition of your choice affecting this creature ends immediately; the condition can be blinded, charmed, deafened, or poisoned.</div></div>\n<div class=\"parser-entries\"><div class=\"parser-entries-name\">Shield Bash</div><div class=\"parser-entries-content\">When you take the {{@action|Attack}} action on your turn, you can replace one of your attacks with a shield bash, targeting one creature you can see within 5 feet of yourself. The target must make a Strength saving throw (DC equals 8 + your proficiency bonus + your Strength modifier). On a failed save, the target takes {{@damage|3d6}} bludgeoning damage plus {{@damage|3d6}} fire damage and is knocked prone. On a successful save, the target takes half as much damage only. You can use Shield Bash only once per turn.Once the shield has been activated, it can't be activated again until the next dawn.</div></div>"
  },
  "bonus": {}
}