{
  "dataType": "item",
  "uid": "item_Sage's Signet (Bear)|BMT ",
  "id": "Sage's Signet (Bear)|BMT",
  "rarity": "very rare",
  "isBaseItem": false,
  "baseItem": "",
  "displayName": {
    "zh": "贤者印记（熊）",
    "en": "Sage's Signet (Bear)"
  },
  "mainSource": {
    "source": "BMT",
    "page": 37
  },
  "allSources": [
    {
      "source": "BMT",
      "page": 37
    }
  ],
  "zh": {
    "name": "贤者印记（熊）",
    "source": "BMT",
    "page": 37,
    "type": "RG|DMG",
    "rarity": "very rare",
    "reqAttune": "由施法者",
    "reqAttuneTags": [
      {
        "spellcasting": true
      }
    ],
    "entries": [
      "这枚刻有精美浮雕的镀金戒指充满了敏锐的智慧和远见的力量。着装此戒指期间，你可以用一个动作通过戒指施放{@spell 卜筮术}。此法术一经戒指施放，直到下次黎明前不能再次以此法施放该法术。",
      "着装此贤者印记期间，你可以使用智力作为施法属性，从戒指中施放一次{@spell 变巨/缩小术}和一次{@spell 变形术}。每个法术一经戒指施放，直到下次黎明前不能再次以此法施放该法术。"
    ],
    "attachedSpells": {
      "daily": {
        "1e": [
          "卜筮术",
          "变巨/缩小术",
          "变形术"
        ]
      },
      "ability": "int"
    },
    "ENG_name": "Sage's Signet (Bear)",
    "html": "这枚刻有精美浮雕的镀金戒指充满了敏锐的智慧和远见的力量。着装此戒指期间，你可以用一个动作通过戒指施放{{@spell|卜筮术}}。此法术一经戒指施放，直到下次黎明前不能再次以此法施放该法术。\n着装此贤者印记期间，你可以使用智力作为施法属性，从戒指中施放一次{{@spell|变巨/缩小术}}和一次{{@spell|变形术}}。每个法术一经戒指施放，直到下次黎明前不能再次以此法施放该法术。"
  },
  "en": {
    "name": "Sage's Signet (Bear)",
    "source": "BMT",
    "page": 37,
    "type": "RG|DMG",
    "rarity": "very rare",
    "reqAttune": "by a spellcaster",
    "reqAttuneTags": [
      {
        "spellcasting": true
      }
    ],
    "entries": [
      "This gilded ring bears a beautiful engraving and is imbued with powers of keen wisdom and foresight. While wearing this ring, you can use an action to cast the {@spell Augury} spell from the ring. Once you use the ring to cast the spell, the ring can't cast the spell again until the next dawn.",
      "While wearing the Sage's Signet, you can cast the {@spell Enlarge/Reduce} and {@spell Polymorph} once each from the ring using your Intelligence as the spellcasting ability. Once you cast each spell from the ring, the ring can't cast the spell again until the next dawn."
    ],
    "attachedSpells": {
      "daily": {
        "1e": [
          "augury",
          "enlarge/reduce",
          "polymorph"
        ]
      },
      "ability": "int"
    },
    "html": "This gilded ring bears a beautiful engraving and is imbued with powers of keen wisdom and foresight. While wearing this ring, you can use an action to cast the {{@spell|Augury}} spell from the ring. Once you use the ring to cast the spell, the ring can't cast the spell again until the next dawn.\nWhile wearing the Sage's Signet, you can cast the {{@spell|Enlarge/Reduce}} and {{@spell|Polymorph}} once each from the ring using your Intelligence as the spellcasting ability. Once you cast each spell from the ring, the ring can't cast the spell again until the next dawn."
  },
  "bonus": {}
}