{
  "dataType": "item",
  "uid": "item_Skull of Selfish Knowledge|CoA ",
  "id": "Skull of Selfish Knowledge|CoA",
  "rarity": "rare",
  "isBaseItem": false,
  "baseItem": "",
  "displayName": {
    "zh": "私藏学识之颅",
    "en": "Skull of Selfish Knowledge"
  },
  "mainSource": {
    "source": "CoA",
    "page": 269
  },
  "allSources": [
    {
      "source": "CoA",
      "page": 269
    }
  ],
  "zh": {
    "name": "私藏学识之颅",
    "source": "CoA",
    "page": 269,
    "rarity": "rare",
    "reqAttune": true,
    "wondrous": true,
    "entries": [
      "你可以采取动作让这个魔法骷髅吞噬一本非魔法书籍、地图或卷轴。一旦吞噬，学习的内容将永远对你可用，但你无法将信息写下来或传达给他人。它只属于你。"
    ],
    "ENG_name": "Skull of Selfish Knowledge",
    "html": "你可以采取动作让这个魔法骷髅吞噬一本非魔法书籍、地图或卷轴。一旦吞噬，学习的内容将永远对你可用，但你无法将信息写下来或传达给他人。它只属于你。"
  },
  "en": {
    "name": "Skull of Selfish Knowledge",
    "source": "CoA",
    "page": 269,
    "rarity": "rare",
    "reqAttune": true,
    "wondrous": true,
    "entries": [
      "You may use an action to make the magical skull devour a nonmagical book, map, or scroll. Once devoured the learning is forever available to you, but you can never write the information down or communicate it to others. It is for you alone."
    ],
    "html": "You may use an action to make the magical skull devour a nonmagical book, map, or scroll. Once devoured the learning is forever available to you, but you can never write the information down or communicate it to others. It is for you alone."
  },
  "bonus": {}
}