{
  "dataType": "item",
  "uid": "item_Medal of Muscle|CRCotN ",
  "id": "Medal of Muscle|CRCotN",
  "rarity": "common",
  "isBaseItem": false,
  "baseItem": "",
  "displayName": {
    "zh": "肌肉奖章",
    "en": "Medal of Muscle"
  },
  "mainSource": {
    "source": "CRCotN",
    "page": 214
  },
  "allSources": [
    {
      "source": "CRCotN",
      "page": 214
    }
  ],
  "zh": {
    "name": "肌肉奖章",
    "source": "CRCotN",
    "page": 214,
    "rarity": "common",
    "wondrous": true,
    "entries": [
      "你可以将这枚奖章紧握在手心作为动作。这样做可以让你在接下来的1小时内，在力量检定和力量豁免检定上获得优势。一旦使用了这个属性，它就无法再次使用，奖章也会变成非魔法物品。"
    ],
    "ENG_name": "Medal of Muscle",
    "html": "你可以将这枚奖章紧握在手心作为动作。这样做可以让你在接下来的1小时内，在力量检定和力量豁免检定上获得优势。一旦使用了这个属性，它就无法再次使用，奖章也会变成非魔法物品。"
  },
  "en": {
    "name": "Medal of Muscle",
    "source": "CRCotN",
    "page": 214,
    "rarity": "common",
    "wondrous": true,
    "entries": [
      "You can squeeze this medal tightly in the palm of your hand as an action. Doing so gives you advantage on Strength checks and Strength saving throws for 1 hour. Once this property has been used, it can't be used again, and the medal becomes nonmagical."
    ],
    "html": "You can squeeze this medal tightly in the palm of your hand as an action. Doing so gives you advantage on Strength checks and Strength saving throws for 1 hour. Once this property has been used, it can't be used again, and the medal becomes nonmagical."
  },
  "bonus": {}
}