{
  "dataType": "item",
  "uid": "item_Medal of the Horizonback|CRCotN ",
  "id": "Medal of the Horizonback|CRCotN",
  "rarity": "common",
  "isBaseItem": false,
  "baseItem": "",
  "displayName": {
    "zh": "天际巨龟勋章",
    "en": "Medal of the Horizonback"
  },
  "mainSource": {
    "source": "CRCotN",
    "page": 214
  },
  "allSources": [
    {
      "source": "CRCotN",
      "page": 214
    }
  ],
  "zh": {
    "name": "天际巨龟勋章",
    "source": "CRCotN",
    "page": 214,
    "rarity": "common",
    "wondrous": true,
    "entries": [
      "当你即将被攻击命中时，你可以使用你的反应来增加你的AC（护甲等级）5点，直到你的下一回合开始，包括对触发攻击有效。你必须佩戴奖章并且能够看到发起触发攻击的生物才能使用这个属性。一旦使用了这个属性，它就无法再次使用，奖章也会变成非魔法物品。"
    ],
    "ENG_name": "Medal of the Horizonback",
    "html": "当你即将被攻击命中时，你可以使用你的反应来增加你的AC（护甲等级）5点，直到你的下一回合开始，包括对触发攻击有效。你必须佩戴奖章并且能够看到发起触发攻击的生物才能使用这个属性。一旦使用了这个属性，它就无法再次使用，奖章也会变成非魔法物品。"
  },
  "en": {
    "name": "Medal of the Horizonback",
    "source": "CRCotN",
    "page": 214,
    "rarity": "common",
    "wondrous": true,
    "entries": [
      "When you would be hit by an attack, you can use your reaction to increase your AC by 5 until the start of your next turn, including against the triggering attack. You must be wearing the medal and able to see the creature that made the triggering attack to use this property. Once this property has been used, it can't be used again, and the medal becomes nonmagical."
    ],
    "html": "When you would be hit by an attack, you can use your reaction to increase your AC by 5 until the start of your next turn, including against the triggering attack. You must be wearing the medal and able to see the creature that made the triggering attack to use this property. Once this property has been used, it can't be used again, and the medal becomes nonmagical."
  },
  "bonus": {}
}