{
  "dataType": "item",
  "uid": "item_Accounting and Valuation of All Things|CoA ",
  "id": "Accounting and Valuation of All Things|CoA",
  "rarity": "artifact",
  "isBaseItem": false,
  "baseItem": "",
  "displayName": {
    "zh": "万物价值簿",
    "en": "Accounting and Valuation of All Things"
  },
  "mainSource": {
    "source": "CoA",
    "page": 272
  },
  "allSources": [
    {
      "source": "CoA",
      "page": 272
    }
  ],
  "zh": {
    "name": "万物价值簿",
    "source": "CoA",
    "page": 272,
    "rarity": "artifact",
    "reqAttune": true,
    "wondrous": true,
    "entries": [
      "万物价值簿是一本由黄金叶作书皮、白银作页、鲜血作墨的卷册。",
      "这本魔法卷册可以作为一本法术书与奥术法器使用。你的法术攻击与法术豁免DC具有+3加值。",
      {
        "ENG_name": "Random Properties",
        "name": "随机词条",
        "type": "entries",
        "entries": [
          "万物价值簿具有以下的随机属性：",
          {
            "type": "list",
            "items": [
              "一个{@table 神器词条; 主要增益词条|DMG|强效增益}属性",
              "一个{@table 神器词条; 主要减益词条|DMG|强效减益}属性"
            ]
          }
        ]
      },
      {
        "ENG_name": "The Soul Trade",
        "name": "灵魂交易",
        "type": "entries",
        "entries": [
          "书的其中一部分专门用于谈判和评估凡人的灵魂。当这本书在一个拥有灵魂的生物10英尺范围内被打开时，该生物必须进行一次{@dc 22}的感知豁免检定。若豁免失败，书册会分析他们最大的欲望并精确计算他们需要放弃灵魂的条件。这些信息随后会显示在书册中，使得使用者可以提出交易以获取灵魂。通过豁免检定的生物则只会在书页中显示为一个问号，并且对进一步的评估免疫。"
        ]
      },
      {
        "ENG_name": "Mammon's Tax",
        "name": "玛门之税",
        "type": "entries",
        "entries": [
          "当万物价值簿被用作一本法术书时，它将具有一项独一无二的、可以捕获灵魂的特殊能力。任何被撰写于此书中的法术杀死的生物，其灵魂都会被抓捕并送去弥瑙洛斯Minauros。这样的效果会禁止任何手段复活（{@spell 完全复生术}除外）。而作为\"买下灵魂所用的钱\"，玛门会在这些生物的尸体旁丢下 20*其CR（或 20*其等级）枚金币。"
        ]
      },
      {
        "ENG_name": "Negotiation Tactics",
        "name": "谈判策略",
        "type": "entries",
        "entries": [
          "这本卷册不止可以为灵魂交易所用，它能为一切交易提供协助。你为以物易物所进行的魅力（{@skill 游说}）检定获得一个被动的+5加值。此外，以一个动作，你可以将自己的意识掌控权交给万物价值簿，让它替你进行交易。接下来的1分钟内，万物价值簿将代替你进行说话，此时你的魅力（{@skill 游说}）检定改为使用+12的加值，且具有优势。不过以此法使用万物价值簿会导致它污染你的存在，每次使用都会是你变得更加贪婪、更加虚荣、更加邪恶，如同它的原主——玛门Mammon 一般。持续时间结束后，如果你的阵营并非邪恶，你将承受{@damage 6d6}点暗蚀伤害。"
        ]
      },
      {
        "ENG_name": "Transcribed Spells",
        "name": "转录法术",
        "type": "entries",
        "entries": [
          "物价值簿的法术书部分中，已记载了数个法术。为决定书中包含什么法术：你为每一环法术环阶投掷一次（{@dice 1d4 - 1}），之后由DM决定每个环阶中具体有哪些法术。将本书中记载的法术抄录到你自己的法术书中时，所花费的金钱加倍；反之，从你自己的法术书中抄录法术到本书中，所花费的金钱减半。"
        ]
      },
      {
        "ENG_name": "Destroying the Tome",
        "name": "摧毁万物价值簿",
        "type": "entries",
        "entries": [
          "想要摧毁万物价值簿的话，实际上有两种方法。第一种方法：贿赂玛门Mammon，让玛门自己摧毁它。为此你必须完成一次至少99,999gp的上供（在午夜，将价值簿摊开，然后把钱全部放上去）。如果玛门认可了此次上供，这些金币将熔化、流淌包裹万物价值簿，然后金币与万物价值簿一同消失。",
          "如果玛门不复存在或是它不愿意，还有第二种方法：焚毁这本书。为此，你必须准备一罐价值至少99,999gp的铂金，将其熔化，并在一切准备就绪后用熔融铂金浸泡万物价值簿。这么做将彻底摧毁万物价值簿——而铂金也会因此被全数摧毁。"
        ]
      }
    ],
    "ENG_name": "Accounting and Valuation of All Things",
    "html": "万物价值簿是一本由黄金叶作书皮、白银作页、鲜血作墨的卷册。\n这本魔法卷册可以作为一本法术书与奥术法器使用。你的法术攻击与法术豁免DC具有+3加值。\n<div class=\"parser-entries\"><div class=\"parser-entries-name\">随机词条</div><div class=\"parser-entries-eng-name\">Random Properties</div><div class=\"parser-entries-content\">万物价值簿具有以下的随机属性：<ul class=\"parser-list parser-list-default\"><li>一个{{@table|神器词条; 主要增益词条|DMG|强效增益}}属性</li><li>一个{{@table|神器词条; 主要减益词条|DMG|强效减益}}属性</li></ul></div></div>\n<div class=\"parser-entries\"><div class=\"parser-entries-name\">灵魂交易</div><div class=\"parser-entries-eng-name\">The Soul Trade</div><div class=\"parser-entries-content\">书的其中一部分专门用于谈判和评估凡人的灵魂。当这本书在一个拥有灵魂的生物10英尺范围内被打开时，该生物必须进行一次{{@dc|22}}的感知豁免检定。若豁免失败，书册会分析他们最大的欲望并精确计算他们需要放弃灵魂的条件。这些信息随后会显示在书册中，使得使用者可以提出交易以获取灵魂。通过豁免检定的生物则只会在书页中显示为一个问号，并且对进一步的评估免疫。</div></div>\n<div class=\"parser-entries\"><div class=\"parser-entries-name\">玛门之税</div><div class=\"parser-entries-eng-name\">Mammon's Tax</div><div class=\"parser-entries-content\">当万物价值簿被用作一本法术书时，它将具有一项独一无二的、可以捕获灵魂的特殊能力。任何被撰写于此书中的法术杀死的生物，其灵魂都会被抓捕并送去弥瑙洛斯Minauros。这样的效果会禁止任何手段复活（{{@spell|完全复生术}}除外）。而作为\"买下灵魂所用的钱\"，玛门会在这些生物的尸体旁丢下 20*其CR（或 20*其等级）枚金币。</div></div>\n<div class=\"parser-entries\"><div class=\"parser-entries-name\">谈判策略</div><div class=\"parser-entries-eng-name\">Negotiation Tactics</div><div class=\"parser-entries-content\">这本卷册不止可以为灵魂交易所用，它能为一切交易提供协助。你为以物易物所进行的魅力（{{@skill|游说}}）检定获得一个被动的+5加值。此外，以一个动作，你可以将自己的意识掌控权交给万物价值簿，让它替你进行交易。接下来的1分钟内，万物价值簿将代替你进行说话，此时你的魅力（{{@skill|游说}}）检定改为使用+12的加值，且具有优势。不过以此法使用万物价值簿会导致它污染你的存在，每次使用都会是你变得更加贪婪、更加虚荣、更加邪恶，如同它的原主——玛门Mammon 一般。持续时间结束后，如果你的阵营并非邪恶，你将承受{{@damage|6d6}}点暗蚀伤害。</div></div>\n<div class=\"parser-entries\"><div class=\"parser-entries-name\">转录法术</div><div class=\"parser-entries-eng-name\">Transcribed Spells</div><div class=\"parser-entries-content\">物价值簿的法术书部分中，已记载了数个法术。为决定书中包含什么法术：你为每一环法术环阶投掷一次（{{@dice|1d4 - 1}}），之后由DM决定每个环阶中具体有哪些法术。将本书中记载的法术抄录到你自己的法术书中时，所花费的金钱加倍；反之，从你自己的法术书中抄录法术到本书中，所花费的金钱减半。</div></div>\n<div class=\"parser-entries\"><div class=\"parser-entries-name\">摧毁万物价值簿</div><div class=\"parser-entries-eng-name\">Destroying the Tome</div><div class=\"parser-entries-content\">想要摧毁万物价值簿的话，实际上有两种方法。第一种方法：贿赂玛门Mammon，让玛门自己摧毁它。为此你必须完成一次至少99,999gp的上供（在午夜，将价值簿摊开，然后把钱全部放上去）。如果玛门认可了此次上供，这些金币将熔化、流淌包裹万物价值簿，然后金币与万物价值簿一同消失。如果玛门不复存在或是它不愿意，还有第二种方法：焚毁这本书。为此，你必须准备一罐价值至少99,999gp的铂金，将其熔化，并在一切准备就绪后用熔融铂金浸泡万物价值簿。这么做将彻底摧毁万物价值簿——而铂金也会因此被全数摧毁。</div></div>"
  },
  "en": {
    "name": "Accounting and Valuation of All Things",
    "source": "CoA",
    "page": 272,
    "rarity": "artifact",
    "reqAttune": true,
    "wondrous": true,
    "entries": [
      "The Accounting and Valuation of All Things is bound in gold leaf, with pages of silver and text of blood.",
      "This is a magic tome that functions as a spellbook and arcane focus. You have a +3 bonus to your spell attack and spell save DC.",
      {
        "type": "entries",
        "name": "Random Properties",
        "entries": [
          "The Accounting and Valuation of All Things has the following random properties:",
          {
            "type": "list",
            "items": [
              "1 {@table Artifact Properties; Major Beneficial Properties|dmg|major beneficial} property",
              "1 {@table Artifact Properties; Major Detrimental Properties|dmg|major detrimental} property"
            ]
          }
        ]
      },
      {
        "type": "entries",
        "name": "The Soul Trade",
        "entries": [
          "One section of the book is dedicated to negotiating and valuing mortal souls. When the book is opened within 10 feet of a creature with a soul, that creature must make a {@dc 22} Wisdom saving throw. On a failed save, the tome analyzes their greatest desires and calculates exactly what they would need to give up their soul. That information is then displayed within the tome, such that the user can offer a trade to acquire a soul. Creatures that succeed on the saving throw simply show up as a question mark in the book's pages and are immune to further valuations."
        ]
      },
      {
        "type": "entries",
        "name": "Mammon's Tax",
        "entries": [
          "When the Accounting and Valuation of All Things is used as a spellbook, it maintains a unique ability to forcibly acquire souls. Any creature killed by a spell transcribed within the book has their soul ripped from their body and sent to Minauros. This process renders the subject immune to all forms of resurrection aside from {@spell True Resurrection}. In payment for their soul, Mammon drops gold equal to (20 × CR) or (2 × Level) on their corpse."
        ]
      },
      {
        "type": "entries",
        "name": "Negotiation Tactics",
        "entries": [
          "The tome is capable of providing some assistance to all negotiations, not just those made for souls. You gain a passive +5 to Charisma ({@skill Persuasion}) checks made to barter. Additionally, as an action, you can surrender your consciousness to the tome, allowing it to take over. For 1 minute, the Accounting and Valuation of All Things speaks for you, using a +12 Charisma ({@skill Persuasion}) skill and gaining advantage on your rolls. Using the book in this manner has a corrupting influence, and each use compels you to become increasingly greedy, vain, and evil—much like its original owner, Mammon. When the duration ends, if your alignment is non-evil, you suffer {@damage 6d6} necrotic damage."
        ]
      },
      {
        "type": "entries",
        "name": "Transcribed Spells",
        "entries": [
          "The spellbook section of the Accounting and Valuation of All Things comes with some spells already recorded. For each spell level, roll ({@dice 1d4 - 1}). The DM will determine the necessary spells of each level that already exist within the tome. If you copy spells from the tome to your own spellbook, the cost in gold is doubled. On the opposite end, copying spells from your spellbook to the tome only costs half the gold it normally would."
        ]
      },
      {
        "type": "entries",
        "name": "Destroying the Tome",
        "entries": [
          "Destroying the Accounting and Valuation of All Things can be done in two ways. The first option is a simple bribe to Mammon to have him destroy the tome. An offering of 99,999 gp must be made, at midnight, by opening the book and placing the gold inside. If Mammon accepts the offering, the gold melts around the book, then both vanish.",
          "The second route, in case Mammon is unavailable or unwilling, is to incinerate the book. To accomplish this task, a pot of platinum (valued at no less than 99,999 gp) must be melted, enough to fully submerge the book. Once the platinum is prepared, dropping the tome into the molten solution melts the tome. The process completely destroys the tome, as well as the platinum."
        ]
      }
    ],
    "html": "The Accounting and Valuation of All Things is bound in gold leaf, with pages of silver and text of blood.\nThis is a magic tome that functions as a spellbook and arcane focus. You have a +3 bonus to your spell attack and spell save DC.\n<div class=\"parser-entries\"><div class=\"parser-entries-name\">Random Properties</div><div class=\"parser-entries-content\">The Accounting and Valuation of All Things has the following random properties:<ul class=\"parser-list parser-list-default\"><li>1 {{@table|Artifact Properties; Major Beneficial Properties|dmg|major beneficial}} property</li><li>1 {{@table|Artifact Properties; Major Detrimental Properties|dmg|major detrimental}} property</li></ul></div></div>\n<div class=\"parser-entries\"><div class=\"parser-entries-name\">The Soul Trade</div><div class=\"parser-entries-content\">One section of the book is dedicated to negotiating and valuing mortal souls. When the book is opened within 10 feet of a creature with a soul, that creature must make a {{@dc|22}} Wisdom saving throw. On a failed save, the tome analyzes their greatest desires and calculates exactly what they would need to give up their soul. That information is then displayed within the tome, such that the user can offer a trade to acquire a soul. Creatures that succeed on the saving throw simply show up as a question mark in the book's pages and are immune to further valuations.</div></div>\n<div class=\"parser-entries\"><div class=\"parser-entries-name\">Mammon's Tax</div><div class=\"parser-entries-content\">When the Accounting and Valuation of All Things is used as a spellbook, it maintains a unique ability to forcibly acquire souls. Any creature killed by a spell transcribed within the book has their soul ripped from their body and sent to Minauros. This process renders the subject immune to all forms of resurrection aside from {{@spell|True Resurrection}}. In payment for their soul, Mammon drops gold equal to (20 × CR) or (2 × Level) on their corpse.</div></div>\n<div class=\"parser-entries\"><div class=\"parser-entries-name\">Negotiation Tactics</div><div class=\"parser-entries-content\">The tome is capable of providing some assistance to all negotiations, not just those made for souls. You gain a passive +5 to Charisma ({{@skill|Persuasion}}) checks made to barter. Additionally, as an action, you can surrender your consciousness to the tome, allowing it to take over. For 1 minute, the Accounting and Valuation of All Things speaks for you, using a +12 Charisma ({{@skill|Persuasion}}) skill and gaining advantage on your rolls. Using the book in this manner has a corrupting influence, and each use compels you to become increasingly greedy, vain, and evil—much like its original owner, Mammon. When the duration ends, if your alignment is non-evil, you suffer {{@damage|6d6}} necrotic damage.</div></div>\n<div class=\"parser-entries\"><div class=\"parser-entries-name\">Transcribed Spells</div><div class=\"parser-entries-content\">The spellbook section of the Accounting and Valuation of All Things comes with some spells already recorded. For each spell level, roll ({{@dice|1d4 - 1}}). The DM will determine the necessary spells of each level that already exist within the tome. If you copy spells from the tome to your own spellbook, the cost in gold is doubled. On the opposite end, copying spells from your spellbook to the tome only costs half the gold it normally would.</div></div>\n<div class=\"parser-entries\"><div class=\"parser-entries-name\">Destroying the Tome</div><div class=\"parser-entries-content\">Destroying the Accounting and Valuation of All Things can be done in two ways. The first option is a simple bribe to Mammon to have him destroy the tome. An offering of 99,999 gp must be made, at midnight, by opening the book and placing the gold inside. If Mammon accepts the offering, the gold melts around the book, then both vanish.The second route, in case Mammon is unavailable or unwilling, is to incinerate the book. To accomplish this task, a pot of platinum (valued at no less than 99,999 gp) must be melted, enough to fully submerge the book. Once the platinum is prepared, dropping the tome into the molten solution melts the tome. The process completely destroys the tome, as well as the platinum.</div></div>"
  },
  "bonus": {}
}