{
  "dataType": "item",
  "uid": "item_Energy Cell|DMG",
  "id": "Energy Cell|DMG",
  "weight": 0.3125,
  "rarity": "none",
  "isBaseItem": true,
  "displayName": {
    "zh": "能量电池",
    "en": "Energy Cell"
  },
  "mainSource": {
    "source": "DMG",
    "page": 268
  },
  "allSources": [
    {
      "source": "DMG",
      "page": 268
    },
    {
      "source": "XDMG",
      "page": 0
    },
    {
      "source": "XDMG",
      "page": 72
    }
  ],
  "relatedVersions": [
    "Energy Cell|XDMG"
  ],
  "zh": {
    "name": "能量电池",
    "source": "DMG",
    "page": 268,
    "reprintedAs": [
      "能量电池|XDMG"
    ],
    "edition": "classic",
    "type": "AF|DMG",
    "rarity": "none",
    "weight": 0.3125,
    "age": "未来",
    "cellEnergy": true,
    "miscTags": [
      "CNS"
    ],
    "ENG_name": "Energy Cell",
    "entries": [],
    "html": ""
  },
  "en": {
    "name": "Energy Cell",
    "source": "DMG",
    "page": 268,
    "reprintedAs": [
      "Energy Cell|XDMG"
    ],
    "edition": "classic",
    "type": "AF|DMG",
    "rarity": "none",
    "weight": 0.3125,
    "age": "futuristic",
    "cellEnergy": true,
    "miscTags": [
      "CNS"
    ],
    "entries": [],
    "html": ""
  },
  "bonus": {}
}