{
  "dataType": "item",
  "uid": "item_Jewel of Three Prayers (Dormant)|CRCotN ",
  "id": "Jewel of Three Prayers (Dormant)|CRCotN",
  "rarity": "legendary",
  "isBaseItem": false,
  "full": {
    "en": {
      "images": [
        {
          "type": "image",
          "href": {
            "type": "internal",
            "path": "items/CRCotN/Jewel of Three Prayers.webp"
          },
          "credit": "CoupleOfKooks"
        }
      ]
    },
    "zh": {
      "images": [
        {
          "type": "image",
          "href": {
            "type": "internal",
            "path": "items/CRCotN/Jewel of Three Prayers.webp"
          },
          "credit": "CoupleOfKooks"
        }
      ]
    }
  },
  "baseItem": "",
  "displayName": {
    "zh": "三祷之坠（休眠）",
    "en": "Jewel of Three Prayers (Dormant)"
  },
  "mainSource": {
    "source": "CRCotN",
    "page": 213
  },
  "allSources": [
    {
      "source": "CRCotN",
      "page": 213
    }
  ],
  "zh": {
    "name": "三祷之坠（休眠）",
    "source": "CRCotN",
    "page": 213,
    "rarity": "legendary",
    "reqAttune": true,
    "wondrous": true,
    "property": [
      "Vst|EGW"
    ],
    "bonusAc": "+1",
    "recharge": "拂晓",
    "rechargeAmount": 3,
    "charges": 3,
    "entries": [
      "三祈宝珠是分歧遗迹（见\"分歧遗迹\"侧边栏）。在古代，阿波西恩神使佩戴这个护身符作为他与三位主神的契约的象征：塞哈尼月亮编织者、阿瓦兰德拉变化使者和科雷隆大心。当宝珠被发现时，只有塞哈尼的力量在它的休眠心中脉动。其他两位神的力量等待着被英雄——或英雄们——重新唤醒，他们可以追随阿波西恩的足迹。",
      {
        "ENG_name": "Dormant State",
        "name": "休眠态",
        "type": "entries",
        "entries": [
          "在这种状态下，三祈宝珠是一个闪闪发光的金色圆盘，附在一条精致的金链上。这条链子会神奇地调整大小，作为佩戴它的生物的项链。",
          "在其休眠状态下，宝石具有以下属性：",
          {
            "type": "list",
            "items": [
              "佩戴宝珠时，你的AC获得+1加值。",
              "佩戴或持有宝石时，你可以使用动作让它在15尺半径内发出明亮的光芒，并在额外的15尺内发出微光。光芒持续存在，直到你将其熄灭（无需动作）。",
              "宝石拥有3个充能，并且在每天黎明时恢复所有已消耗的充能。持有宝石时，你可以消耗1个充能来施放{@spell 隐形术}法术。"
            ]
          }
        ]
      }
    ],
    "light": [
      {
        "bright": 15,
        "dim": 30
      }
    ],
    "attachedSpells": {
      "charges": {
        "1": [
          "隐形术"
        ]
      }
    },
    "hasFluffImages": true,
    "ENG_name": "Jewel of Three Prayers (Dormant)",
    "html": "三祈宝珠是分歧遗迹（见\"分歧遗迹\"侧边栏）。在古代，阿波西恩神使佩戴这个护身符作为他与三位主神的契约的象征：塞哈尼月亮编织者、阿瓦兰德拉变化使者和科雷隆大心。当宝珠被发现时，只有塞哈尼的力量在它的休眠心中脉动。其他两位神的力量等待着被英雄——或英雄们——重新唤醒，他们可以追随阿波西恩的足迹。\n<div class=\"parser-entries\"><div class=\"parser-entries-name\">休眠态</div><div class=\"parser-entries-eng-name\">Dormant State</div><div class=\"parser-entries-content\">在这种状态下，三祈宝珠是一个闪闪发光的金色圆盘，附在一条精致的金链上。这条链子会神奇地调整大小，作为佩戴它的生物的项链。在其休眠状态下，宝石具有以下属性：<ul class=\"parser-list parser-list-default\"><li>佩戴宝珠时，你的AC获得+1加值。</li><li>佩戴或持有宝石时，你可以使用动作让它在15尺半径内发出明亮的光芒，并在额外的15尺内发出微光。光芒持续存在，直到你将其熄灭（无需动作）。</li><li>宝石拥有3个充能，并且在每天黎明时恢复所有已消耗的充能。持有宝石时，你可以消耗1个充能来施放{{@spell|隐形术}}法术。</li></ul></div></div>"
  },
  "en": {
    "name": "Jewel of Three Prayers (Dormant)",
    "source": "CRCotN",
    "page": 213,
    "rarity": "legendary",
    "reqAttune": true,
    "wondrous": true,
    "property": [
      "Vst|EGW"
    ],
    "bonusAc": "+1",
    "recharge": "dawn",
    "rechargeAmount": 3,
    "charges": 3,
    "entries": [
      "The Jewel of Three Prayers is a Vestige of Divergence (see the \"Vestiges of Divergence\" sidebar). In ancient times, Alyxian the Apotheon bore this amulet as a symbol of his covenant with three Prime Deities: Sehanine the Moon Weaver, Avandra the Change Bringer, and Corellon the Arch Heart. When the jewel is found, only Sehanine's power thrums within its dormant heart. The power of the other two deities waits to be reawakened by a hero—or heroes—who can follow in Alyxian's footsteps.",
      {
        "type": "entries",
        "name": "Dormant State",
        "entries": [
          "In this state, the Jewel of Three Prayers is a glittering golden disk attached to a fine golden chain. The chain magically resizes to function as a necklace for the creature that wears it.",
          "In its Dormant State, the jewel has the following properties:",
          {
            "type": "list",
            "items": [
              "You gain a +1 bonus to AC while wearing the jewel.",
              "While wearing or holding the jewel, you can use an action to cause it to shed bright light in a 15-foot radius and dim light for an additional 15 feet. The light lasts until you extinguish it (no action required).",
              "The jewel has 3 charges and regains all its expended charges daily at dawn. While holding the jewel, you can expend 1 charge from it to cast the {@spell invisibility} spell."
            ]
          }
        ]
      }
    ],
    "light": [
      {
        "bright": 15,
        "dim": 30
      }
    ],
    "attachedSpells": {
      "charges": {
        "1": [
          "invisibility"
        ]
      }
    },
    "hasFluffImages": true,
    "html": "The Jewel of Three Prayers is a Vestige of Divergence (see the \"Vestiges of Divergence\" sidebar). In ancient times, Alyxian the Apotheon bore this amulet as a symbol of his covenant with three Prime Deities: Sehanine the Moon Weaver, Avandra the Change Bringer, and Corellon the Arch Heart. When the jewel is found, only Sehanine's power thrums within its dormant heart. The power of the other two deities waits to be reawakened by a hero—or heroes—who can follow in Alyxian's footsteps.\n<div class=\"parser-entries\"><div class=\"parser-entries-name\">Dormant State</div><div class=\"parser-entries-content\">In this state, the Jewel of Three Prayers is a glittering golden disk attached to a fine golden chain. The chain magically resizes to function as a necklace for the creature that wears it.In its Dormant State, the jewel has the following properties:<ul class=\"parser-list parser-list-default\"><li>You gain a +1 bonus to AC while wearing the jewel.</li><li>While wearing or holding the jewel, you can use an action to cause it to shed bright light in a 15-foot radius and dim light for an additional 15 feet. The light lasts until you extinguish it (no action required).</li><li>The jewel has 3 charges and regains all its expended charges daily at dawn. While holding the jewel, you can expend 1 charge from it to cast the {{@spell|invisibility}} spell.</li></ul></div></div>"
  },
  "weapon": {
    "property": [
      "Vst|EGW"
    ]
  },
  "charge": {
    "max": 3,
    "rechargeAt": "dawn",
    "rechargeAmount": 3
  },
  "bonus": {
    "ac": 1
  }
}