{
  "dataType": "item",
  "uid": "item_Gauntlets of Flaming Fury|BGDIA ",
  "id": "Gauntlets of Flaming Fury|BGDIA",
  "rarity": "rare",
  "isBaseItem": false,
  "baseItem": "",
  "displayName": {
    "zh": "燃烧怒火之护手",
    "en": "Gauntlets of Flaming Fury"
  },
  "mainSource": {
    "source": "BGDIA",
    "page": 223
  },
  "allSources": [
    {
      "source": "BGDIA",
      "page": 223
    }
  ],
  "zh": {
    "name": "燃烧怒火之护手",
    "source": "BGDIA",
    "page": 223,
    "rarity": "rare",
    "reqAttune": true,
    "wondrous": true,
    "entries": [
      "当你佩戴这对钢制手套时，你用任一手套握住的任何非魔法武器都被视为魔法武器。作为一个附赠动作，你可以使用手套使魔法火焰包围你手中的一件或两件近战武器。每件火焰武器在命中时额外造成{@damage 1d6}火焰伤害。火焰持续到你收起或放开任一武器。一旦使用，这个属性直到下一个黎明前都无法再次使用。"
    ],
    "ENG_name": "Gauntlets of Flaming Fury",
    "html": "当你佩戴这对钢制手套时，你用任一手套握住的任何非魔法武器都被视为魔法武器。作为一个附赠动作，你可以使用手套使魔法火焰包围你手中的一件或两件近战武器。每件火焰武器在命中时额外造成{{@damage|1d6}}火焰伤害。火焰持续到你收起或放开任一武器。一旦使用，这个属性直到下一个黎明前都无法再次使用。"
  },
  "en": {
    "name": "Gauntlets of Flaming Fury",
    "source": "BGDIA",
    "page": 223,
    "rarity": "rare",
    "reqAttune": true,
    "wondrous": true,
    "entries": [
      "While you wear both of these steel gauntlets, any non-magical weapon you grasp with either gauntlet is treated as a magic weapon. As a bonus action, you can use the gauntlets to cause magical flames to envelop one or two melee weapons in your grasp. Each flaming weapon deals an extra {@damage 1d6} fire damage on a hit. The flames last until you sheath or let go of either weapon. Once used, this property can't be used again until the next dawn."
    ],
    "html": "While you wear both of these steel gauntlets, any non-magical weapon you grasp with either gauntlet is treated as a magic weapon. As a bonus action, you can use the gauntlets to cause magical flames to envelop one or two melee weapons in your grasp. Each flaming weapon deals an extra {{@damage|1d6}} fire damage on a hit. The flames last until you sheath or let go of either weapon. Once used, this property can't be used again until the next dawn."
  },
  "bonus": {}
}