{
  "dataType": "item",
  "uid": "item_Eyes of Minute Seeing|DMG ",
  "id": "Eyes of Minute Seeing|DMG",
  "rarity": "uncommon",
  "isBaseItem": false,
  "baseItem": "",
  "displayName": {
    "zh": "微视镜片",
    "en": "Eyes of Minute Seeing"
  },
  "mainSource": {
    "source": "DMG",
    "page": 168
  },
  "allSources": [
    {
      "source": "DMG",
      "page": 168
    },
    {
      "source": "XDMG",
      "page": 0
    },
    {
      "source": "XDMG",
      "page": 261
    }
  ],
  "relatedVersions": [
    "Eyes of Minute Seeing|XDMG"
  ],
  "zh": {
    "name": "微视镜片",
    "source": "DMG",
    "page": 168,
    "srd": true,
    "reprintedAs": [
      "微视镜片|XDMG"
    ],
    "tier": "次要",
    "rarity": "uncommon",
    "wondrous": true,
    "entries": [
      "这种水晶镜片可以着装到眼睛上。佩戴该镜片期间，你可以在1尺范围内比正常情况看得更清楚。在此范围内，你为搜索区域或研究物件所作，依赖视力的智力（{@skill 调查}）检定具有优势。"
    ],
    "lootTables": [
      "魔法物品表C"
    ],
    "ENG_name": "Eyes of Minute Seeing",
    "html": "这种水晶镜片可以着装到眼睛上。佩戴该镜片期间，你可以在1尺范围内比正常情况看得更清楚。在此范围内，你为搜索区域或研究物件所作，依赖视力的智力（{{@skill|调查}}）检定具有优势。"
  },
  "en": {
    "name": "Eyes of Minute Seeing",
    "source": "DMG",
    "page": 168,
    "srd": true,
    "reprintedAs": [
      "Eyes of Minute Seeing|XDMG"
    ],
    "tier": "minor",
    "rarity": "uncommon",
    "wondrous": true,
    "entries": [
      "These crystal lenses fit over the eyes. While wearing them, you can see much better than normal out to a range of 1 foot. You have advantage on Intelligence ({@skill Investigation}) checks that rely on sight while searching an area or studying an object within that range."
    ],
    "lootTables": [
      "Magic Item Table C"
    ],
    "html": "These crystal lenses fit over the eyes. While wearing them, you can see much better than normal out to a range of 1 foot. You have advantage on Intelligence ({{@skill|Investigation}}) checks that rely on sight while searching an area or studying an object within that range."
  },
  "bonus": {}
}