{
  "dataType": "item",
  "uid": "item_Jakarion's Staff of Frost|CoS ",
  "id": "Jakarion's Staff of Frost|CoS",
  "isBaseItem": false,
  "baseItem": "",
  "displayName": {
    "zh": "贾里卡翁的冰霜法杖",
    "en": "Jakarion's Staff of Frost"
  },
  "mainSource": {
    "source": "CoS",
    "page": 187
  },
  "allSources": [
    {
      "source": "CoS",
      "page": 187
    }
  ],
  "zh": {
    "name": "贾里卡翁的冰霜法杖",
    "source": "CoS",
    "page": 187,
    "_copy": {
      "name": "冰霜法杖",
      "source": "DMG",
      "_mod": {
        "entries": {
          "mode": "appendArr",
          "items": "这根法杖上印有已故法师个性的一个片段。第一个触摸法杖的角色会获得以下缺点：\"我渴望权力高于一切，会做任何事情来获得更多的权力。\" 这个缺点会覆盖任何与之冲突的性格特征。"
        }
      },
      "ENG_name": "Staff of Frost"
    },
    "ENG_name": "Jakarion's Staff of Frost",
    "entries": [],
    "html": ""
  },
  "en": {
    "name": "Jakarion's Staff of Frost",
    "source": "CoS",
    "page": 187,
    "_copy": {
      "name": "Staff of Frost",
      "source": "DMG",
      "_mod": {
        "entries": {
          "mode": "appendArr",
          "items": "Imprinted on this staff is a fragment of a dead wizard's personality. The first character who touches the staff gains the following flaw: \"I crave power above all else, and will do anything to obtain more of it.\" This flaw trumps any conflicting personality trait."
        }
      }
    },
    "entries": [],
    "html": ""
  },
  "bonus": {}
}