{
  "dataType": "item",
  "uid": "item_Failed Experiment Wand|AI ",
  "id": "Failed Experiment Wand|AI",
  "weight": 1,
  "rarity": "rare",
  "isBaseItem": false,
  "baseItem": "",
  "displayName": {
    "zh": "失败实验品魔杖",
    "en": "Failed Experiment Wand"
  },
  "mainSource": {
    "source": "AI",
    "page": 162
  },
  "allSources": [
    {
      "source": "AI",
      "page": 162
    }
  ],
  "zh": {
    "name": "失败实验品魔杖",
    "source": "AI",
    "page": 162,
    "type": "WD|DMG",
    "rarity": "rare",
    "reqAttune": "由施法者",
    "reqAttuneTags": [
      {
        "spellcasting": true
      }
    ],
    "weight": 1,
    "recharge": "拂晓",
    "rechargeAmount": "{@dice 1d6 + 1}",
    "charges": 2,
    "entries": [
      "这根魔杖有 2 发充能。持握时，你可以用一个动作消耗 1 发或更多充能来随机从中施放绿色火焰的{@spell 火球术}或蓝色{@spell 闪电束}（豁免 {@dc 15}）。",
      "消耗1充能，你可以施放该法术的三环版本。每额外消耗1充能，你可以将法术位等级提高一环。",
      "该魔杖每天黎明时恢复{@dice 1d6 + 1}发已消耗的充能。如果你消耗了魔杖的最后一发充能，骰一次{@dice d20}。如果骰值为1，魔杖将化为灰烬而毁灭。"
    ],
    "attachedSpells": {
      "charges": {
        "1": [
          "火球术",
          "闪电束"
        ]
      }
    },
    "ENG_name": "Failed Experiment Wand",
    "html": "这根魔杖有 2 发充能。持握时，你可以用一个动作消耗 1 发或更多充能来随机从中施放绿色火焰的{{@spell|火球术}}或蓝色{{@spell|闪电束}}（豁免 {{@dc|15}}）。\n消耗1充能，你可以施放该法术的三环版本。每额外消耗1充能，你可以将法术位等级提高一环。\n该魔杖每天黎明时恢复{{@dice|1d6 + 1}}发已消耗的充能。如果你消耗了魔杖的最后一发充能，骰一次{{@dice|d20}}。如果骰值为1，魔杖将化为灰烬而毁灭。"
  },
  "en": {
    "name": "Failed Experiment Wand",
    "source": "AI",
    "page": 162,
    "type": "WD|DMG",
    "rarity": "rare",
    "reqAttune": "by a spellcaster",
    "reqAttuneTags": [
      {
        "spellcasting": true
      }
    ],
    "weight": 1,
    "recharge": "dawn",
    "rechargeAmount": "{@dice 1d6 + 1}",
    "charges": 2,
    "entries": [
      "This wand has 2 charges. While holding it, you can use an action to expend 1 or more of its charges to cast either a green-flamed {@spell fireball} or a blue {@spell lightning bolt} at random from it (save {@dc 15}).",
      "For 1 charge, you cast the 3rd-level version of the spell. You can increase the spell slot level by one for each additional charge you expend.",
      "The wand regains {@dice 1d6 + 1} expended charges daily at dawn. If you expend the wand's last charge, roll a {@dice d20}. On a 1, the wand crumbles into ashes and is destroyed."
    ],
    "attachedSpells": {
      "charges": {
        "1": [
          "fireball",
          "lightning bolt"
        ]
      }
    },
    "html": "This wand has 2 charges. While holding it, you can use an action to expend 1 or more of its charges to cast either a green-flamed {{@spell|fireball}} or a blue {{@spell|lightning bolt}} at random from it (save {{@dc|15}}).\nFor 1 charge, you cast the 3rd-level version of the spell. You can increase the spell slot level by one for each additional charge you expend.\nThe wand regains {{@dice|1d6 + 1}} expended charges daily at dawn. If you expend the wand's last charge, roll a {{@dice|d20}}. On a 1, the wand crumbles into ashes and is destroyed."
  },
  "charge": {
    "max": 2,
    "rechargeAt": "dawn",
    "rechargeAmount": "{@dice 1d6 + 1}"
  },
  "bonus": {}
}