{
  "dataType": "item",
  "uid": "item_Medal of the Wetlands|CRCotN ",
  "id": "Medal of the Wetlands|CRCotN",
  "rarity": "common",
  "isBaseItem": false,
  "baseItem": "",
  "displayName": {
    "zh": "湿地勋章",
    "en": "Medal of the Wetlands"
  },
  "mainSource": {
    "source": "CRCotN",
    "page": 214
  },
  "allSources": [
    {
      "source": "CRCotN",
      "page": 214
    }
  ],
  "zh": {
    "name": "湿地勋章",
    "source": "CRCotN",
    "page": 214,
    "rarity": "common",
    "wondrous": true,
    "entries": [
      "当你用一个动作描绘这枚奖章的边缘时，在1小时内，{@quickref 困难地形||3}不会消耗你的额外移动。一旦这个属性被使用后，它将无法再次使用，并且这枚奖章会变为非魔法物品。"
    ],
    "ENG_name": "Medal of the Wetlands",
    "html": "当你用一个动作描绘这枚奖章的边缘时，在1小时内，{{@quickref|困难地形||3}}不会消耗你的额外移动。一旦这个属性被使用后，它将无法再次使用，并且这枚奖章会变为非魔法物品。"
  },
  "en": {
    "name": "Medal of the Wetlands",
    "source": "CRCotN",
    "page": 214,
    "rarity": "common",
    "wondrous": true,
    "entries": [
      "When you use an action to trace the edge of this medal, {@quickref difficult terrain||3} doesn't cost you extra movement for 1 hour. Once this property has been used, it can't be used again, and the medal becomes nonmagical."
    ],
    "html": "When you use an action to trace the edge of this medal, {{@quickref|difficult terrain||3}} doesn't cost you extra movement for 1 hour. Once this property has been used, it can't be used again, and the medal becomes nonmagical."
  },
  "bonus": {}
}