{
  "dataType": "item",
  "uid": "item_Bejeweled ivory drinking horn with gold filigree|DMG ",
  "id": "Bejeweled ivory drinking horn with gold filigree|DMG",
  "value": 750000,
  "rarity": "none",
  "isBaseItem": false,
  "baseItem": "",
  "displayName": {
    "zh": "镶有宝石的金丝象牙角杯",
    "en": "Bejeweled ivory drinking horn with gold filigree"
  },
  "mainSource": {
    "source": "DMG",
    "page": 135
  },
  "allSources": [
    {
      "source": "DMG",
      "page": 135
    },
    {
      "source": "XDMG",
      "page": 0
    },
    {
      "source": "XDMG",
      "page": 215
    }
  ],
  "relatedVersions": [
    "Bejeweled ivory drinking horn with gold filigree|XDMG"
  ],
  "zh": {
    "name": "镶有宝石的金丝象牙角杯",
    "source": "DMG",
    "page": 135,
    "reprintedAs": [
      "镶有宝石的金丝象牙角杯|XDMG"
    ],
    "type": "$A|DMG",
    "rarity": "none",
    "value": 750000,
    "ENG_name": "Bejeweled ivory drinking horn with gold filigree",
    "entries": [],
    "html": ""
  },
  "en": {
    "name": "Bejeweled ivory drinking horn with gold filigree",
    "source": "DMG",
    "page": 135,
    "reprintedAs": [
      "Bejeweled ivory drinking horn with gold filigree|XDMG"
    ],
    "type": "$A|DMG",
    "rarity": "none",
    "value": 750000,
    "entries": [],
    "html": ""
  },
  "bonus": {}
}