{
  "dataType": "item",
  "uid": "item_Dragon Scale Mail|DMG ",
  "id": "Dragon Scale Mail|DMG",
  "weight": 45,
  "rarity": "very rare",
  "isBaseItem": false,
  "full": {
    "en": {
      "images": [
        {
          "type": "image",
          "href": {
            "type": "internal",
            "path": "items/DMG/Dragon Scale Mail.webp"
          }
        }
      ]
    },
    "zh": {
      "images": [
        {
          "type": "image",
          "href": {
            "type": "internal",
            "path": "items/DMG/Dragon Scale Mail.webp"
          }
        }
      ]
    }
  },
  "baseItem": "",
  "items": [
    "黑龙鳞甲",
    "蓝龙鳞甲",
    "黄铜龙鳞甲",
    "青铜龙鳞甲",
    "赤铜龙鳞甲",
    "金龙鳞甲",
    "绿龙鳞甲",
    "红龙鳞甲",
    "银龙鳞甲",
    "白龙鳞甲"
  ],
  "displayName": {
    "zh": "龙鳞甲",
    "en": "Dragon Scale Mail"
  },
  "mainSource": {
    "source": "DMG",
    "page": 165
  },
  "allSources": [
    {
      "source": "DMG",
      "page": 165
    },
    {
      "source": "XDMG",
      "page": 0
    },
    {
      "source": "XDMG",
      "page": 254
    }
  ],
  "relatedVersions": [
    "Dragon Scale Mail|XDMG"
  ],
  "zh": {
    "name": "龙鳞甲",
    "source": "DMG",
    "page": 165,
    "srd": true,
    "reprintedAs": [
      "龙鳞甲|XDMG"
    ],
    "type": "MA",
    "tier": "主要",
    "rarity": "very rare",
    "reqAttune": true,
    "weight": 45,
    "ac": 14,
    "bonusAc": "+1",
    "stealth": true,
    "items": [
      "黑龙鳞甲",
      "蓝龙鳞甲",
      "黄铜龙鳞甲",
      "青铜龙鳞甲",
      "赤铜龙鳞甲",
      "金龙鳞甲",
      "绿龙鳞甲",
      "红龙鳞甲",
      "银龙鳞甲",
      "白龙鳞甲"
    ],
    "lootTables": [
      "魔法物品表H"
    ],
    "hasFluffImages": true,
    "ENG_name": "Dragon Scale Mail",
    "entries": [],
    "html": ""
  },
  "en": {
    "name": "Dragon Scale Mail",
    "source": "DMG",
    "page": 165,
    "srd": true,
    "reprintedAs": [
      "Dragon Scale Mail|XDMG"
    ],
    "type": "MA",
    "tier": "major",
    "rarity": "very rare",
    "reqAttune": true,
    "weight": 45,
    "ac": 14,
    "bonusAc": "+1",
    "stealth": true,
    "items": [
      "Black Dragon Scale Mail",
      "Blue Dragon Scale Mail",
      "Brass Dragon Scale Mail",
      "Bronze Dragon Scale Mail",
      "Copper Dragon Scale Mail",
      "Gold Dragon Scale Mail",
      "Green Dragon Scale Mail",
      "Red Dragon Scale Mail",
      "Silver Dragon Scale Mail",
      "White Dragon Scale Mail"
    ],
    "lootTables": [
      "Magic Item Table H"
    ],
    "hasFluffImages": true,
    "entries": [],
    "html": ""
  },
  "bonus": {
    "ac": 1
  }
}