{
  "dataType": "item",
  "uid": "item_Censer of Controlling Air Elementals|DMG ",
  "id": "Censer of Controlling Air Elementals|DMG",
  "weight": 1,
  "rarity": "rare",
  "isBaseItem": false,
  "full": {
    "en": {
      "images": [
        {
          "type": "image",
          "href": {
            "type": "internal",
            "path": "items/DMG/Censer of Controlling Air Elementals.webp"
          }
        }
      ]
    },
    "zh": {
      "images": [
        {
          "type": "image",
          "href": {
            "type": "internal",
            "path": "items/DMG/Censer of Controlling Air Elementals.webp"
          }
        }
      ]
    }
  },
  "baseItem": "",
  "displayName": {
    "zh": "命令元素香炉",
    "en": "Censer of Controlling Air Elementals"
  },
  "mainSource": {
    "source": "DMG",
    "page": 158
  },
  "allSources": [
    {
      "source": "DMG",
      "page": 158
    },
    {
      "source": "XDMG",
      "page": 0
    },
    {
      "source": "XDMG",
      "page": 243
    }
  ],
  "relatedVersions": [
    "Censer of Controlling Air Elementals|XDMG"
  ],
  "zh": {
    "name": "命令元素香炉",
    "source": "DMG",
    "page": 158,
    "srd": true,
    "reprintedAs": [
      "命令元素香炉|XDMG"
    ],
    "tier": "主要",
    "rarity": "rare",
    "wondrous": true,
    "weight": 1,
    "entries": [
      "熏香在这个香炉中燃烧期间，你可以用一个动作说出香炉的命令语并以此召唤出一只{@creature 气元素}，其效应如同你施放了法术{@spell 元素咒唤术}。直到次日黎明前，香炉都无法再次以该方式使用。",
      "这个6寸宽、1尺高的船只外形类似于一个带有装饰盖的酒杯。它重1磅。"
    ],
    "attachedSpells": {
      "daily": {
        "1e": [
          "元素咒唤术"
        ]
      }
    },
    "lootTables": [
      "魔法物品表G"
    ],
    "hasFluffImages": true,
    "ENG_name": "Censer of Controlling Air Elementals",
    "html": "熏香在这个香炉中燃烧期间，你可以用一个动作说出香炉的命令语并以此召唤出一只{{@creature|气元素}}，其效应如同你施放了法术{{@spell|元素咒唤术}}。直到次日黎明前，香炉都无法再次以该方式使用。\n这个6寸宽、1尺高的船只外形类似于一个带有装饰盖的酒杯。它重1磅。"
  },
  "en": {
    "name": "Censer of Controlling Air Elementals",
    "source": "DMG",
    "page": 158,
    "srd": true,
    "reprintedAs": [
      "Censer of Controlling Air Elementals|XDMG"
    ],
    "tier": "major",
    "rarity": "rare",
    "wondrous": true,
    "weight": 1,
    "entries": [
      "While incense is burning in this censer, you can use an action to speak the censer's command word and summon an {@creature air elemental}, as if you had cast the {@spell conjure elemental} spell. The censer can't be used this way again until the next dawn.",
      "This 6-inch-wide, 1-foot-high vessel resembles a chalice with a decorated lid. It weighs 1 pound."
    ],
    "attachedSpells": {
      "daily": {
        "1e": [
          "conjure elemental"
        ]
      }
    },
    "lootTables": [
      "Magic Item Table G"
    ],
    "hasFluffImages": true,
    "html": "While incense is burning in this censer, you can use an action to speak the censer's command word and summon an {{@creature|air elemental}}, as if you had cast the {{@spell|conjure elemental}} spell. The censer can't be used this way again until the next dawn.\nThis 6-inch-wide, 1-foot-high vessel resembles a chalice with a decorated lid. It weighs 1 pound."
  },
  "bonus": {}
}