{
  "dataType": "item",
  "uid": "item_Dragon Slayer|DMG",
  "id": "Dragon Slayer|DMG",
  "rarity": "rare",
  "isBaseItem": false,
  "displayName": {
    "zh": "屠龙者",
    "en": "Dragon Slayer"
  },
  "mainSource": {
    "source": "DMG",
    "page": 166
  },
  "allSources": [
    {
      "source": "DMG",
      "page": 166
    },
    {
      "source": "XDMG",
      "page": 0
    },
    {
      "source": "XDMG",
      "page": 254
    }
  ],
  "relatedVersions": [
    "Dragon Slayer|XDMG"
  ],
  "zh": {
    "name": "屠龙者",
    "edition": "classic",
    "type": "GV|DMG",
    "requires": [
      {
        "sword": true
      }
    ],
    "inherits": {
      "namePrefix": "屠龙者",
      "source": "DMG",
      "page": 166,
      "srd": true,
      "reprintedAs": [
        "屠龙者|XDMG"
      ],
      "tier": "主要",
      "rarity": "rare",
      "bonusWeapon": "+1",
      "entries": [
        "你在用该魔法武器发动攻击检定和伤害掷骰时获得+1加值。",
        "当你用这件武器击中龙时，该龙会受到额外的{@damage 3d6}点该武器类型的damage。就这件武器而言，\"龙\"指的是任何具有龙类生物类型的种类，包括龙龟和翼龙。"
      ],
      "lootTables": [
        "魔法物品表G"
      ]
    },
    "hasFluffImages": true,
    "ENG_name": "Dragon Slayer",
    "entries": [
      "你在用该魔法武器发动攻击检定和伤害掷骰时获得+1加值。",
      "当你用这件武器击中龙时，该龙会受到额外的{@damage 3d6}点该武器类型的damage。就这件武器而言，\"龙\"指的是任何具有龙类生物类型的种类，包括龙龟和翼龙。"
    ],
    "html": "你在用该魔法武器发动攻击检定和伤害掷骰时获得+1加值。\n当你用这件武器击中龙时，该龙会受到额外的{{@damage|3d6}}点该武器类型的damage。就这件武器而言，\"龙\"指的是任何具有龙类生物类型的种类，包括龙龟和翼龙。"
  },
  "en": {
    "name": "Dragon Slayer",
    "edition": "classic",
    "type": "GV|DMG",
    "requires": [
      {
        "sword": true
      }
    ],
    "inherits": {
      "namePrefix": "Dragon Slayer ",
      "source": "DMG",
      "page": 166,
      "srd": true,
      "reprintedAs": [
        "Dragon Slayer|XDMG"
      ],
      "tier": "major",
      "rarity": "rare",
      "bonusWeapon": "+1",
      "entries": [
        "You gain a +1 bonus to attack and damage rolls made with this magic weapon.",
        "When you hit a dragon with this weapon, the dragon takes an extra {@damage 3d6} damage of the weapon's type. For the purpose of this weapon, \"dragon\" refers to any creature with the dragon type, including dragon turtles and wyverns."
      ],
      "lootTables": [
        "Magic Item Table G"
      ]
    },
    "hasFluffImages": true,
    "entries": [
      "You gain a +1 bonus to attack and damage rolls made with this magic weapon.",
      "When you hit a dragon with this weapon, the dragon takes an extra {@damage 3d6} damage of the weapon's type. For the purpose of this weapon, \"dragon\" refers to any creature with the dragon type, including dragon turtles and wyverns."
    ],
    "html": "You gain a +1 bonus to attack and damage rolls made with this magic weapon.\nWhen you hit a dragon with this weapon, the dragon takes an extra {{@damage|3d6}} damage of the weapon's type. For the purpose of this weapon, \"dragon\" refers to any creature with the dragon type, including dragon turtles and wyverns."
  }
}