{
  "dataType": "item",
  "uid": "item_Squid Ship|AAG ",
  "id": "Squid Ship|AAG",
  "value": 2500000,
  "rarity": "none",
  "isBaseItem": false,
  "baseItem": "",
  "displayName": {
    "zh": "鱿鱼舰",
    "en": "Squid Ship"
  },
  "mainSource": {
    "source": "AAG",
    "page": 48
  },
  "allSources": [
    {
      "source": "AAG",
      "page": 48
    }
  ],
  "zh": {
    "name": "鱿鱼舰",
    "source": "AAG",
    "page": 48,
    "otherSources": [
      {
        "source": "SjA"
      }
    ],
    "type": "SPC|AAG",
    "rarity": "none",
    "value": 2500000,
    "crew": 13,
    "vehAc": 15,
    "vehHp": 300,
    "vehDmgThresh": 15,
    "vehSpeed": 3.5,
    "capCargo": 20,
    "entries": [
      "在最古老的魔法船类型中，鱿鱼舰很受私掠者的欢迎，经常被用作巡逻舰船。鱿鱼舰上的标准武器包括一门前置的弹射投石机、两门后置的弩炮和一个用于撞击的加固船首。从船头伸出的触须几乎占了舰船龙骨长度的一半。",
      "鱿鱼舰可以在水上漂浮和航行，并且可以在地面上着陆。"
    ],
    "seeAlsoVehicle": [
      "鱿鱼舰|AAG"
    ],
    "ENG_name": "Squid Ship",
    "html": "在最古老的魔法船类型中，鱿鱼舰很受私掠者的欢迎，经常被用作巡逻舰船。鱿鱼舰上的标准武器包括一门前置的弹射投石机、两门后置的弩炮和一个用于撞击的加固船首。从船头伸出的触须几乎占了舰船龙骨长度的一半。\n鱿鱼舰可以在水上漂浮和航行，并且可以在地面上着陆。"
  },
  "en": {
    "name": "Squid Ship",
    "source": "AAG",
    "page": 48,
    "otherSources": [
      {
        "source": "SjA"
      }
    ],
    "type": "SPC|AAG",
    "rarity": "none",
    "value": 2500000,
    "crew": 13,
    "vehAc": 15,
    "vehHp": 300,
    "vehDmgThresh": 15,
    "vehSpeed": 3.5,
    "capCargo": 20,
    "entries": [
      "Among the oldest types of spelljamming vessels, squid ships are popular with privateers and are often used as patrol ships. Standard weapons on a squid ship include a forward-mounted mangonel, two aft-mounted ballistae, and a reinforced bow for ramming. The tentacles that extend from the bow account for nearly half the ship's keel length.",
      "Squid ships can float and sail on water, and they can land on the ground."
    ],
    "seeAlsoVehicle": [
      "Squid Ship|AAG"
    ],
    "html": "Among the oldest types of spelljamming vessels, squid ships are popular with privateers and are often used as patrol ships. Standard weapons on a squid ship include a forward-mounted mangonel, two aft-mounted ballistae, and a reinforced bow for ramming. The tentacles that extend from the bow account for nearly half the ship's keel length.\nSquid ships can float and sail on water, and they can land on the ground."
  },
  "bonus": {}
}