{
  "dataType": "item",
  "uid": "item_Fabulist Gem|BMT ",
  "id": "Fabulist Gem|BMT",
  "rarity": "uncommon",
  "isBaseItem": false,
  "baseItem": "",
  "displayName": {
    "zh": "骗术宝石",
    "en": "Fabulist Gem"
  },
  "mainSource": {
    "source": "BMT",
    "page": 36
  },
  "allSources": [
    {
      "source": "BMT",
      "page": 36
    }
  ],
  "zh": {
    "name": "骗术宝石",
    "source": "BMT",
    "page": 36,
    "rarity": "uncommon",
    "reqAttune": true,
    "wondrous": true,
    "entries": [
      "这颗闪闪发光的红色宝石通常镶嵌在戒指或胸针中。",
      "着装宝石期间，你可以获得以下好处。",
      {
        "ENG_name": "Counterfeit Coins",
        "name": "假币",
        "type": "entries",
        "entries": [
          "作为动作，你可以魔法性的在距离你10尺以内未被占据的空间中创造一堆总价值不超过100gp的钱币。这堆钱币必须生成在表面上的一个可以支撑它的地方。1小时后，无论位于何处，用此法创造出来的钱币都会消失。此项属性一经使用，直到下次黎明前不能再次使用。"
        ]
      },
      {
        "ENG_name": "Illusory Fashion",
        "name": "时尚幻象",
        "type": "entries",
        "entries": [
          "作为附赠动作，你可以魔法性地改变你的衣服和盔甲的外观。你可以更改所穿服装的风格、颜色和外观质量，也可以使其看起来就像完全不同的衣服。无论哪种情况，此魔法造成的变化都无法应对物理检查。"
        ]
      }
    ],
    "ENG_name": "Fabulist Gem",
    "html": "这颗闪闪发光的红色宝石通常镶嵌在戒指或胸针中。\n着装宝石期间，你可以获得以下好处。\n<div class=\"parser-entries\"><div class=\"parser-entries-name\">假币</div><div class=\"parser-entries-eng-name\">Counterfeit Coins</div><div class=\"parser-entries-content\">作为动作，你可以魔法性的在距离你10尺以内未被占据的空间中创造一堆总价值不超过100gp的钱币。这堆钱币必须生成在表面上的一个可以支撑它的地方。1小时后，无论位于何处，用此法创造出来的钱币都会消失。此项属性一经使用，直到下次黎明前不能再次使用。</div></div>\n<div class=\"parser-entries\"><div class=\"parser-entries-name\">时尚幻象</div><div class=\"parser-entries-eng-name\">Illusory Fashion</div><div class=\"parser-entries-content\">作为附赠动作，你可以魔法性地改变你的衣服和盔甲的外观。你可以更改所穿服装的风格、颜色和外观质量，也可以使其看起来就像完全不同的衣服。无论哪种情况，此魔法造成的变化都无法应对物理检查。</div></div>"
  },
  "en": {
    "name": "Fabulist Gem",
    "source": "BMT",
    "page": 36,
    "rarity": "uncommon",
    "reqAttune": true,
    "wondrous": true,
    "entries": [
      "This glittering red gem is commonly found embedded in a ring or brooch.",
      "While wearing the gem, you gain the following benefits.",
      {
        "type": "entries",
        "name": "Counterfeit Coins",
        "entries": [
          "You can use your action to magically create a pile of coins, worth no more than 100 gp total, in an unoccupied space within 10 feet of yourself. The pile must appear on a surface that can support it. After 1 hour, the coins vanish, regardless of where they are. Once this action is used, it can't be used again until the next dawn."
        ]
      },
      {
        "type": "entries",
        "name": "Illusory Fashion",
        "entries": [
          "As a bonus action, you can magically change the appearance of your clothing and armor. You can change the style, color, and apparent quality of what you're wearing, or you can make it appear as if you were wearing different garments entirely. In either case, the changes wrought by this magic fail to pass physical inspection."
        ]
      }
    ],
    "html": "This glittering red gem is commonly found embedded in a ring or brooch.\nWhile wearing the gem, you gain the following benefits.\n<div class=\"parser-entries\"><div class=\"parser-entries-name\">Counterfeit Coins</div><div class=\"parser-entries-content\">You can use your action to magically create a pile of coins, worth no more than 100 gp total, in an unoccupied space within 10 feet of yourself. The pile must appear on a surface that can support it. After 1 hour, the coins vanish, regardless of where they are. Once this action is used, it can't be used again until the next dawn.</div></div>\n<div class=\"parser-entries\"><div class=\"parser-entries-name\">Illusory Fashion</div><div class=\"parser-entries-content\">As a bonus action, you can magically change the appearance of your clothing and armor. You can change the style, color, and apparent quality of what you're wearing, or you can make it appear as if you were wearing different garments entirely. In either case, the changes wrought by this magic fail to pass physical inspection.</div></div>"
  },
  "bonus": {}
}