{
  "dataType": "item",
  "uid": "item_Galley|DMG ",
  "id": "Galley|DMG",
  "value": 3000000,
  "rarity": "none",
  "isBaseItem": false,
  "baseItem": "",
  "displayName": {
    "zh": "桨帆船",
    "en": "Galley"
  },
  "mainSource": {
    "source": "DMG",
    "page": 119
  },
  "allSources": [
    {
      "source": "DMG",
      "page": 119
    },
    {
      "source": "XPHB",
      "page": 0
    },
    {
      "source": "XPHB",
      "page": 230
    }
  ],
  "relatedVersions": [
    "Galley|XPHB"
  ],
  "zh": {
    "name": "桨帆船",
    "source": "DMG",
    "page": 119,
    "srd": true,
    "basicRules": true,
    "reprintedAs": [
      "桨帆船|XPHB"
    ],
    "type": "SHP",
    "rarity": "none",
    "value": 3000000,
    "crew": 80,
    "vehAc": 15,
    "vehHp": 500,
    "vehDmgThresh": 20,
    "vehSpeed": 4,
    "capCargo": 150,
    "seeAlsoVehicle": [
      "桨帆船"
    ],
    "ENG_name": "Galley",
    "entries": [],
    "html": ""
  },
  "en": {
    "name": "Galley",
    "source": "DMG",
    "page": 119,
    "srd": true,
    "basicRules": true,
    "reprintedAs": [
      "Galley|XPHB"
    ],
    "type": "SHP",
    "rarity": "none",
    "value": 3000000,
    "crew": 80,
    "vehAc": 15,
    "vehHp": 500,
    "vehDmgThresh": 20,
    "vehSpeed": 4,
    "capCargo": 150,
    "seeAlsoVehicle": [
      "Galley"
    ],
    "entries": [],
    "html": ""
  },
  "bonus": {}
}