{
  "dataType": "item",
  "uid": "item_Black Opal|DMG ",
  "id": "Black Opal|DMG",
  "value": 100000,
  "rarity": "none",
  "isBaseItem": false,
  "baseItem": "",
  "displayName": {
    "zh": "黑蛋白石",
    "en": "Black Opal"
  },
  "mainSource": {
    "source": "DMG",
    "page": 134
  },
  "allSources": [
    {
      "source": "DMG",
      "page": 134
    },
    {
      "source": "XDMG",
      "page": 0
    },
    {
      "source": "XDMG",
      "page": 214
    }
  ],
  "relatedVersions": [
    "Black Opal|XDMG"
  ],
  "zh": {
    "name": "黑蛋白石",
    "source": "DMG",
    "page": 134,
    "reprintedAs": [
      "黑蛋白石|XDMG"
    ],
    "type": "$G|DMG",
    "rarity": "none",
    "value": 100000,
    "entries": [
      "一种半透明的深绿色宝石，带有黑色斑点和金色斑点。"
    ],
    "ENG_name": "Black Opal",
    "html": "一种半透明的深绿色宝石，带有黑色斑点和金色斑点。"
  },
  "en": {
    "name": "Black Opal",
    "source": "DMG",
    "page": 134,
    "reprintedAs": [
      "Black Opal|XDMG"
    ],
    "type": "$G|DMG",
    "rarity": "none",
    "value": 100000,
    "entries": [
      "A translucent dark green with black mottling and golden flecks gemstone."
    ],
    "html": "A translucent dark green with black mottling and golden flecks gemstone."
  },
  "bonus": {}
}