{
  "dataType": "item",
  "uid": "item_Carved ivory statuette|DMG ",
  "id": "Carved ivory statuette|DMG",
  "value": 25000,
  "rarity": "none",
  "isBaseItem": false,
  "baseItem": "",
  "displayName": {
    "zh": "象牙制雕像",
    "en": "Carved ivory statuette"
  },
  "mainSource": {
    "source": "DMG",
    "page": 135
  },
  "allSources": [
    {
      "source": "DMG",
      "page": 135
    },
    {
      "source": "XDMG",
      "page": 0
    },
    {
      "source": "XDMG",
      "page": 215
    }
  ],
  "relatedVersions": [
    "Carved ivory statuette|XDMG"
  ],
  "zh": {
    "name": "象牙制雕像",
    "source": "DMG",
    "page": 135,
    "reprintedAs": [
      "象牙制雕像|XDMG"
    ],
    "type": "$A|DMG",
    "rarity": "none",
    "value": 25000,
    "ENG_name": "Carved ivory statuette",
    "entries": [],
    "html": ""
  },
  "en": {
    "name": "Carved ivory statuette",
    "source": "DMG",
    "page": 135,
    "reprintedAs": [
      "Carved ivory statuette|XDMG"
    ],
    "type": "$A|DMG",
    "rarity": "none",
    "value": 25000,
    "entries": [],
    "html": ""
  },
  "bonus": {}
}