{
  "dataType": "item",
  "uid": "item_Azurite|DMG ",
  "id": "Azurite|DMG",
  "value": 1000,
  "rarity": "none",
  "isBaseItem": false,
  "baseItem": "",
  "displayName": {
    "zh": "蓝铜矿",
    "en": "Azurite"
  },
  "mainSource": {
    "source": "DMG",
    "page": 134
  },
  "allSources": [
    {
      "source": "DMG",
      "page": 134
    },
    {
      "source": "XDMG",
      "page": 0
    },
    {
      "source": "XDMG",
      "page": 214
    }
  ],
  "relatedVersions": [
    "Azurite|XDMG"
  ],
  "zh": {
    "name": "蓝铜矿",
    "source": "DMG",
    "page": 134,
    "reprintedAs": [
      "蓝铜矿|XDMG"
    ],
    "type": "$G|DMG",
    "rarity": "none",
    "value": 1000,
    "entries": [
      "一种不透明的斑驳深蓝色宝石。"
    ],
    "ENG_name": "Azurite",
    "html": "一种不透明的斑驳深蓝色宝石。"
  },
  "en": {
    "name": "Azurite",
    "source": "DMG",
    "page": 134,
    "reprintedAs": [
      "Azurite|XDMG"
    ],
    "type": "$G|DMG",
    "rarity": "none",
    "value": 1000,
    "entries": [
      "An opaque mottled deep blue gemstone."
    ],
    "html": "An opaque mottled deep blue gemstone."
  },
  "bonus": {}
}