{
  "dataType": "item",
  "uid": "item_Mithral +1 Armor|AI",
  "id": "Mithral +1 Armor|AI",
  "rarity": "rare",
  "isBaseItem": false,
  "displayName": {
    "zh": "秘银 +1 护甲",
    "en": "Mithral +1 Armor"
  },
  "mainSource": {
    "source": "AI",
    "page": 156
  },
  "allSources": [
    {
      "source": "AI",
      "page": 156
    }
  ],
  "zh": {
    "name": "秘银 +1 护甲",
    "type": "GV|DMG",
    "requires": [
      {
        "type": "HA"
      },
      {
        "type": "MA"
      },
      {
        "type": "HA|XPHB"
      },
      {
        "type": "MA|XPHB"
      }
    ],
    "excludes": {
      "name": "兽皮甲",
      "ENG_name": "Hide Armor"
    },
    "inherits": {
      "namePrefix": "秘银 +1 ",
      "source": "AI",
      "page": 156,
      "rarity": "rare",
      "strength": null,
      "bonusAc": "+1",
      "stealth": false,
      "entries": [
        "穿戴这件护甲时，你的AC有{=bonusAc}的加值。",
        "秘银是一种轻盈而灵活的金属。一件秘银链甲衫或胸甲可以穿在普通衣服下面。如果该护甲通常会为敏捷（{@skill 隐匿}）检定带来劣势或有力量要求，秘银版本的护甲则不会。"
      ]
    },
    "ENG_name": "Mithral +1 Armor",
    "entries": [
      "穿戴这件护甲时，你的AC有{=bonusAc}的加值。",
      "秘银是一种轻盈而灵活的金属。一件秘银链甲衫或胸甲可以穿在普通衣服下面。如果该护甲通常会为敏捷（{@skill 隐匿}）检定带来劣势或有力量要求，秘银版本的护甲则不会。"
    ],
    "html": "穿戴这件护甲时，你的AC有{=bonusAc}的加值。\n秘银是一种轻盈而灵活的金属。一件秘银链甲衫或胸甲可以穿在普通衣服下面。如果该护甲通常会为敏捷（{{@skill|隐匿}}）检定带来劣势或有力量要求，秘银版本的护甲则不会。"
  },
  "en": {
    "name": "Mithral +1 Armor",
    "type": "GV|DMG",
    "requires": [
      {
        "type": "HA"
      },
      {
        "type": "MA"
      },
      {
        "type": "HA|XPHB"
      },
      {
        "type": "MA|XPHB"
      }
    ],
    "excludes": {
      "name": "Hide Armor"
    },
    "inherits": {
      "namePrefix": "Mithral +1 ",
      "source": "AI",
      "page": 156,
      "rarity": "rare",
      "strength": null,
      "bonusAc": "+1",
      "stealth": false,
      "entries": [
        "You have a {=bonusAc} bonus to AC while wearing this armor.",
        "Mithral is a light, flexible metal. A mithral chain shirt or breastplate can be worn under normal clothes. If the armor normally imposes disadvantage on Dexterity ({@skill Stealth}) checks or has a Strength requirement, the mithral version of the armor doesn't."
      ]
    },
    "entries": [
      "You have a {=bonusAc} bonus to AC while wearing this armor.",
      "Mithral is a light, flexible metal. A mithral chain shirt or breastplate can be worn under normal clothes. If the armor normally imposes disadvantage on Dexterity ({@skill Stealth}) checks or has a Strength requirement, the mithral version of the armor doesn't."
    ],
    "html": "You have a {=bonusAc} bonus to AC while wearing this armor.\nMithral is a light, flexible metal. A mithral chain shirt or breastplate can be worn under normal clothes. If the armor normally imposes disadvantage on Dexterity ({{@skill|Stealth}}) checks or has a Strength requirement, the mithral version of the armor doesn't."
  }
}