{
  "dataType": "item",
  "uid": "item_Folding Boat|DMG ",
  "id": "Folding Boat|DMG",
  "weight": 4,
  "rarity": "rare",
  "isBaseItem": false,
  "full": {
    "en": {
      "images": [
        {
          "type": "image",
          "href": {
            "type": "internal",
            "path": "items/DMG/Folding Boat.webp"
          }
        }
      ]
    },
    "zh": {
      "images": [
        {
          "type": "image",
          "href": {
            "type": "internal",
            "path": "items/DMG/Folding Boat.webp"
          }
        }
      ]
    }
  },
  "baseItem": "",
  "displayName": {
    "zh": "折叠船",
    "en": "Folding Boat"
  },
  "mainSource": {
    "source": "DMG",
    "page": 170
  },
  "allSources": [
    {
      "source": "DMG",
      "page": 170
    },
    {
      "source": "XDMG",
      "page": 0
    },
    {
      "source": "XDMG",
      "page": 263
    }
  ],
  "relatedVersions": [
    "Folding Boat|XDMG"
  ],
  "zh": {
    "name": "折叠船",
    "source": "DMG",
    "page": 170,
    "srd": true,
    "reprintedAs": [
      "折叠船|XDMG"
    ],
    "tier": "次要",
    "rarity": "rare",
    "wondrous": true,
    "weight": 4,
    "entries": [
      "该物件外观看起来是个长12寸，宽6寸，深6寸的木盒。它重4磅且能在水面上漂浮，也可以像普通木盒一样装东西。该物品有三个命令语，说出一个命令语需要你使用一个动作。",
      "第一个命令语能使盒子展开成一条长10尺，宽4尺，深2尺的小船。小船有一对桨、一个锚、一根桅杆和一面三角帆。它最多可以搭乘四名中型体型的生物。",
      "第二个命令语能使盒子展开成一条长24尺，宽8尺，深6尺的船。这艘船有一块甲板、划桨座、五对桨、一个舵桨、一个锚、一个甲板舱以及一根装有横帆的桅杆。它最多可以搭乘15名中型生物。",
      "当木盒展开成船只时，它的重量也变为对应船只应有的重量。原本存放在木盒中的东西将留在船内。",
      "第三个命令语能使折叠船变回木盒，前提是没有生物在船上。船内无法装入木盒中的物件会在折叠时留在外面，可以装入木盒的物件则会留在盒内。"
    ],
    "lootTables": [
      "魔法物品表C"
    ],
    "hasFluffImages": true,
    "ENG_name": "Folding Boat",
    "html": "该物件外观看起来是个长12寸，宽6寸，深6寸的木盒。它重4磅且能在水面上漂浮，也可以像普通木盒一样装东西。该物品有三个命令语，说出一个命令语需要你使用一个动作。\n第一个命令语能使盒子展开成一条长10尺，宽4尺，深2尺的小船。小船有一对桨、一个锚、一根桅杆和一面三角帆。它最多可以搭乘四名中型体型的生物。\n第二个命令语能使盒子展开成一条长24尺，宽8尺，深6尺的船。这艘船有一块甲板、划桨座、五对桨、一个舵桨、一个锚、一个甲板舱以及一根装有横帆的桅杆。它最多可以搭乘15名中型生物。\n当木盒展开成船只时，它的重量也变为对应船只应有的重量。原本存放在木盒中的东西将留在船内。\n第三个命令语能使折叠船变回木盒，前提是没有生物在船上。船内无法装入木盒中的物件会在折叠时留在外面，可以装入木盒的物件则会留在盒内。"
  },
  "en": {
    "name": "Folding Boat",
    "source": "DMG",
    "page": 170,
    "srd": true,
    "reprintedAs": [
      "Folding Boat|XDMG"
    ],
    "tier": "minor",
    "rarity": "rare",
    "wondrous": true,
    "weight": 4,
    "entries": [
      "This object appears as a wooden box that measures 12 inches long, 6 inches wide, and 6 inches deep. It weighs 4 pounds and floats. It can be opened to store items inside. This item also has three command words, each requiring you to use an action to speak it.",
      "One command word causes the box to unfold into a boat 10 feet long, 4 feet wide, and 2 feet deep. The boat has one pair of oars, an anchor, a mast, and a lateen sail. The boat can hold up to four Medium creatures comfortably.",
      "The second command word causes the box to unfold into a ship 24 feet long, 8 feet wide; and 6 feet deep. The ship has a deck, rowing seats, five sets of oars, a steering oar, an anchor, a deck cabin, and a mast with a square sail. The ship can hold fifteen Medium creatures comfortably.",
      "When the box becomes a vessel, its weight becomes that of a normal vessel its size, and anything that was stored in the box remains in the boat.",
      "The third command word causes the folding boat to fold back into a box, provided that no creatures are aboard. Any objects in the vessel that can't fit inside the box remain outside the box as it folds. Any objects in the vessel that can fit inside the box do so."
    ],
    "lootTables": [
      "Magic Item Table C"
    ],
    "hasFluffImages": true,
    "html": "This object appears as a wooden box that measures 12 inches long, 6 inches wide, and 6 inches deep. It weighs 4 pounds and floats. It can be opened to store items inside. This item also has three command words, each requiring you to use an action to speak it.\nOne command word causes the box to unfold into a boat 10 feet long, 4 feet wide, and 2 feet deep. The boat has one pair of oars, an anchor, a mast, and a lateen sail. The boat can hold up to four Medium creatures comfortably.\nThe second command word causes the box to unfold into a ship 24 feet long, 8 feet wide; and 6 feet deep. The ship has a deck, rowing seats, five sets of oars, a steering oar, an anchor, a deck cabin, and a mast with a square sail. The ship can hold fifteen Medium creatures comfortably.\nWhen the box becomes a vessel, its weight becomes that of a normal vessel its size, and anything that was stored in the box remains in the boat.\nThe third command word causes the folding boat to fold back into a box, provided that no creatures are aboard. Any objects in the vessel that can't fit inside the box remain outside the box as it folds. Any objects in the vessel that can fit inside the box do so."
  },
  "bonus": {}
}