{
  "dataType": "item",
  "uid": "item_Bracers of Asmodeus|CoA ",
  "id": "Bracers of Asmodeus|CoA",
  "rarity": "rare",
  "isBaseItem": false,
  "baseItem": "",
  "displayName": {
    "zh": "阿斯蒙蒂斯护腕",
    "en": "Bracers of Asmodeus"
  },
  "mainSource": {
    "source": "CoA",
    "page": 267
  },
  "allSources": [
    {
      "source": "CoA",
      "page": 267
    }
  ],
  "zh": {
    "name": "阿斯蒙蒂斯护腕",
    "source": "CoA",
    "page": 267,
    "rarity": "rare",
    "reqAttune": true,
    "wondrous": true,
    "curse": true,
    "bonusAc": "+2",
    "entries": [
      "佩戴这些护腕时，如果你同时不穿戴盔甲或使用盾牌，你的AC（护甲等级）将获得+2的加值。",
      {
        "ENG_name": "Curse",
        "name": "诅咒",
        "type": "entries",
        "entries": [
          "当与护腕产生共鸣时，你会沉迷于策划、阴谋和操纵。你总是为了更好的交易而讨价还价，经常在此过程中利用秘密或利用其他报价。如果你曾经拒绝以牺牲他人为代价来提升自己的机会，你会立即受到{@damage 3d10}的暗蚀伤害。只有{@spell 移除诅咒}法术才能让你结束对这个物品的共鸣。"
        ]
      },
      {
        "ENG_name": "Corrupting",
        "name": "腐蚀",
        "type": "entries",
        "entries": [
          "这个物品具有腐蚀性。详见\"{@adventure 地狱物品腐化|CoA|16|地狱物品腐化}\"部分。"
        ]
      }
    ],
    "ENG_name": "Bracers of Asmodeus",
    "html": "佩戴这些护腕时，如果你同时不穿戴盔甲或使用盾牌，你的AC（护甲等级）将获得+2的加值。\n<div class=\"parser-entries\"><div class=\"parser-entries-name\">诅咒</div><div class=\"parser-entries-eng-name\">Curse</div><div class=\"parser-entries-content\">当与护腕产生共鸣时，你会沉迷于策划、阴谋和操纵。你总是为了更好的交易而讨价还价，经常在此过程中利用秘密或利用其他报价。如果你曾经拒绝以牺牲他人为代价来提升自己的机会，你会立即受到{{@damage|3d10}}的暗蚀伤害。只有{{@spell|移除诅咒}}法术才能让你结束对这个物品的共鸣。</div></div>\n<div class=\"parser-entries\"><div class=\"parser-entries-name\">腐蚀</div><div class=\"parser-entries-eng-name\">Corrupting</div><div class=\"parser-entries-content\">这个物品具有腐蚀性。详见\"{{@adventure|地狱物品腐化|CoA|16|地狱物品腐化}}\"部分。</div></div>"
  },
  "en": {
    "name": "Bracers of Asmodeus",
    "source": "CoA",
    "page": 267,
    "rarity": "rare",
    "reqAttune": true,
    "wondrous": true,
    "curse": true,
    "bonusAc": "+2",
    "entries": [
      "You have a +2 bonus to AC while wearing these bracers, if you do not wear armor or use a shield at the same time.",
      {
        "type": "entries",
        "name": "Curse",
        "entries": [
          "While attuned to the bracers, you become obsessed with plotting, scheming, and manipulation. You always barter for better deals, often using secrets or leveraging other offers in the process. If you ever decline an opportunity to better yourself financially at another's expense, you immediately take {@damage 3d10} necrotic damage. Only the {@spell Remove Curse} spell allows you to end attunement to this item."
        ]
      },
      {
        "type": "entries",
        "name": "Corrupting",
        "entries": [
          "This item corrupts. See the \"{@adventure Infernal Item Corruption|CoA|16|Infernal Item Corruption}\" section."
        ]
      }
    ],
    "html": "You have a +2 bonus to AC while wearing these bracers, if you do not wear armor or use a shield at the same time.\n<div class=\"parser-entries\"><div class=\"parser-entries-name\">Curse</div><div class=\"parser-entries-content\">While attuned to the bracers, you become obsessed with plotting, scheming, and manipulation. You always barter for better deals, often using secrets or leveraging other offers in the process. If you ever decline an opportunity to better yourself financially at another's expense, you immediately take {{@damage|3d10}} necrotic damage. Only the {{@spell|Remove Curse}} spell allows you to end attunement to this item.</div></div>\n<div class=\"parser-entries\"><div class=\"parser-entries-name\">Corrupting</div><div class=\"parser-entries-content\">This item corrupts. See the \"{{@adventure|Infernal Item Corruption|CoA|16|Infernal Item Corruption}}\" section.</div></div>"
  },
  "bonus": {
    "ac": 2
  }
}