{
  "dataType": "item",
  "uid": "item_Broom of Flying|DMG ",
  "id": "Broom of Flying|DMG",
  "weight": 3,
  "rarity": "uncommon",
  "isBaseItem": false,
  "full": {
    "en": {
      "images": [
        {
          "type": "image",
          "href": {
            "type": "internal",
            "path": "items/DMG/Broom of Flying.webp"
          }
        }
      ]
    },
    "zh": {
      "images": [
        {
          "type": "image",
          "href": {
            "type": "internal",
            "path": "items/DMG/Broom of Flying.webp"
          }
        }
      ]
    }
  },
  "baseItem": "",
  "displayName": {
    "zh": "飞天扫帚",
    "en": "Broom of Flying"
  },
  "mainSource": {
    "source": "DMG",
    "page": 156
  },
  "allSources": [
    {
      "source": "DMG",
      "page": 156
    },
    {
      "source": "XDMG",
      "page": 0
    },
    {
      "source": "XDMG",
      "page": 241
    }
  ],
  "relatedVersions": [
    "Broom of Flying|XDMG"
  ],
  "zh": {
    "name": "飞天扫帚",
    "source": "DMG",
    "page": 156,
    "srd": true,
    "reprintedAs": [
      "飞天扫帚|XDMG"
    ],
    "tier": "主要",
    "rarity": "uncommon",
    "wondrous": true,
    "weight": 3,
    "entries": [
      "这把木制扫帚重3磅，在你跨坐其上并说出命令语之前，它都像一把普通扫帚。之后它会在你身下悬浮，并可在空中骑行。它的飞行速度为50尺。最多可承载400磅重物，但载重超过200磅时飞行速度变为30尺。扫帚在你着陆后停止悬浮。",
      "你可以说出命令语并指明1里内一个你熟悉的地点，以此命令扫帚自行飞到该处。如果扫帚在你周围1里以内，则你可以用另一个命令语让它回到你身边。"
    ],
    "lootTables": [
      "魔法物品表F"
    ],
    "hasFluffImages": true,
    "ENG_name": "Broom of Flying",
    "html": "这把木制扫帚重3磅，在你跨坐其上并说出命令语之前，它都像一把普通扫帚。之后它会在你身下悬浮，并可在空中骑行。它的飞行速度为50尺。最多可承载400磅重物，但载重超过200磅时飞行速度变为30尺。扫帚在你着陆后停止悬浮。\n你可以说出命令语并指明1里内一个你熟悉的地点，以此命令扫帚自行飞到该处。如果扫帚在你周围1里以内，则你可以用另一个命令语让它回到你身边。"
  },
  "en": {
    "name": "Broom of Flying",
    "source": "DMG",
    "page": 156,
    "srd": true,
    "reprintedAs": [
      "Broom of Flying|XDMG"
    ],
    "tier": "major",
    "rarity": "uncommon",
    "wondrous": true,
    "weight": 3,
    "entries": [
      "This wooden broom, which weighs 3 pounds, functions like a mundane broom until you stand astride it and speak its command word. It then hovers beneath you and can be ridden in the air. It has a flying speed of 50 feet. It can carry up to 400 pounds, but its flying speed becomes 30 feet while carrying over 200 pounds. The broom stops hovering when you land.",
      "You can send the broom to travel alone to a destination within 1 mile of you if you speak the command word, name the location, and are familiar with that place. The broom comes back to you when you speak another command word, provided that the broom is still within 1 mile of you."
    ],
    "lootTables": [
      "Magic Item Table F"
    ],
    "hasFluffImages": true,
    "html": "This wooden broom, which weighs 3 pounds, functions like a mundane broom until you stand astride it and speak its command word. It then hovers beneath you and can be ridden in the air. It has a flying speed of 50 feet. It can carry up to 400 pounds, but its flying speed becomes 30 feet while carrying over 200 pounds. The broom stops hovering when you land.\nYou can send the broom to travel alone to a destination within 1 mile of you if you speak the command word, name the location, and are familiar with that place. The broom comes back to you when you speak another command word, provided that the broom is still within 1 mile of you."
  },
  "bonus": {}
}