{
  "dataType": "item",
  "uid": "item_Demon Skin|DitLCoT",
  "id": "Demon Skin|DitLCoT",
  "rarity": "rare",
  "isBaseItem": false,
  "displayName": {
    "zh": "恶魔皮肤",
    "en": "Demon Skin"
  },
  "mainSource": {
    "source": "DitLCoT",
    "page": 14
  },
  "allSources": [
    {
      "source": "DitLCoT",
      "page": 14
    }
  ],
  "zh": {
    "name": "恶魔皮肤",
    "type": "GV|DMG",
    "requires": [
      {
        "type": "HA"
      },
      {
        "type": "HA|XPHB"
      }
    ],
    "inherits": {
      "namePrefix": "恶魔皮肤",
      "source": "DitLCoT",
      "page": 14,
      "resist": [
        "毒素"
      ],
      "rarity": "rare",
      "reqAttune": true,
      "stealth": false,
      "entries": [
        "这套魔法护甲看起来像一壶冒着泡泡的黑色粘液。当你与它同调时，粘液会附着并包覆在你的皮肤上，装着它的罐子则会消失。你可以将这套盔甲穿在普通服装下方，且它不会妨碍你的身体活动能力。你着装它后，除非你将其主动脱下或你死亡，否则它无法被移除。若你将护甲移除，则此时罐子会重新出现，粘液会重新流回罐中。",
        "着装这套护甲期间，你获得对毒素伤害的抗性。这套护甲也不会导致你的敏捷（{@skill 隐匿}）检定具有劣势。\r\n"
      ]
    },
    "hasFluffImages": true,
    "ENG_name": "Demon Skin",
    "entries": [
      "这套魔法护甲看起来像一壶冒着泡泡的黑色粘液。当你与它同调时，粘液会附着并包覆在你的皮肤上，装着它的罐子则会消失。你可以将这套盔甲穿在普通服装下方，且它不会妨碍你的身体活动能力。你着装它后，除非你将其主动脱下或你死亡，否则它无法被移除。若你将护甲移除，则此时罐子会重新出现，粘液会重新流回罐中。",
      "着装这套护甲期间，你获得对毒素伤害的抗性。这套护甲也不会导致你的敏捷（{@skill 隐匿}）检定具有劣势。\r\n"
    ],
    "html": "这套魔法护甲看起来像一壶冒着泡泡的黑色粘液。当你与它同调时，粘液会附着并包覆在你的皮肤上，装着它的罐子则会消失。你可以将这套盔甲穿在普通服装下方，且它不会妨碍你的身体活动能力。你着装它后，除非你将其主动脱下或你死亡，否则它无法被移除。若你将护甲移除，则此时罐子会重新出现，粘液会重新流回罐中。\n着装这套护甲期间，你获得对毒素伤害的抗性。这套护甲也不会导致你的敏捷（{{@skill|隐匿}}）检定具有劣势。\r\n"
  },
  "en": {
    "name": "Demon Skin",
    "type": "GV|DMG",
    "requires": [
      {
        "type": "HA"
      },
      {
        "type": "HA|XPHB"
      }
    ],
    "inherits": {
      "namePrefix": "Demon Skin ",
      "source": "DitLCoT",
      "page": 14,
      "resist": [
        "poison"
      ],
      "rarity": "rare",
      "reqAttune": true,
      "stealth": false,
      "entries": [
        "This magic armor appears as a pot of bubbling black ichor. When you attune to it, the ichor adheres to and contours to your skin, and the pot disappears. The armor can be worn under normal clothes, and it doesn't impede bodily functions. Once you put it on, it can't be removed unless you choose to do so or you die, at which point the pot reappears and the ichor flows back into it.",
        "While wearing the armor, you have resistance to poison damage. The armor also doesn't impose disadvantage on Dexterity ({@skill Stealth}) checks."
      ]
    },
    "hasFluffImages": true,
    "entries": [
      "This magic armor appears as a pot of bubbling black ichor. When you attune to it, the ichor adheres to and contours to your skin, and the pot disappears. The armor can be worn under normal clothes, and it doesn't impede bodily functions. Once you put it on, it can't be removed unless you choose to do so or you die, at which point the pot reappears and the ichor flows back into it.",
      "While wearing the armor, you have resistance to poison damage. The armor also doesn't impose disadvantage on Dexterity ({@skill Stealth}) checks."
    ],
    "html": "This magic armor appears as a pot of bubbling black ichor. When you attune to it, the ichor adheres to and contours to your skin, and the pot disappears. The armor can be worn under normal clothes, and it doesn't impede bodily functions. Once you put it on, it can't be removed unless you choose to do so or you die, at which point the pot reappears and the ichor flows back into it.\nWhile wearing the armor, you have resistance to poison damage. The armor also doesn't impose disadvantage on Dexterity ({{@skill|Stealth}}) checks."
  }
}