{
  "dataType": "item",
  "uid": "item_Flames Card|BMT ",
  "id": "Flames Card|BMT",
  "rarity": "legendary",
  "isBaseItem": false,
  "full": {
    "en": {
      "images": [
        {
          "type": "image",
          "href": {
            "type": "internal",
            "path": "decks/BMT/Deck of Many Things/20-flames.webp"
          },
          "credit": "Harry Conway"
        }
      ]
    },
    "zh": {
      "images": [
        {
          "type": "image",
          "href": {
            "type": "internal",
            "path": "decks/BMT/Deck of Many Things/20-flames.webp"
          },
          "credit": "Harry Conway"
        }
      ]
    }
  },
  "baseItem": "",
  "displayName": {
    "zh": "火焰卡",
    "en": "Flames Card"
  },
  "mainSource": {
    "source": "BMT",
    "page": 13
  },
  "allSources": [
    {
      "source": "BMT",
      "page": 13
    }
  ],
  "zh": {
    "name": "火焰卡",
    "source": "BMT",
    "page": 13,
    "rarity": "legendary",
    "wondrous": true,
    "recharge": "拂晓",
    "entries": [
      "你可以使用这张卡牌召唤一个魔鬼。这张卡牌与{@filter 一个挑战等级为8或更低的特定魔鬼|bestiary|source=|Challenge Rating=[&0;&8]|tag=devil|miscellaneous=}同调。作为动作，你可以举起这张卡牌，召唤该魔鬼，它将出现在距你30尺内可见的未被占用空间内。魔鬼对你和你的同伴的初始态度为敌意。为魔鬼掷先攻，它拥有自己的回合。由DM决定该生物的数据卡。你在每个回合都可以对魔鬼发出口头命令（无需动作），只要你握住这张卡牌，魔鬼就会听从你的命令。否则，魔鬼将受DM控制并根据其本性行事，如果认为可以取胜，它可能会攻击你，或者试图引诱你进行邪恶行为以换取进一步的服务。1分钟后或当魔鬼的生命值降至0时，它将返回下层位面。这一属性一经使用，直到次日黎明之前无法再次使用。"
    ],
    "hasFluffImages": true,
    "ENG_name": "Flames Card",
    "html": "你可以使用这张卡牌召唤一个魔鬼。这张卡牌与{{@filter|一个挑战等级为8或更低的特定魔鬼|bestiary|source=|Challenge Rating=[&0;&8]|tag=devil|miscellaneous=}}同调。作为动作，你可以举起这张卡牌，召唤该魔鬼，它将出现在距你30尺内可见的未被占用空间内。魔鬼对你和你的同伴的初始态度为敌意。为魔鬼掷先攻，它拥有自己的回合。由DM决定该生物的数据卡。你在每个回合都可以对魔鬼发出口头命令（无需动作），只要你握住这张卡牌，魔鬼就会听从你的命令。否则，魔鬼将受DM控制并根据其本性行事，如果认为可以取胜，它可能会攻击你，或者试图引诱你进行邪恶行为以换取进一步的服务。1分钟后或当魔鬼的生命值降至0时，它将返回下层位面。这一属性一经使用，直到次日黎明之前无法再次使用。"
  },
  "en": {
    "name": "Flames Card",
    "source": "BMT",
    "page": 13,
    "rarity": "legendary",
    "wondrous": true,
    "recharge": "dawn",
    "entries": [
      "You can use this card to summon a devil. The card is attuned to {@filter a specific devil with a challenge rating of 8 or lower|bestiary|source=|Challenge Rating=[&0;&8]|tag=devil|miscellaneous=}. As an action, you can hold this card aloft and summon that devil, which appears in an unoccupied space you can see within 30 feet of you. The devil is initially unfriendly toward you and your companions. Roll initiative for the devil, which has its own turns. The DM has the creature's stat block. On each of your turns, you can issue a verbal command to the devil (no action required by you), and as long as you are holding this card, the devil obeys your commands. Otherwise, it is under the DM's control and acts according to its nature—it might attack you if it thinks it can prevail or try to tempt you to undertake an evil act in exchange for further service. After 1 minute or when the devil's hit points drop to 0, the devil returns to the Lower Planes. Once this property is used, it can't be used again until the next dawn."
    ],
    "hasFluffImages": true,
    "html": "You can use this card to summon a devil. The card is attuned to {{@filter|a specific devil with a challenge rating of 8 or lower|bestiary|source=|Challenge Rating=[&0;&8]|tag=devil|miscellaneous=}}. As an action, you can hold this card aloft and summon that devil, which appears in an unoccupied space you can see within 30 feet of you. The devil is initially unfriendly toward you and your companions. Roll initiative for the devil, which has its own turns. The DM has the creature's stat block. On each of your turns, you can issue a verbal command to the devil (no action required by you), and as long as you are holding this card, the devil obeys your commands. Otherwise, it is under the DM's control and acts according to its nature—it might attack you if it thinks it can prevail or try to tempt you to undertake an evil act in exchange for further service. After 1 minute or when the devil's hit points drop to 0, the devil returns to the Lower Planes. Once this property is used, it can't be used again until the next dawn."
  },
  "bonus": {}
}