{
  "dataType": "item",
  "uid": "item_Figurine of Wondrous Power, Ivory Goats|DMG ",
  "id": "Figurine of Wondrous Power, Ivory Goats|DMG",
  "rarity": "rare",
  "isBaseItem": false,
  "baseItem": "",
  "displayName": {
    "zh": "异能塑像，象牙山羊",
    "en": "Figurine of Wondrous Power, Ivory Goats"
  },
  "mainSource": {
    "source": "DMG",
    "page": 169
  },
  "allSources": [
    {
      "source": "DMG",
      "page": 169
    },
    {
      "source": "XDMG",
      "page": 0
    },
    {
      "source": "XDMG",
      "page": 261
    }
  ],
  "relatedVersions": [
    "Figurine of Wondrous Power, Ivory Goats|XDMG"
  ],
  "zh": {
    "name": "异能塑像，象牙山羊",
    "source": "DMG",
    "page": 169,
    "srd": true,
    "reprintedAs": [
      "异能塑像，象牙山羊|XDMG"
    ],
    "tier": "主要",
    "rarity": "rare",
    "wondrous": true,
    "charges": 24,
    "entries": [
      "异能塑像是小到可以装在口袋里的野兽雕像。如果你用一个动作说出命令语并把雕像扔到你周围60尺以内的某处，雕像将变成一只活体生物。如果该生物出现的空间被其他生物或物件占据，或者周围的空间不足以容纳该生物，则雕像不会变成生物。",
      "雕像变成的生物对你和你的同伴态度友善。它能听懂你的语言并会按你的口头命令行事。如果你不下达任何命令，则该生物会保护自己而不作其他动作。",
      "生物存在的时间依雕像而不同。持续时间结束时，生物将变回异能塑像形态。它的生命值降至0，或你用一个动作再次说出命令语并碰触它时，它将提前变回雕像状态。当生物再次变为塑像时，其属性必须经过一段时间后才能再次启动，时间长短依雕像种类而不同。",
      {
        "ENG_name": "{@creature riding horse||Ivory Goats}",
        "name": "{@creature riding horse||Ivory Goats}",
        "type": "entries",
        "entries": [
          "这些象牙制成的山羊雕像总是三个为一组制造。每个山羊雕像都有独特的外形和功能，如下所述：",
          {
            "type": "list",
            "items": [
              "旅行山羊可以变为一只与{@creature 乘用马}具有相同具体数值的大型山羊。它有24发充能，处于野兽形态下时每小时（不足1小时按1小时计）将消耗1发充能。只要雕像还有充能，你就能随意使用它。当充能耗尽时，它将变回雕像且需要等到7日后充能恢复时才能再次启动。",
              "苦工山羊变为一只{@creature 巨山羊}，其存在至多维持3小时。使用后，此雕像需要经过30日才能再次启动。",
              "惊骇山羊可以变为一只{@creature 巨山羊}并至多维持3小时。该山羊无法发动攻击，但你可以卸下它的角作为武器。其中一只角变为+1骑枪，而另一只角则变为+2长剑。卸下角需要一个动作，且当山羊变回雕像形态时，这些武器会消失而角会重新长出。此外，当你骑乘该山羊时，它会散发出30尺半径的恐惧灵光。任何对你敌对的生物若在其回合开始时处于该灵光内，则必须成功通过{@dc 15}的感知豁免否则会对该山羊陷入{@condition 恐慌}状态1分钟，或直到山羊变回雕像形态。该{@condition 恐慌}生物可以在其自己每回合结束时再次进行该豁免，成功则终止其自己身上的该效应。一旦生物成功通过该豁免，它将在随后的24小时里免疫该山羊的恐惧灵光。使用后，此雕像需要经过15日才能再次启动。"
            ]
          }
        ]
      }
    ],
    "lootTables": [
      "魔法物品表G"
    ],
    "ENG_name": "Figurine of Wondrous Power, Ivory Goats",
    "html": "异能塑像是小到可以装在口袋里的野兽雕像。如果你用一个动作说出命令语并把雕像扔到你周围60尺以内的某处，雕像将变成一只活体生物。如果该生物出现的空间被其他生物或物件占据，或者周围的空间不足以容纳该生物，则雕像不会变成生物。\n雕像变成的生物对你和你的同伴态度友善。它能听懂你的语言并会按你的口头命令行事。如果你不下达任何命令，则该生物会保护自己而不作其他动作。\n生物存在的时间依雕像而不同。持续时间结束时，生物将变回异能塑像形态。它的生命值降至0，或你用一个动作再次说出命令语并碰触它时，它将提前变回雕像状态。当生物再次变为塑像时，其属性必须经过一段时间后才能再次启动，时间长短依雕像种类而不同。\n<div class=\"parser-entries\"><div class=\"parser-entries-name\">{{@creature|riding horse||Ivory Goats}}</div><div class=\"parser-entries-eng-name\">{{@creature|riding horse||Ivory Goats}}</div><div class=\"parser-entries-content\">这些象牙制成的山羊雕像总是三个为一组制造。每个山羊雕像都有独特的外形和功能，如下所述：<ul class=\"parser-list parser-list-default\"><li>旅行山羊可以变为一只与{{@creature|乘用马}}具有相同具体数值的大型山羊。它有24发充能，处于野兽形态下时每小时（不足1小时按1小时计）将消耗1发充能。只要雕像还有充能，你就能随意使用它。当充能耗尽时，它将变回雕像且需要等到7日后充能恢复时才能再次启动。</li><li>苦工山羊变为一只{{@creature|巨山羊}}，其存在至多维持3小时。使用后，此雕像需要经过30日才能再次启动。</li><li>惊骇山羊可以变为一只{{@creature|巨山羊}}并至多维持3小时。该山羊无法发动攻击，但你可以卸下它的角作为武器。其中一只角变为+1骑枪，而另一只角则变为+2长剑。卸下角需要一个动作，且当山羊变回雕像形态时，这些武器会消失而角会重新长出。此外，当你骑乘该山羊时，它会散发出30尺半径的恐惧灵光。任何对你敌对的生物若在其回合开始时处于该灵光内，则必须成功通过{{@dc|15}}的感知豁免否则会对该山羊陷入{{@condition|恐慌}}状态1分钟，或直到山羊变回雕像形态。该{{@condition|恐慌}}生物可以在其自己每回合结束时再次进行该豁免，成功则终止其自己身上的该效应。一旦生物成功通过该豁免，它将在随后的24小时里免疫该山羊的恐惧灵光。使用后，此雕像需要经过15日才能再次启动。</li></ul></div></div>"
  },
  "en": {
    "name": "Figurine of Wondrous Power, Ivory Goats",
    "source": "DMG",
    "page": 169,
    "srd": true,
    "reprintedAs": [
      "Figurine of Wondrous Power, Ivory Goats|XDMG"
    ],
    "tier": "major",
    "rarity": "rare",
    "wondrous": true,
    "charges": 24,
    "entries": [
      "A figurine of wondrous power is a statuette of a beast small enough to fit in a pocket. If you use an action to speak the command word and throw the figurine to a point on the ground within 60 feet of you, the figurine becomes a living creature. If the space where the creature would appear is occupied by other creatures or objects, or if there isn't enough space for the creature, the figurine doesn't become a creature.",
      "The creature is friendly to you and your companions. It understands your languages and obeys your spoken commands. If you issue no commands, the creature defends itself but takes no other actions.",
      "The creature exists for a duration specific to each figurine. At the end of the duration, the creature reverts to its figurine form. It reverts to a figurine early if it drops to 0 hit points or if you use an action to speak the command word again while touching it. When the creature becomes a figurine again, its property can't be used again until a certain amount of time has passed, as specified in the figurine's description.",
      {
        "type": "entries",
        "name": "{@creature riding horse||Ivory Goats}",
        "entries": [
          "These ivory statuettes of goats are always created in sets of three. Each goat looks unique and functions differently from the others. Their properties are as follows:",
          {
            "type": "list",
            "items": [
              "The goat of traveling can become a Large goat with the same statistics as a {@creature riding horse}. It has 24 charges, and each hour or portion thereof it spends in beast form costs 1 charge. While it has charges, you can use it as often as you wish. When it runs out of charges, it reverts to a figurine and can't be used again until 7 days have passed, when it regains all its charges.",
              "The goat of travail becomes a {@creature giant goat} for up to 3 hours. Once it has been used, it can't be used again until 30 days have passed.",
              "The goat of terror becomes a {@creature giant goat} for up to 3 hours. The goat can't attack, but you can remove its horns and use them as weapons. One horn becomes a +1 lance, and the other becomes a +2 longsword. Removing a horn requires an action, and the weapons disappear and the horns return when the goat reverts to figurine form. In addition, the goat radiates a 30-foot-radius aura of terror while you are riding it. Any creature hostile to you that starts its turn in the aura must succeed on a {@dc 15} Wisdom saving throw or be {@condition frightened} of the goat for 1 minute, or until the goat reverts to figurine form. The {@condition frightened} creature can repeat the saving throw at the end of each of its turns, ending the effect on itself on a success. Once it successfully saves against the effect, a creature is immune to the goat's aura for the next 24 hours. Once the figurine has been used, it can't be used again until 15 days have passed."
            ]
          }
        ]
      }
    ],
    "lootTables": [
      "Magic Item Table G"
    ],
    "html": "A figurine of wondrous power is a statuette of a beast small enough to fit in a pocket. If you use an action to speak the command word and throw the figurine to a point on the ground within 60 feet of you, the figurine becomes a living creature. If the space where the creature would appear is occupied by other creatures or objects, or if there isn't enough space for the creature, the figurine doesn't become a creature.\nThe creature is friendly to you and your companions. It understands your languages and obeys your spoken commands. If you issue no commands, the creature defends itself but takes no other actions.\nThe creature exists for a duration specific to each figurine. At the end of the duration, the creature reverts to its figurine form. It reverts to a figurine early if it drops to 0 hit points or if you use an action to speak the command word again while touching it. When the creature becomes a figurine again, its property can't be used again until a certain amount of time has passed, as specified in the figurine's description.\n<div class=\"parser-entries\"><div class=\"parser-entries-name\">{{@creature|riding horse||Ivory Goats}}</div><div class=\"parser-entries-content\">These ivory statuettes of goats are always created in sets of three. Each goat looks unique and functions differently from the others. Their properties are as follows:<ul class=\"parser-list parser-list-default\"><li>The goat of traveling can become a Large goat with the same statistics as a {{@creature|riding horse}}. It has 24 charges, and each hour or portion thereof it spends in beast form costs 1 charge. While it has charges, you can use it as often as you wish. When it runs out of charges, it reverts to a figurine and can't be used again until 7 days have passed, when it regains all its charges.</li><li>The goat of travail becomes a {{@creature|giant goat}} for up to 3 hours. Once it has been used, it can't be used again until 30 days have passed.</li><li>The goat of terror becomes a {{@creature|giant goat}} for up to 3 hours. The goat can't attack, but you can remove its horns and use them as weapons. One horn becomes a +1 lance, and the other becomes a +2 longsword. Removing a horn requires an action, and the weapons disappear and the horns return when the goat reverts to figurine form. In addition, the goat radiates a 30-foot-radius aura of terror while you are riding it. Any creature hostile to you that starts its turn in the aura must succeed on a {{@dc|15}} Wisdom saving throw or be {{@condition|frightened}} of the goat for 1 minute, or until the goat reverts to figurine form. The {{@condition|frightened}} creature can repeat the saving throw at the end of each of its turns, ending the effect on itself on a success. Once it successfully saves against the effect, a creature is immune to the goat's aura for the next 24 hours. Once the figurine has been used, it can't be used again until 15 days have passed.</li></ul></div></div>"
  },
  "charge": {
    "max": 24
  },
  "bonus": {}
}