{
  "dataType": "item",
  "uid": "item_Sage's Signet|BMT ",
  "id": "Sage's Signet|BMT",
  "rarity": "varies",
  "isBaseItem": false,
  "baseItem": "",
  "items": [
    "贤者印记（熊）|BMT",
    "贤者印记（鹿）|BMT",
    "贤者印记（狮）|BMT",
    "贤者印记（蛇）|BMT",
    "贤者印记（鸣禽）|BMT",
    "贤者印记（狼）|BMT"
  ],
  "displayName": {
    "zh": "贤者印记",
    "en": "Sage's Signet"
  },
  "mainSource": {
    "source": "BMT",
    "page": 37
  },
  "allSources": [
    {
      "source": "BMT",
      "page": 37
    }
  ],
  "zh": {
    "name": "贤者印记",
    "source": "BMT",
    "page": 37,
    "type": "RG|DMG",
    "rarity": "varies",
    "reqAttune": "由施法者",
    "reqAttuneTags": [
      {
        "spellcasting": true
      }
    ],
    "entries": [
      "这枚刻有精美浮雕的镀金戒指充满了敏锐的智慧和远见的力量。着装此戒指期间，你可以用一个动作通过戒指施放{@spell 卜筮术}。此法术一经戒指施放，直到下次黎明前不能再次以此法施放该法术。",
      "贤者印记有六种款式，每种都刻着不同的图章（见下表）。戒指的图章决定了它的稀有度以及它可以施放的额外法术。着装此戒指期间，你可以使用智力作为施法属性，从戒指中施放每个额外法术一次。一旦你从戒指中施放了每个额外法术，直到下次黎明前不能再次施放该法术。",
      {
        "type": "table",
        "caption": "贤者印记",
        "colStyles": [
          "col-2",
          "col-2",
          "col-8"
        ],
        "colLabels": [
          "印记",
          "稀有度",
          "法术"
        ],
        "rows": [
          [
            "{@item 贤者印记（熊）|BMT|熊}",
            "极珍稀",
            "{@spell 变巨/缩小术}, {@spell 变形术}"
          ],
          [
            "{@item 贤者印记（鹿）|BMT|鹿}",
            "极珍稀",
            "{@spell 活力灵光}, {@spell 群体疗伤术}"
          ],
          [
            "{@item 贤者印记（狮）|BMT|狮子}",
            "极珍稀",
            "{@spell 湮灭波}, {@spell 火球术}"
          ],
          [
            "{@item 贤者印记（蛇）|BMT|蛇}",
            "珍稀",
            "{@spell 恐惧术}, {@spell 脆弱诅咒}"
          ],
          [
            "{@item 贤者印记（鸣禽）|BMT|鸣禽}",
            "珍稀",
            "{@spell 魅惑类人}, {@spell 催眠图纹}"
          ],
          [
            "{@item 贤者印记（狼）|BMT|狼}",
            "极珍稀",
            "{@spell 行动自如}, {@spell 行动无踪}"
          ]
        ]
      }
    ],
    "items": [
      "贤者印记（熊）|BMT",
      "贤者印记（鹿）|BMT",
      "贤者印记（狮）|BMT",
      "贤者印记（蛇）|BMT",
      "贤者印记（鸣禽）|BMT",
      "贤者印记（狼）|BMT"
    ],
    "attachedSpells": {
      "daily": {
        "1e": [
          "卜筮术"
        ]
      },
      "ability": "int"
    },
    "ENG_name": "Sage's Signet",
    "html": "这枚刻有精美浮雕的镀金戒指充满了敏锐的智慧和远见的力量。着装此戒指期间，你可以用一个动作通过戒指施放{{@spell|卜筮术}}。此法术一经戒指施放，直到下次黎明前不能再次以此法施放该法术。\n贤者印记有六种款式，每种都刻着不同的图章（见下表）。戒指的图章决定了它的稀有度以及它可以施放的额外法术。着装此戒指期间，你可以使用智力作为施法属性，从戒指中施放每个额外法术一次。一旦你从戒指中施放了每个额外法术，直到下次黎明前不能再次施放该法术。\n<table class=\"wiki-table\"><caption>贤者印记</caption><tr><th class=\"parser-col-2\">印记</th><th class=\"parser-col-2\">稀有度</th><th class=\"parser-col-8\">法术</th></tr><tr><td class=\"parser-col-2\">{{@item|贤者印记（熊）|BMT|熊}}</td><td class=\"parser-col-2\">极珍稀</td><td class=\"parser-col-8\">{{@spell|变巨/缩小术}}, {{@spell|变形术}}</td></tr><tr><td class=\"parser-col-2\">{{@item|贤者印记（鹿）|BMT|鹿}}</td><td class=\"parser-col-2\">极珍稀</td><td class=\"parser-col-8\">{{@spell|活力灵光}}, {{@spell|群体疗伤术}}</td></tr><tr><td class=\"parser-col-2\">{{@item|贤者印记（狮）|BMT|狮子}}</td><td class=\"parser-col-2\">极珍稀</td><td class=\"parser-col-8\">{{@spell|湮灭波}}, {{@spell|火球术}}</td></tr><tr><td class=\"parser-col-2\">{{@item|贤者印记（蛇）|BMT|蛇}}</td><td class=\"parser-col-2\">珍稀</td><td class=\"parser-col-8\">{{@spell|恐惧术}}, {{@spell|脆弱诅咒}}</td></tr><tr><td class=\"parser-col-2\">{{@item|贤者印记（鸣禽）|BMT|鸣禽}}</td><td class=\"parser-col-2\">珍稀</td><td class=\"parser-col-8\">{{@spell|魅惑类人}}, {{@spell|催眠图纹}}</td></tr><tr><td class=\"parser-col-2\">{{@item|贤者印记（狼）|BMT|狼}}</td><td class=\"parser-col-2\">极珍稀</td><td class=\"parser-col-8\">{{@spell|行动自如}}, {{@spell|行动无踪}}</td></tr></table>"
  },
  "en": {
    "name": "Sage's Signet",
    "source": "BMT",
    "page": 37,
    "type": "RG|DMG",
    "rarity": "varies",
    "reqAttune": "by a spellcaster",
    "reqAttuneTags": [
      {
        "spellcasting": true
      }
    ],
    "entries": [
      "This gilded ring bears a beautiful engraving and is imbued with powers of keen wisdom and foresight. While wearing this ring, you can use an action to cast the {@spell Augury} spell from the ring. Once you use the ring to cast the spell, the ring can't cast the spell again until the next dawn.",
      "Six varieties of Sage's Signet rings exist, each with a different signet (see the table below). A ring's signet determines its rarity as well as the additional spells it can cast. While wearing a Sage's Signet, you can cast each of its additional spells once from the ring using your Intelligence as the spellcasting ability. Once you cast each of the additional spells from the ring, it can't cast the spell again until the next dawn.",
      {
        "type": "table",
        "caption": "Sage's Signet",
        "colStyles": [
          "col-2",
          "col-2",
          "col-8"
        ],
        "colLabels": [
          "Signet",
          "Rarity",
          "Spells"
        ],
        "rows": [
          [
            "{@item Sage's Signet (Bear)|BMT|Bear}",
            "Very rare",
            "{@spell Enlarge/Reduce}, {@spell Polymorph}"
          ],
          [
            "{@item Sage's Signet (Hart)|BMT|Hart}",
            "Very rare",
            "{@spell Aura of Vitality}, {@spell Mass Cure Wounds}"
          ],
          [
            "{@item Sage's Signet (Lion)|BMT|Lion}",
            "Very rare",
            "{@spell Destructive Wave}, {@spell Fireball}"
          ],
          [
            "{@item Sage's Signet (Serpent)|BMT|Serpent}",
            "Rare",
            "{@spell Fear}, {@spell Hex}"
          ],
          [
            "{@item Sage's Signet (Songbird)|BMT|Songbird}",
            "Rare",
            "{@spell Charm Person}, {@spell Hypnotic Pattern}"
          ],
          [
            "{@item Sage's Signet (Wolf)|BMT|Wolf}",
            "Very rare",
            "{@spell Freedom of Movement}, {@spell Pass without Trace}"
          ]
        ]
      }
    ],
    "items": [
      "Sage's Signet (Bear)|BMT",
      "Sage's Signet (Hart)|BMT",
      "Sage's Signet (Lion)|BMT",
      "Sage's Signet (Serpent)|BMT",
      "Sage's Signet (Songbird)|BMT",
      "Sage's Signet (Wolf)|BMT"
    ],
    "attachedSpells": {
      "daily": {
        "1e": [
          "augury"
        ]
      },
      "ability": "int"
    },
    "html": "This gilded ring bears a beautiful engraving and is imbued with powers of keen wisdom and foresight. While wearing this ring, you can use an action to cast the {{@spell|Augury}} spell from the ring. Once you use the ring to cast the spell, the ring can't cast the spell again until the next dawn.\nSix varieties of Sage's Signet rings exist, each with a different signet (see the table below). A ring's signet determines its rarity as well as the additional spells it can cast. While wearing a Sage's Signet, you can cast each of its additional spells once from the ring using your Intelligence as the spellcasting ability. Once you cast each of the additional spells from the ring, it can't cast the spell again until the next dawn.\n<table class=\"wiki-table\"><caption>Sage's Signet</caption><tr><th class=\"parser-col-2\">Signet</th><th class=\"parser-col-2\">Rarity</th><th class=\"parser-col-8\">Spells</th></tr><tr><td class=\"parser-col-2\">{{@item|Sage's Signet (Bear)|BMT|Bear}}</td><td class=\"parser-col-2\">Very rare</td><td class=\"parser-col-8\">{{@spell|Enlarge/Reduce}}, {{@spell|Polymorph}}</td></tr><tr><td class=\"parser-col-2\">{{@item|Sage's Signet (Hart)|BMT|Hart}}</td><td class=\"parser-col-2\">Very rare</td><td class=\"parser-col-8\">{{@spell|Aura of Vitality}}, {{@spell|Mass Cure Wounds}}</td></tr><tr><td class=\"parser-col-2\">{{@item|Sage's Signet (Lion)|BMT|Lion}}</td><td class=\"parser-col-2\">Very rare</td><td class=\"parser-col-8\">{{@spell|Destructive Wave}}, {{@spell|Fireball}}</td></tr><tr><td class=\"parser-col-2\">{{@item|Sage's Signet (Serpent)|BMT|Serpent}}</td><td class=\"parser-col-2\">Rare</td><td class=\"parser-col-8\">{{@spell|Fear}}, {{@spell|Hex}}</td></tr><tr><td class=\"parser-col-2\">{{@item|Sage's Signet (Songbird)|BMT|Songbird}}</td><td class=\"parser-col-2\">Rare</td><td class=\"parser-col-8\">{{@spell|Charm Person}}, {{@spell|Hypnotic Pattern}}</td></tr><tr><td class=\"parser-col-2\">{{@item|Sage's Signet (Wolf)|BMT|Wolf}}</td><td class=\"parser-col-2\">Very rare</td><td class=\"parser-col-8\">{{@spell|Freedom of Movement}}, {{@spell|Pass without Trace}}</td></tr></table>"
  },
  "bonus": {}
}