{
  "dataType": "item",
  "uid": "item_Sage Card|BMT ",
  "id": "Sage Card|BMT",
  "rarity": "legendary",
  "isBaseItem": false,
  "full": {
    "en": {
      "images": [
        {
          "type": "image",
          "href": {
            "type": "internal",
            "path": "decks/BMT/Deck of Many Things/07-sage.webp"
          },
          "credit": "Joanna Barnum"
        }
      ]
    },
    "zh": {
      "images": [
        {
          "type": "image",
          "href": {
            "type": "internal",
            "path": "decks/BMT/Deck of Many Things/07-sage.webp"
          },
          "credit": "Joanna Barnum"
        }
      ]
    }
  },
  "baseItem": "",
  "displayName": {
    "zh": "贤者卡",
    "en": "Sage Card"
  },
  "mainSource": {
    "source": "BMT",
    "page": 15
  },
  "allSources": [
    {
      "source": "BMT",
      "page": 15
    }
  ],
  "zh": {
    "name": "贤者卡",
    "source": "BMT",
    "page": 15,
    "rarity": "legendary",
    "wondrous": true,
    "recharge": "拂晓",
    "entries": [
      "作为动作，你可以挥舞这张卡牌并用其施放{@spell 异界探知}法术。当你以此方式施放法术时，你的问题将由卡牌上所描绘的神秘人物回答。这一属性一经使用，直到次日黎明之前无法再次使用。"
    ],
    "attachedSpells": {
      "daily": {
        "1e": [
          "异界探知"
        ]
      }
    },
    "hasFluffImages": true,
    "ENG_name": "Sage Card",
    "html": "作为动作，你可以挥舞这张卡牌并用其施放{{@spell|异界探知}}法术。当你以此方式施放法术时，你的问题将由卡牌上所描绘的神秘人物回答。这一属性一经使用，直到次日黎明之前无法再次使用。"
  },
  "en": {
    "name": "Sage Card",
    "source": "BMT",
    "page": 15,
    "rarity": "legendary",
    "wondrous": true,
    "recharge": "dawn",
    "entries": [
      "As an action, you can brandish this card and use it to cast the {@spell Contact Other Plane} spell. When you cast the spell in this way, your questions are answered by the mysterious figure depicted on the card. Once this property is used, it can't be used again until the next dawn."
    ],
    "attachedSpells": {
      "daily": {
        "1e": [
          "contact other plane"
        ]
      }
    },
    "hasFluffImages": true,
    "html": "As an action, you can brandish this card and use it to cast the {{@spell|Contact Other Plane}} spell. When you cast the spell in this way, your questions are answered by the mysterious figure depicted on the card. Once this property is used, it can't be used again until the next dawn."
  },
  "bonus": {}
}