{
  "dataType": "item",
  "uid": "item_+3 Shield (*)|DMG",
  "id": "+3 Shield (*)|DMG",
  "rarity": "very rare",
  "isBaseItem": false,
  "displayName": {
    "zh": "+3 盾牌 (*)",
    "en": "+3 Shield (*)"
  },
  "mainSource": {
    "source": "DMG",
    "page": 200
  },
  "allSources": [
    {
      "source": "DMG",
      "page": 200
    },
    {
      "source": "XDMG",
      "page": 0
    },
    {
      "source": "XDMG",
      "page": 303
    }
  ],
  "relatedVersions": [
    "+3 Shield (*)|XDMG"
  ],
  "zh": {
    "name": "+3 盾牌 (*)",
    "edition": "classic",
    "type": "GV|DMG",
    "requires": [
      {
        "type": "S"
      },
      {
        "type": "S|XPHB"
      }
    ],
    "entries": [
      "{@note * 该通用变体与物品{@item +3 盾牌}具有相同的名称和来源}.",
      "持有这个盾牌时，你的AC值会增加+3。这个加成是盾牌正常AC加成之外的额外加成。"
    ],
    "inherits": {
      "namePrefix": "+3 ",
      "source": "DMG",
      "page": 200,
      "srd": true,
      "reprintedAs": [
        "+3 盾牌 (*)|XDMG"
      ],
      "tier": "主要",
      "rarity": "very rare",
      "bonusAc": "+3",
      "entries": [
        "持有这个盾牌时，你的AC值会增加{=bonusAc}。这个加成是盾牌正常AC加成之外的额外加成。"
      ]
    },
    "ENG_name": "+3 Shield (*)",
    "html": "{{@note|* 该通用变体与物品{@item +3 盾牌}}具有相同的名称和来源}.\n持有这个盾牌时，你的AC值会增加+3。这个加成是盾牌正常AC加成之外的额外加成。"
  },
  "en": {
    "name": "+3 Shield (*)",
    "edition": "classic",
    "type": "GV|DMG",
    "requires": [
      {
        "type": "S"
      },
      {
        "type": "S|XPHB"
      }
    ],
    "entries": [
      "{@note * This generic variant has the same name and source as the item {@item +3 shield}}.",
      "While holding this shield, you have a +3 bonus to AC. This bonus is in addition to the shield's normal bonus to AC."
    ],
    "inherits": {
      "namePrefix": "+3 ",
      "source": "DMG",
      "page": 200,
      "srd": true,
      "reprintedAs": [
        "+3 Shield (*)|XDMG"
      ],
      "tier": "major",
      "rarity": "very rare",
      "bonusAc": "+3",
      "entries": [
        "While holding this shield, you have a {=bonusAc} bonus to AC. This bonus is in addition to the shield's normal bonus to AC."
      ]
    },
    "html": "{{@note|* This generic variant has the same name and source as the item {@item +3 shield}}}.\nWhile holding this shield, you have a +3 bonus to AC. This bonus is in addition to the shield's normal bonus to AC."
  }
}