{
  "dataType": "item",
  "uid": "item_Carved harp of exotic wood with ivory inlay and zircon gems|DMG ",
  "id": "Carved harp of exotic wood with ivory inlay and zircon gems|DMG",
  "value": 75000,
  "rarity": "none",
  "isBaseItem": false,
  "baseItem": "",
  "displayName": {
    "zh": "由异国木材精雕而成，以锆石和象牙装饰的竖琴",
    "en": "Carved harp of exotic wood with ivory inlay and zircon gems"
  },
  "mainSource": {
    "source": "DMG",
    "page": 135
  },
  "allSources": [
    {
      "source": "DMG",
      "page": 135
    },
    {
      "source": "XDMG",
      "page": 0
    },
    {
      "source": "XDMG",
      "page": 215
    }
  ],
  "relatedVersions": [
    "Carved wooden harp with ivory inlay and zircon gems|XDMG"
  ],
  "zh": {
    "name": "由异国木材精雕而成，以锆石和象牙装饰的竖琴",
    "source": "DMG",
    "page": 135,
    "reprintedAs": [
      "由异国木材精雕而成，以锆石和象牙装饰的竖琴|XDMG"
    ],
    "type": "$A|DMG",
    "rarity": "none",
    "value": 75000,
    "ENG_name": "Carved harp of exotic wood with ivory inlay and zircon gems",
    "entries": [],
    "html": ""
  },
  "en": {
    "name": "Carved harp of exotic wood with ivory inlay and zircon gems",
    "source": "DMG",
    "page": 135,
    "reprintedAs": [
      "Carved wooden harp with ivory inlay and zircon gems|XDMG"
    ],
    "type": "$A|DMG",
    "rarity": "none",
    "value": 75000,
    "entries": [],
    "html": ""
  },
  "bonus": {}
}