{
  "dataType": "item",
  "uid": "item_Belt of Fire Giant Strength|DMG ",
  "id": "Belt of Fire Giant Strength|DMG",
  "rarity": "very rare",
  "isBaseItem": false,
  "baseItem": "",
  "displayName": {
    "zh": "火巨人力量腰带",
    "en": "Belt of Fire Giant Strength"
  },
  "mainSource": {
    "source": "DMG",
    "page": 155
  },
  "allSources": [
    {
      "source": "DMG",
      "page": 155
    },
    {
      "source": "XDMG",
      "page": 0
    },
    {
      "source": "XDMG",
      "page": 236
    }
  ],
  "relatedVersions": [
    "Belt of Fire Giant Strength|XDMG"
  ],
  "zh": {
    "name": "火巨人力量腰带",
    "source": "DMG",
    "page": 155,
    "srd": true,
    "reprintedAs": [
      "火巨人力量腰带|XDMG"
    ],
    "tier": "主要",
    "rarity": "very rare",
    "reqAttune": true,
    "wondrous": true,
    "ability": {
      "static": {
        "str": 25
      }
    },
    "entries": [
      "着装此腰带期间，你的力量值变为25。如果你未着装该腰带的情况下，力量值已经大于或等于腰带的数值，则此物品无效。"
    ],
    "lootTables": [
      "魔法物品表H"
    ],
    "ENG_name": "Belt of Fire Giant Strength",
    "html": "着装此腰带期间，你的力量值变为25。如果你未着装该腰带的情况下，力量值已经大于或等于腰带的数值，则此物品无效。"
  },
  "en": {
    "name": "Belt of Fire Giant Strength",
    "source": "DMG",
    "page": 155,
    "srd": true,
    "reprintedAs": [
      "Belt of Fire Giant Strength|XDMG"
    ],
    "tier": "major",
    "rarity": "very rare",
    "reqAttune": true,
    "wondrous": true,
    "ability": {
      "static": {
        "str": 25
      }
    },
    "entries": [
      "While wearing this belt, your Strength score changes to 25. The item has no effect on you if your Strength without the belt is equal to or greater than the belt's score."
    ],
    "lootTables": [
      "Magic Item Table H"
    ],
    "html": "While wearing this belt, your Strength score changes to 25. The item has no effect on you if your Strength without the belt is equal to or greater than the belt's score."
  },
  "bonus": {}
}