{
  "dataType": "item",
  "uid": "item_Figurine of Wondrous Power, Marble Elephant|DMG ",
  "id": "Figurine of Wondrous Power, Marble Elephant|DMG",
  "rarity": "rare",
  "isBaseItem": false,
  "baseItem": "",
  "displayName": {
    "zh": "异能塑像，大理石象",
    "en": "Figurine of Wondrous Power, Marble Elephant"
  },
  "mainSource": {
    "source": "DMG",
    "page": 170
  },
  "allSources": [
    {
      "source": "DMG",
      "page": 170
    },
    {
      "source": "XDMG",
      "page": 0
    },
    {
      "source": "XDMG",
      "page": 261
    }
  ],
  "relatedVersions": [
    "Figurine of Wondrous Power, Marble Elephant|XDMG"
  ],
  "zh": {
    "name": "异能塑像，大理石象",
    "source": "DMG",
    "page": 170,
    "srd": true,
    "reprintedAs": [
      "异能塑像，大理石象|XDMG"
    ],
    "tier": "主要",
    "rarity": "rare",
    "wondrous": true,
    "entries": [
      "异能塑像是小到可以装在口袋里的野兽雕像。如果你用一个动作说出命令语并把雕像扔到你周围60尺以内的某处，雕像将变成一只活体生物。如果该生物出现的空间被其他生物或物件占据，或者周围的空间不足以容纳该生物，则雕像不会变成生物。",
      "雕像变成的生物对你和你的同伴态度友善。它能听懂你的语言并会按你的口头命令行事。如果你不下达任何命令，则该生物会保护自己而不作其他动作。",
      "生物存在的时间依雕像而不同。持续时间结束时，生物将变回异能塑像形态。它的生命值降至0，或你用一个动作再次说出命令语并碰触它时，它将提前变回雕像状态。当生物再次变为塑像时，其属性必须经过一段时间后才能再次启动，时间长短依雕像种类而不同。",
      {
        "ENG_name": "{@creature elephant||Marble Elephant}",
        "name": "{@creature elephant||Marble Elephant}",
        "type": "entries",
        "entries": [
          "这尊大理石雕像高和长约为4寸。它可以变为一头{@creature 象}，存在至多维持24小时。使用后，雕像需要经过7日才能再次启动。"
        ]
      }
    ],
    "lootTables": [
      "魔法物品表G"
    ],
    "ENG_name": "Figurine of Wondrous Power, Marble Elephant",
    "html": "异能塑像是小到可以装在口袋里的野兽雕像。如果你用一个动作说出命令语并把雕像扔到你周围60尺以内的某处，雕像将变成一只活体生物。如果该生物出现的空间被其他生物或物件占据，或者周围的空间不足以容纳该生物，则雕像不会变成生物。\n雕像变成的生物对你和你的同伴态度友善。它能听懂你的语言并会按你的口头命令行事。如果你不下达任何命令，则该生物会保护自己而不作其他动作。\n生物存在的时间依雕像而不同。持续时间结束时，生物将变回异能塑像形态。它的生命值降至0，或你用一个动作再次说出命令语并碰触它时，它将提前变回雕像状态。当生物再次变为塑像时，其属性必须经过一段时间后才能再次启动，时间长短依雕像种类而不同。\n<div class=\"parser-entries\"><div class=\"parser-entries-name\">{{@creature|elephant||Marble Elephant}}</div><div class=\"parser-entries-eng-name\">{{@creature|elephant||Marble Elephant}}</div><div class=\"parser-entries-content\">这尊大理石雕像高和长约为4寸。它可以变为一头{{@creature|象}}，存在至多维持24小时。使用后，雕像需要经过7日才能再次启动。</div></div>"
  },
  "en": {
    "name": "Figurine of Wondrous Power, Marble Elephant",
    "source": "DMG",
    "page": 170,
    "srd": true,
    "reprintedAs": [
      "Figurine of Wondrous Power, Marble Elephant|XDMG"
    ],
    "tier": "major",
    "rarity": "rare",
    "wondrous": true,
    "entries": [
      "A figurine of wondrous power is a statuette of a beast small enough to fit in a pocket. If you use an action to speak the command word and throw the figurine to a point on the ground within 60 feet of you, the figurine becomes a living creature. If the space where the creature would appear is occupied by other creatures or objects, or if there isn't enough space for the creature, the figurine doesn't become a creature.",
      "The creature is friendly to you and your companions. It understands your languages and obeys your spoken commands. If you issue no commands, the creature defends itself but takes no other actions.",
      "The creature exists for a duration specific to each figurine. At the end of the duration, the creature reverts to its figurine form. It reverts to a figurine early if it drops to 0 hit points or if you use an action to speak the command word again while touching it. When the creature becomes a figurine again, its property can't be used again until a certain amount of time has passed, as specified in the figurine's description.",
      {
        "type": "entries",
        "name": "{@creature elephant||Marble Elephant}",
        "entries": [
          "This marble statuette is about 4 inches high and long. It can become an {@creature elephant} for up to 24 hours. Once it has been used, it can't be used again until 7 days have passed."
        ]
      }
    ],
    "lootTables": [
      "Magic Item Table G"
    ],
    "html": "A figurine of wondrous power is a statuette of a beast small enough to fit in a pocket. If you use an action to speak the command word and throw the figurine to a point on the ground within 60 feet of you, the figurine becomes a living creature. If the space where the creature would appear is occupied by other creatures or objects, or if there isn't enough space for the creature, the figurine doesn't become a creature.\nThe creature is friendly to you and your companions. It understands your languages and obeys your spoken commands. If you issue no commands, the creature defends itself but takes no other actions.\nThe creature exists for a duration specific to each figurine. At the end of the duration, the creature reverts to its figurine form. It reverts to a figurine early if it drops to 0 hit points or if you use an action to speak the command word again while touching it. When the creature becomes a figurine again, its property can't be used again until a certain amount of time has passed, as specified in the figurine's description.\n<div class=\"parser-entries\"><div class=\"parser-entries-name\">{{@creature|elephant||Marble Elephant}}</div><div class=\"parser-entries-content\">This marble statuette is about 4 inches high and long. It can become an {{@creature|elephant}} for up to 24 hours. Once it has been used, it can't be used again until 7 days have passed.</div></div>"
  },
  "bonus": {}
}