{
  "dataType": "item",
  "uid": "item_Medal of the Meat Pie|CRCotN ",
  "id": "Medal of the Meat Pie|CRCotN",
  "rarity": "common",
  "isBaseItem": false,
  "baseItem": "",
  "displayName": {
    "zh": "肉馅饼奖章",
    "en": "Medal of the Meat Pie"
  },
  "mainSource": {
    "source": "CRCotN",
    "page": 214
  },
  "allSources": [
    {
      "source": "CRCotN",
      "page": 214
    }
  ],
  "zh": {
    "name": "肉馅饼奖章",
    "source": "CRCotN",
    "page": 214,
    "rarity": "common",
    "wondrous": true,
    "entries": [
      "当你使用动作将这枚奖章按到嘴边时，你获得{@dice 2d4 + 2}点临时生命值。一旦使用了这个属性，它就无法再次使用，奖章将变为非魔法物品。",
      "这枚奖章虽然具有魔法属性，但摸起来微微发热（就像刚从烤箱里拿出来一样），并且有淡淡的烘焙馅饼皮的香味。"
    ],
    "ENG_name": "Medal of the Meat Pie",
    "html": "当你使用动作将这枚奖章按到嘴边时，你获得{{@dice|2d4 + 2}}点临时生命值。一旦使用了这个属性，它就无法再次使用，奖章将变为非魔法物品。\n这枚奖章虽然具有魔法属性，但摸起来微微发热（就像刚从烤箱里拿出来一样），并且有淡淡的烘焙馅饼皮的香味。"
  },
  "en": {
    "name": "Medal of the Meat Pie",
    "source": "CRCotN",
    "page": 214,
    "rarity": "common",
    "wondrous": true,
    "entries": [
      "You gain {@dice 2d4 + 2} temporary hit points when you use an action to press this medal to your mouth. Once this property has been used, it can't be used again, and the medal becomes nonmagical.",
      "While magical, this medal is slightly warm to the touch (as if it's fresh from the oven) and smells faintly of baked pie crust."
    ],
    "html": "You gain {{@dice|2d4 + 2}} temporary hit points when you use an action to press this medal to your mouth. Once this property has been used, it can't be used again, and the medal becomes nonmagical.\nWhile magical, this medal is slightly warm to the touch (as if it's fresh from the oven) and smells faintly of baked pie crust."
  },
  "bonus": {}
}