{
  "dataType": "item",
  "uid": "item_Damselfly Ship|AAG ",
  "id": "Damselfly Ship|AAG",
  "value": 2000000,
  "rarity": "none",
  "isBaseItem": false,
  "baseItem": "",
  "displayName": {
    "zh": "蜻蛉舰",
    "en": "Damselfly Ship"
  },
  "mainSource": {
    "source": "AAG",
    "page": 28
  },
  "allSources": [
    {
      "source": "AAG",
      "page": 28
    }
  ],
  "zh": {
    "name": "蜻蛉舰",
    "source": "AAG",
    "page": 28,
    "type": "SPC|AAG",
    "rarity": "none",
    "value": 2000000,
    "crew": 9,
    "vehAc": 19,
    "vehHp": 200,
    "vehDmgThresh": 15,
    "vehSpeed": 8,
    "capCargo": 5,
    "entries": [
      "这艘快速但狭窄的舰船主要由金属制成。她不能漂浮在水面上，但她的腿使其能够安全地降落在地面上。飞翼后方的滑动舱门可以用来进入舰船的弹射投石机炮塔。舰船上的货舱可以很容易地改装成船员舱或另一个武器甲板。",
      "蜻蛉舰通常用作信使舰船和武装运输工具。探险家和海盗们喜欢它们，因为它们既快速又坚固。出于同样的原因，军事领袖也使用它们作为指挥舰。",
      "蜻蛉舰的主人们是骄傲的，热衷于给他们的舰船涂上五颜六色的图案，也喜欢用特殊装备来定制他们的舰船。蜻蛉舰船主们的大型私人聚会并不少见；他们利用这些聚会来炫耀自己的舰船，并在小行星带和其他障碍赛道中相互比赛，以获得奖励或吹嘘的权利。"
    ],
    "seeAlsoVehicle": [
      "蜻蛉舰|AAG"
    ],
    "ENG_name": "Damselfly Ship",
    "html": "这艘快速但狭窄的舰船主要由金属制成。她不能漂浮在水面上，但她的腿使其能够安全地降落在地面上。飞翼后方的滑动舱门可以用来进入舰船的弹射投石机炮塔。舰船上的货舱可以很容易地改装成船员舱或另一个武器甲板。\n蜻蛉舰通常用作信使舰船和武装运输工具。探险家和海盗们喜欢它们，因为它们既快速又坚固。出于同样的原因，军事领袖也使用它们作为指挥舰。\n蜻蛉舰的主人们是骄傲的，热衷于给他们的舰船涂上五颜六色的图案，也喜欢用特殊装备来定制他们的舰船。蜻蛉舰船主们的大型私人聚会并不少见；他们利用这些聚会来炫耀自己的舰船，并在小行星带和其他障碍赛道中相互比赛，以获得奖励或吹嘘的权利。"
  },
  "en": {
    "name": "Damselfly Ship",
    "source": "AAG",
    "page": 28,
    "type": "SPC|AAG",
    "rarity": "none",
    "value": 2000000,
    "crew": 9,
    "vehAc": 19,
    "vehHp": 200,
    "vehDmgThresh": 15,
    "vehSpeed": 8,
    "capCargo": 5,
    "entries": [
      "This swift but cramped ship is made mostly of metal. It can't float on water, but its legs enable it to land safely on the ground. A sliding hatch just behind the wings allows access to the ship's mangonel turret. The ship's cargo hold can easily be turned into crew cabins or another weapon deck.",
      "Damselfly ships are often used as courier vessels and armored transports. Explorers and pirates like them because they're fast and sturdy. Military leaders use them as command ships for the same reasons.",
      "Damselfly ship owners are a proud lot, fond of painting their ships in colorful patterns as well as customizing their vessels with special equipment. Large, private gatherings of damselfly ship owners are not uncommon; they use these get-togethers to show off their ships and to race one another through asteroid belts and other obstacle courses, either for rewards or bragging rights."
    ],
    "seeAlsoVehicle": [
      "Damselfly Ship|AAG"
    ],
    "html": "This swift but cramped ship is made mostly of metal. It can't float on water, but its legs enable it to land safely on the ground. A sliding hatch just behind the wings allows access to the ship's mangonel turret. The ship's cargo hold can easily be turned into crew cabins or another weapon deck.\nDamselfly ships are often used as courier vessels and armored transports. Explorers and pirates like them because they're fast and sturdy. Military leaders use them as command ships for the same reasons.\nDamselfly ship owners are a proud lot, fond of painting their ships in colorful patterns as well as customizing their vessels with special equipment. Large, private gatherings of damselfly ship owners are not uncommon; they use these get-togethers to show off their ships and to race one another through asteroid belts and other obstacle courses, either for rewards or bragging rights."
  },
  "bonus": {}
}