{
  "dataType": "item",
  "uid": "item_Teleportation Tablet|CRCotN ",
  "id": "Teleportation Tablet|CRCotN",
  "rarity": "rare",
  "isBaseItem": false,
  "baseItem": "",
  "displayName": {
    "zh": "传送板",
    "en": "Teleportation Tablet"
  },
  "mainSource": {
    "source": "CRCotN",
    "page": 216
  },
  "allSources": [
    {
      "source": "CRCotN",
      "page": 216
    }
  ],
  "zh": {
    "name": "传送板",
    "source": "CRCotN",
    "page": 216,
    "rarity": "rare",
    "wondrous": true,
    "entries": [
      "这块泥板长八英寸，宽四英寸，厚半英寸。上面刻有一个永久传送法阵的符文序列。一个生物如果研究这个序列10分钟，可以尝试进行一次 {@dc 21} 智力（{@skill 奥秘}）检定，成功可知晓法阵的目的地。",
      "你可以使用一个动作将泥板折成两半，将其化为尘土。如果泥板在与上面刻有符文序列的传送圈相同的存在平面上被折断，那么一个直径10尺的发光蓝色光的传送圈将出现在你选择的30尺范围内的空地上。这个传送圈具有使用{@spell 传送法阵}法术创建的传送圈的特性，除了它连接到泥板上出现的符文序列的传送圈。",
      "由泥板创造的传送圈在你下一个回合结束时消失。"
    ],
    "ENG_name": "Teleportation Tablet",
    "html": "这块泥板长八英寸，宽四英寸，厚半英寸。上面刻有一个永久传送法阵的符文序列。一个生物如果研究这个序列10分钟，可以尝试进行一次 {{@dc|21}} 智力（{{@skill|奥秘}}）检定，成功可知晓法阵的目的地。\n你可以使用一个动作将泥板折成两半，将其化为尘土。如果泥板在与上面刻有符文序列的传送圈相同的存在平面上被折断，那么一个直径10尺的发光蓝色光的传送圈将出现在你选择的30尺范围内的空地上。这个传送圈具有使用{{@spell|传送法阵}}法术创建的传送圈的特性，除了它连接到泥板上出现的符文序列的传送圈。\n由泥板创造的传送圈在你下一个回合结束时消失。"
  },
  "en": {
    "name": "Teleportation Tablet",
    "source": "CRCotN",
    "page": 216,
    "rarity": "rare",
    "wondrous": true,
    "entries": [
      "This clay tablet is eight inches long, four inches wide, and half an inch thick. Inscribed on it is the sigil sequence for a permanent teleportation circle. A creature that studies the sequence for 10 minutes can make a {@dc 21} Intelligence ({@skill Arcana}) check, learning the circle's destination on a success.",
      "You can use an action to break the tablet in half, turning it to dust. If the tablet is broken while it is on the same plane of existence as the teleportation circle whose sigil sequence was engraved on it, a 10-foot-diameter teleportation circle of glowing blue light appears on the ground in an unoccupied space you choose within 30 feet of you. This teleportation circle has the characteristics of one created using the {@spell teleportation circle} spell, except that it connects to the teleportation circle whose sigil sequence appears on the tablet.",
      "The teleportation circle created by the tablet disappears at the end of your next turn."
    ],
    "html": "This clay tablet is eight inches long, four inches wide, and half an inch thick. Inscribed on it is the sigil sequence for a permanent teleportation circle. A creature that studies the sequence for 10 minutes can make a {{@dc|21}} Intelligence ({{@skill|Arcana}}) check, learning the circle's destination on a success.\nYou can use an action to break the tablet in half, turning it to dust. If the tablet is broken while it is on the same plane of existence as the teleportation circle whose sigil sequence was engraved on it, a 10-foot-diameter teleportation circle of glowing blue light appears on the ground in an unoccupied space you choose within 30 feet of you. This teleportation circle has the characteristics of one created using the {{@spell|teleportation circle}} spell, except that it connects to the teleportation circle whose sigil sequence appears on the tablet.\nThe teleportation circle created by the tablet disappears at the end of your next turn."
  },
  "bonus": {}
}