{
  "dataType": "item",
  "uid": "item_Elven Thrower|BGG ",
  "id": "Elven Thrower|BGG",
  "weight": 3,
  "rarity": "very rare",
  "isBaseItem": false,
  "baseItem": "spear|PHB",
  "displayName": {
    "zh": "精灵飞矛",
    "en": "Elven Thrower"
  },
  "mainSource": {
    "source": "BGG",
    "page": 64
  },
  "allSources": [
    {
      "source": "BGG",
      "page": 64
    }
  ],
  "zh": {
    "name": "精灵飞矛",
    "source": "BGG",
    "page": 64,
    "baseItem": "矛|PHB",
    "type": "M",
    "rarity": "very rare",
    "reqAttune": "由精灵",
    "reqAttuneTags": [
      {
        "race": "精灵"
      }
    ],
    "weight": 3,
    "weaponCategory": "简易",
    "property": [
      "T",
      "V"
    ],
    "range": "20/60",
    "dmg1": "1d6",
    "dmgType": "P",
    "dmg2": "1d8",
    "bonusWeapon": "+3",
    "entries": [
      "你用该魔法武器发动的攻击检定和伤害掷骰获得+3加值。它具有投掷属性，常规范围为20尺，最大范围为60尺。当你用此武器发动远程攻击命中时，它将造成额外的{@damage 1d8}伤害，如果命中的目标是一名巨人，则造成{@damage 2d8}伤害。攻击后，此武器将立即飞回你的手中。"
    ],
    "ENG_name": "Elven Thrower",
    "html": "你用该魔法武器发动的攻击检定和伤害掷骰获得+3加值。它具有投掷属性，常规范围为20尺，最大范围为60尺。当你用此武器发动远程攻击命中时，它将造成额外的{{@damage|1d8}}伤害，如果命中的目标是一名巨人，则造成{{@damage|2d8}}伤害。攻击后，此武器将立即飞回你的手中。"
  },
  "en": {
    "name": "Elven Thrower",
    "source": "BGG",
    "page": 64,
    "baseItem": "spear|PHB",
    "type": "M",
    "rarity": "very rare",
    "reqAttune": "by a elf",
    "reqAttuneTags": [
      {
        "race": "elf"
      }
    ],
    "weight": 3,
    "weaponCategory": "simple",
    "property": [
      "T",
      "V"
    ],
    "range": "20/60",
    "dmg1": "1d6",
    "dmgType": "P",
    "dmg2": "1d8",
    "bonusWeapon": "+3",
    "entries": [
      "You gain a +3 bonus to attack and damage rolls made with this magic weapon. It has the thrown property with a normal range of 20 feet and a long range of 60 feet. When you hit with a ranged attack using this weapon, it deals an extra {@damage 1d8} damage or, if the target is a Giant, {@damage 2d8} damage. Immediately after the attack, the weapon flies back to your hand."
    ],
    "html": "You gain a +3 bonus to attack and damage rolls made with this magic weapon. It has the thrown property with a normal range of 20 feet and a long range of 60 feet. When you hit with a ranged attack using this weapon, it deals an extra {{@damage|1d8}} damage or, if the target is a Giant, {{@damage|2d8}} damage. Immediately after the attack, the weapon flies back to your hand."
  },
  "weapon": {
    "category": "simple",
    "weaponCategory": "simple",
    "dmg1": "1d6",
    "dmg2": "1d8",
    "dmgType": "P",
    "dmgs": [
      "1d6",
      "1d8"
    ],
    "range": {
      "min": 20,
      "max": 60
    },
    "property": [
      "T",
      "V"
    ]
  },
  "bonus": {
    "weapon": 3
  }
}