{
  "dataType": "item",
  "uid": "item_Baleful Talon|BMT ",
  "id": "Baleful Talon|BMT",
  "weight": 1,
  "rarity": "very rare",
  "isBaseItem": false,
  "baseItem": "dagger|PHB",
  "displayName": {
    "zh": "恶意利爪",
    "en": "Baleful Talon"
  },
  "mainSource": {
    "source": "BMT",
    "page": 34
  },
  "allSources": [
    {
      "source": "BMT",
      "page": 34
    }
  ],
  "zh": {
    "name": "恶意利爪",
    "source": "BMT",
    "page": 34,
    "baseItem": "匕首|PHB",
    "type": "M",
    "rarity": "very rare",
    "weight": 1,
    "weaponCategory": "简易",
    "property": [
      "F",
      "L",
      "T"
    ],
    "range": "20/60",
    "dmg1": "1d4",
    "dmgType": "P",
    "bonusWeapon": "+1",
    "entries": [
      "你使用这把弯曲的黑曜石匕首进行的攻击检定和伤害掷骰获得+1加值。",
      "当你用这把魔法武器命中一个生物并在攻击检定上投出19或20时，匕首会闪烁出令人作呕的光芒，迫使该生物进行一次{@dc 15}的体质豁免检定，若豁免失败，该生物会受到{@damage 6d6}点暗蚀伤害，豁免成功只受一半伤害。如果此伤害使该生物的生命值降至0，该生物就会被解离为一堆灰尘。"
    ],
    "ENG_name": "Baleful Talon",
    "html": "你使用这把弯曲的黑曜石匕首进行的攻击检定和伤害掷骰获得+1加值。\n当你用这把魔法武器命中一个生物并在攻击检定上投出19或20时，匕首会闪烁出令人作呕的光芒，迫使该生物进行一次{{@dc|15}}的体质豁免检定，若豁免失败，该生物会受到{{@damage|6d6}}点暗蚀伤害，豁免成功只受一半伤害。如果此伤害使该生物的生命值降至0，该生物就会被解离为一堆灰尘。"
  },
  "en": {
    "name": "Baleful Talon",
    "source": "BMT",
    "page": 34,
    "baseItem": "dagger|PHB",
    "type": "M",
    "rarity": "very rare",
    "weight": 1,
    "weaponCategory": "simple",
    "property": [
      "F",
      "L",
      "T"
    ],
    "range": "20/60",
    "dmg1": "1d4",
    "dmgType": "P",
    "bonusWeapon": "+1",
    "entries": [
      "You gain a +1 bonus to attack and damage rolls made with this hooked, obsidian dagger.",
      "When you hit a creature with this magic weapon and roll a 19 or 20 on the attack roll, the creature must make a {@dc 15} Constitution saving throw as the dagger flares with sickly light. The creature takes {@damage 6d6} necrotic damage on a failed save, or half as much on a successful one. If this damage reduces the creature to 0 hit points, the creature disintegrates into dust."
    ],
    "html": "You gain a +1 bonus to attack and damage rolls made with this hooked, obsidian dagger.\nWhen you hit a creature with this magic weapon and roll a 19 or 20 on the attack roll, the creature must make a {{@dc|15}} Constitution saving throw as the dagger flares with sickly light. The creature takes {{@damage|6d6}} necrotic damage on a failed save, or half as much on a successful one. If this damage reduces the creature to 0 hit points, the creature disintegrates into dust."
  },
  "weapon": {
    "category": "simple",
    "weaponCategory": "simple",
    "dmg1": "1d4",
    "dmgType": "P",
    "dmgs": [
      "1d4"
    ],
    "range": {
      "min": 20,
      "max": 60
    },
    "property": [
      "F",
      "L",
      "T"
    ]
  },
  "bonus": {
    "weapon": 1
  }
}