{
  "dataType": "item",
  "uid": "item_Elixir of Health|DMG ",
  "id": "Elixir of Health|DMG",
  "rarity": "rare",
  "isBaseItem": false,
  "baseItem": "",
  "displayName": {
    "zh": "健康灵药",
    "en": "Elixir of Health"
  },
  "mainSource": {
    "source": "DMG",
    "page": 168
  },
  "allSources": [
    {
      "source": "DMG",
      "page": 168
    },
    {
      "source": "XDMG",
      "page": 0
    },
    {
      "source": "XDMG",
      "page": 257
    }
  ],
  "relatedVersions": [
    "Elixir of Health|XDMG"
  ],
  "zh": {
    "name": "健康灵药",
    "source": "DMG",
    "page": 168,
    "reprintedAs": [
      "健康灵药|XDMG"
    ],
    "type": "P",
    "tier": "次要",
    "rarity": "rare",
    "entries": [
      "饮用此药水后，它治愈你身上的一切疾病，并且移除{@condition 目盲}、{@condition 耳聋}、{@condition 麻痹}和{@condition 中毒}状态。这种清澈的红色液体中有发光的微小气泡。"
    ],
    "lootTables": [
      "魔法物品表C"
    ],
    "miscTags": [
      "CNS"
    ],
    "ENG_name": "Elixir of Health",
    "html": "饮用此药水后，它治愈你身上的一切疾病，并且移除{{@condition|目盲}}、{{@condition|耳聋}}、{{@condition|麻痹}}和{{@condition|中毒}}状态。这种清澈的红色液体中有发光的微小气泡。"
  },
  "en": {
    "name": "Elixir of Health",
    "source": "DMG",
    "page": 168,
    "reprintedAs": [
      "Elixir of Health|XDMG"
    ],
    "type": "P",
    "tier": "minor",
    "rarity": "rare",
    "entries": [
      "When you drink this potion, it cures any disease afflicting you, and it removes the {@condition blinded}, {@condition deafened}, {@condition paralyzed}, and {@condition poisoned} conditions. The clear red liquid has tiny bubbles of light in it."
    ],
    "lootTables": [
      "Magic Item Table C"
    ],
    "miscTags": [
      "CNS"
    ],
    "html": "When you drink this potion, it cures any disease afflicting you, and it removes the {{@condition|blinded}}, {{@condition|deafened}}, {{@condition|paralyzed}}, and {{@condition|poisoned}} conditions. The clear red liquid has tiny bubbles of light in it."
  },
  "bonus": {}
}