{
  "dataType": "item",
  "uid": "item_Axe of the Dwarvish Lords|DMG ",
  "id": "Axe of the Dwarvish Lords|DMG",
  "weight": 4,
  "rarity": "artifact",
  "isBaseItem": false,
  "full": {
    "en": {
      "images": [
        {
          "type": "image",
          "href": {
            "type": "internal",
            "path": "items/DMG/Axe of the Dwarvish Lords.webp"
          }
        }
      ]
    },
    "zh": {
      "images": [
        {
          "type": "image",
          "href": {
            "type": "internal",
            "path": "items/DMG/Axe of the Dwarvish Lords.webp"
          }
        }
      ]
    }
  },
  "baseItem": "battleaxe|phb",
  "displayName": {
    "zh": "矮人王圣斧",
    "en": "Axe of the Dwarvish Lords"
  },
  "mainSource": {
    "source": "DMG",
    "page": 221
  },
  "allSources": [
    {
      "source": "DMG",
      "page": 221
    },
    {
      "source": "XDMG",
      "page": 0
    },
    {
      "source": "XDMG",
      "page": 231
    }
  ],
  "relatedVersions": [
    "Axe of the Dwarvish Lords|XDMG"
  ],
  "zh": {
    "name": "矮人王圣斧",
    "source": "DMG",
    "page": 221,
    "reprintedAs": [
      "矮人王圣斧|XDMG"
    ],
    "baseItem": "战斧|PHB",
    "type": "M",
    "immune": [
      "毒素"
    ],
    "rarity": "artifact",
    "reqAttune": true,
    "curse": true,
    "weight": 4,
    "weaponCategory": "军用",
    "property": [
      "T",
      "V"
    ],
    "range": "20/60",
    "dmg1": "1d8",
    "dmgType": "S",
    "dmg2": "1d10",
    "grantsProficiency": true,
    "bonusWeapon": "+3",
    "entries": [
      "看到他的族人面临的危险，一位青年矮人王子开始相信他的族人需要某种东西来团结他们。因此，他着手锻造一件能够成为如此徽记术的武器。",
      "深入山脉之下，比任何矮人曾挖掘的都要深，这位年轻王子来到了一座巨大火山的爆燃之心。在矮人创造之神摩拉丁的援助术下，他首先打造了四件伟大工具：{@italic 粗暴之镐}、{@italic 地心锻炉}、{@italic 歌之铁砧}和{@italic 塑形之锤}。用它们，他锻造了{@italic 矮人王圣斧}。",
      "手持这件神器，王子回到了矮人氏族并带来了和平。他的斧头终结了宿怨并回应了轻蔑。氏族们成为了盟友，他们击退了敌人并享受了一个繁荣的时代。这位青年矮人被铭记为第一任国王。当他年老时，他将这把已成为他职位象征的武器传给了他的继承人。合法的继承者们将这把斧头代代相传。",
      "后来，在一个充满背叛与邪恶的黑暗时代，这把斧头在一场因对其力量与地位的贪婪而引发的血腥内战中遗失。数百年后，矮人们仍在搜索这把斧头，许多冒险者也以追寻传闻和掠夺古老宝库来寻找它为业。",
      {
        "ENG_name": "Magic Weapon",
        "name": "魔化武器",
        "type": "entries",
        "entries": [
          "这把{@italic 矮人王圣斧}是一把魔法武器，用它发动的攻击检定和伤害掷骰获得+3加值。这把斧头还可用作{@item 矮人腰带}、{@item 矮人飞锤}和{@item 锐锋之剑}。"
        ]
      },
      {
        "ENG_name": "Random Properties",
        "name": "随机词条",
        "type": "entries",
        "entries": [
          "这把圣斧具有以下随机词条：",
          {
            "type": "list",
            "items": [
              "2 {@table 神器词条; 次要增益词条|DMG|次要增益词条}",
              "1 {@table 神器词条; 主要增益词条|DMG|强效增益属性}",
              "2 {@table 神器词条; 次要减益词条|DMG|次要减益词条}"
            ]
          }
        ]
      },
      {
        "ENG_name": "Blessings of Moradin",
        "name": "摩拉丁的祝福",
        "type": "entries",
        "entries": [
          "如果你是一名着装此圣斧的矮人，你获得以下增益：",
          {
            "type": "list",
            "items": [
              "你对毒素伤害具有免疫。",
              "你的{@sense 黑暗视觉}范围增加60尺。",
              "你获得与锻造、酿造和石工相关的{@item 工匠工具|PHB}的熟练项。"
            ]
          }
        ]
      },
      {
        "ENG_name": "Conjure Earth Elemental",
        "name": "咒唤土元素",
        "type": "entries",
        "entries": [
          "持握圣斧时，你可以用一个动作通过它施放{@spell 元素咒唤术}法术，召唤一只{@creature 土元素}。直到次日黎明前，你都无法再次使用该属性。"
        ]
      },
      {
        "ENG_name": "Travel the Depths",
        "name": "地幔潜游",
        "type": "entries",
        "entries": [
          "你可以用一个动作接触该圣斧至一个固定的矮人石制品上，并从圣斧施放{@spell 传送术}法术。如果你的预定目的地在地下，则不会有失误或到达意外地点的风险。你必须经过3日后才能再次使用该属性。"
        ]
      },
      {
        "ENG_name": "Curse",
        "name": "诅咒",
        "type": "entries",
        "entries": [
          "这把斧头带有一个诅咒，会影响任何与其同调的非矮人。即使同调结束，诅咒依然存在。随着每一天的过去，该生物的体貌和身材会变得更加矮人化。七天后，该生物看起来就像一个典型的矮人，但该生物既不会失去其种族特质，也不会获得矮人的种族特质。斧头造成的身体变化不被视为魔法性质（因此无法被驱散），但可以通过任何移除诅咒的效果来消除，例如{@spell 高等复原术}或{@spell 移除诅咒}法术。"
        ]
      },
      {
        "ENG_name": "Destroying the Axe",
        "name": "摧毁战斧",
        "type": "entries",
        "entries": [
          "摧毁这把战斧的唯一方法是在其被铸造的{@italic 地心锻炉}中将其熔化。它必须在燃烧的熔炉中保持五十年，最终才会屈服于火焰并被烧毁。"
        ]
      }
    ],
    "attachedSpells": {
      "daily": {
        "1e": [
          "元素咒唤术"
        ]
      },
      "other": [
        "传送术"
      ]
    },
    "hasFluffImages": true,
    "ENG_name": "Axe of the Dwarvish Lords",
    "html": "看到他的族人面临的危险，一位青年矮人王子开始相信他的族人需要某种东西来团结他们。因此，他着手锻造一件能够成为如此徽记术的武器。\n深入山脉之下，比任何矮人曾挖掘的都要深，这位年轻王子来到了一座巨大火山的爆燃之心。在矮人创造之神摩拉丁的援助术下，他首先打造了四件伟大工具：{{@italic|粗暴之镐}}、{{@italic|地心锻炉}}、{{@italic|歌之铁砧}}和{{@italic|塑形之锤}}。用它们，他锻造了{{@italic|矮人王圣斧}}。\n手持这件神器，王子回到了矮人氏族并带来了和平。他的斧头终结了宿怨并回应了轻蔑。氏族们成为了盟友，他们击退了敌人并享受了一个繁荣的时代。这位青年矮人被铭记为第一任国王。当他年老时，他将这把已成为他职位象征的武器传给了他的继承人。合法的继承者们将这把斧头代代相传。\n后来，在一个充满背叛与邪恶的黑暗时代，这把斧头在一场因对其力量与地位的贪婪而引发的血腥内战中遗失。数百年后，矮人们仍在搜索这把斧头，许多冒险者也以追寻传闻和掠夺古老宝库来寻找它为业。\n<div class=\"parser-entries\"><div class=\"parser-entries-name\">魔化武器</div><div class=\"parser-entries-eng-name\">Magic Weapon</div><div class=\"parser-entries-content\">这把{{@italic|矮人王圣斧}}是一把魔法武器，用它发动的攻击检定和伤害掷骰获得+3加值。这把斧头还可用作{{@item|矮人腰带}}、{{@item|矮人飞锤}}和{{@item|锐锋之剑}}。</div></div>\n<div class=\"parser-entries\"><div class=\"parser-entries-name\">随机词条</div><div class=\"parser-entries-eng-name\">Random Properties</div><div class=\"parser-entries-content\">这把圣斧具有以下随机词条：<ul class=\"parser-list parser-list-default\"><li>2 {{@table|神器词条; 次要增益词条|DMG|次要增益词条}}</li><li>1 {{@table|神器词条; 主要增益词条|DMG|强效增益属性}}</li><li>2 {{@table|神器词条; 次要减益词条|DMG|次要减益词条}}</li></ul></div></div>\n<div class=\"parser-entries\"><div class=\"parser-entries-name\">摩拉丁的祝福</div><div class=\"parser-entries-eng-name\">Blessings of Moradin</div><div class=\"parser-entries-content\">如果你是一名着装此圣斧的矮人，你获得以下增益：<ul class=\"parser-list parser-list-default\"><li>你对毒素伤害具有免疫。</li><li>你的{{@sense|黑暗视觉}}范围增加60尺。</li><li>你获得与锻造、酿造和石工相关的{{@item|工匠工具|PHB}}的熟练项。</li></ul></div></div>\n<div class=\"parser-entries\"><div class=\"parser-entries-name\">咒唤土元素</div><div class=\"parser-entries-eng-name\">Conjure Earth Elemental</div><div class=\"parser-entries-content\">持握圣斧时，你可以用一个动作通过它施放{{@spell|元素咒唤术}}法术，召唤一只{{@creature|土元素}}。直到次日黎明前，你都无法再次使用该属性。</div></div>\n<div class=\"parser-entries\"><div class=\"parser-entries-name\">地幔潜游</div><div class=\"parser-entries-eng-name\">Travel the Depths</div><div class=\"parser-entries-content\">你可以用一个动作接触该圣斧至一个固定的矮人石制品上，并从圣斧施放{{@spell|传送术}}法术。如果你的预定目的地在地下，则不会有失误或到达意外地点的风险。你必须经过3日后才能再次使用该属性。</div></div>\n<div class=\"parser-entries\"><div class=\"parser-entries-name\">诅咒</div><div class=\"parser-entries-eng-name\">Curse</div><div class=\"parser-entries-content\">这把斧头带有一个诅咒，会影响任何与其同调的非矮人。即使同调结束，诅咒依然存在。随着每一天的过去，该生物的体貌和身材会变得更加矮人化。七天后，该生物看起来就像一个典型的矮人，但该生物既不会失去其种族特质，也不会获得矮人的种族特质。斧头造成的身体变化不被视为魔法性质（因此无法被驱散），但可以通过任何移除诅咒的效果来消除，例如{{@spell|高等复原术}}或{{@spell|移除诅咒}}法术。</div></div>\n<div class=\"parser-entries\"><div class=\"parser-entries-name\">摧毁战斧</div><div class=\"parser-entries-eng-name\">Destroying the Axe</div><div class=\"parser-entries-content\">摧毁这把战斧的唯一方法是在其被铸造的{{@italic|地心锻炉}}中将其熔化。它必须在燃烧的熔炉中保持五十年，最终才会屈服于火焰并被烧毁。</div></div>"
  },
  "en": {
    "name": "Axe of the Dwarvish Lords",
    "source": "DMG",
    "page": 221,
    "reprintedAs": [
      "Axe of the Dwarvish Lords|XDMG"
    ],
    "baseItem": "battleaxe|phb",
    "type": "M",
    "immune": [
      "poison"
    ],
    "rarity": "artifact",
    "reqAttune": true,
    "curse": true,
    "weight": 4,
    "weaponCategory": "martial",
    "property": [
      "T",
      "V"
    ],
    "range": "20/60",
    "dmg1": "1d8",
    "dmgType": "S",
    "dmg2": "1d10",
    "grantsProficiency": true,
    "bonusWeapon": "+3",
    "entries": [
      "Seeing the peril his people faced, a young dwarf prince came to believe that his people needed something to unite them. Thus, he set out to forge a weapon that would be such a symbol.",
      "Venturing deep under the mountains, deeper than any dwarf had ever delved, the young prince came to the blazing heart of a great volcano. With the aid of Moradin, the dwarven god of creation, he first crafted four great tools: the {@italic Brutal Pick}, the {@italic Earthheart Forge}, the {@italic Anvil of Songs}, and the {@italic Shaping Hammer}. With them, he forged the {@italic Axe of the Dwarvish Lords}.",
      "Armed with the artifact, the prince returned to the dwarf clans and brought peace. His axe ended grudges and answered slights. The clans became allies, and they threw back their enemies and enjoyed an era of prosperity. This young dwarf is remembered as the First King. When he became old, he passed the weapon, which had become his badge of office, to his heir. The rightful inheritors passed the axe on for many generations.",
      "Later, in a dark era marked by treachery and wickedness, the axe was lost in a bloody civil war fomented by greed for its power and the status it bestowed. Centuries later, the dwarves still search for the axe, and many adventurers have made careers of chasing after rumors and plundering old vaults to find it.",
      {
        "name": "Magic Weapon",
        "type": "entries",
        "entries": [
          "The {@italic Axe of the Dwarvish Lords} is a magic weapon that grants a +3 bonus to attack and damage rolls made with it. The axe also functions as a {@item belt of dwarvenkind}, a {@item dwarven thrower}, and a {@item sword of sharpness}."
        ]
      },
      {
        "type": "entries",
        "name": "Random Properties",
        "entries": [
          "The axe has the following randomly determined properties:",
          {
            "type": "list",
            "items": [
              "2 {@table Artifact Properties; Minor Beneficial Properties|dmg|minor beneficial properties}",
              "1 {@table Artifact Properties; Major Beneficial Properties|dmg|major beneficial property}",
              "2 {@table Artifact Properties; Minor Detrimental Properties|dmg|minor detrimental properties}"
            ]
          }
        ]
      },
      {
        "type": "entries",
        "name": "Blessings of Moradin",
        "entries": [
          "If you are a dwarf attuned to the axe, you gain the following benefits:",
          {
            "type": "list",
            "items": [
              "You have immunity to poison damage.",
              "The range of your {@sense darkvision} increases by 60 feet.",
              "You gain proficiency with {@item artisan's tools|PHB} related to blacksmithing, brewing, and stonemasonry."
            ]
          }
        ]
      },
      {
        "type": "entries",
        "name": "Conjure Earth Elemental",
        "entries": [
          "If you are holding the axe, you can use your action to cast the {@spell conjure elemental} spell from it, summoning an {@creature earth elemental}. You can't use this property again until the next dawn."
        ]
      },
      {
        "type": "entries",
        "name": "Travel the Depths",
        "entries": [
          "You can use an action to touch the axe to a fixed piece of dwarven stonework and cast the {@spell teleport} spell from the axe. If your intended destination is underground, there is no chance of a mishap or arriving somewhere unexpected. You can't use this property again until 3 days have passed."
        ]
      },
      {
        "type": "entries",
        "name": "Curse",
        "entries": [
          "The axe bears a curse that affects any non-dwarf that becomes attuned to it. Even if the attunement ends, the curse remains. With each passing day, the creature's physical appearance and stature become more dwarflike. After seven days, the creature looks like a typical dwarf, but the creature neither loses its racial traits nor gains the racial traits of a dwarf. The physical changes wrought by the axe aren't considered magical in nature (and therefore can't be dispelled), but they can be undone by any effect that removes a curse, such as a {@spell greater restoration} or {@spell remove curse} spell."
        ]
      },
      {
        "type": "entries",
        "name": "Destroying the Axe",
        "entries": [
          "The only way to destroy the axe is to melt it down in the {@italic Earthheart Forge}, where it was created. It must remain in the burning forge for fifty years before it finally succumbs to the fire and is consumed."
        ]
      }
    ],
    "attachedSpells": {
      "daily": {
        "1e": [
          "conjure elemental"
        ]
      },
      "other": [
        "teleport"
      ]
    },
    "hasFluffImages": true,
    "html": "Seeing the peril his people faced, a young dwarf prince came to believe that his people needed something to unite them. Thus, he set out to forge a weapon that would be such a symbol.\nVenturing deep under the mountains, deeper than any dwarf had ever delved, the young prince came to the blazing heart of a great volcano. With the aid of Moradin, the dwarven god of creation, he first crafted four great tools: the {{@italic|Brutal Pick}}, the {{@italic|Earthheart Forge}}, the {{@italic|Anvil of Songs}}, and the {{@italic|Shaping Hammer}}. With them, he forged the {{@italic|Axe of the Dwarvish Lords}}.\nArmed with the artifact, the prince returned to the dwarf clans and brought peace. His axe ended grudges and answered slights. The clans became allies, and they threw back their enemies and enjoyed an era of prosperity. This young dwarf is remembered as the First King. When he became old, he passed the weapon, which had become his badge of office, to his heir. The rightful inheritors passed the axe on for many generations.\nLater, in a dark era marked by treachery and wickedness, the axe was lost in a bloody civil war fomented by greed for its power and the status it bestowed. Centuries later, the dwarves still search for the axe, and many adventurers have made careers of chasing after rumors and plundering old vaults to find it.\n<div class=\"parser-entries\"><div class=\"parser-entries-name\">Magic Weapon</div><div class=\"parser-entries-content\">The {{@italic|Axe of the Dwarvish Lords}} is a magic weapon that grants a +3 bonus to attack and damage rolls made with it. The axe also functions as a {{@item|belt of dwarvenkind}}, a {{@item|dwarven thrower}}, and a {{@item|sword of sharpness}}.</div></div>\n<div class=\"parser-entries\"><div class=\"parser-entries-name\">Random Properties</div><div class=\"parser-entries-content\">The axe has the following randomly determined properties:<ul class=\"parser-list parser-list-default\"><li>2 {{@table|Artifact Properties; Minor Beneficial Properties|dmg|minor beneficial properties}}</li><li>1 {{@table|Artifact Properties; Major Beneficial Properties|dmg|major beneficial property}}</li><li>2 {{@table|Artifact Properties; Minor Detrimental Properties|dmg|minor detrimental properties}}</li></ul></div></div>\n<div class=\"parser-entries\"><div class=\"parser-entries-name\">Blessings of Moradin</div><div class=\"parser-entries-content\">If you are a dwarf attuned to the axe, you gain the following benefits:<ul class=\"parser-list parser-list-default\"><li>You have immunity to poison damage.</li><li>The range of your {{@sense|darkvision}} increases by 60 feet.</li><li>You gain proficiency with {{@item|artisan's tools|PHB}} related to blacksmithing, brewing, and stonemasonry.</li></ul></div></div>\n<div class=\"parser-entries\"><div class=\"parser-entries-name\">Conjure Earth Elemental</div><div class=\"parser-entries-content\">If you are holding the axe, you can use your action to cast the {{@spell|conjure elemental}} spell from it, summoning an {{@creature|earth elemental}}. You can't use this property again until the next dawn.</div></div>\n<div class=\"parser-entries\"><div class=\"parser-entries-name\">Travel the Depths</div><div class=\"parser-entries-content\">You can use an action to touch the axe to a fixed piece of dwarven stonework and cast the {{@spell|teleport}} spell from the axe. If your intended destination is underground, there is no chance of a mishap or arriving somewhere unexpected. You can't use this property again until 3 days have passed.</div></div>\n<div class=\"parser-entries\"><div class=\"parser-entries-name\">Curse</div><div class=\"parser-entries-content\">The axe bears a curse that affects any non-dwarf that becomes attuned to it. Even if the attunement ends, the curse remains. With each passing day, the creature's physical appearance and stature become more dwarflike. After seven days, the creature looks like a typical dwarf, but the creature neither loses its racial traits nor gains the racial traits of a dwarf. The physical changes wrought by the axe aren't considered magical in nature (and therefore can't be dispelled), but they can be undone by any effect that removes a curse, such as a {{@spell|greater restoration}} or {{@spell|remove curse}} spell.</div></div>\n<div class=\"parser-entries\"><div class=\"parser-entries-name\">Destroying the Axe</div><div class=\"parser-entries-content\">The only way to destroy the axe is to melt it down in the {{@italic|Earthheart Forge}}, where it was created. It must remain in the burning forge for fifty years before it finally succumbs to the fire and is consumed.</div></div>"
  },
  "weapon": {
    "category": "martial",
    "weaponCategory": "martial",
    "dmg1": "1d8",
    "dmg2": "1d10",
    "dmgType": "S",
    "dmgs": [
      "1d8",
      "1d10"
    ],
    "range": {
      "min": 20,
      "max": 60
    },
    "property": [
      "T",
      "V"
    ]
  },
  "bonus": {
    "weapon": 3
  }
}