{
  "dataType": "item",
  "uid": "item_Void Card|BMT ",
  "id": "Void Card|BMT",
  "rarity": "legendary",
  "isBaseItem": false,
  "full": {
    "en": {
      "images": [
        {
          "type": "image",
          "href": {
            "type": "internal",
            "path": "decks/BMT/Deck of Many Things/18-void.webp"
          },
          "credit": "Alex Dos Diaz"
        }
      ]
    },
    "zh": {
      "images": [
        {
          "type": "image",
          "href": {
            "type": "internal",
            "path": "decks/BMT/Deck of Many Things/18-void.webp"
          },
          "credit": "Alex Dos Diaz"
        }
      ]
    }
  },
  "baseItem": "",
  "displayName": {
    "zh": "虚空卡",
    "en": "Void Card"
  },
  "mainSource": {
    "source": "BMT",
    "page": 15
  },
  "allSources": [
    {
      "source": "BMT",
      "page": 15
    }
  ],
  "zh": {
    "name": "虚空卡",
    "source": "BMT",
    "page": 15,
    "rarity": "legendary",
    "wondrous": true,
    "recharge": "拂晓",
    "entries": [
      "作为动作，你可以挥舞这张卡牌并尝试放逐距你120尺内可见的至多三个生物。如果目标来自与你所在的位面不同的存在位面，目标必须成功通过一次{@dc 17}的魅力豁免检定，否则将被放逐，返回到那个其他位面。这一属性一经使用，直到次日黎明之前无法再次使用。"
    ],
    "hasFluffImages": true,
    "ENG_name": "Void Card",
    "html": "作为动作，你可以挥舞这张卡牌并尝试放逐距你120尺内可见的至多三个生物。如果目标来自与你所在的位面不同的存在位面，目标必须成功通过一次{{@dc|17}}的魅力豁免检定，否则将被放逐，返回到那个其他位面。这一属性一经使用，直到次日黎明之前无法再次使用。"
  },
  "en": {
    "name": "Void Card",
    "source": "BMT",
    "page": 15,
    "rarity": "legendary",
    "wondrous": true,
    "recharge": "dawn",
    "entries": [
      "As an action, you can brandish this card and attempt to banish up to three creatures you can see within 120 feet of yourself. If the target is from a different plane of existence than the plane you're on, the target must succeed on a {@dc 17} Charisma saving throw or be banished, returning to that other plane. Once this property is used, it can't be used again until the next dawn."
    ],
    "hasFluffImages": true,
    "html": "As an action, you can brandish this card and attempt to banish up to three creatures you can see within 120 feet of yourself. If the target is from a different plane of existence than the plane you're on, the target must succeed on a {{@dc|17}} Charisma saving throw or be banished, returning to that other plane. Once this property is used, it can't be used again until the next dawn."
  },
  "bonus": {}
}