{
  "dataType": "item",
  "uid": "item_Figurine of Wondrous Power|DMG ",
  "id": "Figurine of Wondrous Power|DMG",
  "rarity": "varies",
  "isBaseItem": false,
  "full": {
    "en": {
      "images": [
        {
          "type": "image",
          "href": {
            "type": "internal",
            "path": "items/DMG/Figurine of Wondrous Power.webp"
          },
          "credit": "Conceptopolis"
        }
      ]
    },
    "zh": {
      "images": [
        {
          "type": "image",
          "href": {
            "type": "internal",
            "path": "items/DMG/Figurine of Wondrous Power.webp"
          },
          "credit": "Conceptopolis"
        }
      ]
    }
  },
  "baseItem": "",
  "items": [
    "异能塑像，青铜狮鹫",
    "异能塑像，黑檀苍蝇",
    "异能塑像，黄金狮子",
    "异能塑像，象牙山羊",
    "异能塑像，大理石象",
    "异能塑像，黑曜石驹",
    "异能塑像，玛瑙狗狗",
    "异能塑像，蛇纹石鸮",
    "异能塑像，白银渡鸦"
  ],
  "displayName": {
    "zh": "异能塑像",
    "en": "Figurine of Wondrous Power"
  },
  "mainSource": {
    "source": "DMG",
    "page": 169
  },
  "allSources": [
    {
      "source": "DMG",
      "page": 169
    },
    {
      "source": "XDMG",
      "page": 0
    },
    {
      "source": "XDMG",
      "page": 261
    }
  ],
  "relatedVersions": [
    "Figurine of Wondrous Power|XDMG"
  ],
  "zh": {
    "name": "异能塑像",
    "source": "DMG",
    "page": 169,
    "reprintedAs": [
      "异能塑像|XDMG"
    ],
    "rarity": "varies",
    "wondrous": true,
    "items": [
      "异能塑像，青铜狮鹫",
      "异能塑像，黑檀苍蝇",
      "异能塑像，黄金狮子",
      "异能塑像，象牙山羊",
      "异能塑像，大理石象",
      "异能塑像，黑曜石驹",
      "异能塑像，玛瑙狗狗",
      "异能塑像，蛇纹石鸮",
      "异能塑像，白银渡鸦"
    ],
    "hasFluffImages": true,
    "ENG_name": "Figurine of Wondrous Power",
    "entries": [],
    "html": ""
  },
  "en": {
    "name": "Figurine of Wondrous Power",
    "source": "DMG",
    "page": 169,
    "reprintedAs": [
      "Figurine of Wondrous Power|XDMG"
    ],
    "rarity": "varies",
    "wondrous": true,
    "items": [
      "Figurine of Wondrous Power, Bronze Griffon",
      "Figurine of Wondrous Power, Ebony Fly",
      "Figurine of Wondrous Power, Golden Lions",
      "Figurine of Wondrous Power, Ivory Goats",
      "Figurine of Wondrous Power, Marble Elephant",
      "Figurine of Wondrous Power, Obsidian Steed",
      "Figurine of Wondrous Power, Onyx Dog",
      "Figurine of Wondrous Power, Serpentine Owl",
      "Figurine of Wondrous Power, Silver Raven"
    ],
    "hasFluffImages": true,
    "entries": [],
    "html": ""
  },
  "bonus": {}
}