{
  "dataType": "item",
  "uid": "item_Gold circlet set with four aquamarines|DMG ",
  "id": "Gold circlet set with four aquamarines|DMG",
  "value": 250000,
  "rarity": "none",
  "isBaseItem": false,
  "baseItem": "",
  "displayName": {
    "zh": "镶有四颗蓝晶的黄金头饰",
    "en": "Gold circlet set with four aquamarines"
  },
  "mainSource": {
    "source": "DMG",
    "page": 135
  },
  "allSources": [
    {
      "source": "DMG",
      "page": 135
    },
    {
      "source": "XDMG",
      "page": 0
    },
    {
      "source": "XDMG",
      "page": 215
    }
  ],
  "relatedVersions": [
    "Gold circlet set with four aquamarines|XDMG"
  ],
  "zh": {
    "name": "镶有四颗蓝晶的黄金头饰",
    "source": "DMG",
    "page": 135,
    "reprintedAs": [
      "镶有四颗蓝晶的黄金头饰|XDMG"
    ],
    "type": "$A|DMG",
    "rarity": "none",
    "value": 250000,
    "ENG_name": "Gold circlet set with four aquamarines",
    "entries": [],
    "html": ""
  },
  "en": {
    "name": "Gold circlet set with four aquamarines",
    "source": "DMG",
    "page": 135,
    "reprintedAs": [
      "Gold circlet set with four aquamarines|XDMG"
    ],
    "type": "$A|DMG",
    "rarity": "none",
    "value": 250000,
    "entries": [],
    "html": ""
  },
  "bonus": {}
}