{
  "dataType": "item",
  "uid": "item_Banded Agate|DMG ",
  "id": "Banded Agate|DMG",
  "value": 1000,
  "rarity": "none",
  "isBaseItem": false,
  "baseItem": "",
  "displayName": {
    "zh": "条纹玛瑙",
    "en": "Banded Agate"
  },
  "mainSource": {
    "source": "DMG",
    "page": 134
  },
  "allSources": [
    {
      "source": "DMG",
      "page": 134
    },
    {
      "source": "XDMG",
      "page": 0
    },
    {
      "source": "XDMG",
      "page": 214
    }
  ],
  "relatedVersions": [
    "Banded Agate|XDMG"
  ],
  "zh": {
    "name": "条纹玛瑙",
    "source": "DMG",
    "page": 134,
    "reprintedAs": [
      "条纹玛瑙|XDMG"
    ],
    "type": "$G|DMG",
    "rarity": "none",
    "value": 1000,
    "entries": [
      "一种半透明的条纹棕色、蓝色、白色或红色宝石。"
    ],
    "ENG_name": "Banded Agate",
    "html": "一种半透明的条纹棕色、蓝色、白色或红色宝石。"
  },
  "en": {
    "name": "Banded Agate",
    "source": "DMG",
    "page": 134,
    "reprintedAs": [
      "Banded Agate|XDMG"
    ],
    "type": "$G|DMG",
    "rarity": "none",
    "value": 1000,
    "entries": [
      "A translucent striped brown, blue, white, or red gemstone."
    ],
    "html": "A translucent striped brown, blue, white, or red gemstone."
  },
  "bonus": {}
}