{
  "dataType": "item",
  "uid": "item_Brazier of Commanding Fire Elementals|DMG ",
  "id": "Brazier of Commanding Fire Elementals|DMG",
  "weight": 5,
  "rarity": "rare",
  "isBaseItem": false,
  "full": {
    "en": {
      "images": [
        {
          "type": "image",
          "href": {
            "type": "internal",
            "path": "items/DMG/Brazier of Commanding Fire Elementals.webp"
          }
        }
      ]
    },
    "zh": {
      "images": [
        {
          "type": "image",
          "href": {
            "type": "internal",
            "path": "items/DMG/Brazier of Commanding Fire Elementals.webp"
          }
        }
      ]
    }
  },
  "baseItem": "",
  "displayName": {
    "zh": "命令元素火盆",
    "en": "Brazier of Commanding Fire Elementals"
  },
  "mainSource": {
    "source": "DMG",
    "page": 156
  },
  "allSources": [
    {
      "source": "DMG",
      "page": 156
    },
    {
      "source": "XDMG",
      "page": 0
    },
    {
      "source": "XDMG",
      "page": 241
    }
  ],
  "relatedVersions": [
    "Brazier of Commanding Fire Elementals|XDMG"
  ],
  "zh": {
    "name": "命令元素火盆",
    "source": "DMG",
    "page": 156,
    "srd": true,
    "reprintedAs": [
      "命令元素火盆|XDMG"
    ],
    "tier": "主要",
    "rarity": "rare",
    "wondrous": true,
    "weight": 5,
    "entries": [
      "火焰在这个铜盆中燃烧期间，你可以用一个动作说出火盆的命令语并以此召唤一只{@creature 火元素}，其效应如同你施放了{@spell 元素咒唤术}法术。直到次日黎明前，火盆都无法再次以该方式使用。",
      "火盆的重量为5磅。"
    ],
    "attachedSpells": {
      "daily": {
        "1": [
          "元素咒唤术"
        ]
      }
    },
    "lootTables": [
      "魔法物品表G"
    ],
    "hasFluffImages": true,
    "ENG_name": "Brazier of Commanding Fire Elementals",
    "html": "火焰在这个铜盆中燃烧期间，你可以用一个动作说出火盆的命令语并以此召唤一只{{@creature|火元素}}，其效应如同你施放了{{@spell|元素咒唤术}}法术。直到次日黎明前，火盆都无法再次以该方式使用。\n火盆的重量为5磅。"
  },
  "en": {
    "name": "Brazier of Commanding Fire Elementals",
    "source": "DMG",
    "page": 156,
    "srd": true,
    "reprintedAs": [
      "Brazier of Commanding Fire Elementals|XDMG"
    ],
    "tier": "major",
    "rarity": "rare",
    "wondrous": true,
    "weight": 5,
    "entries": [
      "While a fire burns in this brass brazier, you can use an action to speak the brazier's command word and summon a {@creature fire elemental}, as if you had cast the {@spell conjure elemental} spell. The brazier can't be used this way again until the next dawn.",
      "The brazier weighs 5 pounds."
    ],
    "attachedSpells": {
      "daily": {
        "1": [
          "conjure elemental"
        ]
      }
    },
    "lootTables": [
      "Magic Item Table G"
    ],
    "hasFluffImages": true,
    "html": "While a fire burns in this brass brazier, you can use an action to speak the brazier's command word and summon a {{@creature|fire elemental}}, as if you had cast the {{@spell|conjure elemental}} spell. The brazier can't be used this way again until the next dawn.\nThe brazier weighs 5 pounds."
  },
  "bonus": {}
}