{
  "dataType": "item",
  "uid": "item_Bottle stopper cork embossed with gold leaf and set with amethysts|DMG ",
  "id": "Bottle stopper cork embossed with gold leaf and set with amethysts|DMG",
  "value": 75000,
  "rarity": "none",
  "isBaseItem": false,
  "baseItem": "",
  "displayName": {
    "zh": "压印着金箔并镶有紫晶的软木瓶塞",
    "en": "Bottle stopper cork embossed with gold leaf and set with amethysts"
  },
  "mainSource": {
    "source": "DMG",
    "page": 135
  },
  "allSources": [
    {
      "source": "DMG",
      "page": 135
    },
    {
      "source": "XDMG",
      "page": 0
    },
    {
      "source": "XDMG",
      "page": 215
    }
  ],
  "relatedVersions": [
    "Bottle stopper cork embossed with gold leaf and set with amethysts|XDMG"
  ],
  "zh": {
    "name": "压印着金箔并镶有紫晶的软木瓶塞",
    "source": "DMG",
    "page": 135,
    "reprintedAs": [
      "压印着金箔并镶有紫晶的软木瓶塞|XDMG"
    ],
    "type": "$A|DMG",
    "rarity": "none",
    "value": 75000,
    "ENG_name": "Bottle stopper cork embossed with gold leaf and set with amethysts",
    "entries": [],
    "html": ""
  },
  "en": {
    "name": "Bottle stopper cork embossed with gold leaf and set with amethysts",
    "source": "DMG",
    "page": 135,
    "reprintedAs": [
      "Bottle stopper cork embossed with gold leaf and set with amethysts|XDMG"
    ],
    "type": "$A|DMG",
    "rarity": "none",
    "value": 75000,
    "entries": [],
    "html": ""
  },
  "bonus": {}
}