{
  "dataType": "item",
  "uid": "item_Boots of Elvenkind|DMG ",
  "id": "Boots of Elvenkind|DMG",
  "rarity": "uncommon",
  "isBaseItem": false,
  "full": {
    "en": {
      "images": [
        {
          "type": "image",
          "href": {
            "type": "internal",
            "path": "items/DMG/Boots of Elvenkind.webp"
          },
          "credit": "Conceptopolis"
        }
      ]
    },
    "zh": {
      "images": [
        {
          "type": "image",
          "href": {
            "type": "internal",
            "path": "items/DMG/Boots of Elvenkind.webp"
          },
          "credit": "Conceptopolis"
        }
      ]
    }
  },
  "baseItem": "",
  "displayName": {
    "zh": "精灵之靴",
    "en": "Boots of Elvenkind"
  },
  "mainSource": {
    "source": "DMG",
    "page": 155
  },
  "allSources": [
    {
      "source": "DMG",
      "page": 155
    },
    {
      "source": "XDMG",
      "page": 0
    },
    {
      "source": "XDMG",
      "page": 239
    }
  ],
  "relatedVersions": [
    "Boots of Elvenkind|XDMG"
  ],
  "zh": {
    "name": "精灵之靴",
    "source": "DMG",
    "page": 155,
    "srd": true,
    "reprintedAs": [
      "精灵之靴|XDMG"
    ],
    "tier": "主要",
    "rarity": "uncommon",
    "wondrous": true,
    "entries": [
      "着装这双靴子期间，无论在何种表面上移动，你都不会发出脚步声。此外，你为尝试无声移动所做的敏捷（{@skill 隐匿}）检定具有优势。"
    ],
    "optionalfeatures": [
      "仿制魔法物品|TCE"
    ],
    "lootTables": [
      "魔法物品表F"
    ],
    "hasFluffImages": true,
    "ENG_name": "Boots of Elvenkind",
    "html": "着装这双靴子期间，无论在何种表面上移动，你都不会发出脚步声。此外，你为尝试无声移动所做的敏捷（{{@skill|隐匿}}）检定具有优势。"
  },
  "en": {
    "name": "Boots of Elvenkind",
    "source": "DMG",
    "page": 155,
    "srd": true,
    "reprintedAs": [
      "Boots of Elvenkind|XDMG"
    ],
    "tier": "major",
    "rarity": "uncommon",
    "wondrous": true,
    "entries": [
      "While you wear these boots, your steps make no sound, regardless of the surface you are moving across. You also have advantage on Dexterity ({@skill Stealth}) checks that rely on moving silently."
    ],
    "optionalfeatures": [
      "replicate magic item|tce"
    ],
    "lootTables": [
      "Magic Item Table F"
    ],
    "hasFluffImages": true,
    "html": "While you wear these boots, your steps make no sound, regardless of the surface you are moving across. You also have advantage on Dexterity ({{@skill|Stealth}}) checks that rely on moving silently."
  },
  "bonus": {}
}