{
  "dataType": "item",
  "uid": "item_Fine gold chain set with a fire opal|DMG ",
  "id": "Fine gold chain set with a fire opal|DMG",
  "value": 250000,
  "rarity": "none",
  "isBaseItem": false,
  "baseItem": "",
  "displayName": {
    "zh": "镶有火蛋白石的纯金链条",
    "en": "Fine gold chain set with a fire opal"
  },
  "mainSource": {
    "source": "DMG",
    "page": 135
  },
  "allSources": [
    {
      "source": "DMG",
      "page": 135
    },
    {
      "source": "XDMG",
      "page": 0
    },
    {
      "source": "XDMG",
      "page": 215
    }
  ],
  "relatedVersions": [
    "Fine gold chain set with a fire opal|XDMG"
  ],
  "zh": {
    "name": "镶有火蛋白石的纯金链条",
    "source": "DMG",
    "page": 135,
    "reprintedAs": [
      "镶有火蛋白石的纯金链条|XDMG"
    ],
    "type": "$A|DMG",
    "rarity": "none",
    "value": 250000,
    "ENG_name": "Fine gold chain set with a fire opal",
    "entries": [],
    "html": ""
  },
  "en": {
    "name": "Fine gold chain set with a fire opal",
    "source": "DMG",
    "page": 135,
    "reprintedAs": [
      "Fine gold chain set with a fire opal|XDMG"
    ],
    "type": "$A|DMG",
    "rarity": "none",
    "value": 250000,
    "entries": [],
    "html": ""
  },
  "bonus": {}
}