{
  "dataType": "item",
  "uid": "item_Blackrazor|DMG ",
  "id": "Blackrazor|DMG",
  "weight": 6,
  "rarity": "legendary",
  "isBaseItem": false,
  "full": {
    "en": {
      "images": [
        {
          "type": "image",
          "href": {
            "type": "internal",
            "path": "items/DMG/Blackrazor.webp"
          }
        }
      ]
    },
    "zh": {
      "images": [
        {
          "type": "image",
          "href": {
            "type": "internal",
            "path": "items/DMG/Blackrazor.webp"
          }
        }
      ]
    }
  },
  "baseItem": "greatsword|phb",
  "displayName": {
    "zh": "黑刃",
    "en": "Blackrazor"
  },
  "mainSource": {
    "source": "DMG",
    "page": 216
  },
  "allSources": [
    {
      "source": "DMG",
      "page": 216
    },
    {
      "source": "XDMG",
      "page": 0
    },
    {
      "source": "XDMG",
      "page": 236
    }
  ],
  "relatedVersions": [
    "Blackrazor|XDMG"
  ],
  "zh": {
    "name": "黑刃",
    "source": "DMG",
    "page": 216,
    "reprintedAs": [
      "黑刃|XDMG"
    ],
    "baseItem": "巨剑|PHB",
    "type": "M",
    "rarity": "legendary",
    "reqAttune": "被非守序阵营的生物",
    "reqAttuneTags": [
      {
        "alignment": [
          "NX",
          "C",
          "G",
          "NY",
          "E"
        ]
      }
    ],
    "sentient": true,
    "weight": 6,
    "weaponCategory": "军用",
    "property": [
      "H",
      "2H"
    ],
    "dmg1": "2d6",
    "dmgType": "S",
    "bonusWeapon": "+3",
    "entries": [
      "隐藏在白焰山地牢中，黑刃闪耀如一片布满星辰的夜空。其黑色剑鞘上装饰着切割过的黑曜石碎片。",
      "使用此魔法武器发动的攻击检定和伤害掷骰获得+3加值。它还具有以下额外属性。",
      {
        "ENG_name": "Devour Soul",
        "name": "吞噬灵魂",
        "type": "entries",
        "entries": [
          "每当你使用它使一个生物的生命值降至0时，该剑将杀死该生物并吞噬其灵魂，除非它是一个构装体或亡灵。被黑刃吞噬灵魂的生物只能通过{@spell 祈愿术}法术复活。",
          "当它吞噬一个灵魂时，黑刃授予你等于被杀死生物生命值上限的临时生命值。这些生命值在24小时后消失。只要这些临时生命值持续存在且你手持黑刃，你在攻击检定、豁免和属性检定上具有优势。",
          "如果你用此武器命中一个亡灵，你受到{@damage 1d10}点暗蚀伤害且目标恢复{@dice 1d10}点生命值。如果此暗蚀伤害将你生命值降至0，黑刃将吞噬你的灵魂。"
        ]
      },
      {
        "ENG_name": "Soul Hunter",
        "name": "灵魂猎手",
        "type": "entries",
        "entries": [
          "当你持握该武器时，你能感知到60尺内非构装体或亡灵的微型或更大体型生物的存在。你同时不会陷入{@condition 魅惑}或{@condition 恐慌}状态。",
          "黑刃可以每天一次对你施放{@spell 加速术}法术。它决定何时施放该法术并维持{@status 专注}以便你无需专注。"
        ]
      },
      {
        "ENG_name": "Sentience",
        "name": "智能",
        "type": "entries",
        "entries": [
          "黑刃是一把具有智能的混乱中立武器，智力为17，感知为10，魅力为19。它拥有听觉和{@sense 黑暗视觉}，范围为120尺。",
          "该武器能够说、读和理解通用语，并能与其持有者通过心灵感应进行交流。它的声音深沉而回荡。当你与其同调时，黑刃还能理解你所知的每一种语言。"
        ]
      },
      {
        "ENG_name": "Personality",
        "name": "个性",
        "type": "entries",
        "entries": [
          "黑刃以专横的口吻说话，仿佛习惯于被服从。",
          "这把剑的目的是吞噬灵魂。它不在乎吞噬谁的灵魂，包括持用者的灵魂。这把剑相信所有物质和能量都源于负能量的虚空，并终有一天会回归其中。黑刃就是要加速这一过程。",
          "尽管持有虚无主义，黑刃却对{@item 波涛}和{@item 征服}这两件同样被封锁在白浪山下的武器感到一种奇特的亲近。它希望这三件武器能再次联合并在战斗中共同挥舞，尽管它强烈反对{@item 征服}并觉得{@item 波涛}很乏味。",
          "黑刃对灵魂的饥渴必须定期得到满足。如果这把剑三天或更长时间没有吞噬灵魂，它与其持有者之间将在下一次日落时发生冲突。"
        ]
      }
    ],
    "attachedSpells": {
      "daily": {
        "1": [
          "加速术"
        ]
      }
    },
    "hasFluffImages": true,
    "ENG_name": "Blackrazor",
    "html": "隐藏在白焰山地牢中，黑刃闪耀如一片布满星辰的夜空。其黑色剑鞘上装饰着切割过的黑曜石碎片。\n使用此魔法武器发动的攻击检定和伤害掷骰获得+3加值。它还具有以下额外属性。\n<div class=\"parser-entries\"><div class=\"parser-entries-name\">吞噬灵魂</div><div class=\"parser-entries-eng-name\">Devour Soul</div><div class=\"parser-entries-content\">每当你使用它使一个生物的生命值降至0时，该剑将杀死该生物并吞噬其灵魂，除非它是一个构装体或亡灵。被黑刃吞噬灵魂的生物只能通过{{@spell|祈愿术}}法术复活。当它吞噬一个灵魂时，黑刃授予你等于被杀死生物生命值上限的临时生命值。这些生命值在24小时后消失。只要这些临时生命值持续存在且你手持黑刃，你在攻击检定、豁免和属性检定上具有优势。如果你用此武器命中一个亡灵，你受到{{@damage|1d10}}点暗蚀伤害且目标恢复{{@dice|1d10}}点生命值。如果此暗蚀伤害将你生命值降至0，黑刃将吞噬你的灵魂。</div></div>\n<div class=\"parser-entries\"><div class=\"parser-entries-name\">灵魂猎手</div><div class=\"parser-entries-eng-name\">Soul Hunter</div><div class=\"parser-entries-content\">当你持握该武器时，你能感知到60尺内非构装体或亡灵的微型或更大体型生物的存在。你同时不会陷入{{@condition|魅惑}}或{{@condition|恐慌}}状态。黑刃可以每天一次对你施放{{@spell|加速术}}法术。它决定何时施放该法术并维持{{@status|专注}}以便你无需专注。</div></div>\n<div class=\"parser-entries\"><div class=\"parser-entries-name\">智能</div><div class=\"parser-entries-eng-name\">Sentience</div><div class=\"parser-entries-content\">黑刃是一把具有智能的混乱中立武器，智力为17，感知为10，魅力为19。它拥有听觉和{{@sense|黑暗视觉}}，范围为120尺。该武器能够说、读和理解通用语，并能与其持有者通过心灵感应进行交流。它的声音深沉而回荡。当你与其同调时，黑刃还能理解你所知的每一种语言。</div></div>\n<div class=\"parser-entries\"><div class=\"parser-entries-name\">个性</div><div class=\"parser-entries-eng-name\">Personality</div><div class=\"parser-entries-content\">黑刃以专横的口吻说话，仿佛习惯于被服从。这把剑的目的是吞噬灵魂。它不在乎吞噬谁的灵魂，包括持用者的灵魂。这把剑相信所有物质和能量都源于负能量的虚空，并终有一天会回归其中。黑刃就是要加速这一过程。尽管持有虚无主义，黑刃却对{{@item|波涛}}和{{@item|征服}}这两件同样被封锁在白浪山下的武器感到一种奇特的亲近。它希望这三件武器能再次联合并在战斗中共同挥舞，尽管它强烈反对{{@item|征服}}并觉得{{@item|波涛}}很乏味。黑刃对灵魂的饥渴必须定期得到满足。如果这把剑三天或更长时间没有吞噬灵魂，它与其持有者之间将在下一次日落时发生冲突。</div></div>"
  },
  "en": {
    "name": "Blackrazor",
    "source": "DMG",
    "page": 216,
    "reprintedAs": [
      "Blackrazor|XDMG"
    ],
    "baseItem": "greatsword|phb",
    "type": "M",
    "rarity": "legendary",
    "reqAttune": "by a creature of non-lawful alignment",
    "reqAttuneTags": [
      {
        "alignment": [
          "NX",
          "C",
          "G",
          "NY",
          "E"
        ]
      }
    ],
    "sentient": true,
    "weight": 6,
    "weaponCategory": "martial",
    "property": [
      "H",
      "2H"
    ],
    "dmg1": "2d6",
    "dmgType": "S",
    "bonusWeapon": "+3",
    "entries": [
      "Hidden in the dungeon of White Plume Mountain, Blackrazor shines like a piece of night sky filled with stars. Its black scabbard is decorated with pieces of cut obsidian.",
      "You gain a +3 bonus to attack and damage rolls made with this magic weapon. It has the following additional properties.",
      {
        "name": "Devour Soul",
        "type": "entries",
        "entries": [
          "Whenever you use it to reduce a creature to 0 hit points, the sword slays the creature and devours its soul, unless it is a construct or an undead. A creature whose soul has been devoured by Blackrazor can be restored to life only by a {@spell wish} spell.",
          "When it devours a soul, Blackrazor grants you temporary hit points equal to the slain creature's hit point maximum. These hit points fade after 24 hours. As long as these temporary hit points last and you keep Blackrazor in hand, you have advantage on attack rolls, saving throws, and ability checks.",
          "If you hit an undead with this weapon, you take {@damage 1d10} necrotic damage and the target regains {@dice 1d10} hit points. If this necrotic damage reduces you to 0 hit points, Blackrazor devours your soul."
        ]
      },
      {
        "name": "Soul Hunter",
        "type": "entries",
        "entries": [
          "While you hold the weapon. you are aware of the presence of Tiny or larger creatures within 60 feet of you that aren't constructs or undead. You also can't be {@condition charmed} or {@condition frightened}.",
          "Blackrazor can cast the {@spell haste} spell on you once per day. It decides when to cast the spell and maintains {@status concentration} on it so that you don't have to."
        ]
      },
      {
        "name": "Sentience",
        "type": "entries",
        "entries": [
          "Blackrazor is a sentient chaotic neutral weapon with an Intelligence of 17, a Wisdom of 10, and a Charisma of 19. It has hearing and {@sense darkvision} out to a range of 120 feet.",
          "The weapon can speak, read, and understand Common, and can communicate with its wielder telepathically. Its voice is deep and echoing. While you are attuned to it, Blackrazor also understands every language you know."
        ]
      },
      {
        "name": "Personality",
        "type": "entries",
        "entries": [
          "Blackrazor speaks with an imperious tone, as though accustomed to being obeyed.",
          "The sword's purpose is to consume souls. It doesn't care whose souls it eats, including the wielder's. The sword believes that all matter and energy sprang from a void of negative energy and will one day return to it. Blackrazor is meant to hurry that process along.",
          "Despite its nihilism, Blackrazor feels a strange kinship to {@item Wave} and {@item Whelm}, two other weapons locked away under White Plume Mountain. It wants the three weapons to be united again and wielded together in combat, even though it violently disagrees with {@item Whelm} and finds {@item Wave} tedious.",
          "Blackrazor's hunger for souls must be regularly fed. If the sword goes three days or more without consuming a soul, a conflict between it and its wielder occurs at the next sunset."
        ]
      }
    ],
    "attachedSpells": {
      "daily": {
        "1": [
          "haste"
        ]
      }
    },
    "hasFluffImages": true,
    "html": "Hidden in the dungeon of White Plume Mountain, Blackrazor shines like a piece of night sky filled with stars. Its black scabbard is decorated with pieces of cut obsidian.\nYou gain a +3 bonus to attack and damage rolls made with this magic weapon. It has the following additional properties.\n<div class=\"parser-entries\"><div class=\"parser-entries-name\">Devour Soul</div><div class=\"parser-entries-content\">Whenever you use it to reduce a creature to 0 hit points, the sword slays the creature and devours its soul, unless it is a construct or an undead. A creature whose soul has been devoured by Blackrazor can be restored to life only by a {{@spell|wish}} spell.When it devours a soul, Blackrazor grants you temporary hit points equal to the slain creature's hit point maximum. These hit points fade after 24 hours. As long as these temporary hit points last and you keep Blackrazor in hand, you have advantage on attack rolls, saving throws, and ability checks.If you hit an undead with this weapon, you take {{@damage|1d10}} necrotic damage and the target regains {{@dice|1d10}} hit points. If this necrotic damage reduces you to 0 hit points, Blackrazor devours your soul.</div></div>\n<div class=\"parser-entries\"><div class=\"parser-entries-name\">Soul Hunter</div><div class=\"parser-entries-content\">While you hold the weapon. you are aware of the presence of Tiny or larger creatures within 60 feet of you that aren't constructs or undead. You also can't be {{@condition|charmed}} or {{@condition|frightened}}.Blackrazor can cast the {{@spell|haste}} spell on you once per day. It decides when to cast the spell and maintains {{@status|concentration}} on it so that you don't have to.</div></div>\n<div class=\"parser-entries\"><div class=\"parser-entries-name\">Sentience</div><div class=\"parser-entries-content\">Blackrazor is a sentient chaotic neutral weapon with an Intelligence of 17, a Wisdom of 10, and a Charisma of 19. It has hearing and {{@sense|darkvision}} out to a range of 120 feet.The weapon can speak, read, and understand Common, and can communicate with its wielder telepathically. Its voice is deep and echoing. While you are attuned to it, Blackrazor also understands every language you know.</div></div>\n<div class=\"parser-entries\"><div class=\"parser-entries-name\">Personality</div><div class=\"parser-entries-content\">Blackrazor speaks with an imperious tone, as though accustomed to being obeyed.The sword's purpose is to consume souls. It doesn't care whose souls it eats, including the wielder's. The sword believes that all matter and energy sprang from a void of negative energy and will one day return to it. Blackrazor is meant to hurry that process along.Despite its nihilism, Blackrazor feels a strange kinship to {{@item|Wave}} and {{@item|Whelm}}, two other weapons locked away under White Plume Mountain. It wants the three weapons to be united again and wielded together in combat, even though it violently disagrees with {{@item|Whelm}} and finds {{@item|Wave}} tedious.Blackrazor's hunger for souls must be regularly fed. If the sword goes three days or more without consuming a soul, a conflict between it and its wielder occurs at the next sunset.</div></div>"
  },
  "weapon": {
    "category": "martial",
    "weaponCategory": "martial",
    "dmg1": "2d6",
    "dmgType": "S",
    "dmgs": [
      "2d6"
    ],
    "property": [
      "H",
      "2H"
    ]
  },
  "bonus": {
    "weapon": 3
  }
}