{
  "dataType": "item",
  "uid": "item_Coral|DMG ",
  "id": "Coral|DMG",
  "value": 10000,
  "rarity": "none",
  "isBaseItem": false,
  "baseItem": "",
  "displayName": {
    "zh": "珊瑚",
    "en": "Coral"
  },
  "mainSource": {
    "source": "DMG",
    "page": 134
  },
  "allSources": [
    {
      "source": "DMG",
      "page": 134
    },
    {
      "source": "XDMG",
      "page": 0
    },
    {
      "source": "XDMG",
      "page": 214
    }
  ],
  "relatedVersions": [
    "Coral|XDMG"
  ],
  "zh": {
    "name": "珊瑚",
    "source": "DMG",
    "page": 134,
    "reprintedAs": [
      "珊瑚|XDMG"
    ],
    "type": "$G|DMG",
    "rarity": "none",
    "value": 10000,
    "entries": [
      "一颗不透明的深红色宝石。"
    ],
    "ENG_name": "Coral",
    "html": "一颗不透明的深红色宝石。"
  },
  "en": {
    "name": "Coral",
    "source": "DMG",
    "page": 134,
    "reprintedAs": [
      "Coral|XDMG"
    ],
    "type": "$G|DMG",
    "rarity": "none",
    "value": 10000,
    "entries": [
      "An opaque crimson gemstone."
    ],
    "html": "An opaque crimson gemstone."
  },
  "bonus": {}
}