{
  "dataType": "item",
  "uid": "item_Rod of Hellish Flames|BMT ",
  "id": "Rod of Hellish Flames|BMT",
  "rarity": "very rare",
  "isBaseItem": false,
  "baseItem": "",
  "displayName": {
    "zh": "地狱火焰权杖",
    "en": "Rod of Hellish Flames"
  },
  "mainSource": {
    "source": "BMT",
    "page": 37
  },
  "allSources": [
    {
      "source": "BMT",
      "page": 37
    }
  ],
  "zh": {
    "name": "地狱火焰权杖",
    "source": "BMT",
    "page": 37,
    "type": "RD|DMG",
    "resist": [
      "火焰",
      "暗蚀"
    ],
    "rarity": "very rare",
    "reqAttune": "由施法者",
    "reqAttuneTags": [
      {
        "spellcasting": true
      }
    ],
    "entries": [
      "发光的余烬绕着这根黑色权杖的凸缘头部旋转。",
      "这把权杖可以用作奥术法器。持握这根权杖期间，你获得以下增益：",
      {
        "type": "list",
        "style": "list-hang-notitle",
        "items": [
          {
            "ENG_name": "Hellish Resistance",
            "name": "炼狱抗性",
            "type": "item",
            "entries": [
              "你获得对火焰和暗蚀伤害的抗性。"
            ]
          },
          {
            "ENG_name": "Searing Rebuke",
            "name": "灼热叱喝",
            "type": "item",
            "entries": [
              "你可以用权杖施放{@spell 炼狱叱喝}法术（4环版本）（豁免{@dc 16}）。一旦你使用权杖施放该法术，直到下次黎明前权杖不能再次施放该法术。"
            ]
          },
          {
            "ENG_name": "Surge of Brimstone",
            "name": "硫磺浪涌",
            "type": "item",
            "entries": [
              "当你施放造成火焰或暗蚀伤害的法术时，你可以使用权杖来使其伤害掷骰直接取最高值而无需掷骰。此项属性一经使用，直到下次黎明前不能再次使用。"
            ]
          }
        ]
      }
    ],
    "attachedSpells": {
      "daily": {
        "1e": [
          "炼狱叱喝"
        ]
      }
    },
    "ENG_name": "Rod of Hellish Flames",
    "html": "发光的余烬绕着这根黑色权杖的凸缘头部旋转。\n这把权杖可以用作奥术法器。持握这根权杖期间，你获得以下增益：\n<ul class=\"parser-list parser-list-list-hang-notitle\"><li class=\"parser-list-item\"><span class=\"parser-list-item-name\">炼狱抗性</span><span class=\"parser-list-item-eng-name\">Hellish Resistance</span><div class=\"parser-list-item-entries\">你获得对火焰和暗蚀伤害的抗性。</div></li><li class=\"parser-list-item\"><span class=\"parser-list-item-name\">灼热叱喝</span><span class=\"parser-list-item-eng-name\">Searing Rebuke</span><div class=\"parser-list-item-entries\">你可以用权杖施放{{@spell|炼狱叱喝}}法术（4环版本）（豁免{{@dc|16}}）。一旦你使用权杖施放该法术，直到下次黎明前权杖不能再次施放该法术。</div></li><li class=\"parser-list-item\"><span class=\"parser-list-item-name\">硫磺浪涌</span><span class=\"parser-list-item-eng-name\">Surge of Brimstone</span><div class=\"parser-list-item-entries\">当你施放造成火焰或暗蚀伤害的法术时，你可以使用权杖来使其伤害掷骰直接取最高值而无需掷骰。此项属性一经使用，直到下次黎明前不能再次使用。</div></li></ul>"
  },
  "en": {
    "name": "Rod of Hellish Flames",
    "source": "BMT",
    "page": 37,
    "type": "RD|DMG",
    "resist": [
      "fire",
      "necrotic"
    ],
    "rarity": "very rare",
    "reqAttune": "by a spellcaster",
    "reqAttuneTags": [
      {
        "spellcasting": true
      }
    ],
    "entries": [
      "Glowing cinders orbit the flanged head of this black iron rod.",
      "This rod can be used as an arcane focus. While holding this rod, you gain the following benefits:",
      {
        "type": "list",
        "style": "list-hang-notitle",
        "items": [
          {
            "type": "item",
            "name": "Hellish Resistance",
            "entries": [
              "You have resistance to fire and necrotic damage."
            ]
          },
          {
            "type": "item",
            "name": "Searing Rebuke",
            "entries": [
              "You can cast the {@spell Hellish Rebuke} spell as a 4th-level spell (save {@dc 16}) from the rod. Once you use the rod to cast the spell, the rod can't cast the spell again until the next dawn."
            ]
          },
          {
            "type": "item",
            "name": "Surge of Brimstone",
            "entries": [
              "Whenever you cast a spell that deals fire or necrotic damage, you can use the rod to deal the maximum damage instead of rolling. Once this property is used, it can't be used again until the next dawn."
            ]
          }
        ]
      }
    ],
    "attachedSpells": {
      "daily": {
        "1e": [
          "hellish rebuke"
        ]
      }
    },
    "html": "Glowing cinders orbit the flanged head of this black iron rod.\nThis rod can be used as an arcane focus. While holding this rod, you gain the following benefits:\n<ul class=\"parser-list parser-list-list-hang-notitle\"><li class=\"parser-list-item\"><span class=\"parser-list-item-name\">Hellish Resistance</span><div class=\"parser-list-item-entries\">You have resistance to fire and necrotic damage.</div></li><li class=\"parser-list-item\"><span class=\"parser-list-item-name\">Searing Rebuke</span><div class=\"parser-list-item-entries\">You can cast the {{@spell|Hellish Rebuke}} spell as a 4th-level spell (save {{@dc|16}}) from the rod. Once you use the rod to cast the spell, the rod can't cast the spell again until the next dawn.</div></li><li class=\"parser-list-item\"><span class=\"parser-list-item-name\">Surge of Brimstone</span><div class=\"parser-list-item-entries\">Whenever you cast a spell that deals fire or necrotic damage, you can use the rod to deal the maximum damage instead of rolling. Once this property is used, it can't be used again until the next dawn.</div></li></ul>"
  },
  "bonus": {}
}