{
  "dataType": "item",
  "uid": "item_Cape of the Mountebank|DMG ",
  "id": "Cape of the Mountebank|DMG",
  "rarity": "rare",
  "isBaseItem": false,
  "full": {
    "en": {
      "images": [
        {
          "type": "image",
          "href": {
            "type": "internal",
            "path": "items/DMG/Cape of the Mountebank.webp"
          }
        }
      ]
    },
    "zh": {
      "images": [
        {
          "type": "image",
          "href": {
            "type": "internal",
            "path": "items/DMG/Cape of the Mountebank.webp"
          }
        }
      ]
    }
  },
  "baseItem": "",
  "displayName": {
    "zh": "郎中披肩",
    "en": "Cape of the Mountebank"
  },
  "mainSource": {
    "source": "DMG",
    "page": 157
  },
  "allSources": [
    {
      "source": "DMG",
      "page": 157
    },
    {
      "source": "XDMG",
      "page": 0
    },
    {
      "source": "XDMG",
      "page": 242
    }
  ],
  "relatedVersions": [
    "Cape of the Mountebank|XDMG"
  ],
  "zh": {
    "name": "郎中披肩",
    "source": "DMG",
    "page": 157,
    "srd": true,
    "reprintedAs": [
      "郎中披肩|XDMG"
    ],
    "tier": "主要",
    "rarity": "rare",
    "wondrous": true,
    "entries": [
      "这件披肩闻起来有一股淡淡的硫磺味。着装该披肩期间，你可以用一个动作施放{@spell 任意门}法术。该属性一经使用，直至次日黎明前都无法再次使用。",
      "当你消失时，你会在原地留下一团烟雾，并在目的地伴随着一团类似的烟雾出现。烟雾会轻度遮蔽你离开和到达的空间，并在你的下一个回合结束时消散。一阵微风或更强的风势可以将这种烟雾吹散。"
    ],
    "attachedSpells": {
      "daily": {
        "1": [
          "任意门"
        ]
      }
    },
    "lootTables": [
      "魔法物品表G"
    ],
    "hasFluffImages": true,
    "ENG_name": "Cape of the Mountebank",
    "html": "这件披肩闻起来有一股淡淡的硫磺味。着装该披肩期间，你可以用一个动作施放{{@spell|任意门}}法术。该属性一经使用，直至次日黎明前都无法再次使用。\n当你消失时，你会在原地留下一团烟雾，并在目的地伴随着一团类似的烟雾出现。烟雾会轻度遮蔽你离开和到达的空间，并在你的下一个回合结束时消散。一阵微风或更强的风势可以将这种烟雾吹散。"
  },
  "en": {
    "name": "Cape of the Mountebank",
    "source": "DMG",
    "page": 157,
    "srd": true,
    "reprintedAs": [
      "Cape of the Mountebank|XDMG"
    ],
    "tier": "major",
    "rarity": "rare",
    "wondrous": true,
    "entries": [
      "This cape smells faintly of brimstone. While wearing it, you can use it to cast the {@spell dimension door} spell as an action. This property of the cape can't be used again until the next dawn.",
      "When you disappear, you leave behind a cloud of smoke, and you appear in a similar cloud of smoke at your destination. The smoke lightly obscures the space you left and the space you appear in, and it dissipates at the end of your next turn. A light or stronger wind disperses the smoke."
    ],
    "attachedSpells": {
      "daily": {
        "1": [
          "dimension door"
        ]
      }
    },
    "lootTables": [
      "Magic Item Table G"
    ],
    "hasFluffImages": true,
    "html": "This cape smells faintly of brimstone. While wearing it, you can use it to cast the {{@spell|dimension door}} spell as an action. This property of the cape can't be used again until the next dawn.\nWhen you disappear, you leave behind a cloud of smoke, and you appear in a similar cloud of smoke at your destination. The smoke lightly obscures the space you left and the space you appear in, and it dissipates at the end of your next turn. A light or stronger wind disperses the smoke."
  },
  "bonus": {}
}