{
  "dataType": "item",
  "uid": "item_Ceremonial electrum dagger with a black pearl in the pommel|DMG ",
  "id": "Ceremonial electrum dagger with a black pearl in the pommel|DMG",
  "value": 75000,
  "rarity": "none",
  "isBaseItem": false,
  "baseItem": "",
  "displayName": {
    "zh": "柄端镶着黑珍珠的银金质仪式匕首",
    "en": "Ceremonial electrum dagger with a black pearl in the pommel"
  },
  "mainSource": {
    "source": "DMG",
    "page": 135
  },
  "allSources": [
    {
      "source": "DMG",
      "page": 135
    },
    {
      "source": "XDMG",
      "page": 0
    },
    {
      "source": "XDMG",
      "page": 215
    }
  ],
  "relatedVersions": [
    "Detailed, life-sized dragonborn skull cast in electrum|XDMG"
  ],
  "zh": {
    "name": "柄端镶着黑珍珠的银金质仪式匕首",
    "source": "DMG",
    "page": 135,
    "reprintedAs": [
      "柄端镶着黑珍珠的银金质龙裔头骨|XDMG"
    ],
    "type": "$A|DMG",
    "rarity": "none",
    "value": 75000,
    "ENG_name": "Ceremonial electrum dagger with a black pearl in the pommel",
    "entries": [],
    "html": ""
  },
  "en": {
    "name": "Ceremonial electrum dagger with a black pearl in the pommel",
    "source": "DMG",
    "page": 135,
    "reprintedAs": [
      "Detailed, life-sized dragonborn skull cast in electrum|XDMG"
    ],
    "type": "$A|DMG",
    "rarity": "none",
    "value": 75000,
    "entries": [],
    "html": ""
  },
  "bonus": {}
}