{
  "dataType": "item",
  "uid": "item_Shield of the Hidden Lord|BGDIA ",
  "id": "Shield of the Hidden Lord|BGDIA",
  "weight": 6,
  "rarity": "legendary",
  "isBaseItem": false,
  "full": {
    "en": {
      "images": [
        {
          "type": "image",
          "href": {
            "type": "internal",
            "path": "items/BGDIA/Shield of the Hidden Lord.webp"
          }
        }
      ]
    },
    "zh": {
      "images": [
        {
          "type": "image",
          "href": {
            "type": "internal",
            "path": "items/BGDIA/Shield of the Hidden Lord.webp"
          }
        }
      ]
    }
  },
  "baseItem": "",
  "displayName": {
    "zh": "隐藏领主的盾牌",
    "en": "Shield of the Hidden Lord"
  },
  "mainSource": {
    "source": "BGDIA",
    "page": 225
  },
  "allSources": [
    {
      "source": "BGDIA",
      "page": 225
    }
  ],
  "zh": {
    "name": "隐藏领主的盾牌",
    "source": "BGDIA",
    "page": 225,
    "type": "S",
    "rarity": "legendary",
    "reqAttune": true,
    "sentient": true,
    "weight": 6,
    "ac": 2,
    "bonusAc": "+2",
    "recharge": "拂晓",
    "rechargeAmount": 3,
    "charges": 3,
    "entries": [
      "隐秘领主之盾起源于天界，用作囚禁深狱炼魔加尔高斯，其凡人追随者将其视为神明。随着时间的流逝，加尔高斯的邪恶已经扭曲了盾牌的外观，使其天界图案和设计变成了一个恶魔面孔，以令人不安的方式微妙地移动。",
      "持有这个盾牌时，你对AC有+2加值，并对火焰伤害有抗性。",
      {
        "ENG_name": "Sentience",
        "name": "智能",
        "type": "entries",
        "entries": [
          "只要盾牌囚禁着加格奥特，隐藏领主之盾就是有感知的。在有感知时，盾牌具有以下特性：",
          {
            "type": "list",
            "items": [
              "这个盾牌拥有22点感知，18点感知，以及24点魅力，并且具有听力和{@sense 真实视觉}，感知范围达到120尺。",
              "这个盾牌能够说话、阅读并理解通用语和地狱语，并且能够与它能够感知到的120尺内的任何生物进行心灵沟通。它的声音是一种深沉、空洞的低语。",
              "这个护盾有3次充能。你可以使用一个动作消耗1次充能来施展{@spell 火球术}，或消耗2次充能从护盾中施展{@spell 火墙术}（每次法术的豁免{@dc 21}）。{@spell 火墙术}持续1分钟（不需要{@status 专注}）。护盾每天黎明时恢复所有消耗的充能。",
              "在你的回合中的任何时候，盾牌可以选择辐射出一层恐惧光环，持续1分钟。（这不是你可以控制的盾牌能力。）任何对你有敌意的生物，若在盾牌20英尺范围内开始其回合，必须进行一次{@dc 18}感知豁免。如果豁免失败，该生物将被{@condition 恐慌}直到其下一个回合开始。如果豁免成功，该生物在接下来的24小时内免疫于盾牌的这个能力。一旦盾牌使用此能力，直到下一个黎明前都无法再次使用。"
            ]
          }
        ]
      },
      {
        "ENG_name": "Gargauth's Personality",
        "name": "加葛斯的性格",
        "type": "entries",
        "entries": [
          "加尔高斯迫切寻求自由，但无法自行逃脱。这个深狱炼魔不会透露其真实本性，仅自称为隐秘领主。它会暗示并巧妙地建议自己是一个被困在不洁监狱中的天使。如果从盾牌中释放出来，深狱炼魔将遵守任何为了促成其逃脱而达成的交易条款。",
          "加格奥特被困在盾牌中时，会小心翼翼地引导盾牌的当前主人去犯下残忍和统治的行为，希望将个人的灵魂定罪到九层地狱。如果盾牌的主人做了任何会让加格奥特更难逃脱监狱的事情，比如把盾牌留在别人不太可能找到的地方，就会发生冲突。",
          "加格奥特不知道如何从盾牌中逃脱。这个深狱炼魔错误地相信（错误地）如果它被带到九层地狱，它就能从盾牌中挣脱出来，因为它确信盾牌的力量在那里会更弱。"
        ]
      },
      {
        "ENG_name": "Freeing Gargauth",
        "name": "释放加葛斯",
        "type": "entries",
        "entries": [
          "在盾牌上施放{@spell 反制善恶}法术有{@chance 1}的几率释放深深狱炼魔，或者如果法术是由{@creature 炽天神侍}、{@creature 异界神侍}或大恶魔施放，则自动成功。神可以通过触摸盾牌并说出Gargauth的名字来释放深深狱炼魔。当释放时，Gargauth会出现在尽可能靠近盾牌的随机、未被占据的空间。"
        ]
      }
    ],
    "attachedSpells": {
      "charges": {
        "1": [
          "火球术"
        ],
        "2": [
          "火墙术"
        ]
      }
    },
    "hasFluffImages": true,
    "ENG_name": "Shield of the Hidden Lord",
    "html": "隐秘领主之盾起源于天界，用作囚禁深狱炼魔加尔高斯，其凡人追随者将其视为神明。随着时间的流逝，加尔高斯的邪恶已经扭曲了盾牌的外观，使其天界图案和设计变成了一个恶魔面孔，以令人不安的方式微妙地移动。\n持有这个盾牌时，你对AC有+2加值，并对火焰伤害有抗性。\n<div class=\"parser-entries\"><div class=\"parser-entries-name\">智能</div><div class=\"parser-entries-eng-name\">Sentience</div><div class=\"parser-entries-content\">只要盾牌囚禁着加格奥特，隐藏领主之盾就是有感知的。在有感知时，盾牌具有以下特性：<ul class=\"parser-list parser-list-default\"><li>这个盾牌拥有22点感知，18点感知，以及24点魅力，并且具有听力和{{@sense|真实视觉}}，感知范围达到120尺。</li><li>这个盾牌能够说话、阅读并理解通用语和地狱语，并且能够与它能够感知到的120尺内的任何生物进行心灵沟通。它的声音是一种深沉、空洞的低语。</li><li>这个护盾有3次充能。你可以使用一个动作消耗1次充能来施展{{@spell|火球术}}，或消耗2次充能从护盾中施展{{@spell|火墙术}}（每次法术的豁免{{@dc|21}}）。{{@spell|火墙术}}持续1分钟（不需要{{@status|专注}}）。护盾每天黎明时恢复所有消耗的充能。</li><li>在你的回合中的任何时候，盾牌可以选择辐射出一层恐惧光环，持续1分钟。（这不是你可以控制的盾牌能力。）任何对你有敌意的生物，若在盾牌20英尺范围内开始其回合，必须进行一次{{@dc|18}}感知豁免。如果豁免失败，该生物将被{{@condition|恐慌}}直到其下一个回合开始。如果豁免成功，该生物在接下来的24小时内免疫于盾牌的这个能力。一旦盾牌使用此能力，直到下一个黎明前都无法再次使用。</li></ul></div></div>\n<div class=\"parser-entries\"><div class=\"parser-entries-name\">加葛斯的性格</div><div class=\"parser-entries-eng-name\">Gargauth's Personality</div><div class=\"parser-entries-content\">加尔高斯迫切寻求自由，但无法自行逃脱。这个深狱炼魔不会透露其真实本性，仅自称为隐秘领主。它会暗示并巧妙地建议自己是一个被困在不洁监狱中的天使。如果从盾牌中释放出来，深狱炼魔将遵守任何为了促成其逃脱而达成的交易条款。加格奥特被困在盾牌中时，会小心翼翼地引导盾牌的当前主人去犯下残忍和统治的行为，希望将个人的灵魂定罪到九层地狱。如果盾牌的主人做了任何会让加格奥特更难逃脱监狱的事情，比如把盾牌留在别人不太可能找到的地方，就会发生冲突。加格奥特不知道如何从盾牌中逃脱。这个深狱炼魔错误地相信（错误地）如果它被带到九层地狱，它就能从盾牌中挣脱出来，因为它确信盾牌的力量在那里会更弱。</div></div>\n<div class=\"parser-entries\"><div class=\"parser-entries-name\">释放加葛斯</div><div class=\"parser-entries-eng-name\">Freeing Gargauth</div><div class=\"parser-entries-content\">在盾牌上施放{{@spell|反制善恶}}法术有{{@chance|1}}的几率释放深深狱炼魔，或者如果法术是由{{@creature|炽天神侍}}、{{@creature|异界神侍}}或大恶魔施放，则自动成功。神可以通过触摸盾牌并说出Gargauth的名字来释放深深狱炼魔。当释放时，Gargauth会出现在尽可能靠近盾牌的随机、未被占据的空间。</div></div>"
  },
  "en": {
    "name": "Shield of the Hidden Lord",
    "source": "BGDIA",
    "page": 225,
    "type": "S",
    "rarity": "legendary",
    "reqAttune": true,
    "sentient": true,
    "weight": 6,
    "ac": 2,
    "bonusAc": "+2",
    "recharge": "dawn",
    "rechargeAmount": 3,
    "charges": 3,
    "entries": [
      "The Shield of the Hidden Lord is of celestial origin and serves as a prison for the pit fiend Gargauth, whose mortal followers revere it as a god. Over time, Gargauth's evil has warped the shield's appearance, so that its celestial motif and designs have become twisted into a fiendish face that subtly moves in disturbing ways.",
      "While holding this shield, you gain a +2 bonus to AC and resistance to fire damage.",
      {
        "type": "entries",
        "name": "Sentience",
        "entries": [
          "The Shield of the Hidden Lord is sentient as long as it imprisons Gargauth. While sentient, the shield has the following properties:",
          {
            "type": "list",
            "items": [
              "The shield has an Intelligence of 22, a Wisdom of 18, and a Charisma of 24, as well as hearing and {@sense truesight} out to a range of 120 feet.",
              "The shield can speak, read, and understand Common and Infernal, and it can communicate telepathically with any creature it can sense within 120 feet of it. Its voice is a deep, hollow whisper.",
              "The shield has 3 charges. You can use an action to expend 1 charge to cast {@spell fireball} or 2 charges to cast {@spell wall of fire} from the shield (save {@dc 21} for each). The {@spell wall of fire} spell lasts for 1 minute (no {@status concentration} required). The shield regains all expended charges daily at dawn.",
              "Anytime during your turn, the shield can choose to radiate an aura of dread for 1 minute. (This is not a power of the shield that you control.) Any creature hostile to you that starts its turn within 20 feet of the shield must make a {@dc 18} Wisdom saving throw. On a failed save, the creature is {@condition frightened} until the start of its next turn. On a successful save, the creature is immune to this power of the shield for the next 24 hours. Once the shield uses this power, it can't use it again until the next dawn."
            ]
          }
        ]
      },
      {
        "type": "entries",
        "name": "Gargauth's Personality",
        "entries": [
          "Gargauth desperately seeks freedom but can't escape on its own. The pit fiend won't reveal its true nature, referring to itself only as the Hidden Lord. It drops hints and subtle suggestions that it is an angel trapped in an unholy prison. If released from the shield, the pit fiend honors the terms of whatever bargain it struck to facilitate its escape.",
          "While trapped in the shield, Gargauth carefully steers the shield's current owner toward committing acts of cruelty and domination, hoping to condemn the individual's soul to the Nine Hells. Conflict occurs if the shield's owner does anything that would make it more difficult for Gargauth to escape its prison, such as leaving the shield in a place where others are unlikely to find it.",
          "Gargauth doesn't know how to escape from the shield. The pit fiend believes (incorrectly) that it can break free of the shield if it's brought to the Nine Hells, for it's convinced that the shield's powers are weaker there."
        ]
      },
      {
        "type": "entries",
        "name": "Freeing Gargauth",
        "entries": [
          "Casting {@spell dispel evil and good} on the shield has a {@chance 1} chance of freeing the pit fiend, or automatically succeeds if the spell is cast by a {@creature solar}, a {@creature planetar}, or an archdevil. A god can release the pit fiend by touching the shield and speaking Gargauth's name. When released, Gargauth appears in a random, unoccupied space as close to the shield as possible."
        ]
      }
    ],
    "attachedSpells": {
      "charges": {
        "1": [
          "fireball"
        ],
        "2": [
          "wall of fire"
        ]
      }
    },
    "hasFluffImages": true,
    "html": "The Shield of the Hidden Lord is of celestial origin and serves as a prison for the pit fiend Gargauth, whose mortal followers revere it as a god. Over time, Gargauth's evil has warped the shield's appearance, so that its celestial motif and designs have become twisted into a fiendish face that subtly moves in disturbing ways.\nWhile holding this shield, you gain a +2 bonus to AC and resistance to fire damage.\n<div class=\"parser-entries\"><div class=\"parser-entries-name\">Sentience</div><div class=\"parser-entries-content\">The Shield of the Hidden Lord is sentient as long as it imprisons Gargauth. While sentient, the shield has the following properties:<ul class=\"parser-list parser-list-default\"><li>The shield has an Intelligence of 22, a Wisdom of 18, and a Charisma of 24, as well as hearing and {{@sense|truesight}} out to a range of 120 feet.</li><li>The shield can speak, read, and understand Common and Infernal, and it can communicate telepathically with any creature it can sense within 120 feet of it. Its voice is a deep, hollow whisper.</li><li>The shield has 3 charges. You can use an action to expend 1 charge to cast {{@spell|fireball}} or 2 charges to cast {{@spell|wall of fire}} from the shield (save {{@dc|21}} for each). The {{@spell|wall of fire}} spell lasts for 1 minute (no {{@status|concentration}} required). The shield regains all expended charges daily at dawn.</li><li>Anytime during your turn, the shield can choose to radiate an aura of dread for 1 minute. (This is not a power of the shield that you control.) Any creature hostile to you that starts its turn within 20 feet of the shield must make a {{@dc|18}} Wisdom saving throw. On a failed save, the creature is {{@condition|frightened}} until the start of its next turn. On a successful save, the creature is immune to this power of the shield for the next 24 hours. Once the shield uses this power, it can't use it again until the next dawn.</li></ul></div></div>\n<div class=\"parser-entries\"><div class=\"parser-entries-name\">Gargauth's Personality</div><div class=\"parser-entries-content\">Gargauth desperately seeks freedom but can't escape on its own. The pit fiend won't reveal its true nature, referring to itself only as the Hidden Lord. It drops hints and subtle suggestions that it is an angel trapped in an unholy prison. If released from the shield, the pit fiend honors the terms of whatever bargain it struck to facilitate its escape.While trapped in the shield, Gargauth carefully steers the shield's current owner toward committing acts of cruelty and domination, hoping to condemn the individual's soul to the Nine Hells. Conflict occurs if the shield's owner does anything that would make it more difficult for Gargauth to escape its prison, such as leaving the shield in a place where others are unlikely to find it.Gargauth doesn't know how to escape from the shield. The pit fiend believes (incorrectly) that it can break free of the shield if it's brought to the Nine Hells, for it's convinced that the shield's powers are weaker there.</div></div>\n<div class=\"parser-entries\"><div class=\"parser-entries-name\">Freeing Gargauth</div><div class=\"parser-entries-content\">Casting {{@spell|dispel evil and good}} on the shield has a {{@chance|1}} chance of freeing the pit fiend, or automatically succeeds if the spell is cast by a {{@creature|solar}}, a {{@creature|planetar}}, or an archdevil. A god can release the pit fiend by touching the shield and speaking Gargauth's name. When released, Gargauth appears in a random, unoccupied space as close to the shield as possible.</div></div>"
  },
  "charge": {
    "max": 3,
    "rechargeAt": "dawn",
    "rechargeAmount": 3
  },
  "bonus": {
    "ac": 2
  }
}