{
  "dataType": "item",
  "uid": "item_Amulet of Duplicity|CoA ",
  "id": "Amulet of Duplicity|CoA",
  "rarity": "very rare",
  "isBaseItem": false,
  "baseItem": "",
  "displayName": {
    "zh": "分身护符",
    "en": "Amulet of Duplicity"
  },
  "mainSource": {
    "source": "CoA",
    "page": 267
  },
  "allSources": [
    {
      "source": "CoA",
      "page": 267
    }
  ],
  "zh": {
    "name": "分身护符",
    "source": "CoA",
    "page": 267,
    "rarity": "very rare",
    "reqAttune": true,
    "wondrous": true,
    "curse": true,
    "entries": [
      "当你死亡时，你被传送到一个额外维度的空间，在那里你被稳定在0点生命值并保持在那个状态。护身符创造了一个你尸体的完美复制品，并将其放置在你死亡前所在的位置，但不包括你穿戴或携带的任何物品。24小时后，你恢复1点生命值，并返回到你濒死的位置。你的一切都和以前一样，除了你的面部特征与之前完全不同。只有通过施放一个{@spell 祈愿术}法术才能恢复你的真正身份。",
      "在那之前，你在任何魅力（{@skill 游说}）检定上尝试揭露你真实身份时都有劣势。",
      {
        "ENG_name": "Curse",
        "name": "诅咒",
        "type": "entries",
        "entries": [
          "一个{@spell 鉴定术}法术或类似的法术只能揭示护身符可以防止死亡。一旦你与护身符调谐，你无法向任何其他生物描述它的能力，如果不调谐，你会立即忘记护身符的功能。一个{@spell 移除诅咒}法术可以揭示诅咒的细节，但不会从护身符中移除它。"
        ]
      }
    ],
    "ENG_name": "Amulet of Duplicity",
    "html": "当你死亡时，你被传送到一个额外维度的空间，在那里你被稳定在0点生命值并保持在那个状态。护身符创造了一个你尸体的完美复制品，并将其放置在你死亡前所在的位置，但不包括你穿戴或携带的任何物品。24小时后，你恢复1点生命值，并返回到你濒死的位置。你的一切都和以前一样，除了你的面部特征与之前完全不同。只有通过施放一个{{@spell|祈愿术}}法术才能恢复你的真正身份。\n在那之前，你在任何魅力（{{@skill|游说}}）检定上尝试揭露你真实身份时都有劣势。\n<div class=\"parser-entries\"><div class=\"parser-entries-name\">诅咒</div><div class=\"parser-entries-eng-name\">Curse</div><div class=\"parser-entries-content\">一个{{@spell|鉴定术}}法术或类似的法术只能揭示护身符可以防止死亡。一旦你与护身符调谐，你无法向任何其他生物描述它的能力，如果不调谐，你会立即忘记护身符的功能。一个{{@spell|移除诅咒}}法术可以揭示诅咒的细节，但不会从护身符中移除它。</div></div>"
  },
  "en": {
    "name": "Amulet of Duplicity",
    "source": "CoA",
    "page": 267,
    "rarity": "very rare",
    "reqAttune": true,
    "wondrous": true,
    "curse": true,
    "entries": [
      "When you die, you're transported to an extradimensional space where you're stabilized at 0 hit points and kept in that state. The amulet creates a perfect copy of your corpse and places it where you were just before you died, but without any of your worn or carried items. After 24 hours, you regain 1 hit point and are returned to the location of your near-death. Everything about you is the same, except that your facial features are entirely different from before. Only a {@spell Wish} spell can restore your true identity.",
      "Until then, you have disadvantage on any Charisma ({@skill Persuasion}) checks to attempt to reveal who you really are.",
      {
        "type": "entries",
        "name": "Curse",
        "entries": [
          "An {@spell Identify} spell or similar reveals only that the amulet can prevent death. Once you attune to the amulet, you can't describe its ability to any other creature, and if unattuned, you immediately forget what the amulet does. A {@spell Remove Curse} spell reveals the details of the curse but does not remove it from the amulet."
        ]
      }
    ],
    "html": "When you die, you're transported to an extradimensional space where you're stabilized at 0 hit points and kept in that state. The amulet creates a perfect copy of your corpse and places it where you were just before you died, but without any of your worn or carried items. After 24 hours, you regain 1 hit point and are returned to the location of your near-death. Everything about you is the same, except that your facial features are entirely different from before. Only a {{@spell|Wish}} spell can restore your true identity.\nUntil then, you have disadvantage on any Charisma ({{@skill|Persuasion}}) checks to attempt to reveal who you really are.\n<div class=\"parser-entries\"><div class=\"parser-entries-name\">Curse</div><div class=\"parser-entries-content\">An {{@spell|Identify}} spell or similar reveals only that the amulet can prevent death. Once you attune to the amulet, you can't describe its ability to any other creature, and if unattuned, you immediately forget what the amulet does. A {{@spell|Remove Curse}} spell reveals the details of the curse but does not remove it from the amulet.</div></div>"
  },
  "bonus": {}
}