{
  "dataType": "item",
  "uid": "item_Eversmoking Bottle|DMG ",
  "id": "Eversmoking Bottle|DMG",
  "weight": 1,
  "rarity": "uncommon",
  "isBaseItem": false,
  "full": {
    "en": {
      "images": [
        {
          "type": "image",
          "href": {
            "type": "internal",
            "path": "items/DMG/Eversmoking Bottle.webp"
          }
        }
      ]
    },
    "zh": {
      "images": [
        {
          "type": "image",
          "href": {
            "type": "internal",
            "path": "items/DMG/Eversmoking Bottle.webp"
          }
        }
      ]
    }
  },
  "baseItem": "",
  "displayName": {
    "zh": "无尽烟壶",
    "en": "Eversmoking Bottle"
  },
  "mainSource": {
    "source": "DMG",
    "page": 168
  },
  "allSources": [
    {
      "source": "DMG",
      "page": 168
    },
    {
      "source": "XDMG",
      "page": 0
    },
    {
      "source": "XDMG",
      "page": 259
    }
  ],
  "relatedVersions": [
    "Eversmoking Bottle|XDMG"
  ],
  "zh": {
    "name": "无尽烟壶",
    "source": "DMG",
    "page": 168,
    "srd": true,
    "reprintedAs": [
      "无尽烟壶|XDMG"
    ],
    "tier": "主要",
    "rarity": "uncommon",
    "wondrous": true,
    "weight": 1,
    "entries": [
      "这个重1磅，带铅塞的黄铜瓶子会渗出烟雾。如果你用一个动作拔掉瓶塞，一团浓重的云雾将从瓶中涌出，并扩散到瓶子周围60尺半径范围。被云雾笼罩的区域视处于重度遮蔽。只要瓶子保持开启，每1分钟云雾的半径会扩大10尺，直至达到120尺。",
      "只要瓶子保持开启，该云雾就会持续存在。关闭瓶子需要你用一个动作说出其命令语。瓶子关闭后，云雾将在10分钟后消散。一阵和风（11至20里每小时）可以用1分钟吹散烟雾，而强风（21里每小时及以上）则可以用1轮吹散烟雾。"
    ],
    "lootTables": [
      "魔法物品表F"
    ],
    "hasFluffImages": true,
    "ENG_name": "Eversmoking Bottle",
    "html": "这个重1磅，带铅塞的黄铜瓶子会渗出烟雾。如果你用一个动作拔掉瓶塞，一团浓重的云雾将从瓶中涌出，并扩散到瓶子周围60尺半径范围。被云雾笼罩的区域视处于重度遮蔽。只要瓶子保持开启，每1分钟云雾的半径会扩大10尺，直至达到120尺。\n只要瓶子保持开启，该云雾就会持续存在。关闭瓶子需要你用一个动作说出其命令语。瓶子关闭后，云雾将在10分钟后消散。一阵和风（11至20里每小时）可以用1分钟吹散烟雾，而强风（21里每小时及以上）则可以用1轮吹散烟雾。"
  },
  "en": {
    "name": "Eversmoking Bottle",
    "source": "DMG",
    "page": 168,
    "srd": true,
    "reprintedAs": [
      "Eversmoking Bottle|XDMG"
    ],
    "tier": "major",
    "rarity": "uncommon",
    "wondrous": true,
    "weight": 1,
    "entries": [
      "Smoke leaks from the lead-stoppered mouth of this brass bottle, which weighs 1 pound. When you use an action to remove the stopper, a cloud of thick smoke pours out in a 60-foot radius from the bottle. The cloud's area is heavily obscured. Each minute the bottle remains open and within the cloud, the radius increases by 10 feet until it reaches its maximum radius of 120 feet.",
      "The cloud persists as long as the bottle is open. Closing the bottle requires you to speak its command word as an action. Once the bottle is closed, the cloud disperses after 10 minutes. A moderate wind (11 to 20 miles per hour) can also disperse the smoke after 1 minute, and a strong wind (21 or more miles per hour) can do so after 1 round."
    ],
    "lootTables": [
      "Magic Item Table F"
    ],
    "hasFluffImages": true,
    "html": "Smoke leaks from the lead-stoppered mouth of this brass bottle, which weighs 1 pound. When you use an action to remove the stopper, a cloud of thick smoke pours out in a 60-foot radius from the bottle. The cloud's area is heavily obscured. Each minute the bottle remains open and within the cloud, the radius increases by 10 feet until it reaches its maximum radius of 120 feet.\nThe cloud persists as long as the bottle is open. Closing the bottle requires you to speak its command word as an action. Once the bottle is closed, the cloud disperses after 10 minutes. A moderate wind (11 to 20 miles per hour) can also disperse the smoke after 1 minute, and a strong wind (21 or more miles per hour) can do so after 1 round."
  },
  "bonus": {}
}