{
  "dataType": "item",
  "uid": "item_Stonemaker War Pick|BMT ",
  "id": "Stonemaker War Pick|BMT",
  "weight": 2,
  "rarity": "very rare",
  "isBaseItem": false,
  "baseItem": "war pick|PHB",
  "displayName": {
    "zh": "石匠战镐",
    "en": "Stonemaker War Pick"
  },
  "mainSource": {
    "source": "BMT",
    "page": 68
  },
  "allSources": [
    {
      "source": "BMT",
      "page": 68
    }
  ],
  "zh": {
    "name": "石匠战镐",
    "source": "BMT",
    "page": 68,
    "baseItem": "战镐|PHB",
    "type": "M",
    "rarity": "very rare",
    "reqAttune": true,
    "weight": 2,
    "weaponCategory": "军用",
    "dmg1": "1d8",
    "dmgType": "P",
    "bonusWeapon": "+1",
    "charges": "{@dice 1d6 + 1}",
    "entries": [
      "你使用这把魔法战镐进行的攻击检定和伤害掷骰获得+1加值。它具有以下特殊词条：",
      {
        "type": "list",
        "style": "list-hang-notitle",
        "items": [
          {
            "ENG_name": "Meld into Stone",
            "name": "融身入石",
            "type": "item",
            "entries": [
              "你可以用这把战镐施放{@spell 融身入石}法术。一旦此属性被使用，直到下次黎明前不能再次使用。"
            ]
          },
          {
            "ENG_name": "Petrification",
            "name": "石化",
            "type": "item",
            "entries": [
              "这把战镐具有{@dice 1d6 + 1}发充能。如果你对一个生命值不满100点的生物掷出了一次重击，你可以消耗1发充能，迫使该生物进行一次{@dc 15}的体质豁免检定。豁免失败时，生物将陷入石化状态，持续8小时。当战镐的充能数归零后，它失去这条属性。"
            ]
          }
        ]
      }
    ],
    "attachedSpells": {
      "daily": {
        "1e": [
          "融身入石"
        ]
      }
    },
    "ENG_name": "Stonemaker War Pick",
    "html": "你使用这把魔法战镐进行的攻击检定和伤害掷骰获得+1加值。它具有以下特殊词条：\n<ul class=\"parser-list parser-list-list-hang-notitle\"><li class=\"parser-list-item\"><span class=\"parser-list-item-name\">融身入石</span><span class=\"parser-list-item-eng-name\">Meld into Stone</span><div class=\"parser-list-item-entries\">你可以用这把战镐施放{{@spell|融身入石}}法术。一旦此属性被使用，直到下次黎明前不能再次使用。</div></li><li class=\"parser-list-item\"><span class=\"parser-list-item-name\">石化</span><span class=\"parser-list-item-eng-name\">Petrification</span><div class=\"parser-list-item-entries\">这把战镐具有{{@dice|1d6 + 1}}发充能。如果你对一个生命值不满100点的生物掷出了一次重击，你可以消耗1发充能，迫使该生物进行一次{{@dc|15}}的体质豁免检定。豁免失败时，生物将陷入石化状态，持续8小时。当战镐的充能数归零后，它失去这条属性。</div></li></ul>"
  },
  "en": {
    "name": "Stonemaker War Pick",
    "source": "BMT",
    "page": 68,
    "baseItem": "war pick|PHB",
    "type": "M",
    "rarity": "very rare",
    "reqAttune": true,
    "weight": 2,
    "weaponCategory": "martial",
    "dmg1": "1d8",
    "dmgType": "P",
    "bonusWeapon": "+1",
    "charges": "{@dice 1d6 + 1}",
    "entries": [
      "You gain a +1 bonus to attack and damage rolls made with this magic war pick. It has the following special properties:",
      {
        "type": "list",
        "style": "list-hang-notitle",
        "items": [
          {
            "type": "item",
            "name": "Meld into Stone",
            "entries": [
              "You can cast the {@spell Meld into Stone} spell from this war pick. Once this property is used, it can't be used again until the next dawn."
            ]
          },
          {
            "type": "item",
            "name": "Petrification",
            "entries": [
              "The war pick has {@dice 1d6 + 1} charges. If you score a critical hit against a creature that has fewer than 100 hit points, you can expend 1 charge from the war pick to have that creature make a {@dc 15} Constitution saving throw. On a failed save, the creature has the petrified condition for 8 hours. When the war pick has no charges remaining, it loses this property."
            ]
          }
        ]
      }
    ],
    "attachedSpells": {
      "daily": {
        "1e": [
          "meld into stone"
        ]
      }
    },
    "html": "You gain a +1 bonus to attack and damage rolls made with this magic war pick. It has the following special properties:\n<ul class=\"parser-list parser-list-list-hang-notitle\"><li class=\"parser-list-item\"><span class=\"parser-list-item-name\">Meld into Stone</span><div class=\"parser-list-item-entries\">You can cast the {{@spell|Meld into Stone}} spell from this war pick. Once this property is used, it can't be used again until the next dawn.</div></li><li class=\"parser-list-item\"><span class=\"parser-list-item-name\">Petrification</span><div class=\"parser-list-item-entries\">The war pick has {{@dice|1d6 + 1}} charges. If you score a critical hit against a creature that has fewer than 100 hit points, you can expend 1 charge from the war pick to have that creature make a {{@dc|15}} Constitution saving throw. On a failed save, the creature has the petrified condition for 8 hours. When the war pick has no charges remaining, it loses this property.</div></li></ul>"
  },
  "weapon": {
    "category": "martial",
    "weaponCategory": "martial",
    "dmg1": "1d8",
    "dmgType": "P",
    "dmgs": [
      "1d8"
    ]
  },
  "charge": {
    "max": "{@dice 1d6 + 1}"
  },
  "bonus": {
    "weapon": 1
  }
}