{
  "dataType": "item",
  "uid": "item_+3 Rod of the Pact Keeper|DMG ",
  "id": "+3 Rod of the Pact Keeper|DMG",
  "weight": 2,
  "rarity": "very rare",
  "isBaseItem": false,
  "baseItem": "",
  "displayName": {
    "zh": "+3 契约掌控者权杖",
    "en": "+3 Rod of the Pact Keeper"
  },
  "mainSource": {
    "source": "DMG",
    "page": 197
  },
  "allSources": [
    {
      "source": "DMG",
      "page": 197
    },
    {
      "source": "XDMG",
      "page": 0
    },
    {
      "source": "XDMG",
      "page": 301
    }
  ],
  "relatedVersions": [
    "+3 Rod of the Pact Keeper|XDMG"
  ],
  "zh": {
    "name": "+3 契约掌控者权杖",
    "source": "DMG",
    "page": 197,
    "reprintedAs": [
      "+3 契约掌控者权杖|XDMG"
    ],
    "type": "RD|DMG",
    "tier": "主要",
    "rarity": "very rare",
    "reqAttune": "由魔契师",
    "reqAttuneTags": [
      {
        "class": "魔契师"
      }
    ],
    "weight": 2,
    "bonusSpellAttack": "+3",
    "bonusSpellSaveDc": "+3",
    "entries": [
      "持握这把权杖期间，你施展魔契师法术时法术攻击检定与豁免DC获得+3加值。",
      "此外，持握这把权杖期间，你可以用一个动作恢复1枚魔契师法术位。你必须完成一次长休才能再次使用权杖的这个属性。"
    ],
    "lootTables": [
      "魔法物品表H"
    ],
    "ENG_name": "+3 Rod of the Pact Keeper",
    "html": "持握这把权杖期间，你施展魔契师法术时法术攻击检定与豁免DC获得+3加值。\n此外，持握这把权杖期间，你可以用一个动作恢复1枚魔契师法术位。你必须完成一次长休才能再次使用权杖的这个属性。"
  },
  "en": {
    "name": "+3 Rod of the Pact Keeper",
    "source": "DMG",
    "page": 197,
    "reprintedAs": [
      "+3 Rod of the Pact Keeper|XDMG"
    ],
    "type": "RD|DMG",
    "tier": "major",
    "rarity": "very rare",
    "reqAttune": "by a warlock",
    "reqAttuneTags": [
      {
        "class": "warlock"
      }
    ],
    "weight": 2,
    "bonusSpellAttack": "+3",
    "bonusSpellSaveDc": "+3",
    "entries": [
      "While holding this rod, you gain a +3 bonus to spell attack rolls and to the saving throw DCs of your warlock spells.",
      "In addition, you can regain one warlock spell slot as an action while holding the rod. You can't use this property again until you finish a long rest."
    ],
    "lootTables": [
      "Magic Item Table H"
    ],
    "html": "While holding this rod, you gain a +3 bonus to spell attack rolls and to the saving throw DCs of your warlock spells.\nIn addition, you can regain one warlock spell slot as an action while holding the rod. You can't use this property again until you finish a long rest."
  },
  "bonus": {
    "spellAttack": 3,
    "spellSaveDc": 3
  }
}