{
  "dataType": "item",
  "uid": "item_Wasp Ship|AAG ",
  "id": "Wasp Ship|AAG",
  "value": 2000000,
  "rarity": "none",
  "isBaseItem": false,
  "baseItem": "",
  "displayName": {
    "zh": "黄蜂舰",
    "en": "Wasp Ship"
  },
  "mainSource": {
    "source": "AAG",
    "page": 56
  },
  "allSources": [
    {
      "source": "AAG",
      "page": 56
    }
  ],
  "zh": {
    "name": "黄蜂舰",
    "source": "AAG",
    "page": 56,
    "type": "SPC|AAG",
    "rarity": "none",
    "value": 2000000,
    "crew": 5,
    "vehAc": 15,
    "vehHp": 250,
    "vehDmgThresh": 15,
    "vehSpeed": 5.5,
    "capCargo": 10,
    "entries": [
      "黄蜂舰是一种轻型木质舰船，能够安全降落在地面上，但不能降落在水上。她们对冒险者很有吸引力，因为她们价格实惠且不需要大量的船员。海盗们喜欢她们因为她们迅捷。权贵们喜欢使用她们作为飞行游艇，因为舰船的货舱可以很容易地改造成奢华的生活区。",
      "这种舰船的背部为武器阵地提供了高地，通常会配备一门弩炮。"
    ],
    "seeAlsoVehicle": [
      "黄蜂舰|AAG"
    ],
    "ENG_name": "Wasp Ship",
    "html": "黄蜂舰是一种轻型木质舰船，能够安全降落在地面上，但不能降落在水上。她们对冒险者很有吸引力，因为她们价格实惠且不需要大量的船员。海盗们喜欢她们因为她们迅捷。权贵们喜欢使用她们作为飞行游艇，因为舰船的货舱可以很容易地改造成奢华的生活区。\n这种舰船的背部为武器阵地提供了高地，通常会配备一门弩炮。"
  },
  "en": {
    "name": "Wasp Ship",
    "source": "AAG",
    "page": 56,
    "type": "SPC|AAG",
    "rarity": "none",
    "value": 2000000,
    "crew": 5,
    "vehAc": 15,
    "vehHp": 250,
    "vehDmgThresh": 15,
    "vehSpeed": 5.5,
    "capCargo": 10,
    "entries": [
      "Wasp ships are lightweight wooden vessels capable of landing safely on the ground, but not on water. They appeal to adventurers because they're affordable and don't require a large crew. Pirates like them because they're swift. Aristocrats are fond of using them as flying yachts because the ship's cargo hold can be easily converted into posh living quarters.",
      "The ship's raised back provides high ground for a weapon emplacement, which is typically equipped with a ballista."
    ],
    "seeAlsoVehicle": [
      "Wasp Ship|AAG"
    ],
    "html": "Wasp ships are lightweight wooden vessels capable of landing safely on the ground, but not on water. They appeal to adventurers because they're affordable and don't require a large crew. Pirates like them because they're swift. Aristocrats are fond of using them as flying yachts because the ship's cargo hold can be easily converted into posh living quarters.\nThe ship's raised back provides high ground for a weapon emplacement, which is typically equipped with a ballista."
  },
  "bonus": {}
}