{
  "dataType": "item",
  "uid": "item_Black Sapphire|DMG ",
  "id": "Black Sapphire|DMG",
  "value": 500000,
  "rarity": "none",
  "isBaseItem": false,
  "baseItem": "",
  "displayName": {
    "zh": "黑蓝宝石",
    "en": "Black Sapphire"
  },
  "mainSource": {
    "source": "DMG",
    "page": 134
  },
  "allSources": [
    {
      "source": "DMG",
      "page": 134
    },
    {
      "source": "XDMG",
      "page": 0
    },
    {
      "source": "XDMG",
      "page": 214
    }
  ],
  "relatedVersions": [
    "Black Sapphire|XDMG"
  ],
  "zh": {
    "name": "黑蓝宝石",
    "source": "DMG",
    "page": 134,
    "reprintedAs": [
      "黑蓝宝石|XDMG"
    ],
    "type": "$G|DMG",
    "rarity": "none",
    "value": 500000,
    "entries": [
      "一颗半透明、光泽的黑色宝石，带有发光的亮点。"
    ],
    "ENG_name": "Black Sapphire",
    "html": "一颗半透明、光泽的黑色宝石，带有发光的亮点。"
  },
  "en": {
    "name": "Black Sapphire",
    "source": "DMG",
    "page": 134,
    "reprintedAs": [
      "Black Sapphire|XDMG"
    ],
    "type": "$G|DMG",
    "rarity": "none",
    "value": 500000,
    "entries": [
      "A translucent lustrous black with glowing highlights gemstone."
    ],
    "html": "A translucent lustrous black with glowing highlights gemstone."
  },
  "bonus": {}
}