{
  "dataType": "item",
  "uid": "item_Cloth-of-gold vestments|DMG ",
  "id": "Cloth-of-gold vestments|DMG",
  "value": 2500,
  "rarity": "none",
  "isBaseItem": false,
  "baseItem": "",
  "displayName": {
    "zh": "金丝织制的法衣",
    "en": "Cloth-of-gold vestments"
  },
  "mainSource": {
    "source": "DMG",
    "page": 134
  },
  "allSources": [
    {
      "source": "DMG",
      "page": 134
    },
    {
      "source": "XDMG",
      "page": 0
    },
    {
      "source": "XDMG",
      "page": 215
    }
  ],
  "relatedVersions": [
    "Cloth-of-gold vestments|XDMG"
  ],
  "zh": {
    "name": "金丝织制的法衣",
    "source": "DMG",
    "page": 134,
    "reprintedAs": [
      "金丝织制的法衣|XDMG"
    ],
    "type": "$A|DMG",
    "rarity": "none",
    "value": 2500,
    "ENG_name": "Cloth-of-gold vestments",
    "entries": [],
    "html": ""
  },
  "en": {
    "name": "Cloth-of-gold vestments",
    "source": "DMG",
    "page": 134,
    "reprintedAs": [
      "Cloth-of-gold vestments|XDMG"
    ],
    "type": "$A|DMG",
    "rarity": "none",
    "value": 2500,
    "entries": [],
    "html": ""
  },
  "bonus": {}
}