{
  "dataType": "item",
  "uid": "item_Elder Cartographer's Glossography|AI ",
  "id": "Elder Cartographer's Glossography|AI",
  "rarity": "uncommon",
  "isBaseItem": false,
  "baseItem": "",
  "displayName": {
    "zh": "制图师相传之册",
    "en": "Elder Cartographer's Glossography"
  },
  "mainSource": {
    "source": "AI",
    "page": 20
  },
  "allSources": [
    {
      "source": "AI",
      "page": 20
    }
  ],
  "zh": {
    "name": "制图师相传之册",
    "source": "AI",
    "page": 20,
    "rarity": "uncommon",
    "wondrous": true,
    "entries": [
      "第4级起，你将获得一本小册子，这是一件非普通魔法物品。制图师相传之册会让你在与地理特征或位置相关的智力或感知检定中获得优势。"
    ],
    "ENG_name": "Elder Cartographer's Glossography",
    "html": "第4级起，你将获得一本小册子，这是一件非普通魔法物品。制图师相传之册会让你在与地理特征或位置相关的智力或感知检定中获得优势。"
  },
  "en": {
    "name": "Elder Cartographer's Glossography",
    "source": "AI",
    "page": 20,
    "rarity": "uncommon",
    "wondrous": true,
    "entries": [
      "When you attain rank 4, you gain a small tome that is an uncommon magic item. The elder cartographer's glossography grants advantage on Intelligence or Wisdom checks related to geographical features or locations."
    ],
    "html": "When you attain rank 4, you gain a small tome that is an uncommon magic item. The elder cartographer's glossography grants advantage on Intelligence or Wisdom checks related to geographical features or locations."
  },
  "bonus": {}
}