{
  "dataType": "item",
  "uid": "item_Living Ship|AAG ",
  "id": "Living Ship|AAG",
  "value": 2500000,
  "rarity": "none",
  "isBaseItem": false,
  "baseItem": "",
  "displayName": {
    "zh": "活体舰",
    "en": "Living Ship"
  },
  "mainSource": {
    "source": "AAG",
    "page": 36
  },
  "allSources": [
    {
      "source": "AAG",
      "page": 36
    }
  ],
  "zh": {
    "name": "活体舰",
    "source": "AAG",
    "page": 36,
    "type": "SPC|AAG",
    "rarity": "none",
    "value": 2500000,
    "crew": 5,
    "vehAc": 15,
    "vehHp": 250,
    "vehDmgThresh": 15,
    "vehSpeed": 4.5,
    "capCargo": 10,
    "entries": [
      "德鲁伊、游侠和献身于自然诸神的牧师经常出现在活体舰上，那些不想在长途航行中担心他们的舰船气囊变得脏污的荒宇探险家们也是一样。",
      "这种舰船的主要特色是后甲板上的完全成熟的{@creature 树人}。树人的速度为0，因为它的根系与甲板交织在一起；它和舰船是不可分割的。如果这艘舰船的生命值降至0，树人就会死于休克。如果舰船的树人死亡，这艘舰船还能继续航行，但死去的树人永远不能被另一个替换。",
      "当树人完成一次长休后，它会修复舰船的船体，使舰船恢复 {@dice 4d12} 点生命值，并更新舰船的气囊（将致命空气变成污秽空气，或将污秽空气变成新鲜空气）。",
      "一艘活体舰可以漂浮在水面上并在上面航行，但它不能安全地降落在地面上（她的龙骨会导致她侧翻）。她的标准武器是一门后置的弩炮。"
    ],
    "seeAlsoVehicle": [
      "活体舰|AAG"
    ],
    "ENG_name": "Living Ship",
    "html": "德鲁伊、游侠和献身于自然诸神的牧师经常出现在活体舰上，那些不想在长途航行中担心他们的舰船气囊变得脏污的荒宇探险家们也是一样。\n这种舰船的主要特色是后甲板上的完全成熟的{{@creature|树人}}。树人的速度为0，因为它的根系与甲板交织在一起；它和舰船是不可分割的。如果这艘舰船的生命值降至0，树人就会死于休克。如果舰船的树人死亡，这艘舰船还能继续航行，但死去的树人永远不能被另一个替换。\n当树人完成一次长休后，它会修复舰船的船体，使舰船恢复 {{@dice|4d12}} 点生命值，并更新舰船的气囊（将致命空气变成污秽空气，或将污秽空气变成新鲜空气）。\n一艘活体舰可以漂浮在水面上并在上面航行，但它不能安全地降落在地面上（她的龙骨会导致她侧翻）。她的标准武器是一门后置的弩炮。"
  },
  "en": {
    "name": "Living Ship",
    "source": "AAG",
    "page": 36,
    "type": "SPC|AAG",
    "rarity": "none",
    "value": 2500000,
    "crew": 5,
    "vehAc": 15,
    "vehHp": 250,
    "vehDmgThresh": 15,
    "vehSpeed": 4.5,
    "capCargo": 10,
    "entries": [
      "Druids, rangers, and clerics devoted to gods of nature are often found aboard living ships, as are Wildspace explorers who don't want to have to worry about their ship's air envelope becoming fouled during a long voyage.",
      "This ship's main distinctive feature is the fully grown {@creature treant} on the aft deck. The treant has a speed of 0 because its roots are woven into the deck; it and the ship are inseparable. If the ship is reduced to 0 hit points, the treant dies of shock. The ship can function if its treant dies, but the treant can never be replaced with another.",
      "When the treant finishes a long rest, it repairs the ship's hull, enabling the ship to regain {@dice 4d12} hit points, and refreshes the ship's air envelope (turning deadly air into foul air, or foul air into fresh air).",
      "A living ship can float on water and sail across it, but it can't land safely on the ground (its keel would cause it to roll on its side). Its standard weaponry is an aft-mounted ballista."
    ],
    "seeAlsoVehicle": [
      "Living Ship|AAG"
    ],
    "html": "Druids, rangers, and clerics devoted to gods of nature are often found aboard living ships, as are Wildspace explorers who don't want to have to worry about their ship's air envelope becoming fouled during a long voyage.\nThis ship's main distinctive feature is the fully grown {{@creature|treant}} on the aft deck. The treant has a speed of 0 because its roots are woven into the deck; it and the ship are inseparable. If the ship is reduced to 0 hit points, the treant dies of shock. The ship can function if its treant dies, but the treant can never be replaced with another.\nWhen the treant finishes a long rest, it repairs the ship's hull, enabling the ship to regain {{@dice|4d12}} hit points, and refreshes the ship's air envelope (turning deadly air into foul air, or foul air into fresh air).\nA living ship can float on water and sail across it, but it can't land safely on the ground (its keel would cause it to roll on its side). Its standard weaponry is an aft-mounted ballista."
  },
  "bonus": {}
}