{
  "dataType": "item",
  "uid": "item_Assassin's Blood|DMG ",
  "id": "Assassin's Blood|DMG",
  "value": 15000,
  "rarity": "none",
  "isBaseItem": false,
  "baseItem": "",
  "displayName": {
    "zh": "刺客之血",
    "en": "Assassin's Blood"
  },
  "mainSource": {
    "source": "DMG",
    "page": 258
  },
  "allSources": [
    {
      "source": "DMG",
      "page": 258
    },
    {
      "source": "XDMG",
      "page": 0
    },
    {
      "source": "XDMG",
      "page": 90
    }
  ],
  "relatedVersions": [
    "Assassin's Blood|XDMG"
  ],
  "zh": {
    "name": "刺客之血",
    "source": "DMG",
    "page": 258,
    "srd": true,
    "reprintedAs": [
      "刺客之血|XDMG"
    ],
    "type": "G",
    "rarity": "none",
    "value": 15000,
    "poison": true,
    "entries": [
      "一名受此毒药影响的生物必须进行一次{@dc 10}的体质豁免。豁免失败时，它受到6（{@damage 1d12}）点毒素伤害并陷入{@condition 中毒}状态24小时。豁免成功时，该生物受到一半伤害且不会陷入{@condition 中毒}状态。"
    ],
    "poisonTypes": [
      "服用"
    ],
    "miscTags": [
      "CNS"
    ],
    "ENG_name": "Assassin's Blood",
    "html": "一名受此毒药影响的生物必须进行一次{{@dc|10}}的体质豁免。豁免失败时，它受到6（{{@damage|1d12}}）点毒素伤害并陷入{{@condition|中毒}}状态24小时。豁免成功时，该生物受到一半伤害且不会陷入{{@condition|中毒}}状态。"
  },
  "en": {
    "name": "Assassin's Blood",
    "source": "DMG",
    "page": 258,
    "srd": true,
    "reprintedAs": [
      "Assassin's Blood|XDMG"
    ],
    "type": "G",
    "rarity": "none",
    "value": 15000,
    "poison": true,
    "entries": [
      "A creature subjected to this poison must make a {@dc 10} Constitution saving throw. On a failed save, it takes 6 ({@damage 1d12}) poison damage and is {@condition poisoned} for 24 hours. On a successful save, the creature takes half damage and isn't {@condition poisoned}."
    ],
    "poisonTypes": [
      "ingested"
    ],
    "miscTags": [
      "CNS"
    ],
    "html": "A creature subjected to this poison must make a {{@dc|10}} Constitution saving throw. On a failed save, it takes 6 ({{@damage|1d12}}) poison damage and is {{@condition|poisoned}} for 24 hours. On a successful save, the creature takes half damage and isn't {{@condition|poisoned}}."
  },
  "bonus": {}
}