{
  "dataType": "item",
  "uid": "item_Automatic Pistol|DMG",
  "id": "Automatic Pistol|DMG",
  "weight": 3,
  "rarity": "none",
  "isBaseItem": true,
  "displayName": {
    "zh": "自动手枪",
    "en": "Automatic Pistol"
  },
  "mainSource": {
    "source": "DMG",
    "page": 268
  },
  "allSources": [
    {
      "source": "DMG",
      "page": 268
    },
    {
      "source": "XDMG",
      "page": 0
    },
    {
      "source": "XDMG",
      "page": 73
    }
  ],
  "relatedVersions": [
    "Semiautomatic Pistol|XDMG"
  ],
  "zh": {
    "name": "自动手枪",
    "source": "DMG",
    "page": 268,
    "reprintedAs": [
      "半自动手枪|XDMG"
    ],
    "edition": "classic",
    "type": "R",
    "rarity": "none",
    "weight": 3,
    "weaponCategory": "军用",
    "age": "现代",
    "property": [
      "AF|DMG",
      "RLD"
    ],
    "range": "50/150",
    "reload": 15,
    "dmg1": "2d6",
    "dmgType": "P",
    "firearm": true,
    "weapon": true,
    "ammoType": "现代子弹",
    "ENG_name": "Automatic Pistol",
    "entries": [],
    "html": ""
  },
  "en": {
    "name": "Automatic Pistol",
    "source": "DMG",
    "page": 268,
    "reprintedAs": [
      "Semiautomatic Pistol|XDMG"
    ],
    "edition": "classic",
    "type": "R",
    "rarity": "none",
    "weight": 3,
    "weaponCategory": "martial",
    "age": "modern",
    "property": [
      "AF|DMG",
      "RLD"
    ],
    "range": "50/150",
    "reload": 15,
    "dmg1": "2d6",
    "dmgType": "P",
    "firearm": true,
    "weapon": true,
    "ammoType": "modern bullet",
    "entries": [],
    "html": ""
  },
  "weapon": {
    "category": "martial",
    "weaponCategory": "martial",
    "dmg1": "2d6",
    "dmgType": "P",
    "dmgs": [
      "2d6"
    ],
    "range": {
      "min": 50,
      "max": 150
    },
    "reload": 15,
    "ammoType": "modern bullet",
    "property": [
      "AF|DMG",
      "RLD"
    ],
    "firearm": true
  },
  "bonus": {}
}