{
  "dataType": "item",
  "uid": "item_Hammer of Runic Focus|BMT ",
  "id": "Hammer of Runic Focus|BMT",
  "weight": 2,
  "rarity": "very rare",
  "isBaseItem": false,
  "full": {
    "en": {
      "images": [
        {
          "type": "image",
          "href": {
            "type": "internal",
            "path": "items/BMT/Hammer of Runic Focus.webp"
          }
        }
      ]
    },
    "zh": {
      "images": [
        {
          "type": "image",
          "href": {
            "type": "internal",
            "path": "items/BMT/Hammer of Runic Focus.webp"
          }
        }
      ]
    }
  },
  "baseItem": "warhammer|PHB",
  "displayName": {
    "zh": "符铸战锤",
    "en": "Hammer of Runic Focus"
  },
  "mainSource": {
    "source": "BMT",
    "page": 67
  },
  "allSources": [
    {
      "source": "BMT",
      "page": 67
    }
  ],
  "zh": {
    "name": "符铸战锤",
    "source": "BMT",
    "page": 67,
    "baseItem": "战锤|PHB",
    "type": "M",
    "rarity": "very rare",
    "reqAttune": true,
    "weight": 2,
    "weaponCategory": "军用",
    "property": [
      "V"
    ],
    "dmg1": "1d8",
    "dmgType": "B",
    "dmg2": "1d10",
    "bonusWeapon": "+3",
    "recharge": "拂晓",
    "rechargeAmount": "{@dice 1d3}",
    "charges": 3,
    "entries": [
      "这把魔法锤具有3发充能。作为附赠动作，你可以消耗1发充能并用这把锤子敲击地面，在敲击位置创造出一片15尺半径的发光符文法阵。当你在该区域内时，你的锤子会发出相应的符文光芒，并且你用这把锤子进行的攻击和伤害掷骰获得+3加值。符文法阵在1分钟后、当你创造另一个符文法阵时、或当你以附赠动作解除符文法阵时消失。这把锤子在每日黎明时恢复{@dice 1d3}发已消耗的充能。"
    ],
    "hasFluffImages": true,
    "ENG_name": "Hammer of Runic Focus",
    "html": "这把魔法锤具有3发充能。作为附赠动作，你可以消耗1发充能并用这把锤子敲击地面，在敲击位置创造出一片15尺半径的发光符文法阵。当你在该区域内时，你的锤子会发出相应的符文光芒，并且你用这把锤子进行的攻击和伤害掷骰获得+3加值。符文法阵在1分钟后、当你创造另一个符文法阵时、或当你以附赠动作解除符文法阵时消失。这把锤子在每日黎明时恢复{{@dice|1d3}}发已消耗的充能。"
  },
  "en": {
    "name": "Hammer of Runic Focus",
    "source": "BMT",
    "page": 67,
    "baseItem": "warhammer|PHB",
    "type": "M",
    "rarity": "very rare",
    "reqAttune": true,
    "weight": 2,
    "weaponCategory": "martial",
    "property": [
      "V"
    ],
    "dmg1": "1d8",
    "dmgType": "B",
    "dmg2": "1d10",
    "bonusWeapon": "+3",
    "recharge": "dawn",
    "rechargeAmount": "{@dice 1d3}",
    "charges": 3,
    "entries": [
      "This magic hammer has 3 charges. As a bonus action, you can expend 1 charge and slam this hammer on the ground, creating a 15-foot-radius circle of glowing runes centered on the point of impact. While you're inside that area, your hammer glows with matching runes, and you gain a +3 bonus to attack and damage rolls made with this hammer. The rune circle disappears after 1 minute, when you create another rune circle, or when you dismiss the rune circle as a bonus action. This hammer regains {@dice 1d3} expended charges daily at dawn."
    ],
    "hasFluffImages": true,
    "html": "This magic hammer has 3 charges. As a bonus action, you can expend 1 charge and slam this hammer on the ground, creating a 15-foot-radius circle of glowing runes centered on the point of impact. While you're inside that area, your hammer glows with matching runes, and you gain a +3 bonus to attack and damage rolls made with this hammer. The rune circle disappears after 1 minute, when you create another rune circle, or when you dismiss the rune circle as a bonus action. This hammer regains {{@dice|1d3}} expended charges daily at dawn."
  },
  "weapon": {
    "category": "martial",
    "weaponCategory": "martial",
    "dmg1": "1d8",
    "dmg2": "1d10",
    "dmgType": "B",
    "dmgs": [
      "1d8",
      "1d10"
    ],
    "property": [
      "V"
    ]
  },
  "charge": {
    "max": 3,
    "rechargeAt": "dawn",
    "rechargeAmount": "{@dice 1d3}"
  },
  "bonus": {
    "weapon": 3
  }
}