{
  "dataType": "item",
  "uid": "item_Jewel of Three Prayers (Exalted)|CRCotN ",
  "id": "Jewel of Three Prayers (Exalted)|CRCotN",
  "isBaseItem": false,
  "full": {
    "en": {
      "images": [
        {
          "type": "image",
          "href": {
            "type": "internal",
            "path": "items/CRCotN/Jewel of Three Prayers.webp"
          },
          "credit": "CoupleOfKooks"
        }
      ]
    },
    "zh": {
      "images": [
        {
          "type": "image",
          "href": {
            "type": "internal",
            "path": "items/CRCotN/Jewel of Three Prayers.webp"
          },
          "credit": "CoupleOfKooks"
        }
      ]
    }
  },
  "baseItem": "",
  "displayName": {
    "zh": "三祷之坠（升华）",
    "en": "Jewel of Three Prayers (Exalted)"
  },
  "mainSource": {
    "source": "CRCotN",
    "page": 0
  },
  "allSources": [
    {
      "source": "CRCotN",
      "page": 0
    }
  ],
  "zh": {
    "name": "三祷之坠（升华）",
    "source": "CRCotN",
    "_copy": {
      "name": "三祷之坠（觉醒）",
      "source": "CRCotN",
      "_mod": {
        "entries": {
          "mode": "insertArr",
          "index": -1,
          "items": {
            "type": "entries",
            "name": "升华态",
            "entries": [
              "在这种状态下，宝珠已经接受了科雷隆大心的祝福。宝珠上出现了一颗发光的翡翠，周围环绕着金色的光环。",
              "宝石的以下好处得到提升：",
              {
                "type": "list",
                "items": [
                  "宝石赋予你的AC的加值增加到+3。",
                  "它的充能次数增加到7。"
                ]
              },
              "宝石获得了以下额外属性，你可以在佩戴或持有它时使用：",
              {
                "type": "list",
                "items": [
                  "你获得了在水中呼吸的能力，并且你的游泳速度等同于你的步行速度。",
                  "你周围30尺内的所有盟友获得在水中呼吸的能力，并获得了等同于其步行速度的游泳速度。",
                  "作为附赠动作，你可以消耗1次宝石的充能以指定自己或15英尺内你能看见的一个自愿生物为目标。目标将传送至你选择的15英尺内一个未被占据的空间，同时带上目标穿戴或携带的任何装备。目标在一道金色光辉中闪现，且你选择的每个位于目标新位置5英尺内的生物必须进行一次{@dc 18}体质豁免。若豁免失败，该生物受到{@damage 4d10}光耀伤害并{@condition 目盲}直到你的下回合开始。若豁免成功，该生物受到一半伤害且不会{@condition 目盲}。"
                ]
              }
            ],
            "ENG_name": "Exalted State"
          }
        }
      },
      "_preserve": {
        "page": true,
        "hasFluffImages": true
      },
      "ENG_name": "Jewel of Three Prayers (Awakened)"
    },
    "bonusAc": "+3",
    "modifySpeed": {
      "equal": {
        "swim": "走"
      }
    },
    "charges": 7,
    "hasFluffImages": true,
    "ENG_name": "Jewel of Three Prayers (Exalted)",
    "entries": [],
    "html": ""
  },
  "en": {
    "name": "Jewel of Three Prayers (Exalted)",
    "source": "CRCotN",
    "_copy": {
      "name": "Jewel of Three Prayers (Awakened)",
      "source": "CRCotN",
      "_mod": {
        "entries": {
          "mode": "insertArr",
          "index": -1,
          "items": {
            "type": "entries",
            "name": "Exalted State",
            "entries": [
              "In this state, the jewel has received the blessing of Corellon the Arch Heart. A gleaming emerald surrounded by a halo of gold appears on the jewel.",
              "The following benefits of the jewel improve:",
              {
                "type": "list",
                "items": [
                  "The bonus that the jewel confers to your AC increases to +3.",
                  "Its number of charges increases to 7."
                ]
              },
              "The jewel gains the following additional properties, which you can use while wearing or holding it:",
              {
                "type": "list",
                "items": [
                  "You gain the ability to breathe water, and you gain a swimming speed equal to your walking speed.",
                  "Each of your allies within 30 feet of you gains the ability to breathe water and gains a swimming speed equal to its walking speed.",
                  "As a bonus action, you can expend 1 of the jewel's charges to target yourself or one willing creature you can see within 15 feet of yourself. The target teleports to an unoccupied space of your choice within 15 feet of yourself, along with any equipment the target is wearing or carrying. The target appears in a flash of golden radiance, and each creature of your choice within 5 feet of the target's new location must make a {@dc 18} Constitution saving throw. On a failed save, the creature takes {@damage 4d10} radiant damage and is {@condition blinded} until the start of your next turn. On a successful save, the creature takes half as much damage and isn't {@condition blinded}."
                ]
              }
            ]
          }
        }
      },
      "_preserve": {
        "page": true,
        "hasFluffImages": true
      }
    },
    "bonusAc": "+3",
    "modifySpeed": {
      "equal": {
        "swim": "walk"
      }
    },
    "charges": 7,
    "hasFluffImages": true,
    "entries": [],
    "html": ""
  },
  "charge": {
    "max": 7
  },
  "bonus": {
    "ac": 3
  }
}