{
  "dataType": "item",
  "uid": "item_Amulet of Betrayal|CoA ",
  "id": "Amulet of Betrayal|CoA",
  "rarity": "very rare",
  "isBaseItem": false,
  "baseItem": "",
  "displayName": {
    "zh": "背叛护符",
    "en": "Amulet of Betrayal"
  },
  "mainSource": {
    "source": "CoA",
    "page": 267
  },
  "allSources": [
    {
      "source": "CoA",
      "page": 267
    }
  ],
  "zh": {
    "name": "背叛护符",
    "source": "CoA",
    "page": 267,
    "rarity": "very rare",
    "reqAttune": true,
    "wondrous": true,
    "entries": [
      "你可以使用一个附赠动作，将以下状态之一从自己身上转移到60尺内的盟友身上：{@condition 目盲}（失明）、{@condition 耳聋}（失聪）、{@condition 恐慌}（惊恐）、{@condition 中毒}（中毒）、{@condition 震慑}（昏迷）、{@condition 力竭}（疲劳）。当转移{@condition 力竭}状态时，将你所有的{@condition 力竭}等级转移。如果选定的盟友对转移的状态免疫，则转移失败。"
    ],
    "ENG_name": "Amulet of Betrayal",
    "html": "你可以使用一个附赠动作，将以下状态之一从自己身上转移到60尺内的盟友身上：{{@condition|目盲}}（失明）、{{@condition|耳聋}}（失聪）、{{@condition|恐慌}}（惊恐）、{{@condition|中毒}}（中毒）、{{@condition|震慑}}（昏迷）、{{@condition|力竭}}（疲劳）。当转移{{@condition|力竭}}状态时，将你所有的{{@condition|力竭}}等级转移。如果选定的盟友对转移的状态免疫，则转移失败。"
  },
  "en": {
    "name": "Amulet of Betrayal",
    "source": "CoA",
    "page": 267,
    "rarity": "very rare",
    "reqAttune": true,
    "wondrous": true,
    "entries": [
      "You can use a bonus action to move one of the following conditions from yourself to an ally within 60 feet of you: {@condition blinded}, {@condition deafened}, {@condition frightened}, {@condition poisoned}, {@condition stunned}, {@condition exhaustion}. When transferring {@condition exhaustion}, move all your {@condition exhaustion} levels. If the chosen ally is immune to a transferred condition, the transfer fails."
    ],
    "html": "You can use a bonus action to move one of the following conditions from yourself to an ally within 60 feet of you: {{@condition|blinded}}, {{@condition|deafened}}, {{@condition|frightened}}, {{@condition|poisoned}}, {{@condition|stunned}}, {{@condition|exhaustion}}. When transferring {{@condition|exhaustion}}, move all your {{@condition|exhaustion}} levels. If the chosen ally is immune to a transferred condition, the transfer fails."
  },
  "bonus": {}
}