{
  "dataType": "item",
  "uid": "item_Gloomwrought Armor|BMT",
  "id": "Gloomwrought Armor|BMT",
  "rarity": "rare",
  "isBaseItem": false,
  "displayName": {
    "zh": "影锻之甲",
    "en": "Gloomwrought Armor"
  },
  "mainSource": {
    "source": "BMT",
    "page": 67
  },
  "allSources": [
    {
      "source": "BMT",
      "page": 67
    }
  ],
  "zh": {
    "name": "影锻之甲",
    "type": "GV|DMG",
    "requires": [
      {
        "type": "LA"
      },
      {
        "type": "MA"
      },
      {
        "type": "HA"
      },
      {
        "type": "LA|XPHB"
      },
      {
        "type": "MA|XPHB"
      },
      {
        "type": "HA|XPHB"
      }
    ],
    "inherits": {
      "namePrefix": "幽影锻",
      "source": "BMT",
      "page": 67,
      "rarity": "rare",
      "reqAttune": true,
      "recharge": "拂晓",
      "rechargeAmount": "{@dice 1d3}",
      "charges": 3,
      "entries": [
        "这件错综复杂的灰度盔甲是在影域锻造的，并且被注入了那个位面的幽暗。",
        "当你穿戴这副护甲时，你在避免或解除自身恐惧状态的豁免检定中具有优势。",
        "这件护甲有 3 点充能。你可以消耗 1 点充能来施放 {@spell 安定心神} 法术（豁免 {@dc 15}）。这件护甲每天黎明时恢复 {@dice 1d3} 点已消耗的充能。"
      ],
      "attachedSpells": {
        "charges": {
          "1": [
            "安定心神"
          ]
        }
      }
    },
    "ENG_name": "Gloomwrought Armor",
    "entries": [
      "这件错综复杂的灰度盔甲是在影域锻造的，并且被注入了那个位面的幽暗。",
      "当你穿戴这副护甲时，你在避免或解除自身恐惧状态的豁免检定中具有优势。",
      "这件护甲有 3 点充能。你可以消耗 1 点充能来施放 {@spell 安定心神} 法术（豁免 {@dc 15}）。这件护甲每天黎明时恢复 {@dice 1d3} 点已消耗的充能。"
    ],
    "html": "这件错综复杂的灰度盔甲是在影域锻造的，并且被注入了那个位面的幽暗。\n当你穿戴这副护甲时，你在避免或解除自身恐惧状态的豁免检定中具有优势。\n这件护甲有 3 点充能。你可以消耗 1 点充能来施放 {{@spell|安定心神}} 法术（豁免 {{@dc|15}}）。这件护甲每天黎明时恢复 {{@dice|1d3}} 点已消耗的充能。"
  },
  "en": {
    "name": "Gloomwrought Armor",
    "type": "GV|DMG",
    "requires": [
      {
        "type": "LA"
      },
      {
        "type": "MA"
      },
      {
        "type": "HA"
      },
      {
        "type": "LA|XPHB"
      },
      {
        "type": "MA|XPHB"
      },
      {
        "type": "HA|XPHB"
      }
    ],
    "inherits": {
      "namePrefix": "Gloomwrought ",
      "source": "BMT",
      "page": 67,
      "rarity": "rare",
      "reqAttune": true,
      "recharge": "dawn",
      "rechargeAmount": "{@dice 1d3}",
      "charges": 3,
      "entries": [
        "This intricate grayscale armor was forged in the Shadowfell and is infused with that plane's gloom.",
        "While you're wearing this armor, you have advantage on saving throws you make to avoid or end the frightened condition on yourself.",
        "This armor has 3 charges. You can expend a charge to cast the {@spell Calm Emotions} spell (save {@dc 15}) from the armor. This armor regains {@dice 1d3} expended charges daily at dawn."
      ],
      "attachedSpells": {
        "charges": {
          "1": [
            "calm emotions"
          ]
        }
      }
    },
    "entries": [
      "This intricate grayscale armor was forged in the Shadowfell and is infused with that plane's gloom.",
      "While you're wearing this armor, you have advantage on saving throws you make to avoid or end the frightened condition on yourself.",
      "This armor has 3 charges. You can expend a charge to cast the {@spell Calm Emotions} spell (save {@dc 15}) from the armor. This armor regains {@dice 1d3} expended charges daily at dawn."
    ],
    "html": "This intricate grayscale armor was forged in the Shadowfell and is infused with that plane's gloom.\nWhile you're wearing this armor, you have advantage on saving throws you make to avoid or end the frightened condition on yourself.\nThis armor has 3 charges. You can expend a charge to cast the {{@spell|Calm Emotions}} spell (save {{@dc|15}}) from the armor. This armor regains {{@dice|1d3}} expended charges daily at dawn."
  }
}