{
  "dataType": "item",
  "uid": "item_Armor of the Fallen|BMT",
  "id": "Armor of the Fallen|BMT",
  "rarity": "uncommon",
  "isBaseItem": false,
  "displayName": {
    "zh": "阵亡者护甲",
    "en": "Armor of the Fallen"
  },
  "mainSource": {
    "source": "BMT",
    "page": 65
  },
  "allSources": [
    {
      "source": "BMT",
      "page": 65
    }
  ],
  "zh": {
    "name": "阵亡者护甲",
    "type": "GV|DMG",
    "requires": [
      {
        "type": "MA"
      },
      {
        "type": "HA"
      },
      {
        "type": "MA|XPHB"
      },
      {
        "type": "HA|XPHB"
      }
    ],
    "inherits": {
      "nameSuffix": "阵亡者",
      "source": "BMT",
      "page": 65,
      "rarity": "uncommon",
      "reqAttune": true,
      "entries": [
        "穿戴这件护甲时，你可以使用它来施放{@spell 死者交谈}或{@spell 活化死尸}。一旦护甲以这种方式施放了法术，直到下一个黎明之前，它无法再施放这两个法术。",
        "你的灵魂维持着这件盔甲的完整。如果你在与盔甲共鸣时死亡，盔甲将被摧毁。"
      ]
    },
    "hasFluffImages": true,
    "ENG_name": "Armor of the Fallen",
    "entries": [
      "穿戴这件护甲时，你可以使用它来施放{@spell 死者交谈}或{@spell 活化死尸}。一旦护甲以这种方式施放了法术，直到下一个黎明之前，它无法再施放这两个法术。",
      "你的灵魂维持着这件盔甲的完整。如果你在与盔甲共鸣时死亡，盔甲将被摧毁。"
    ],
    "html": "穿戴这件护甲时，你可以使用它来施放{{@spell|死者交谈}}或{{@spell|活化死尸}}。一旦护甲以这种方式施放了法术，直到下一个黎明之前，它无法再施放这两个法术。\n你的灵魂维持着这件盔甲的完整。如果你在与盔甲共鸣时死亡，盔甲将被摧毁。"
  },
  "en": {
    "name": "Armor of the Fallen",
    "type": "GV|DMG",
    "requires": [
      {
        "type": "MA"
      },
      {
        "type": "HA"
      },
      {
        "type": "MA|XPHB"
      },
      {
        "type": "HA|XPHB"
      }
    ],
    "inherits": {
      "nameSuffix": " of the Fallen",
      "source": "BMT",
      "page": 65,
      "rarity": "uncommon",
      "reqAttune": true,
      "entries": [
        "While wearing this armor, you can use it to cast either {@spell Speak with Dead} or {@spell Animate Dead}. Once the armor has cast a spell in this way, it can't cast either spell until the next dawn.",
        "Your soul keeps this armor together. If you die while you are attuned to the armor, the armor is destroyed."
      ]
    },
    "hasFluffImages": true,
    "entries": [
      "While wearing this armor, you can use it to cast either {@spell Speak with Dead} or {@spell Animate Dead}. Once the armor has cast a spell in this way, it can't cast either spell until the next dawn.",
      "Your soul keeps this armor together. If you die while you are attuned to the armor, the armor is destroyed."
    ],
    "html": "While wearing this armor, you can use it to cast either {{@spell|Speak with Dead}} or {{@spell|Animate Dead}}. Once the armor has cast a spell in this way, it can't cast either spell until the next dawn.\nYour soul keeps this armor together. If you die while you are attuned to the armor, the armor is destroyed."
  }
}