{
  "dataType": "item",
  "uid": "item_Comet Card|BMT ",
  "id": "Comet Card|BMT",
  "rarity": "legendary",
  "isBaseItem": false,
  "full": {
    "en": {
      "images": [
        {
          "type": "image",
          "href": {
            "type": "internal",
            "path": "decks/BMT/Deck of Many Things/12-comet.webp"
          },
          "credit": "Vallez Gax"
        }
      ]
    },
    "zh": {
      "images": [
        {
          "type": "image",
          "href": {
            "type": "internal",
            "path": "decks/BMT/Deck of Many Things/12-comet.webp"
          },
          "credit": "Vallez Gax"
        }
      ]
    }
  },
  "baseItem": "",
  "displayName": {
    "zh": "彗星卡",
    "en": "Comet Card"
  },
  "mainSource": {
    "source": "BMT",
    "page": 13
  },
  "allSources": [
    {
      "source": "BMT",
      "page": 13
    }
  ],
  "zh": {
    "name": "彗星卡",
    "source": "BMT",
    "page": 13,
    "rarity": "legendary",
    "wondrous": true,
    "recharge": "拂晓",
    "entries": [
      "以一个动作，你可以高举这张卡片，召唤一颗熊熊燃烧的陨石落到距你120尺内的可见地点。以那个点为中心，半径20尺范围内的每个生物都必须进行一次{@dc 17}的敏捷豁免。豁免失败的生物会受到{@damage 6d6}点钝击伤害和{@damage 6d6}点火焰伤害，豁免成功只受一半伤害。这一特性一经使用，直到次日黎明之前无法再次使用。"
    ],
    "hasFluffImages": true,
    "ENG_name": "Comet Card",
    "html": "以一个动作，你可以高举这张卡片，召唤一颗熊熊燃烧的陨石落到距你120尺内的可见地点。以那个点为中心，半径20尺范围内的每个生物都必须进行一次{{@dc|17}}的敏捷豁免。豁免失败的生物会受到{{@damage|6d6}}点钝击伤害和{{@damage|6d6}}点火焰伤害，豁免成功只受一半伤害。这一特性一经使用，直到次日黎明之前无法再次使用。"
  },
  "en": {
    "name": "Comet Card",
    "source": "BMT",
    "page": 13,
    "rarity": "legendary",
    "wondrous": true,
    "recharge": "dawn",
    "entries": [
      "As an action, you can hold this card aloft and call down a fiery meteor to a point you can see within 120 feet of yourself. Each creature within a 20-foot-radius sphere centered on that point must make a {@dc 17} Dexterity saving throw. On a failed save, a creature takes {@damage 6d6} bludgeoning damage and {@damage 6d6} fire damage, or half as much damage on a successful save. Once this property is used, it can't be used again until the next dawn."
    ],
    "hasFluffImages": true,
    "html": "As an action, you can hold this card aloft and call down a fiery meteor to a point you can see within 120 feet of yourself. Each creature within a 20-foot-radius sphere centered on that point must make a {{@dc|17}} Dexterity saving throw. On a failed save, a creature takes {{@damage|6d6}} bludgeoning damage and {{@damage|6d6}} fire damage, or half as much damage on a successful save. Once this property is used, it can't be used again until the next dawn."
  },
  "bonus": {}
}