{
  "dataType": "item",
  "uid": "item_Fool's Blade|BMT",
  "id": "Fool's Blade|BMT",
  "rarity": "very rare",
  "isBaseItem": false,
  "displayName": {
    "zh": "愚者之刃",
    "en": "Fool's Blade"
  },
  "mainSource": {
    "source": "BMT",
    "page": 36
  },
  "allSources": [
    {
      "source": "BMT",
      "page": 36
    }
  ],
  "zh": {
    "name": "愚者之刃",
    "type": "GV|DMG",
    "requires": [
      {
        "sword": true
      }
    ],
    "inherits": {
      "namePrefix": "愚者",
      "source": "BMT",
      "page": 36,
      "rarity": "very rare",
      "reqAttune": true,
      "bonusWeapon": "+2",
      "entries": [
        "这件武器看起来平常无奇，但它承载了强大的幻术魔法，使其使用者能够巧妙地欺骗对手。",
        "使用这把魔法武器进行攻击和伤害判定时，你有{=bonusWeapon}的加值。同时持有它，你还会获得以下好处：",
        {
          "type": "list",
          "style": "list-hang-notitle",
          "items": [
            {
              "ENG_name": "Fool's Feint",
              "name": "愚者佯攻",
              "type": "item",
              "entries": [
                "作为附赠动作，你可以进行虚招，选择你5尺范围内的一个生物作为目标。直到你的下一个回合开始，你对目标进行攻击投掷时有优势。一旦使用了这个附赠动作，直到下一个黎明之前都不能再次使用。"
              ]
            },
            {
              "ENG_name": "Misdirect",
              "name": "转向",
              "type": "item",
              "entries": [
                "当60英尺内的一名生物以攻击检定将你作为目标时，你可以使用你的反应要求该生物进行一次{@dc 15}智力豁免检定。若其豁免失败，则该次攻击改为以你选择的另一名在攻击者触及范围内的生物为目标。一旦使用了此反应，直到下一次黎明前都无法再次使用。"
              ]
            }
          ]
        }
      ]
    },
    "ENG_name": "Fool's Blade",
    "entries": [
      "这件武器看起来平常无奇，但它承载了强大的幻术魔法，使其使用者能够巧妙地欺骗对手。",
      "使用这把魔法武器进行攻击和伤害判定时，你有{=bonusWeapon}的加值。同时持有它，你还会获得以下好处：",
      {
        "type": "list",
        "style": "list-hang-notitle",
        "items": [
          {
            "ENG_name": "Fool's Feint",
            "name": "愚者佯攻",
            "type": "item",
            "entries": [
              "作为附赠动作，你可以进行虚招，选择你5尺范围内的一个生物作为目标。直到你的下一个回合开始，你对目标进行攻击投掷时有优势。一旦使用了这个附赠动作，直到下一个黎明之前都不能再次使用。"
            ]
          },
          {
            "ENG_name": "Misdirect",
            "name": "转向",
            "type": "item",
            "entries": [
              "当60英尺内的一名生物以攻击检定将你作为目标时，你可以使用你的反应要求该生物进行一次{@dc 15}智力豁免检定。若其豁免失败，则该次攻击改为以你选择的另一名在攻击者触及范围内的生物为目标。一旦使用了此反应，直到下一次黎明前都无法再次使用。"
            ]
          }
        ]
      }
    ],
    "html": "这件武器看起来平常无奇，但它承载了强大的幻术魔法，使其使用者能够巧妙地欺骗对手。\n使用这把魔法武器进行攻击和伤害判定时，你有{=bonusWeapon}的加值。同时持有它，你还会获得以下好处：\n<ul class=\"parser-list parser-list-list-hang-notitle\"><li class=\"parser-list-item\"><span class=\"parser-list-item-name\">愚者佯攻</span><span class=\"parser-list-item-eng-name\">Fool's Feint</span><div class=\"parser-list-item-entries\">作为附赠动作，你可以进行虚招，选择你5尺范围内的一个生物作为目标。直到你的下一个回合开始，你对目标进行攻击投掷时有优势。一旦使用了这个附赠动作，直到下一个黎明之前都不能再次使用。</div></li><li class=\"parser-list-item\"><span class=\"parser-list-item-name\">转向</span><span class=\"parser-list-item-eng-name\">Misdirect</span><div class=\"parser-list-item-entries\">当60英尺内的一名生物以攻击检定将你作为目标时，你可以使用你的反应要求该生物进行一次{{@dc|15}}智力豁免检定。若其豁免失败，则该次攻击改为以你选择的另一名在攻击者触及范围内的生物为目标。一旦使用了此反应，直到下一次黎明前都无法再次使用。</div></li></ul>"
  },
  "en": {
    "name": "Fool's Blade",
    "type": "GV|DMG",
    "requires": [
      {
        "sword": true
      }
    ],
    "inherits": {
      "namePrefix": "Fool's ",
      "source": "BMT",
      "page": 36,
      "rarity": "very rare",
      "reqAttune": true,
      "bonusWeapon": "+2",
      "entries": [
        "This weapon appears ordinary, but it bears strong illusion magic that allows its wielder to skillfully deceive opponents.",
        "You have a {=bonusWeapon} bonus to attack and damage rolls made with this magic weapon. While wielding it, you also gain the following benefits:",
        {
          "type": "list",
          "style": "list-hang-notitle",
          "items": [
            {
              "type": "item",
              "name": "Fool's Feint",
              "entries": [
                "As a bonus action, you can feint, choosing a creature within 5 feet of you as your target. Until the start of your next turn, you have advantage on attack rolls against the target. Once this bonus action is used, it can't be used again until the next dawn."
              ]
            },
            {
              "type": "item",
              "name": "Misdirect",
              "entries": [
                "When a creature within 60 feet of you targets you with an attack roll, you can use your reaction to require that creature to make a {@dc 15} Intelligence saving throw. On a failed save, the attack instead targets another creature of your choice that is within the attacker's reach. Once this reaction has been used, it can't be used again until the next dawn."
              ]
            }
          ]
        }
      ]
    },
    "entries": [
      "This weapon appears ordinary, but it bears strong illusion magic that allows its wielder to skillfully deceive opponents.",
      "You have a {=bonusWeapon} bonus to attack and damage rolls made with this magic weapon. While wielding it, you also gain the following benefits:",
      {
        "type": "list",
        "style": "list-hang-notitle",
        "items": [
          {
            "type": "item",
            "name": "Fool's Feint",
            "entries": [
              "As a bonus action, you can feint, choosing a creature within 5 feet of you as your target. Until the start of your next turn, you have advantage on attack rolls against the target. Once this bonus action is used, it can't be used again until the next dawn."
            ]
          },
          {
            "type": "item",
            "name": "Misdirect",
            "entries": [
              "When a creature within 60 feet of you targets you with an attack roll, you can use your reaction to require that creature to make a {@dc 15} Intelligence saving throw. On a failed save, the attack instead targets another creature of your choice that is within the attacker's reach. Once this reaction has been used, it can't be used again until the next dawn."
            ]
          }
        ]
      }
    ],
    "html": "This weapon appears ordinary, but it bears strong illusion magic that allows its wielder to skillfully deceive opponents.\nYou have a {=bonusWeapon} bonus to attack and damage rolls made with this magic weapon. While wielding it, you also gain the following benefits:\n<ul class=\"parser-list parser-list-list-hang-notitle\"><li class=\"parser-list-item\"><span class=\"parser-list-item-name\">Fool's Feint</span><div class=\"parser-list-item-entries\">As a bonus action, you can feint, choosing a creature within 5 feet of you as your target. Until the start of your next turn, you have advantage on attack rolls against the target. Once this bonus action is used, it can't be used again until the next dawn.</div></li><li class=\"parser-list-item\"><span class=\"parser-list-item-name\">Misdirect</span><div class=\"parser-list-item-entries\">When a creature within 60 feet of you targets you with an attack roll, you can use your reaction to require that creature to make a {{@dc|15}} Intelligence saving throw. On a failed save, the attack instead targets another creature of your choice that is within the attacker's reach. Once this reaction has been used, it can't be used again until the next dawn.</div></li></ul>"
  }
}