{
  "dataType": "item",
  "uid": "item_Dust of Sneezing and Choking|DMG ",
  "id": "Dust of Sneezing and Choking|DMG",
  "rarity": "uncommon",
  "isBaseItem": false,
  "full": {
    "en": {
      "images": [
        {
          "type": "image",
          "href": {
            "type": "internal",
            "path": "items/DMG/Dust of Sneezing and Choking.webp"
          }
        }
      ]
    },
    "zh": {
      "images": [
        {
          "type": "image",
          "href": {
            "type": "internal",
            "path": "items/DMG/Dust of Sneezing and Choking.webp"
          }
        }
      ]
    }
  },
  "baseItem": "",
  "displayName": {
    "zh": "喷嚏粉",
    "en": "Dust of Sneezing and Choking"
  },
  "mainSource": {
    "source": "DMG",
    "page": 166
  },
  "allSources": [
    {
      "source": "DMG",
      "page": 166
    },
    {
      "source": "XDMG",
      "page": 0
    },
    {
      "source": "XDMG",
      "page": 255
    }
  ],
  "relatedVersions": [
    "Dust of Sneezing and Choking|XDMG"
  ],
  "zh": {
    "name": "喷嚏粉",
    "source": "DMG",
    "page": 166,
    "srd": true,
    "reprintedAs": [
      "喷嚏粉|XDMG"
    ],
    "tier": "次要",
    "rarity": "uncommon",
    "wondrous": true,
    "entries": [
      "这种粉末装在一个小容器中，看起来像是非常细的沙子。它看起来像是{@item 无踪粉}，而{@spell 鉴定术}也会显示它是这样的。其分量足够使用一次。",
      "当你用一个动作将一把粉尘撒向空中时，你和每个30尺内需要呼吸的生物必须成功通过一次{@dc 15}的体质豁免否则因不停打喷嚏而无法呼吸。受此影响的生物将陷入{@condition 失能}并窒息。只要受影响的生物依然清醒，它就能在每次自己的回合结束时再次进行该豁免，一旦豁免成功，其自己身上的效应也将随之终止。{@spell 次级复原术}法术也能终止该生物身上的效应。"
    ],
    "lootTables": [
      "魔法物品表B"
    ],
    "hasFluffImages": true,
    "ENG_name": "Dust of Sneezing and Choking",
    "html": "这种粉末装在一个小容器中，看起来像是非常细的沙子。它看起来像是{{@item|无踪粉}}，而{{@spell|鉴定术}}也会显示它是这样的。其分量足够使用一次。\n当你用一个动作将一把粉尘撒向空中时，你和每个30尺内需要呼吸的生物必须成功通过一次{{@dc|15}}的体质豁免否则因不停打喷嚏而无法呼吸。受此影响的生物将陷入{{@condition|失能}}并窒息。只要受影响的生物依然清醒，它就能在每次自己的回合结束时再次进行该豁免，一旦豁免成功，其自己身上的效应也将随之终止。{{@spell|次级复原术}}法术也能终止该生物身上的效应。"
  },
  "en": {
    "name": "Dust of Sneezing and Choking",
    "source": "DMG",
    "page": 166,
    "srd": true,
    "reprintedAs": [
      "Dust of Sneezing and Choking|XDMG"
    ],
    "tier": "minor",
    "rarity": "uncommon",
    "wondrous": true,
    "entries": [
      "Found in a small container, this powder resembles very fine sand. It appears to be {@item dust of disappearance}, and an {@spell identify} spell reveals it to be such. There is enough of it for one use.",
      "When you use an action to throw a handful of the dust into the air, you and each creature that needs to breathe within 30 feet of you must succeed on a {@dc 15} Constitution saving throw or become unable to breathe while sneezing uncontrollably. A creature affected in this way is {@condition incapacitated} and suffocating. As long as it is conscious, a creature can repeat the saving throw at the end of each of its turns, ending the effect on it on a success. The {@spell lesser restoration} spell can also end the effect on a creature."
    ],
    "lootTables": [
      "Magic Item Table B"
    ],
    "hasFluffImages": true,
    "html": "Found in a small container, this powder resembles very fine sand. It appears to be {{@item|dust of disappearance}}, and an {{@spell|identify}} spell reveals it to be such. There is enough of it for one use.\nWhen you use an action to throw a handful of the dust into the air, you and each creature that needs to breathe within 30 feet of you must succeed on a {{@dc|15}} Constitution saving throw or become unable to breathe while sneezing uncontrollably. A creature affected in this way is {{@condition|incapacitated}} and suffocating. As long as it is conscious, a creature can repeat the saving throw at the end of each of its turns, ending the effect on it on a success. The {{@spell|lesser restoration}} spell can also end the effect on a creature."
  },
  "bonus": {}
}