{
  "dataType": "item",
  "uid": "item_Spindle of Fate|BMT ",
  "id": "Spindle of Fate|BMT",
  "rarity": "legendary",
  "isBaseItem": false,
  "full": {
    "en": {
      "images": [
        {
          "type": "image",
          "href": {
            "type": "internal",
            "path": "items/BMT/Spindle of Fate.webp"
          }
        }
      ]
    },
    "zh": {
      "images": [
        {
          "type": "image",
          "href": {
            "type": "internal",
            "path": "items/BMT/Spindle of Fate.webp"
          }
        }
      ]
    }
  },
  "baseItem": "",
  "displayName": {
    "zh": "命运纺锤",
    "en": "Spindle of Fate"
  },
  "mainSource": {
    "source": "BMT",
    "page": 38
  },
  "allSources": [
    {
      "source": "BMT",
      "page": 38
    }
  ],
  "zh": {
    "name": "命运纺锤",
    "source": "BMT",
    "page": 38,
    "type": "WD|DMG",
    "rarity": "legendary",
    "reqAttune": true,
    "recharge": "拂晓",
    "rechargeAmount": "{@dice 1d6}",
    "charges": 6,
    "entries": [
      "这根魔杖的形状就像一个包裹着红线的水滴形纺锤。这把魔杖有6发充能，可以通过以下方式消耗：",
      {
        "type": "list",
        "style": "list-hang-notitle",
        "items": [
          {
            "ENG_name": "Battle Foreknowledge",
            "name": "战斗预知",
            "type": "item",
            "entries": [
              "当你掷先攻时，你可以消耗1发充能，从掷骰总值中加上或减去你的熟练加值。"
            ]
          },
          {
            "ENG_name": "Doom Foretold",
            "name": "末日前兆",
            "type": "item",
            "entries": [
              "作为动作，你可以消耗2发充能指定距你30尺内的一个生物，引发它的厄运。只要该生物与你在同一存在位面，你就会感测到该生物的方位，如果该生物正在移动，则你也将知晓其移动的方向。此外，一回合一次，当你对被此特性标记的生物造成伤害时，可以投掷{@dice 1d6}并将骰出的数值加入伤害掷骰中。这些增益持续1小时或你再次使用这一特性指定一个不同生物为止。"
            ]
          },
          {
            "ENG_name": "Twist of Fate",
            "name": "扭曲命运",
            "type": "item",
            "entries": [
              "当距你60尺内的一个生物进行豁免检定或攻击检定时，你可以用一个反应消耗3发充能并改变其结果，将失败的豁免转变为成功，将未命中的攻击转变为命中，反之亦然。"
            ]
          }
        ]
      },
      "该魔杖在每个黎明时恢复{@dice 1d6}发已消耗的充能。"
    ],
    "hasFluffImages": true,
    "ENG_name": "Spindle of Fate",
    "html": "这根魔杖的形状就像一个包裹着红线的水滴形纺锤。这把魔杖有6发充能，可以通过以下方式消耗：\n<ul class=\"parser-list parser-list-list-hang-notitle\"><li class=\"parser-list-item\"><span class=\"parser-list-item-name\">战斗预知</span><span class=\"parser-list-item-eng-name\">Battle Foreknowledge</span><div class=\"parser-list-item-entries\">当你掷先攻时，你可以消耗1发充能，从掷骰总值中加上或减去你的熟练加值。</div></li><li class=\"parser-list-item\"><span class=\"parser-list-item-name\">末日前兆</span><span class=\"parser-list-item-eng-name\">Doom Foretold</span><div class=\"parser-list-item-entries\">作为动作，你可以消耗2发充能指定距你30尺内的一个生物，引发它的厄运。只要该生物与你在同一存在位面，你就会感测到该生物的方位，如果该生物正在移动，则你也将知晓其移动的方向。此外，一回合一次，当你对被此特性标记的生物造成伤害时，可以投掷{{@dice|1d6}}并将骰出的数值加入伤害掷骰中。这些增益持续1小时或你再次使用这一特性指定一个不同生物为止。</div></li><li class=\"parser-list-item\"><span class=\"parser-list-item-name\">扭曲命运</span><span class=\"parser-list-item-eng-name\">Twist of Fate</span><div class=\"parser-list-item-entries\">当距你60尺内的一个生物进行豁免检定或攻击检定时，你可以用一个反应消耗3发充能并改变其结果，将失败的豁免转变为成功，将未命中的攻击转变为命中，反之亦然。</div></li></ul>\n该魔杖在每个黎明时恢复{{@dice|1d6}}发已消耗的充能。"
  },
  "en": {
    "name": "Spindle of Fate",
    "source": "BMT",
    "page": 38,
    "type": "WD|DMG",
    "rarity": "legendary",
    "reqAttune": true,
    "recharge": "dawn",
    "rechargeAmount": "{@dice 1d6}",
    "charges": 6,
    "entries": [
      "This wand is shaped like a drop spindle wrapped in red thread. The wand has 6 charges that can be used for the following properties:",
      {
        "type": "list",
        "style": "list-hang-notitle",
        "items": [
          {
            "type": "item",
            "name": "Battle Foreknowledge",
            "entries": [
              "When you roll initiative, you can expend 1 charge to add or subtract your proficiency bonus from the total roll."
            ]
          },
          {
            "type": "item",
            "name": "Doom Foretold",
            "entries": [
              "As an action, you can expend 2 charges to target a creature within 30 feet of yourself and invoke that creature's doom. While the target is on the same plane of existence as you, you can sense the direction to its location, and you know the direction of its movement if it's in motion. Additionally, once per turn when you deal damage to the doomed creature, you can roll {@dice 1d6} and add the number rolled to the damage roll. These benefits persist for 1 hour or until you target another creature with this effect."
            ]
          },
          {
            "type": "item",
            "name": "Twist of Fate",
            "entries": [
              "When a creature within 60 feet of you makes a saving throw or an attack roll, you can use your reaction to expend 3 charges and alter the outcome, turning a failed saving throw into a successful one, a missed attack roll into a hit, or vice versa."
            ]
          }
        ]
      },
      "The wand regains {@dice 1d6} expended charges daily at dawn."
    ],
    "hasFluffImages": true,
    "html": "This wand is shaped like a drop spindle wrapped in red thread. The wand has 6 charges that can be used for the following properties:\n<ul class=\"parser-list parser-list-list-hang-notitle\"><li class=\"parser-list-item\"><span class=\"parser-list-item-name\">Battle Foreknowledge</span><div class=\"parser-list-item-entries\">When you roll initiative, you can expend 1 charge to add or subtract your proficiency bonus from the total roll.</div></li><li class=\"parser-list-item\"><span class=\"parser-list-item-name\">Doom Foretold</span><div class=\"parser-list-item-entries\">As an action, you can expend 2 charges to target a creature within 30 feet of yourself and invoke that creature's doom. While the target is on the same plane of existence as you, you can sense the direction to its location, and you know the direction of its movement if it's in motion. Additionally, once per turn when you deal damage to the doomed creature, you can roll {{@dice|1d6}} and add the number rolled to the damage roll. These benefits persist for 1 hour or until you target another creature with this effect.</div></li><li class=\"parser-list-item\"><span class=\"parser-list-item-name\">Twist of Fate</span><div class=\"parser-list-item-entries\">When a creature within 60 feet of you makes a saving throw or an attack roll, you can use your reaction to expend 3 charges and alter the outcome, turning a failed saving throw into a successful one, a missed attack roll into a hit, or vice versa.</div></li></ul>\nThe wand regains {{@dice|1d6}} expended charges daily at dawn."
  },
  "charge": {
    "max": 6,
    "rechargeAt": "dawn",
    "rechargeAmount": "{@dice 1d6}"
  },
  "bonus": {}
}