{
  "dataType": "item",
  "uid": "item_Nightspider|AAG ",
  "id": "Nightspider|AAG",
  "value": 5000000,
  "rarity": "none",
  "isBaseItem": false,
  "baseItem": "",
  "displayName": {
    "zh": "夜蛛",
    "en": "Nightspider"
  },
  "mainSource": {
    "source": "AAG",
    "page": 40
  },
  "allSources": [
    {
      "source": "AAG",
      "page": 40
    }
  ],
  "zh": {
    "name": "夜蛛",
    "source": "AAG",
    "page": 40,
    "type": "SPC|AAG",
    "rarity": "none",
    "value": 5000000,
    "crew": 25,
    "vehAc": 19,
    "vehHp": 300,
    "vehDmgThresh": 15,
    "vehSpeed": 4.5,
    "capCargo": 50,
    "entries": [
      "纽吉怪在他们自己打造的舰船中令整个荒宇感到胆寒，而这些舰船被其他人称之为夜蛛。这些舰船经常蛰伏等待其他船舶以进行伏击。一旦目标船舶被发现，纽吉怪就会试图偷走她的法驱魔舵并俘虏她的船员。",
      "夜蛛的船员通常由十九名纽吉怪和最多六只掘土巨怪组成，纽吉怪一般将它们用作突击部队。",
      "夜蛛是专为空间旅行而设计的，不能漂浮在水上或安全降落在地面上（舰船的重量会折断她细长的腿，并且在此过程中破坏它的网状索具）。夜蛛上的标准武器包括四门弩炮（两门前向和两门后向）和一门前向的弹射投石机。"
    ],
    "seeAlsoVehicle": [
      "夜蛛|AAG"
    ],
    "ENG_name": "Nightspider",
    "html": "纽吉怪在他们自己打造的舰船中令整个荒宇感到胆寒，而这些舰船被其他人称之为夜蛛。这些舰船经常蛰伏等待其他船舶以进行伏击。一旦目标船舶被发现，纽吉怪就会试图偷走她的法驱魔舵并俘虏她的船员。\n夜蛛的船员通常由十九名纽吉怪和最多六只掘土巨怪组成，纽吉怪一般将它们用作突击部队。\n夜蛛是专为空间旅行而设计的，不能漂浮在水上或安全降落在地面上（舰船的重量会折断她细长的腿，并且在此过程中破坏它的网状索具）。夜蛛上的标准武器包括四门弩炮（两门前向和两门后向）和一门前向的弹射投石机。"
  },
  "en": {
    "name": "Nightspider",
    "source": "AAG",
    "page": 40,
    "type": "SPC|AAG",
    "rarity": "none",
    "value": 5000000,
    "crew": 25,
    "vehAc": 19,
    "vehHp": 300,
    "vehDmgThresh": 15,
    "vehSpeed": 4.5,
    "capCargo": 50,
    "entries": [
      "Neogi terrorize Wildspace in ships of their own construction, which others call nightspiders. These vessels often wait in ambush for other ships. Once a target ship is identified, the neogi try to steal its spelljamming helm and capture its crew.",
      "A nightspider's crew usually consists of nineteen neogi and up to a half-dozen umber hulks, which the neogi use as shock troops.",
      "Nightspiders are designed for space travel alone and can't float on water or land safely on the ground (the weight of the ship would snap its spindly legs, destroying its weblike rigging in the process). Standard weaponry on a nightspider includes four ballistae (two forward-facing and two aft-facing) and a forward-facing mangonel."
    ],
    "seeAlsoVehicle": [
      "Nightspider|AAG"
    ],
    "html": "Neogi terrorize Wildspace in ships of their own construction, which others call nightspiders. These vessels often wait in ambush for other ships. Once a target ship is identified, the neogi try to steal its spelljamming helm and capture its crew.\nA nightspider's crew usually consists of nineteen neogi and up to a half-dozen umber hulks, which the neogi use as shock troops.\nNightspiders are designed for space travel alone and can't float on water or land safely on the ground (the weight of the ship would snap its spindly legs, destroying its weblike rigging in the process). Standard weaponry on a nightspider includes four ballistae (two forward-facing and two aft-facing) and a forward-facing mangonel."
  },
  "bonus": {}
}