{
  "dataType": "item",
  "uid": "item_Antimatter Rifle|DMG",
  "id": "Antimatter Rifle|DMG",
  "weight": 10,
  "rarity": "none",
  "isBaseItem": true,
  "displayName": {
    "zh": "反物质步枪",
    "en": "Antimatter Rifle"
  },
  "mainSource": {
    "source": "DMG",
    "page": 268
  },
  "allSources": [
    {
      "source": "DMG",
      "page": 268
    },
    {
      "source": "XDMG",
      "page": 0
    },
    {
      "source": "XDMG",
      "page": 73
    }
  ],
  "relatedVersions": [
    "Antimatter Rifle|XDMG"
  ],
  "zh": {
    "name": "反物质步枪",
    "source": "DMG",
    "page": 268,
    "reprintedAs": [
      "反物质步枪|XDMG"
    ],
    "edition": "classic",
    "type": "R",
    "rarity": "none",
    "weight": 10,
    "weaponCategory": "军用",
    "age": "未来",
    "property": [
      "AF|DMG",
      "RLD",
      "2H"
    ],
    "range": "120/360",
    "reload": 2,
    "dmg1": "6d8",
    "dmgType": "N",
    "firearm": true,
    "weapon": true,
    "ammoType": "能量电池",
    "ENG_name": "Antimatter Rifle",
    "entries": [],
    "html": ""
  },
  "en": {
    "name": "Antimatter Rifle",
    "source": "DMG",
    "page": 268,
    "reprintedAs": [
      "Antimatter Rifle|XDMG"
    ],
    "edition": "classic",
    "type": "R",
    "rarity": "none",
    "weight": 10,
    "weaponCategory": "martial",
    "age": "futuristic",
    "property": [
      "AF|DMG",
      "RLD",
      "2H"
    ],
    "range": "120/360",
    "reload": 2,
    "dmg1": "6d8",
    "dmgType": "N",
    "firearm": true,
    "weapon": true,
    "ammoType": "energy cell",
    "entries": [],
    "html": ""
  },
  "weapon": {
    "category": "martial",
    "weaponCategory": "martial",
    "dmg1": "6d8",
    "dmgType": "N",
    "dmgs": [
      "6d8"
    ],
    "range": {
      "min": 120,
      "max": 360
    },
    "reload": 2,
    "ammoType": "energy cell",
    "property": [
      "AF|DMG",
      "RLD",
      "2H"
    ],
    "firearm": true
  },
  "bonus": {}
}