{
  "dataType": "item",
  "uid": "item_Plate of Knight's Fellowship|BMT ",
  "id": "Plate of Knight's Fellowship|BMT",
  "weight": 65,
  "rarity": "uncommon",
  "isBaseItem": false,
  "baseItem": "plate armor|PHB",
  "displayName": {
    "zh": "骑士扈从板甲",
    "en": "Plate of Knight's Fellowship"
  },
  "mainSource": {
    "source": "BMT",
    "page": 37
  },
  "allSources": [
    {
      "source": "BMT",
      "page": 37
    }
  ],
  "zh": {
    "name": "骑士扈从板甲",
    "source": "BMT",
    "page": 37,
    "baseItem": "板甲|PHB",
    "type": "HA",
    "rarity": "uncommon",
    "reqAttune": true,
    "weight": 65,
    "ac": 18,
    "strength": "15",
    "stealth": true,
    "entries": [
      "这套闪亮的银金板甲永不褪色。",
      "着装这件盔甲期间，你可以用一个附赠动作召唤一位武者的精魄来援助你。精魄的实体形态会显现在你选择的距你30尺内的一个未被占据的空间中，它使用{@creature 骑士}的数据卡。精魄会在其生命值降至0时或1分钟后消失，以先到者为准。",
      "该精魄是你和你的同伴们的盟友。在战斗中，该精魄与你共享先攻值，其回合紧跟在你的回合之后。它遵从于你的指令（无需任何动作）；如果你不发令，该精魄将执行{@action 回避}动作并使用其移动来避免危险。",
      "这一附赠动作一经使用，直到次日黎明之前无法再次使用。",
      "板甲由覆盖全身，且相互连接的模铸金属板组成。一套板甲包括护手、重皮靴、一顶附面甲的头盔以及在护甲底层的厚重的布甲。其锁扣和皮带结构可以将护甲重量分配到身体各处。"
    ],
    "ENG_name": "Plate of Knight's Fellowship",
    "html": "这套闪亮的银金板甲永不褪色。\n着装这件盔甲期间，你可以用一个附赠动作召唤一位武者的精魄来援助你。精魄的实体形态会显现在你选择的距你30尺内的一个未被占据的空间中，它使用{{@creature|骑士}}的数据卡。精魄会在其生命值降至0时或1分钟后消失，以先到者为准。\n该精魄是你和你的同伴们的盟友。在战斗中，该精魄与你共享先攻值，其回合紧跟在你的回合之后。它遵从于你的指令（无需任何动作）；如果你不发令，该精魄将执行{{@action|回避}}动作并使用其移动来避免危险。\n这一附赠动作一经使用，直到次日黎明之前无法再次使用。\n板甲由覆盖全身，且相互连接的模铸金属板组成。一套板甲包括护手、重皮靴、一顶附面甲的头盔以及在护甲底层的厚重的布甲。其锁扣和皮带结构可以将护甲重量分配到身体各处。"
  },
  "en": {
    "name": "Plate of Knight's Fellowship",
    "source": "BMT",
    "page": 37,
    "baseItem": "plate armor|PHB",
    "type": "HA",
    "rarity": "uncommon",
    "reqAttune": true,
    "weight": 65,
    "ac": 18,
    "strength": "15",
    "stealth": true,
    "entries": [
      "This gleaming set of silver-and-gold plate armor never tarnishes.",
      "While wearing this armor, you can use a bonus action to summon the spirit of a warrior to your aid. The spirit's corporeal form manifests in an unoccupied space of your choice within 30 feet of you, and it uses the {@creature knight} stat block. The spirit disappears when it drops to 0 hit points or after 1 minute, whichever comes first.",
      "The spirit is an ally to you and your companions. In combat, the spirit shares your initiative count but takes its turn immediately after yours. The spirit obeys your commands (no action required by you); if you don't issue any commands, the spirit takes the {@action Dodge} action and uses its movement to avoid danger.",
      "Once this bonus action is used, it can't be used again until the next dawn.",
      "Plate consists of shaped, interlocking metal plates to cover the entire body. A suit of plate includes gauntlets, heavy leather boots, a visored helmet, and thick layers of padding underneath the armor. Buckles and straps distribute the weight over the body."
    ],
    "html": "This gleaming set of silver-and-gold plate armor never tarnishes.\nWhile wearing this armor, you can use a bonus action to summon the spirit of a warrior to your aid. The spirit's corporeal form manifests in an unoccupied space of your choice within 30 feet of you, and it uses the {{@creature|knight}} stat block. The spirit disappears when it drops to 0 hit points or after 1 minute, whichever comes first.\nThe spirit is an ally to you and your companions. In combat, the spirit shares your initiative count but takes its turn immediately after yours. The spirit obeys your commands (no action required by you); if you don't issue any commands, the spirit takes the {{@action|Dodge}} action and uses its movement to avoid danger.\nOnce this bonus action is used, it can't be used again until the next dawn.\nPlate consists of shaped, interlocking metal plates to cover the entire body. A suit of plate includes gauntlets, heavy leather boots, a visored helmet, and thick layers of padding underneath the armor. Buckles and straps distribute the weight over the body."
  },
  "bonus": {}
}