{
  "dataType": "item",
  "uid": "item_Watchful Helm|CM ",
  "id": "Watchful Helm|CM",
  "rarity": "very rare",
  "isBaseItem": false,
  "baseItem": "",
  "displayName": {
    "zh": "守望头盔",
    "en": "Watchful Helm"
  },
  "mainSource": {
    "source": "CM",
    "page": 183
  },
  "allSources": [
    {
      "source": "CM",
      "page": 183
    }
  ],
  "zh": {
    "name": "守望头盔",
    "source": "CM",
    "page": 183,
    "rarity": "very rare",
    "reqAttune": true,
    "wondrous": true,
    "bonusAc": "+1",
    "entries": [
      "当你佩戴这个头盔时，你的护甲等级获得+1的加成，并且即使你在睡觉时也能保持对周围环境的警觉，你在依赖视力的感知（{@skill 察觉}）检定上获得优势。",
      "作为附赠动作，你可以从头盔中施展{@spell 识破隐形}法术。一旦使用头盔的这个属性，直到下一个黎明之前都不能再次使用。"
    ],
    "attachedSpells": {
      "daily": {
        "1e": [
          "识破隐形"
        ]
      }
    },
    "ENG_name": "Watchful Helm",
    "html": "当你佩戴这个头盔时，你的护甲等级获得+1的加成，并且即使你在睡觉时也能保持对周围环境的警觉，你在依赖视力的感知（{{@skill|察觉}}）检定上获得优势。\n作为附赠动作，你可以从头盔中施展{{@spell|识破隐形}}法术。一旦使用头盔的这个属性，直到下一个黎明之前都不能再次使用。"
  },
  "en": {
    "name": "Watchful Helm",
    "source": "CM",
    "page": 183,
    "rarity": "very rare",
    "reqAttune": true,
    "wondrous": true,
    "bonusAc": "+1",
    "entries": [
      "While you wear this helm, you gain a +1 bonus to AC and remain aware of your surroundings even while you're asleep, and you have advantage on Wisdom ({@skill Perception}) checks that rely on sight.",
      "As a bonus action, you can cast the {@spell see invisibility} spell from the helm. Once this property of the helm is used, it can't be used again until the next dawn."
    ],
    "attachedSpells": {
      "daily": {
        "1e": [
          "see invisibility"
        ]
      }
    },
    "html": "While you wear this helm, you gain a +1 bonus to AC and remain aware of your surroundings even while you're asleep, and you have advantage on Wisdom ({{@skill|Perception}}) checks that rely on sight.\nAs a bonus action, you can cast the {{@spell|see invisibility}} spell from the helm. Once this property of the helm is used, it can't be used again until the next dawn."
  },
  "bonus": {
    "ac": 1
  }
}