{
  "dataType": "item",
  "uid": "item_Condensed Order|CoA ",
  "id": "Condensed Order|CoA",
  "rarity": "uncommon",
  "isBaseItem": false,
  "baseItem": "",
  "displayName": {
    "zh": "凝序粉",
    "en": "Condensed Order"
  },
  "mainSource": {
    "source": "CoA",
    "page": 267
  },
  "allSources": [
    {
      "source": "CoA",
      "page": 267
    }
  ],
  "zh": {
    "name": "凝序粉",
    "source": "CoA",
    "page": 267,
    "rarity": "uncommon",
    "wondrous": true,
    "entries": [
      "凝序粉是一种可从守序生物身上萃取的银色粉末。前往阿弗纳斯战场的魔鬼们会携带装有这种物质的小瓶或鼻烟盒，以抵御恶魔纯粹混沌的侵蚀。服用此物质需要一个动作，并使你免疫恶魔脓汁的肉体扭曲特性。同时，你在对抗恶魔来源的任何效果的豁免检定上获得优势。这些效果持续8小时。"
    ],
    "ENG_name": "Condensed Order",
    "html": "凝序粉是一种可从守序生物身上萃取的银色粉末。前往阿弗纳斯战场的魔鬼们会携带装有这种物质的小瓶或鼻烟盒，以抵御恶魔纯粹混沌的侵蚀。服用此物质需要一个动作，并使你免疫恶魔脓汁的肉体扭曲特性。同时，你在对抗恶魔来源的任何效果的豁免检定上获得优势。这些效果持续8小时。"
  },
  "en": {
    "name": "Condensed Order",
    "source": "CoA",
    "page": 267,
    "rarity": "uncommon",
    "wondrous": true,
    "entries": [
      "Condensed Order is a silvery powder that can be extracted from those of a lawful persuasion. Devils bound for the war fronts of Avernus take flasks and snuff boxes of the stuff to fortify themselves against exposure to the raw chaos of demons. Taking the substance requires an action and makes you immune to the flesh warping feature of demonic ichor. It also gives you advantage on saving throws against any effect from a demonic source. These benefits last for 8 hours."
    ],
    "html": "Condensed Order is a silvery powder that can be extracted from those of a lawful persuasion. Devils bound for the war fronts of Avernus take flasks and snuff boxes of the stuff to fortify themselves against exposure to the raw chaos of demons. Taking the substance requires an action and makes you immune to the flesh warping feature of demonic ichor. It also gives you advantage on saving throws against any effect from a demonic source. These benefits last for 8 hours."
  },
  "bonus": {}
}