{
  "dataType": "item",
  "uid": "item_Sword of Zariel|BGDIA ",
  "id": "Sword of Zariel|BGDIA",
  "weight": 3,
  "rarity": "artifact",
  "isBaseItem": false,
  "full": {
    "en": {
      "images": [
        {
          "type": "image",
          "href": {
            "type": "internal",
            "path": "items/BGDIA/Sword of Zariel.webp"
          }
        }
      ]
    },
    "zh": {
      "images": [
        {
          "type": "image",
          "href": {
            "type": "internal",
            "path": "items/BGDIA/Sword of Zariel.webp"
          }
        }
      ]
    }
  },
  "baseItem": "longsword|phb",
  "displayName": {
    "zh": "扎瑞尔之剑",
    "en": "Sword of Zariel"
  },
  "mainSource": {
    "source": "BGDIA",
    "page": 226
  },
  "allSources": [
    {
      "source": "BGDIA",
      "page": 226
    }
  ],
  "zh": {
    "name": "扎瑞尔之剑",
    "source": "BGDIA",
    "page": 226,
    "baseItem": "长剑|PHB",
    "type": "M",
    "resist": [
      "暗蚀",
      "光耀"
    ],
    "rarity": "artifact",
    "reqAttune": "由剑认为值得的生物",
    "sentient": true,
    "weight": 3,
    "weaponCategory": "军用",
    "property": [
      "V"
    ],
    "dmg1": "1d8",
    "dmgType": "S",
    "dmg2": "1d10",
    "ability": {
      "static": {
        "cha": 20
      }
    },
    "entries": [
      "这把长剑曾属于天使扎瑞尔，在她堕落之前。它由天界钢铁打造，散发着微弱的光芒和嗡嗡声。这把武器选择谁能与之共鸣，谁不能。它渴望一个体现勇敢和英雄主义的持剑者。",
      {
        "ENG_name": "Attunement",
        "name": "同调",
        "type": "entries",
        "entries": [
          "这把剑允许你立即与其共鸣，无需进行短休息。当你第一次与剑共鸣时，你将转变成自己天堂化、理想化的形象，拥有超凡的美貌和心中一丝天堂的气息。无论是魔法还是神迹都无法逆转这种转变。你的阵营变为守序善良，并且你获得了以下特性：",
          {
            "type": "list",
            "items": [
              {
                "ENG_name": "Angelic Language",
                "name": "天使语言",
                "type": "item",
                "entry": "你可以说、读、写天界语。"
              },
              {
                "ENG_name": "Celestial Resistance",
                "name": "天界抗性",
                "type": "item",
                "entry": "你具有暗蚀和光耀伤害的抗性。"
              },
              {
                "ENG_name": "Divine Presence",
                "name": "神圣存在",
                "type": "item",
                "entry": "你的魅力值变为20，除非它已经是20或更高。"
              },
              {
                "ENG_name": "Feathered Wings",
                "name": "羽翅",
                "type": "item",
                "entry": "你长出了一对美丽的羽翼，赋予你90尺的飞行速度和悬停能力。如果你已经有不同类型的翅膀，这些新翅膀将取代旧翅膀，旧翅膀会脱落。"
              },
              {
                "ENG_name": "Truesight",
                "name": "真实视觉",
                "type": "item",
                "entry": "你的眼睛变成了银光闪闪的池塘。你可以在正常和魔法黑暗中视物，看到{@condition 隐形}的生物和物体，自动检测视觉幻象并在对抗它们的豁免检定中成功，感知变形者或被魔法变形的生物的原始形态，并看到以太位面，所有这些能力的有效范围都是60尺。"
              },
              {
                "ENG_name": "New Personality",
                "name": "新个性",
                "type": "item",
                "entries": [
                  "你获得了新的个性特征，通过以下表格各掷骰一次来确定。这些特征将覆盖任何冲突的个性特征、理想、纽带或缺陷。",
                  {
                    "type": "table",
                    "caption": "个性特点",
                    "colLabels": [
                      "d8",
                      "特点"
                    ],
                    "colStyles": [
                      "col-2 text-center",
                      "col-10"
                    ],
                    "rows": [
                      [
                        "1",
                        "我尊重所有生命，包括敌人。"
                      ],
                      [
                        "2",
                        "我不会说谎。"
                      ],
                      [
                        "3",
                        "我喜欢与他人分享我的哲学世界观和经历。"
                      ],
                      [
                        "4",
                        "我在每段对话中都直截了当。"
                      ],
                      [
                        "5",
                        "我经常引用（或错误引用）宗教文本。"
                      ],
                      [
                        "6",
                        "当我目睹残忍或不公正时，我会很快生气。"
                      ],
                      [
                        "7",
                        "我的赞美和信任是赢得的，从不轻易给予。"
                      ],
                      [
                        "8",
                        "我喜欢一切干净整洁有序。"
                      ]
                    ]
                  },
                  {
                    "type": "table",
                    "caption": "理想",
                    "colLabels": [
                      "d6",
                      "理想"
                    ],
                    "colStyles": [
                      "col-2 text-center",
                      "col-10"
                    ],
                    "rows": [
                      [
                        "1",
                        "慈善。我总是帮助那些需要帮助的人。（善良）"
                      ],
                      [
                        "2",
                        "信仰。我选择严格遵循一个特定守序善良神祇的信条。（守序）"
                      ],
                      [
                        "3",
                        "责任。强者有责任保护弱者。（守序）"
                      ],
                      [
                        "4",
                        "尊重。所有人都应受到有尊严的对待。（善良）"
                      ],
                      [
                        "5",
                        "荣誉。我的行为方式决定了我在来世的奖赏。（守序）"
                      ],
                      [
                        "6",
                        "救赎。所有生物都有变得更好的可能性。（善良）"
                      ]
                    ]
                  },
                  {
                    "type": "table",
                    "caption": "牵挂",
                    "colLabels": [
                      "d6",
                      "牵挂"
                    ],
                    "colStyles": [
                      "col-2 text-center",
                      "col-10"
                    ],
                    "rows": [
                      [
                        "1",
                        "我有一首最喜欢的宗教赞美诗，我总是不停地哼唱。"
                      ],
                      [
                        "2",
                        "我必须记录下我的信仰和我目睹的罪行。完成后，这本书将成为我赠予多元宇宙的礼物。"
                      ],
                      [
                        "3",
                        "我对伊迪尔格伦有着珍贵的记忆，尽管我只是在梦中见过这个宁静的小镇。"
                      ],
                      [
                        "4",
                        "我愿意为与我并肩作战的人而死，不论他们有什么缺点。"
                      ],
                      [
                        "5",
                        "我致力于通过在任何地方摧毁恶魔和其他作恶者来纪念天使扎瑞尔。"
                      ],
                      [
                        "6",
                        "扎瑞尔之剑选择了我。我将不会辜负公正地挥舞它。"
                      ]
                    ]
                  },
                  {
                    "type": "table",
                    "caption": "缺陷",
                    "colLabels": [
                      "d6",
                      "缺点"
                    ],
                    "colStyles": [
                      "col-2 text-center",
                      "col-10"
                    ],
                    "rows": [
                      [
                        "1",
                        "我太快地评判别人。"
                      ],
                      [
                        "2",
                        "我太容易宽恕别人。"
                      ],
                      [
                        "3",
                        "为了更大的利益，我愿意牺牲无辜的生命。"
                      ],
                      [
                        "4",
                        "缺点？什么缺点？我是完美的。绝对的完美！"
                      ],
                      [
                        "5",
                        "我不允许任何事物阻挡我在多元宇宙中根除邪恶的十字军东征。"
                      ],
                      [
                        "6",
                        "我忽视那些不支持我计划的人，因为我的使命高于一切。"
                      ]
                    ]
                  }
                ]
              }
            ]
          }
        ]
      },
      {
        "ENG_name": "Holy Light",
        "name": "圣光",
        "type": "entries",
        "entries": [
          "这把剑在5尺半径内散发出明亮的光芒，并在额外的5尺内散发出微光。恶魔发现剑的光芒令人不安且痛苦，即使他们看不见，他们在武器明亮光芒半径内的攻击骰也有劣势。",
          "作为一个附赠动作，你可以加强剑的光线，使其在15尺半径内散发明亮的光，并在额外的15尺内散发昏暗的光，或者减少其发光强度至正常亮度。"
        ]
      },
      {
        "ENG_name": "Random Properties",
        "name": "随机词条",
        "type": "entries",
        "entries": [
          "这把剑具有2个{@table 神器词条; 次要增益词条|DMG|次要增益词条}。"
        ]
      },
      {
        "ENG_name": "Searing Radiance",
        "name": "炽热光耀",
        "type": "entries",
        "entries": [
          "这把剑对其击中的任何生物造成额外的9点（{@damage 2d8}）光耀伤害，或者如果你用双手持握这把武器，则造成16点（{@damage 3d10}）光耀伤害。任何受到此光耀伤害的邪恶生物必须成功通过一次{@dc 17}体质豁免检定，否则直到其下一回合结束前将处于{@condition 目盲}状态。"
        ]
      },
      {
        "ENG_name": "Sentience",
        "name": "智能",
        "type": "entries",
        "entries": [
          "扎瑞尔之剑是一件有感知能力的守序善良物品，感知为10，感知为20，魅力为18。它具有听力和正常视觉，范围可达30尺。",
          "这把剑通过向携带或挥舞它的生物传递情感来进行沟通。"
        ]
      },
      {
        "ENG_name": "Truth Seer",
        "name": "真理先知",
        "type": "entries",
        "entries": [
          "持有这把剑时，你在所有感知（{@skill 洞悉}）检定上获得优势。"
        ]
      },
      {
        "ENG_name": "Destroying the Sword",
        "name": "摧毁此剑",
        "type": "entries",
        "entries": [
          "扎瑞尔只需握住剑即可摧毁它。当她还是天使时，她无法下定决心这么做，但作为一位大魔鬼，她毫不内疚地想要将这把武器从多元宇宙中清除。如果这把剑被用来粉碎伴星（见\"{@adventure 粉碎伴阳|BGDIA|8|粉碎伴阳}\"），它也会被摧毁，除非这把剑由挑战等级15或更高的天使，或至少10级的善良阵营牧师或圣武士持有。",
          "如果扎瑞尔被彻底杀死（也就是说，如果她在九层地狱中死去），这把剑的摧毁难度就和普通的长剑一样。"
        ]
      }
    ],
    "light": [
      {
        "bright": 5,
        "dim": 10
      },
      {
        "bright": 15,
        "dim": 30
      }
    ],
    "hasFluffImages": true,
    "ENG_name": "Sword of Zariel",
    "html": "这把长剑曾属于天使扎瑞尔，在她堕落之前。它由天界钢铁打造，散发着微弱的光芒和嗡嗡声。这把武器选择谁能与之共鸣，谁不能。它渴望一个体现勇敢和英雄主义的持剑者。\n<div class=\"parser-entries\"><div class=\"parser-entries-name\">同调</div><div class=\"parser-entries-eng-name\">Attunement</div><div class=\"parser-entries-content\">这把剑允许你立即与其共鸣，无需进行短休息。当你第一次与剑共鸣时，你将转变成自己天堂化、理想化的形象，拥有超凡的美貌和心中一丝天堂的气息。无论是魔法还是神迹都无法逆转这种转变。你的阵营变为守序善良，并且你获得了以下特性：<ul class=\"parser-list parser-list-default\"><li class=\"parser-list-item\"><span class=\"parser-list-item-name\">天使语言</span><span class=\"parser-list-item-eng-name\">Angelic Language</span><span class=\"parser-list-item-entry\">你可以说、读、写天界语。</span></li><li class=\"parser-list-item\"><span class=\"parser-list-item-name\">天界抗性</span><span class=\"parser-list-item-eng-name\">Celestial Resistance</span><span class=\"parser-list-item-entry\">你具有暗蚀和光耀伤害的抗性。</span></li><li class=\"parser-list-item\"><span class=\"parser-list-item-name\">神圣存在</span><span class=\"parser-list-item-eng-name\">Divine Presence</span><span class=\"parser-list-item-entry\">你的魅力值变为20，除非它已经是20或更高。</span></li><li class=\"parser-list-item\"><span class=\"parser-list-item-name\">羽翅</span><span class=\"parser-list-item-eng-name\">Feathered Wings</span><span class=\"parser-list-item-entry\">你长出了一对美丽的羽翼，赋予你90尺的飞行速度和悬停能力。如果你已经有不同类型的翅膀，这些新翅膀将取代旧翅膀，旧翅膀会脱落。</span></li><li class=\"parser-list-item\"><span class=\"parser-list-item-name\">真实视觉</span><span class=\"parser-list-item-eng-name\">Truesight</span><span class=\"parser-list-item-entry\">你的眼睛变成了银光闪闪的池塘。你可以在正常和魔法黑暗中视物，看到{{@condition|隐形}}的生物和物体，自动检测视觉幻象并在对抗它们的豁免检定中成功，感知变形者或被魔法变形的生物的原始形态，并看到以太位面，所有这些能力的有效范围都是60尺。</span></li><li class=\"parser-list-item\"><span class=\"parser-list-item-name\">新个性</span><span class=\"parser-list-item-eng-name\">New Personality</span><div class=\"parser-list-item-entries\">你获得了新的个性特征，通过以下表格各掷骰一次来确定。这些特征将覆盖任何冲突的个性特征、理想、纽带或缺陷。<table class=\"wiki-table\"><caption>个性特点</caption><tr><th class=\"parser-col-2 text-center\">d8</th><th class=\"parser-col-10\">特点</th></tr><tr><td class=\"parser-col-2 text-center\">1</td><td class=\"parser-col-10\">我尊重所有生命，包括敌人。</td></tr><tr><td class=\"parser-col-2 text-center\">2</td><td class=\"parser-col-10\">我不会说谎。</td></tr><tr><td class=\"parser-col-2 text-center\">3</td><td class=\"parser-col-10\">我喜欢与他人分享我的哲学世界观和经历。</td></tr><tr><td class=\"parser-col-2 text-center\">4</td><td class=\"parser-col-10\">我在每段对话中都直截了当。</td></tr><tr><td class=\"parser-col-2 text-center\">5</td><td class=\"parser-col-10\">我经常引用（或错误引用）宗教文本。</td></tr><tr><td class=\"parser-col-2 text-center\">6</td><td class=\"parser-col-10\">当我目睹残忍或不公正时，我会很快生气。</td></tr><tr><td class=\"parser-col-2 text-center\">7</td><td class=\"parser-col-10\">我的赞美和信任是赢得的，从不轻易给予。</td></tr><tr><td class=\"parser-col-2 text-center\">8</td><td class=\"parser-col-10\">我喜欢一切干净整洁有序。</td></tr></table><table class=\"wiki-table\"><caption>理想</caption><tr><th class=\"parser-col-2 text-center\">d6</th><th class=\"parser-col-10\">理想</th></tr><tr><td class=\"parser-col-2 text-center\">1</td><td class=\"parser-col-10\">慈善。我总是帮助那些需要帮助的人。（善良）</td></tr><tr><td class=\"parser-col-2 text-center\">2</td><td class=\"parser-col-10\">信仰。我选择严格遵循一个特定守序善良神祇的信条。（守序）</td></tr><tr><td class=\"parser-col-2 text-center\">3</td><td class=\"parser-col-10\">责任。强者有责任保护弱者。（守序）</td></tr><tr><td class=\"parser-col-2 text-center\">4</td><td class=\"parser-col-10\">尊重。所有人都应受到有尊严的对待。（善良）</td></tr><tr><td class=\"parser-col-2 text-center\">5</td><td class=\"parser-col-10\">荣誉。我的行为方式决定了我在来世的奖赏。（守序）</td></tr><tr><td class=\"parser-col-2 text-center\">6</td><td class=\"parser-col-10\">救赎。所有生物都有变得更好的可能性。（善良）</td></tr></table><table class=\"wiki-table\"><caption>牵挂</caption><tr><th class=\"parser-col-2 text-center\">d6</th><th class=\"parser-col-10\">牵挂</th></tr><tr><td class=\"parser-col-2 text-center\">1</td><td class=\"parser-col-10\">我有一首最喜欢的宗教赞美诗，我总是不停地哼唱。</td></tr><tr><td class=\"parser-col-2 text-center\">2</td><td class=\"parser-col-10\">我必须记录下我的信仰和我目睹的罪行。完成后，这本书将成为我赠予多元宇宙的礼物。</td></tr><tr><td class=\"parser-col-2 text-center\">3</td><td class=\"parser-col-10\">我对伊迪尔格伦有着珍贵的记忆，尽管我只是在梦中见过这个宁静的小镇。</td></tr><tr><td class=\"parser-col-2 text-center\">4</td><td class=\"parser-col-10\">我愿意为与我并肩作战的人而死，不论他们有什么缺点。</td></tr><tr><td class=\"parser-col-2 text-center\">5</td><td class=\"parser-col-10\">我致力于通过在任何地方摧毁恶魔和其他作恶者来纪念天使扎瑞尔。</td></tr><tr><td class=\"parser-col-2 text-center\">6</td><td class=\"parser-col-10\">扎瑞尔之剑选择了我。我将不会辜负公正地挥舞它。</td></tr></table><table class=\"wiki-table\"><caption>缺陷</caption><tr><th class=\"parser-col-2 text-center\">d6</th><th class=\"parser-col-10\">缺点</th></tr><tr><td class=\"parser-col-2 text-center\">1</td><td class=\"parser-col-10\">我太快地评判别人。</td></tr><tr><td class=\"parser-col-2 text-center\">2</td><td class=\"parser-col-10\">我太容易宽恕别人。</td></tr><tr><td class=\"parser-col-2 text-center\">3</td><td class=\"parser-col-10\">为了更大的利益，我愿意牺牲无辜的生命。</td></tr><tr><td class=\"parser-col-2 text-center\">4</td><td class=\"parser-col-10\">缺点？什么缺点？我是完美的。绝对的完美！</td></tr><tr><td class=\"parser-col-2 text-center\">5</td><td class=\"parser-col-10\">我不允许任何事物阻挡我在多元宇宙中根除邪恶的十字军东征。</td></tr><tr><td class=\"parser-col-2 text-center\">6</td><td class=\"parser-col-10\">我忽视那些不支持我计划的人，因为我的使命高于一切。</td></tr></table></div></li></ul></div></div>\n<div class=\"parser-entries\"><div class=\"parser-entries-name\">圣光</div><div class=\"parser-entries-eng-name\">Holy Light</div><div class=\"parser-entries-content\">这把剑在5尺半径内散发出明亮的光芒，并在额外的5尺内散发出微光。恶魔发现剑的光芒令人不安且痛苦，即使他们看不见，他们在武器明亮光芒半径内的攻击骰也有劣势。作为一个附赠动作，你可以加强剑的光线，使其在15尺半径内散发明亮的光，并在额外的15尺内散发昏暗的光，或者减少其发光强度至正常亮度。</div></div>\n<div class=\"parser-entries\"><div class=\"parser-entries-name\">随机词条</div><div class=\"parser-entries-eng-name\">Random Properties</div><div class=\"parser-entries-content\">这把剑具有2个{{@table|神器词条; 次要增益词条|DMG|次要增益词条}}。</div></div>\n<div class=\"parser-entries\"><div class=\"parser-entries-name\">炽热光耀</div><div class=\"parser-entries-eng-name\">Searing Radiance</div><div class=\"parser-entries-content\">这把剑对其击中的任何生物造成额外的9点（{{@damage|2d8}}）光耀伤害，或者如果你用双手持握这把武器，则造成16点（{{@damage|3d10}}）光耀伤害。任何受到此光耀伤害的邪恶生物必须成功通过一次{{@dc|17}}体质豁免检定，否则直到其下一回合结束前将处于{{@condition|目盲}}状态。</div></div>\n<div class=\"parser-entries\"><div class=\"parser-entries-name\">智能</div><div class=\"parser-entries-eng-name\">Sentience</div><div class=\"parser-entries-content\">扎瑞尔之剑是一件有感知能力的守序善良物品，感知为10，感知为20，魅力为18。它具有听力和正常视觉，范围可达30尺。这把剑通过向携带或挥舞它的生物传递情感来进行沟通。</div></div>\n<div class=\"parser-entries\"><div class=\"parser-entries-name\">真理先知</div><div class=\"parser-entries-eng-name\">Truth Seer</div><div class=\"parser-entries-content\">持有这把剑时，你在所有感知（{{@skill|洞悉}}）检定上获得优势。</div></div>\n<div class=\"parser-entries\"><div class=\"parser-entries-name\">摧毁此剑</div><div class=\"parser-entries-eng-name\">Destroying the Sword</div><div class=\"parser-entries-content\">扎瑞尔只需握住剑即可摧毁它。当她还是天使时，她无法下定决心这么做，但作为一位大魔鬼，她毫不内疚地想要将这把武器从多元宇宙中清除。如果这把剑被用来粉碎伴星（见\"{{@adventure|粉碎伴阳|BGDIA|8|粉碎伴阳}}\"），它也会被摧毁，除非这把剑由挑战等级15或更高的天使，或至少10级的善良阵营牧师或圣武士持有。如果扎瑞尔被彻底杀死（也就是说，如果她在九层地狱中死去），这把剑的摧毁难度就和普通的长剑一样。</div></div>"
  },
  "en": {
    "name": "Sword of Zariel",
    "source": "BGDIA",
    "page": 226,
    "baseItem": "longsword|phb",
    "type": "M",
    "resist": [
      "necrotic",
      "radiant"
    ],
    "rarity": "artifact",
    "reqAttune": "by a creature the sword deems worthy",
    "sentient": true,
    "weight": 3,
    "weaponCategory": "martial",
    "property": [
      "V"
    ],
    "dmg1": "1d8",
    "dmgType": "S",
    "dmg2": "1d10",
    "ability": {
      "static": {
        "cha": 20
      }
    },
    "entries": [
      "This longsword belonged to the angel Zariel before her fall from grace. Fashioned from celestial steel, it gives off a faint glow and hum. The weapon chooses who can attune to it and who can't. It desires a wielder who embodies bravery and heroism.",
      {
        "type": "entries",
        "name": "Attunement",
        "entries": [
          "The sword allows you to attune to it immediately, without having to take a short rest. The first time you attune to the sword, you are transformed into a heavenly, idealized version of yourself, blessed with otherworldly beauty and a touch of heaven in your heart. Neither magic nor divine intervention can reverse this transformation. Your alignment becomes lawful good, and you gain the following traits:",
          {
            "type": "list",
            "items": [
              {
                "type": "item",
                "name": "Angelic Language",
                "entry": "You can speak, read, and write Celestial."
              },
              {
                "type": "item",
                "name": "Celestial Resistance",
                "entry": "You have resistance to necrotic and radiant damage."
              },
              {
                "type": "item",
                "name": "Divine Presence",
                "entry": "Your Charisma score becomes 20, unless it is already 20 or higher."
              },
              {
                "type": "item",
                "name": "Feathered Wings",
                "entry": "You sprout a beautiful pair of feathered wings that grant you a flying speed of 90 feet and the ability to hover. If you already have a different kind of wings, these new wings replace the old ones, which fall off."
              },
              {
                "type": "item",
                "name": "Truesight",
                "entry": "Your eyes become luminous pools of silver. You can see in normal and magical darkness, see {@condition invisible} creatures and objects, automatically detect visual illusions and succeed on saving throws against them, perceive the original form of a shapechanger or a creature that is transformed by magic, and see into the Ethereal Plane, all within a range of 60 feet."
              },
              {
                "type": "item",
                "name": "New Personality",
                "entries": [
                  "You gain new personality traits, determined by rolling once on each of the following tables. These traits override any conflicting personality trait, ideal, bond, or flaw.",
                  {
                    "type": "table",
                    "caption": "Personality Traits",
                    "colLabels": [
                      "d8",
                      "Personality Trait"
                    ],
                    "colStyles": [
                      "col-2 text-center",
                      "col-10"
                    ],
                    "rows": [
                      [
                        "1",
                        "I treat all beings, even enemies, with respect."
                      ],
                      [
                        "2",
                        "I won't tell a lie."
                      ],
                      [
                        "3",
                        "I enjoy sharing my philosophical worldview and experiences with others."
                      ],
                      [
                        "4",
                        "I cut right to the chase in every conversation."
                      ],
                      [
                        "5",
                        "I often quote (or misquote) religious texts."
                      ],
                      [
                        "6",
                        "I anger quickly when I witness cruelty or injustice."
                      ],
                      [
                        "7",
                        "My praise and trust are earned and never given freely."
                      ],
                      [
                        "8",
                        "I like everything clean and organized."
                      ]
                    ]
                  },
                  {
                    "type": "table",
                    "caption": "Ideals",
                    "colLabels": [
                      "d6",
                      "Ideal"
                    ],
                    "colStyles": [
                      "col-2 text-center",
                      "col-10"
                    ],
                    "rows": [
                      [
                        "1",
                        "Charity. I always help those in need. (Good)"
                      ],
                      [
                        "2",
                        "Faith. I choose to follow the tenets of a particular lawful good deity to the letter. (Lawful)"
                      ],
                      [
                        "3",
                        "Responsibility. It is the duty of the strong to protect the weak. (Lawful)"
                      ],
                      [
                        "4",
                        "Respect. All people deserve to be treated with dignity. (Good)"
                      ],
                      [
                        "5",
                        "Honor. The way I conduct myself determines my reward in the afterlife. (Lawful)"
                      ],
                      [
                        "6",
                        "Redemption. All creatures are capable of change for the better. (Good)"
                      ]
                    ]
                  },
                  {
                    "type": "table",
                    "caption": "Bonds",
                    "colLabels": [
                      "d6",
                      "Bond"
                    ],
                    "colStyles": [
                      "col-2 text-center",
                      "col-10"
                    ],
                    "rows": [
                      [
                        "1",
                        "I have a favorite religious hymn that I constantly hum."
                      ],
                      [
                        "2",
                        "I must keep a written record of my beliefs and the sins that I witness. When finished, this book will be my gift to the multiverse."
                      ],
                      [
                        "3",
                        "I have cherished memories of Idyllglen, though I've only seen this bucolic town in dreams."
                      ],
                      [
                        "4",
                        "I would die for those who fight beside me, regardless of their faults."
                      ],
                      [
                        "5",
                        "I seek to honor the angel Zariel by destroying fiends and other evildoers wherever I find them."
                      ],
                      [
                        "6",
                        "The Sword of Zariel has chosen me. I shall not fail to wield it justly."
                      ]
                    ]
                  },
                  {
                    "type": "table",
                    "caption": "Flaws",
                    "colLabels": [
                      "d6",
                      "Flaw"
                    ],
                    "colStyles": [
                      "col-2 text-center",
                      "col-10"
                    ],
                    "rows": [
                      [
                        "1",
                        "I am too quick to judge others."
                      ],
                      [
                        "2",
                        "I offer forgiveness too readily."
                      ],
                      [
                        "3",
                        "I will sacrifice innocent lives for the greater good."
                      ],
                      [
                        "4",
                        "Flaw? What flaw? I am flawless. Utter perfection!"
                      ],
                      [
                        "5",
                        "I allow nothing to stand in the way of my crusade to eradicate evil from the multiverse."
                      ],
                      [
                        "6",
                        "I ignore those who do not support my plans, for my calling is higher than all others."
                      ]
                    ]
                  }
                ]
              }
            ]
          }
        ]
      },
      {
        "type": "entries",
        "name": "Holy Light",
        "entries": [
          "The sword sheds bright light in a 5-foot radius and dim light for an additional 5 feet. Fiends find the sword's light disconcerting and painful, even if they can't see it, and have disadvantage on attack rolls made within the weapon's radius of bright light.",
          "As a bonus action, you can intensify the sword's light, causing it to shed bright light in a 15-foot radius and dim light for an additional 15 feet, or reduce its glow to its normal intensity."
        ]
      },
      {
        "type": "entries",
        "name": "Random Properties",
        "entries": [
          "The sword has 2 {@table Artifact Properties; Minor Beneficial Properties|dmg|minor beneficial properties}."
        ]
      },
      {
        "type": "entries",
        "name": "Searing Radiance",
        "entries": [
          "The sword deals an extra 9 ({@damage 2d8}) radiant damage to any creature it hits, or 16 ({@damage 3d10}) radiant damage if you're wielding the weapon with two hands. An evil creature that takes this radiant damage must succeed on a {@dc 17} Constitution saving throw or be {@condition blinded} until the end of its next turn."
        ]
      },
      {
        "type": "entries",
        "name": "Sentience",
        "entries": [
          "The Sword of Zariel is a sentient, lawful good item with an Intelligence of 10, a Wisdom of 20, and a Charisma of 18. It has hearing and normal vision out to a range of 30 feet.",
          "The sword communicates by transmitting emotion to the creature carrying or wielding it."
        ]
      },
      {
        "type": "entries",
        "name": "Truth Seer",
        "entries": [
          "While holding the sword, you gain advantage on all Wisdom ({@skill Insight}) checks."
        ]
      },
      {
        "type": "entries",
        "name": "Destroying the Sword",
        "entries": [
          "Zariel can destroy the sword simply by grasping it. She couldn't bring herself to do so when she was an angel, but as an archdevil she has no compunction about ridding the multiverse of the weapon. The sword is also destroyed if it's used to shatter the Companion (see \"{@adventure Shattering the Companion|BGDIA|8|shattering the companion}\"), unless the blade is wielded by an angel of challenge rating 15 or higher, or a good-aligned cleric or paladin of at least 10th level.",
          "If Zariel is killed for good (that is, if she dies in the Nine Hells), the sword becomes no harder to destroy than a normal longsword."
        ]
      }
    ],
    "light": [
      {
        "bright": 5,
        "dim": 10
      },
      {
        "bright": 15,
        "dim": 30
      }
    ],
    "hasFluffImages": true,
    "html": "This longsword belonged to the angel Zariel before her fall from grace. Fashioned from celestial steel, it gives off a faint glow and hum. The weapon chooses who can attune to it and who can't. It desires a wielder who embodies bravery and heroism.\n<div class=\"parser-entries\"><div class=\"parser-entries-name\">Attunement</div><div class=\"parser-entries-content\">The sword allows you to attune to it immediately, without having to take a short rest. The first time you attune to the sword, you are transformed into a heavenly, idealized version of yourself, blessed with otherworldly beauty and a touch of heaven in your heart. Neither magic nor divine intervention can reverse this transformation. Your alignment becomes lawful good, and you gain the following traits:<ul class=\"parser-list parser-list-default\"><li class=\"parser-list-item\"><span class=\"parser-list-item-name\">Angelic Language</span><span class=\"parser-list-item-entry\">You can speak, read, and write Celestial.</span></li><li class=\"parser-list-item\"><span class=\"parser-list-item-name\">Celestial Resistance</span><span class=\"parser-list-item-entry\">You have resistance to necrotic and radiant damage.</span></li><li class=\"parser-list-item\"><span class=\"parser-list-item-name\">Divine Presence</span><span class=\"parser-list-item-entry\">Your Charisma score becomes 20, unless it is already 20 or higher.</span></li><li class=\"parser-list-item\"><span class=\"parser-list-item-name\">Feathered Wings</span><span class=\"parser-list-item-entry\">You sprout a beautiful pair of feathered wings that grant you a flying speed of 90 feet and the ability to hover. If you already have a different kind of wings, these new wings replace the old ones, which fall off.</span></li><li class=\"parser-list-item\"><span class=\"parser-list-item-name\">Truesight</span><span class=\"parser-list-item-entry\">Your eyes become luminous pools of silver. You can see in normal and magical darkness, see {{@condition|invisible}} creatures and objects, automatically detect visual illusions and succeed on saving throws against them, perceive the original form of a shapechanger or a creature that is transformed by magic, and see into the Ethereal Plane, all within a range of 60 feet.</span></li><li class=\"parser-list-item\"><span class=\"parser-list-item-name\">New Personality</span><div class=\"parser-list-item-entries\">You gain new personality traits, determined by rolling once on each of the following tables. These traits override any conflicting personality trait, ideal, bond, or flaw.<table class=\"wiki-table\"><caption>Personality Traits</caption><tr><th class=\"parser-col-2 text-center\">d8</th><th class=\"parser-col-10\">Personality Trait</th></tr><tr><td class=\"parser-col-2 text-center\">1</td><td class=\"parser-col-10\">I treat all beings, even enemies, with respect.</td></tr><tr><td class=\"parser-col-2 text-center\">2</td><td class=\"parser-col-10\">I won't tell a lie.</td></tr><tr><td class=\"parser-col-2 text-center\">3</td><td class=\"parser-col-10\">I enjoy sharing my philosophical worldview and experiences with others.</td></tr><tr><td class=\"parser-col-2 text-center\">4</td><td class=\"parser-col-10\">I cut right to the chase in every conversation.</td></tr><tr><td class=\"parser-col-2 text-center\">5</td><td class=\"parser-col-10\">I often quote (or misquote) religious texts.</td></tr><tr><td class=\"parser-col-2 text-center\">6</td><td class=\"parser-col-10\">I anger quickly when I witness cruelty or injustice.</td></tr><tr><td class=\"parser-col-2 text-center\">7</td><td class=\"parser-col-10\">My praise and trust are earned and never given freely.</td></tr><tr><td class=\"parser-col-2 text-center\">8</td><td class=\"parser-col-10\">I like everything clean and organized.</td></tr></table><table class=\"wiki-table\"><caption>Ideals</caption><tr><th class=\"parser-col-2 text-center\">d6</th><th class=\"parser-col-10\">Ideal</th></tr><tr><td class=\"parser-col-2 text-center\">1</td><td class=\"parser-col-10\">Charity. I always help those in need. (Good)</td></tr><tr><td class=\"parser-col-2 text-center\">2</td><td class=\"parser-col-10\">Faith. I choose to follow the tenets of a particular lawful good deity to the letter. (Lawful)</td></tr><tr><td class=\"parser-col-2 text-center\">3</td><td class=\"parser-col-10\">Responsibility. It is the duty of the strong to protect the weak. (Lawful)</td></tr><tr><td class=\"parser-col-2 text-center\">4</td><td class=\"parser-col-10\">Respect. All people deserve to be treated with dignity. (Good)</td></tr><tr><td class=\"parser-col-2 text-center\">5</td><td class=\"parser-col-10\">Honor. The way I conduct myself determines my reward in the afterlife. (Lawful)</td></tr><tr><td class=\"parser-col-2 text-center\">6</td><td class=\"parser-col-10\">Redemption. All creatures are capable of change for the better. (Good)</td></tr></table><table class=\"wiki-table\"><caption>Bonds</caption><tr><th class=\"parser-col-2 text-center\">d6</th><th class=\"parser-col-10\">Bond</th></tr><tr><td class=\"parser-col-2 text-center\">1</td><td class=\"parser-col-10\">I have a favorite religious hymn that I constantly hum.</td></tr><tr><td class=\"parser-col-2 text-center\">2</td><td class=\"parser-col-10\">I must keep a written record of my beliefs and the sins that I witness. When finished, this book will be my gift to the multiverse.</td></tr><tr><td class=\"parser-col-2 text-center\">3</td><td class=\"parser-col-10\">I have cherished memories of Idyllglen, though I've only seen this bucolic town in dreams.</td></tr><tr><td class=\"parser-col-2 text-center\">4</td><td class=\"parser-col-10\">I would die for those who fight beside me, regardless of their faults.</td></tr><tr><td class=\"parser-col-2 text-center\">5</td><td class=\"parser-col-10\">I seek to honor the angel Zariel by destroying fiends and other evildoers wherever I find them.</td></tr><tr><td class=\"parser-col-2 text-center\">6</td><td class=\"parser-col-10\">The Sword of Zariel has chosen me. I shall not fail to wield it justly.</td></tr></table><table class=\"wiki-table\"><caption>Flaws</caption><tr><th class=\"parser-col-2 text-center\">d6</th><th class=\"parser-col-10\">Flaw</th></tr><tr><td class=\"parser-col-2 text-center\">1</td><td class=\"parser-col-10\">I am too quick to judge others.</td></tr><tr><td class=\"parser-col-2 text-center\">2</td><td class=\"parser-col-10\">I offer forgiveness too readily.</td></tr><tr><td class=\"parser-col-2 text-center\">3</td><td class=\"parser-col-10\">I will sacrifice innocent lives for the greater good.</td></tr><tr><td class=\"parser-col-2 text-center\">4</td><td class=\"parser-col-10\">Flaw? What flaw? I am flawless. Utter perfection!</td></tr><tr><td class=\"parser-col-2 text-center\">5</td><td class=\"parser-col-10\">I allow nothing to stand in the way of my crusade to eradicate evil from the multiverse.</td></tr><tr><td class=\"parser-col-2 text-center\">6</td><td class=\"parser-col-10\">I ignore those who do not support my plans, for my calling is higher than all others.</td></tr></table></div></li></ul></div></div>\n<div class=\"parser-entries\"><div class=\"parser-entries-name\">Holy Light</div><div class=\"parser-entries-content\">The sword sheds bright light in a 5-foot radius and dim light for an additional 5 feet. Fiends find the sword's light disconcerting and painful, even if they can't see it, and have disadvantage on attack rolls made within the weapon's radius of bright light.As a bonus action, you can intensify the sword's light, causing it to shed bright light in a 15-foot radius and dim light for an additional 15 feet, or reduce its glow to its normal intensity.</div></div>\n<div class=\"parser-entries\"><div class=\"parser-entries-name\">Random Properties</div><div class=\"parser-entries-content\">The sword has 2 {{@table|Artifact Properties; Minor Beneficial Properties|dmg|minor beneficial properties}}.</div></div>\n<div class=\"parser-entries\"><div class=\"parser-entries-name\">Searing Radiance</div><div class=\"parser-entries-content\">The sword deals an extra 9 ({{@damage|2d8}}) radiant damage to any creature it hits, or 16 ({{@damage|3d10}}) radiant damage if you're wielding the weapon with two hands. An evil creature that takes this radiant damage must succeed on a {{@dc|17}} Constitution saving throw or be {{@condition|blinded}} until the end of its next turn.</div></div>\n<div class=\"parser-entries\"><div class=\"parser-entries-name\">Sentience</div><div class=\"parser-entries-content\">The Sword of Zariel is a sentient, lawful good item with an Intelligence of 10, a Wisdom of 20, and a Charisma of 18. It has hearing and normal vision out to a range of 30 feet.The sword communicates by transmitting emotion to the creature carrying or wielding it.</div></div>\n<div class=\"parser-entries\"><div class=\"parser-entries-name\">Truth Seer</div><div class=\"parser-entries-content\">While holding the sword, you gain advantage on all Wisdom ({{@skill|Insight}}) checks.</div></div>\n<div class=\"parser-entries\"><div class=\"parser-entries-name\">Destroying the Sword</div><div class=\"parser-entries-content\">Zariel can destroy the sword simply by grasping it. She couldn't bring herself to do so when she was an angel, but as an archdevil she has no compunction about ridding the multiverse of the weapon. The sword is also destroyed if it's used to shatter the Companion (see \"{{@adventure|Shattering the Companion|BGDIA|8|shattering the companion}}\"), unless the blade is wielded by an angel of challenge rating 15 or higher, or a good-aligned cleric or paladin of at least 10th level.If Zariel is killed for good (that is, if she dies in the Nine Hells), the sword becomes no harder to destroy than a normal longsword.</div></div>"
  },
  "weapon": {
    "category": "martial",
    "weaponCategory": "martial",
    "dmg1": "1d8",
    "dmg2": "1d10",
    "dmgType": "S",
    "dmgs": [
      "1d8",
      "1d10"
    ],
    "property": [
      "V"
    ]
  },
  "bonus": {}
}