{
  "dataType": "item",
  "uid": "item_Gold jewelry box with platinum filigree|DMG ",
  "id": "Gold jewelry box with platinum filigree|DMG",
  "value": 750000,
  "rarity": "none",
  "isBaseItem": false,
  "baseItem": "",
  "displayName": {
    "zh": "饰有铂金丝的黄金首饰盒",
    "en": "Gold jewelry box with platinum filigree"
  },
  "mainSource": {
    "source": "DMG",
    "page": 135
  },
  "allSources": [
    {
      "source": "DMG",
      "page": 135
    },
    {
      "source": "XDMG",
      "page": 0
    },
    {
      "source": "XDMG",
      "page": 215
    }
  ],
  "relatedVersions": [
    "Gold jewelry box with platinum filigree|XDMG"
  ],
  "zh": {
    "name": "饰有铂金丝的黄金首饰盒",
    "source": "DMG",
    "page": 135,
    "reprintedAs": [
      "饰有铂金丝的黄金首饰盒|XDMG"
    ],
    "type": "$A|DMG",
    "rarity": "none",
    "value": 750000,
    "ENG_name": "Gold jewelry box with platinum filigree",
    "entries": [],
    "html": ""
  },
  "en": {
    "name": "Gold jewelry box with platinum filigree",
    "source": "DMG",
    "page": 135,
    "reprintedAs": [
      "Gold jewelry box with platinum filigree|XDMG"
    ],
    "type": "$A|DMG",
    "rarity": "none",
    "value": 750000,
    "entries": [],
    "html": ""
  },
  "bonus": {}
}