{
  "dataType": "item",
  "uid": "item_Iggwilv's Horn|DitLCoT ",
  "id": "Iggwilv's Horn|DitLCoT",
  "rarity": "rare",
  "isBaseItem": false,
  "full": {
    "en": {
      "images": [
        {
          "type": "image",
          "href": {
            "type": "internal",
            "path": "items/DitLCoT/Iggwilvs Horn.webp"
          }
        }
      ]
    },
    "zh": {
      "images": [
        {
          "type": "image",
          "href": {
            "type": "internal",
            "path": "items/DitLCoT/Iggwilvs Horn.webp"
          }
        }
      ]
    }
  },
  "baseItem": "",
  "displayName": {
    "zh": "伊格薇尔伏号角",
    "en": "Iggwilv's Horn"
  },
  "mainSource": {
    "source": "DitLCoT",
    "page": 14
  },
  "allSources": [
    {
      "source": "DitLCoT",
      "page": 14
    }
  ],
  "zh": {
    "name": "伊格薇尔伏号角",
    "source": "DitLCoT",
    "page": 14,
    "rarity": "rare",
    "reqAttune": true,
    "wondrous": true,
    "entries": [
      "你可以用一个动作吹奏这个号角，用其施放下列法术之一：{@spell 哈达之臂}，{@spell 云雾术}，{@spell 造风术}，或{@spell 蛛网术}。如果法术需要豁免，则其豁免DC为13。",
      "一旦号角被用来施展了某一法术，直到次日黎明前它都无法再被用来施展该法术。"
    ],
    "attachedSpells": {
      "daily": {
        "1": [
          "哈达之臂",
          "云雾术",
          "造风术",
          "蛛网术"
        ]
      }
    },
    "hasFluffImages": true,
    "ENG_name": "Iggwilv's Horn",
    "html": "你可以用一个动作吹奏这个号角，用其施放下列法术之一：{{@spell|哈达之臂}}，{{@spell|云雾术}}，{{@spell|造风术}}，或{{@spell|蛛网术}}。如果法术需要豁免，则其豁免DC为13。\n一旦号角被用来施展了某一法术，直到次日黎明前它都无法再被用来施展该法术。"
  },
  "en": {
    "name": "Iggwilv's Horn",
    "source": "DitLCoT",
    "page": 14,
    "rarity": "rare",
    "reqAttune": true,
    "wondrous": true,
    "entries": [
      "You can use an action to blow this horn to cast one of the following spells from it: {@spell Arms of Hadar}, {@spell Fog Cloud}, {@spell Gust of Wind}, or {@spell Web}. If the spell requires a saving throw, the spell save DC is 13.",
      "Once the horn has been used to cast a spell, it can't be used to cast that spell again until the next dawn."
    ],
    "attachedSpells": {
      "daily": {
        "1": [
          "arms of Hadar",
          "fog cloud",
          "gust of wind",
          "web"
        ]
      }
    },
    "hasFluffImages": true,
    "html": "You can use an action to blow this horn to cast one of the following spells from it: {{@spell|Arms of Hadar}}, {{@spell|Fog Cloud}}, {{@spell|Gust of Wind}}, or {{@spell|Web}}. If the spell requires a saving throw, the spell save DC is 13.\nOnce the horn has been used to cast a spell, it can't be used to cast that spell again until the next dawn."
  },
  "bonus": {}
}