{
  "dataType": "item",
  "uid": "item_Ring of Red Fury|CRCotN ",
  "id": "Ring of Red Fury|CRCotN",
  "rarity": "very rare",
  "isBaseItem": false,
  "full": {
    "en": {
      "images": [
        {
          "type": "image",
          "href": {
            "type": "internal",
            "path": "items/CRCotN/Ring of Red Fury.webp"
          },
          "credit": "CoupleOfKooks"
        }
      ]
    },
    "zh": {
      "images": [
        {
          "type": "image",
          "href": {
            "type": "internal",
            "path": "items/CRCotN/Ring of Red Fury.webp"
          },
          "credit": "CoupleOfKooks"
        }
      ]
    }
  },
  "baseItem": "",
  "displayName": {
    "zh": "赤红狂怒戒指",
    "en": "Ring of Red Fury"
  },
  "mainSource": {
    "source": "CRCotN",
    "page": 214
  },
  "allSources": [
    {
      "source": "CRCotN",
      "page": 214
    }
  ],
  "zh": {
    "name": "赤红狂怒戒指",
    "source": "CRCotN",
    "page": 214,
    "type": "RG|DMG",
    "rarity": "very rare",
    "reqAttune": true,
    "modifySpeed": {
      "equal": {
        "swim": "走"
      }
    },
    "entries": [
      "这枚戒指中有一条钌合金条纹。佩戴戒指时，你获得以下好处：",
      {
        "type": "list",
        "items": [
          "你可以在水中呼吸。",
          "你的游泳速度等同于你的步行速度。"
        ]
      },
      {
        "ENG_name": "Ruidium Rage",
        "name": "月蚀狂怒",
        "type": "entries",
        "entries": [
          "作为一个附赠动作，你可以使用戒指获得以下好处，持续时间为1分钟，或者直到你处于{@condition 失能}状态：",
          {
            "type": "list",
            "items": [
              "你进行力量检定和力量豁免时具有优势。",
              "当你命中攻击时，你可以将熟练加值加到伤害骰上。",
              "困难地形不会额外消耗你的移动力，并且你对{@condition 麻痹}（麻痹）和{@condition 束缚}（受限）状态免疫。"
            ]
          },
          "直到你完成一次长休后，你才能再次使用这枚戒指的这个属性。"
        ]
      },
      {
        "ENG_name": "Ruidium Corruption",
        "name": "月蚀腐化",
        "type": "entries",
        "entries": [
          "当你使用戒指的瑞狄姆狂怒属性时，你必须进行一次{@dc 20}魅力豁免检定。若检定失败，你将获得1层{@condition 力竭}。如果你尚未受到瑞狄姆腐化的影响，当此次检定失败时，你会被腐化。"
        ]
      },
      {
        "ENG_name": "If Ruidium Is Destroyed",
        "name": "如果月蚀矿被摧毁",
        "type": "entries",
        "entries": [
          "如果阿波西昂被杀死或得到救赎，Exandria中的所有钌合金会立即被摧毁，红怒之戒会变成一个{@item 自由行动戒指}。"
        ]
      }
    ],
    "hasFluffImages": true,
    "ENG_name": "Ring of Red Fury",
    "html": "这枚戒指中有一条钌合金条纹。佩戴戒指时，你获得以下好处：\n<ul class=\"parser-list parser-list-default\"><li>你可以在水中呼吸。</li><li>你的游泳速度等同于你的步行速度。</li></ul>\n<div class=\"parser-entries\"><div class=\"parser-entries-name\">月蚀狂怒</div><div class=\"parser-entries-eng-name\">Ruidium Rage</div><div class=\"parser-entries-content\">作为一个附赠动作，你可以使用戒指获得以下好处，持续时间为1分钟，或者直到你处于{{@condition|失能}}状态：<ul class=\"parser-list parser-list-default\"><li>你进行力量检定和力量豁免时具有优势。</li><li>当你命中攻击时，你可以将熟练加值加到伤害骰上。</li><li>困难地形不会额外消耗你的移动力，并且你对{{@condition|麻痹}}（麻痹）和{{@condition|束缚}}（受限）状态免疫。</li></ul>直到你完成一次长休后，你才能再次使用这枚戒指的这个属性。</div></div>\n<div class=\"parser-entries\"><div class=\"parser-entries-name\">月蚀腐化</div><div class=\"parser-entries-eng-name\">Ruidium Corruption</div><div class=\"parser-entries-content\">当你使用戒指的瑞狄姆狂怒属性时，你必须进行一次{{@dc|20}}魅力豁免检定。若检定失败，你将获得1层{{@condition|力竭}}。如果你尚未受到瑞狄姆腐化的影响，当此次检定失败时，你会被腐化。</div></div>\n<div class=\"parser-entries\"><div class=\"parser-entries-name\">如果月蚀矿被摧毁</div><div class=\"parser-entries-eng-name\">If Ruidium Is Destroyed</div><div class=\"parser-entries-content\">如果阿波西昂被杀死或得到救赎，Exandria中的所有钌合金会立即被摧毁，红怒之戒会变成一个{{@item|自由行动戒指}}。</div></div>"
  },
  "en": {
    "name": "Ring of Red Fury",
    "source": "CRCotN",
    "page": 214,
    "type": "RG|DMG",
    "rarity": "very rare",
    "reqAttune": true,
    "modifySpeed": {
      "equal": {
        "swim": "walk"
      }
    },
    "entries": [
      "This ring has a stripe of ruidium running through it. While wearing the ring, you gain the following benefits:",
      {
        "type": "list",
        "items": [
          "You can breathe water.",
          "You gain a swimming speed equal to your walking speed."
        ]
      },
      {
        "type": "entries",
        "name": "Ruidium Rage",
        "entries": [
          "As a bonus action, you can use the ring to gain the following benefits, which last for 1 minute or until you are {@condition incapacitated}:",
          {
            "type": "list",
            "items": [
              "You have advantage on Strength checks and Strength saving throws.",
              "When you hit with an attack, you can add your proficiency bonus to the damage roll.",
              "Difficult terrain doesn't cost you extra movement, and you are immune to the {@condition paralyzed} and {@condition restrained} conditions."
            ]
          },
          "You can't use this property of the ring again until you finish a long rest."
        ]
      },
      {
        "type": "entries",
        "name": "Ruidium Corruption",
        "entries": [
          "When you use the Ruidium Rage property of the ring, you must make a {@dc 20} Charisma saving throw. On a failed save, you gain 1 level of {@condition exhaustion}. If you are not already suffering from ruidium corruption, you become corrupted when you fail this save."
        ]
      },
      {
        "type": "entries",
        "name": "If Ruidium Is Destroyed",
        "entries": [
          "If the Apotheon is killed or redeemed, all the ruidium in Exandria is destroyed instantly, and the ring of red fury becomes a {@item ring of free action}."
        ]
      }
    ],
    "hasFluffImages": true,
    "html": "This ring has a stripe of ruidium running through it. While wearing the ring, you gain the following benefits:\n<ul class=\"parser-list parser-list-default\"><li>You can breathe water.</li><li>You gain a swimming speed equal to your walking speed.</li></ul>\n<div class=\"parser-entries\"><div class=\"parser-entries-name\">Ruidium Rage</div><div class=\"parser-entries-content\">As a bonus action, you can use the ring to gain the following benefits, which last for 1 minute or until you are {{@condition|incapacitated}}:<ul class=\"parser-list parser-list-default\"><li>You have advantage on Strength checks and Strength saving throws.</li><li>When you hit with an attack, you can add your proficiency bonus to the damage roll.</li><li>Difficult terrain doesn't cost you extra movement, and you are immune to the {{@condition|paralyzed}} and {{@condition|restrained}} conditions.</li></ul>You can't use this property of the ring again until you finish a long rest.</div></div>\n<div class=\"parser-entries\"><div class=\"parser-entries-name\">Ruidium Corruption</div><div class=\"parser-entries-content\">When you use the Ruidium Rage property of the ring, you must make a {{@dc|20}} Charisma saving throw. On a failed save, you gain 1 level of {{@condition|exhaustion}}. If you are not already suffering from ruidium corruption, you become corrupted when you fail this save.</div></div>\n<div class=\"parser-entries\"><div class=\"parser-entries-name\">If Ruidium Is Destroyed</div><div class=\"parser-entries-content\">If the Apotheon is killed or redeemed, all the ruidium in Exandria is destroyed instantly, and the ring of red fury becomes a {{@item|ring of free action}}.</div></div>"
  },
  "bonus": {}
}