{
  "dataType": "item",
  "uid": "item_Breastplate of Balance|BMT ",
  "id": "Breastplate of Balance|BMT",
  "weight": 20,
  "rarity": "rare",
  "isBaseItem": false,
  "baseItem": "breastplate|PHB",
  "displayName": {
    "zh": "平衡胸甲",
    "en": "Breastplate of Balance"
  },
  "mainSource": {
    "source": "BMT",
    "page": 34
  },
  "allSources": [
    {
      "source": "BMT",
      "page": 34
    }
  ],
  "zh": {
    "name": "平衡胸甲",
    "source": "BMT",
    "page": 34,
    "baseItem": "胸甲|PHB",
    "type": "MA",
    "rarity": "rare",
    "reqAttune": true,
    "weight": 20,
    "ac": 14,
    "recharge": "拂晓",
    "rechargeAmount": "{@dice 1d4}",
    "charges": 4,
    "entries": [
      "这件抛光的铜胸甲看起来像是由互锁的齿轮交错而成的，其胸前饰有天平的图案。",
      "这套护甲有4发充能。着装护甲期间，你可以通过以下方式消耗充能：",
      {
        "type": "list",
        "style": "list-hang-notitle",
        "items": [
          {
            "ENG_name": "Equalize",
            "name": "均衡",
            "type": "item",
            "entries": [
              "当你或距你60尺内的可见生物即将以优势或劣势进行{@dice d20}掷骰时，你可以用一个反应消耗1发充能使这次掷骰免受优势或劣势的影响。"
            ]
          },
          {
            "ENG_name": "Expunge Imbalance",
            "name": "抹除不均",
            "type": "item",
            "entries": [
              "以一个附赠动作，你可以消耗2发充能用护甲施放{@spell 次级复原术}。"
            ]
          }
        ]
      },
      "护甲在每个黎明时恢复{@dice 1d4}发已消耗的充能。",
      "该护甲主要由皮条固定的金属护胸组成。尽管它并没有为四肢提供额外的防护，但其在保证着装者活动自由度的同时，为其生命器官提供了十分有效的保护效果。"
    ],
    "attachedSpells": {
      "charges": {
        "2": [
          "次级复原术"
        ]
      }
    },
    "ENG_name": "Breastplate of Balance",
    "html": "这件抛光的铜胸甲看起来像是由互锁的齿轮交错而成的，其胸前饰有天平的图案。\n这套护甲有4发充能。着装护甲期间，你可以通过以下方式消耗充能：\n<ul class=\"parser-list parser-list-list-hang-notitle\"><li class=\"parser-list-item\"><span class=\"parser-list-item-name\">均衡</span><span class=\"parser-list-item-eng-name\">Equalize</span><div class=\"parser-list-item-entries\">当你或距你60尺内的可见生物即将以优势或劣势进行{{@dice|d20}}掷骰时，你可以用一个反应消耗1发充能使这次掷骰免受优势或劣势的影响。</div></li><li class=\"parser-list-item\"><span class=\"parser-list-item-name\">抹除不均</span><span class=\"parser-list-item-eng-name\">Expunge Imbalance</span><div class=\"parser-list-item-entries\">以一个附赠动作，你可以消耗2发充能用护甲施放{{@spell|次级复原术}}。</div></li></ul>\n护甲在每个黎明时恢复{{@dice|1d4}}发已消耗的充能。\n该护甲主要由皮条固定的金属护胸组成。尽管它并没有为四肢提供额外的防护，但其在保证着装者活动自由度的同时，为其生命器官提供了十分有效的保护效果。"
  },
  "en": {
    "name": "Breastplate of Balance",
    "source": "BMT",
    "page": 34,
    "baseItem": "breastplate|PHB",
    "type": "MA",
    "rarity": "rare",
    "reqAttune": true,
    "weight": 20,
    "ac": 14,
    "recharge": "dawn",
    "rechargeAmount": "{@dice 1d4}",
    "charges": 4,
    "entries": [
      "This burnished copper breastplate looks as if it were made of interlocking gears. Merchant's scales are emblazoned across the chest.",
      "The armor has 4 charges. You can use the charges in the following ways while wearing the armor:",
      {
        "type": "list",
        "style": "list-hang-notitle",
        "items": [
          {
            "type": "item",
            "name": "Equalize",
            "entries": [
              "When you or a creature you can see within 60 feet of yourself is about to roll a {@dice d20} with advantage or disadvantage, you can expend 1 charge and take a reaction to prevent the roll from being affected by advantage or disadvantage."
            ]
          },
          {
            "type": "item",
            "name": "Expunge Imbalance",
            "entries": [
              "As a bonus action, you can expend 2 charges to cast the {@spell Lesser Restoration} spell from the armor."
            ]
          }
        ]
      },
      "The armor regains {@dice 1d4} expended charges daily at dawn.",
      "This armor consists of a fitted metal chest piece worn with supple leather. Although it leaves the legs and arms relatively unprotected, this armor provides good protection for the wearer's vital organs while leaving the wearer relatively unencumbered."
    ],
    "attachedSpells": {
      "charges": {
        "2": [
          "lesser restoration"
        ]
      }
    },
    "html": "This burnished copper breastplate looks as if it were made of interlocking gears. Merchant's scales are emblazoned across the chest.\nThe armor has 4 charges. You can use the charges in the following ways while wearing the armor:\n<ul class=\"parser-list parser-list-list-hang-notitle\"><li class=\"parser-list-item\"><span class=\"parser-list-item-name\">Equalize</span><div class=\"parser-list-item-entries\">When you or a creature you can see within 60 feet of yourself is about to roll a {{@dice|d20}} with advantage or disadvantage, you can expend 1 charge and take a reaction to prevent the roll from being affected by advantage or disadvantage.</div></li><li class=\"parser-list-item\"><span class=\"parser-list-item-name\">Expunge Imbalance</span><div class=\"parser-list-item-entries\">As a bonus action, you can expend 2 charges to cast the {{@spell|Lesser Restoration}} spell from the armor.</div></li></ul>\nThe armor regains {{@dice|1d4}} expended charges daily at dawn.\nThis armor consists of a fitted metal chest piece worn with supple leather. Although it leaves the legs and arms relatively unprotected, this armor provides good protection for the wearer's vital organs while leaving the wearer relatively unencumbered."
  },
  "charge": {
    "max": 4,
    "rechargeAt": "dawn",
    "rechargeAmount": "{@dice 1d4}"
  },
  "bonus": {}
}