{
  "dataType": "item",
  "uid": "item_Portfolio Keeper|AI ",
  "id": "Portfolio Keeper|AI",
  "rarity": "varies",
  "isBaseItem": false,
  "baseItem": "",
  "displayName": {
    "zh": "资料库收容袋",
    "en": "Portfolio Keeper"
  },
  "mainSource": {
    "source": "AI",
    "page": 33
  },
  "allSources": [
    {
      "source": "AI",
      "page": 33
    }
  ],
  "zh": {
    "name": "资料库收容袋",
    "source": "AI",
    "page": 33,
    "rarity": "varies",
    "wondrous": true,
    "entries": [
      "在第2级时，你获得了一个破旧的皮革袋，这是一件非普通品质的魔法物品。这个资料库收容袋用于收纳和整理笔记、小册子和带有你联系信息的名片。它还有取之不尽，用之不竭的与你特许经营品牌相关的宣传册。",
      "当你第一次遇到某个人时，他们的详细信息和一个粗略的草图会被魔法地存储在资料库收容袋的小型羊皮纸卡上。你可以以一个附赠动作来查看任何此类存储卡片的详细信息。",
      {
        "ENG_name": "Cards of Sending",
        "name": "短讯名片",
        "type": "entries",
        "entries": [
          "第3级起，你的资料库收容袋能力将变得更加强大，成为一件珍稀品质的魔法物品。当你分享了存储在资料库收容袋中的名片之后，你可以选择让这些接收者通过你的{@item 短讯石|AI}与你联系，就像他们施放了一次{@spell 短讯术}法术一样。一张名片在给出七天后会失去此能力，且同时最多只能有五张名片拥有此能力。",
          "此外，你还可以使用你的{@item 短讯石|AI}施放{@spell 短讯术}并与任何拥有你名片的人联系。一旦你使用了短讯石的这个功能，你必须等到七天后的黎明才能再次使用。"
        ]
      },
      {
        "ENG_name": "Charming Introduction",
        "name": "蜜语千条",
        "type": "entries",
        "entries": [
          "同样在第4级时，你能够集中精力吸引潜在客户的注意力。当你向一个类人生物提供来自你的资料库收容袋的名片时，你可以对他们施放{@spell 魅惑类人}（豁免{@dc 15}）。如果角色失去了名片，法术会提前结束。"
        ]
      }
    ],
    "attachedSpells": [
      "魅惑类人",
      "短讯术"
    ],
    "ENG_name": "Portfolio Keeper",
    "html": "在第2级时，你获得了一个破旧的皮革袋，这是一件非普通品质的魔法物品。这个资料库收容袋用于收纳和整理笔记、小册子和带有你联系信息的名片。它还有取之不尽，用之不竭的与你特许经营品牌相关的宣传册。\n当你第一次遇到某个人时，他们的详细信息和一个粗略的草图会被魔法地存储在资料库收容袋的小型羊皮纸卡上。你可以以一个附赠动作来查看任何此类存储卡片的详细信息。\n<div class=\"parser-entries\"><div class=\"parser-entries-name\">短讯名片</div><div class=\"parser-entries-eng-name\">Cards of Sending</div><div class=\"parser-entries-content\">第3级起，你的资料库收容袋能力将变得更加强大，成为一件珍稀品质的魔法物品。当你分享了存储在资料库收容袋中的名片之后，你可以选择让这些接收者通过你的{{@item|短讯石|AI}}与你联系，就像他们施放了一次{{@spell|短讯术}}法术一样。一张名片在给出七天后会失去此能力，且同时最多只能有五张名片拥有此能力。此外，你还可以使用你的{{@item|短讯石|AI}}施放{{@spell|短讯术}}并与任何拥有你名片的人联系。一旦你使用了短讯石的这个功能，你必须等到七天后的黎明才能再次使用。</div></div>\n<div class=\"parser-entries\"><div class=\"parser-entries-name\">蜜语千条</div><div class=\"parser-entries-eng-name\">Charming Introduction</div><div class=\"parser-entries-content\">同样在第4级时，你能够集中精力吸引潜在客户的注意力。当你向一个类人生物提供来自你的资料库收容袋的名片时，你可以对他们施放{{@spell|魅惑类人}}（豁免{{@dc|15}}）。如果角色失去了名片，法术会提前结束。</div></div>"
  },
  "en": {
    "name": "Portfolio Keeper",
    "source": "AI",
    "page": 33,
    "rarity": "varies",
    "wondrous": true,
    "entries": [
      "At rank 2, you gain the use of a weathered leather pouch that is an uncommon magic item. The portfolio keeper holds and organizes notes, brochures, and business cards bearing your contact information. It also has an inexhaustible supply of brochures related to your franchise's current branding scheme.",
      "When you meet someone for the first time, their details and a rough sketch are magically stored on a small parchment card in the portfolio keeper. You can access the details of any such stored card as a bonus action.",
      {
        "type": "entries",
        "name": "Cards of Sending",
        "entries": [
          "At rank 3, the power of your portfolio keeper becomes more potent, making it a rare magic item. When you give out a business card stored in your portfolio keeper, you can choose to have the card allow its recipient to contact you through your {@item sending stone|AI} as if they had cast a {@spell sending} spell. A business card loses this power seven days after it has been given out, and no more than five cards can have this power at one time.",
          "You can also use your {@item sending stone|AI} to cast {@spell sending} and contact anyone who has one of your business cards. Once you use this feature of the stone, you cannot use it again until dawn seven days later."
        ]
      },
      {
        "type": "entries",
        "name": "Charming Introduction",
        "entries": [
          "Also at rank 4, you are able to make a focused effort to keep a potential customer's attention. When you provide a humanoid with a business card from your portfolio keeper, you can cast {@spell charm person} on them (save {@dc 15}). The spell ends prematurely if the character loses the business card."
        ]
      }
    ],
    "attachedSpells": [
      "charm person",
      "sending"
    ],
    "html": "At rank 2, you gain the use of a weathered leather pouch that is an uncommon magic item. The portfolio keeper holds and organizes notes, brochures, and business cards bearing your contact information. It also has an inexhaustible supply of brochures related to your franchise's current branding scheme.\nWhen you meet someone for the first time, their details and a rough sketch are magically stored on a small parchment card in the portfolio keeper. You can access the details of any such stored card as a bonus action.\n<div class=\"parser-entries\"><div class=\"parser-entries-name\">Cards of Sending</div><div class=\"parser-entries-content\">At rank 3, the power of your portfolio keeper becomes more potent, making it a rare magic item. When you give out a business card stored in your portfolio keeper, you can choose to have the card allow its recipient to contact you through your {{@item|sending stone|AI}} as if they had cast a {{@spell|sending}} spell. A business card loses this power seven days after it has been given out, and no more than five cards can have this power at one time.You can also use your {{@item|sending stone|AI}} to cast {{@spell|sending}} and contact anyone who has one of your business cards. Once you use this feature of the stone, you cannot use it again until dawn seven days later.</div></div>\n<div class=\"parser-entries\"><div class=\"parser-entries-name\">Charming Introduction</div><div class=\"parser-entries-content\">Also at rank 4, you are able to make a focused effort to keep a potential customer's attention. When you provide a humanoid with a business card from your portfolio keeper, you can cast {{@spell|charm person}} on them (save {{@dc|15}}). The spell ends prematurely if the character loses the business card.</div></div>"
  },
  "bonus": {}
}