{
  "dataType": "item",
  "uid": "item_Deck of Illusions|DMG ",
  "id": "Deck of Illusions|DMG",
  "rarity": "uncommon",
  "isBaseItem": false,
  "baseItem": "",
  "displayName": {
    "zh": "幻象牌组",
    "en": "Deck of Illusions"
  },
  "mainSource": {
    "source": "DMG",
    "page": 161
  },
  "allSources": [
    {
      "source": "DMG",
      "page": 161
    },
    {
      "source": "XDMG",
      "page": 0
    },
    {
      "source": "XDMG",
      "page": 249
    }
  ],
  "relatedVersions": [
    "Deck of Illusions|XDMG"
  ],
  "zh": {
    "name": "幻象牌组",
    "source": "DMG",
    "page": 161,
    "srd": true,
    "reprintedAs": [
      "幻象牌组|XDMG"
    ],
    "tier": "主要",
    "rarity": "uncommon",
    "wondrous": true,
    "entries": [
      "这个匣子里装着一套羊皮纸制的卡牌。一套完整的牌组有34张卡。作为宝藏获得的牌组通常会缺少{@dice 1d20 - 1}张卡。",
      "只有在随机抽取时，牌组的魔法才会生效（你可以使用一副改制的扑克牌来模拟牌组）。你可以用一个动作从牌组中随机抽出一张牌并扔到你30尺内的地面上。",
      "一名或多名幻象生物将在扔出的卡牌上形成，并一直持续到幻象被解除。幻象生物看起来活灵活现，和真实生物体型相仿，行为模式也相同，但无法造成伤害。如果你在幻象生物周围120尺内且能看到它，则你就可以用一个动作命令它移动到卡牌周围30尺内的任何地方。与幻象生物的物理互动会揭示其为幻象，因为物件可以穿透它。如果有人用一个动作视觉检查该生物并通过{@dc 15}的智力（{@skill 调查}）检定，则可识别其为幻象。该生物随后会呈现半透明状态。",
      "幻象将一直持续到它的卡牌被移动或幻象被解除。当幻象终止时，它卡牌上的图像也随之消失，该卡牌也从此失去效应。",
      {
        "type": "table",
        "colLabels": [
          "{@dice 1d34|扑克牌}",
          "幻术"
        ],
        "colStyles": [
          "col-3",
          "col-9"
        ],
        "rows": [
          [
            {
              "type": "cell",
              "roll": {
                "exact": 1
              },
              "entry": "红心A"
            },
            "{@creature 成年红龙||红龙}"
          ],
          [
            {
              "type": "cell",
              "roll": {
                "exact": 2
              },
              "entry": "红心K"
            },
            "{@creature 骑士}和四名{@creature 警卫||警卫们}"
          ],
          [
            {
              "type": "cell",
              "roll": {
                "exact": 3
              },
              "entry": "红心Q"
            },
            "{@creature 魅魔||魅魔/梦魔}"
          ],
          [
            {
              "type": "cell",
              "roll": {
                "exact": 4
              },
              "entry": "红心J"
            },
            "{@creature 德鲁伊}"
          ],
          [
            {
              "type": "cell",
              "roll": {
                "exact": 5
              },
              "entry": "红心10"
            },
            "{@creature 云巨人}"
          ],
          [
            {
              "type": "cell",
              "roll": {
                "exact": 6
              },
              "entry": "红心9"
            },
            "{@creature 双头巨人}"
          ],
          [
            {
              "type": "cell",
              "roll": {
                "exact": 7
              },
              "entry": "红心8"
            },
            "{@creature 熊地精}"
          ],
          [
            {
              "type": "cell",
              "roll": {
                "exact": 8
              },
              "entry": "红心2"
            },
            "{@creature 地精}"
          ],
          [
            {
              "type": "cell",
              "roll": {
                "exact": 9
              },
              "entry": "方片A"
            },
            "{@creature 眼魔}"
          ],
          [
            {
              "type": "cell",
              "roll": {
                "exact": 10
              },
              "entry": "方片K"
            },
            "{@creature 大法师}和{@creature 魔法师}学徒"
          ],
          [
            {
              "type": "cell",
              "roll": {
                "exact": 11
              },
              "entry": "方片Q"
            },
            "{@creature 夜鬼婆}"
          ],
          [
            {
              "type": "cell",
              "roll": {
                "exact": 12
              },
              "entry": "方片J"
            },
            "{@creature 刺客}"
          ],
          [
            {
              "type": "cell",
              "roll": {
                "exact": 13
              },
              "entry": "方片10"
            },
            "{@creature 火巨人}"
          ],
          [
            {
              "type": "cell",
              "roll": {
                "exact": 14
              },
              "entry": "方片9"
            },
            "{@creature 恶鬼||食人魔法师}"
          ],
          [
            {
              "type": "cell",
              "roll": {
                "exact": 15
              },
              "entry": "方片8"
            },
            "{@creature 鬣狗人}"
          ],
          [
            {
              "type": "cell",
              "roll": {
                "exact": 16
              },
              "entry": "方片2"
            },
            "{@creature 狗头人}"
          ],
          [
            {
              "type": "cell",
              "roll": {
                "exact": 17
              },
              "entry": "黑桃A"
            },
            "{@creature 巫妖}"
          ],
          [
            {
              "type": "cell",
              "roll": {
                "exact": 18
              },
              "entry": "黑桃K"
            },
            "{@creature 祭司} 和两个 {@creature 侍僧||侍僧}"
          ],
          [
            {
              "type": "cell",
              "roll": {
                "exact": 19
              },
              "entry": "黑桃Q"
            },
            "{@creature 美杜莎}"
          ],
          [
            {
              "type": "cell",
              "roll": {
                "exact": 20
              },
              "entry": "黑桃J"
            },
            "{@creature 老兵}"
          ],
          [
            {
              "type": "cell",
              "roll": {
                "exact": 21
              },
              "entry": "黑桃10"
            },
            "{@creature 霜巨人}"
          ],
          [
            {
              "type": "cell",
              "roll": {
                "exact": 22
              },
              "entry": "黑桃9"
            },
            "{@creature 巨魔}"
          ],
          [
            {
              "type": "cell",
              "roll": {
                "exact": 23
              },
              "entry": "黑桃8"
            },
            "{@creature 大地精}"
          ],
          [
            {
              "type": "cell",
              "roll": {
                "exact": 24
              },
              "entry": "黑桃2"
            },
            "{@creature 地精}"
          ],
          [
            {
              "type": "cell",
              "roll": {
                "exact": 25
              },
              "entry": "梅花A"
            },
            "{@creature 铁魔像}"
          ],
          [
            {
              "type": "cell",
              "roll": {
                "exact": 26
              },
              "entry": "梅花K"
            },
            "{@creature 匪徒首领}和三名{@creature 匪徒||匪徒们}"
          ],
          [
            {
              "type": "cell",
              "roll": {
                "exact": 27
              },
              "entry": "梅花Q"
            },
            "{@creature 罪魔}"
          ],
          [
            {
              "type": "cell",
              "roll": {
                "exact": 28
              },
              "entry": "梅花J"
            },
            "{@creature 狂战士}"
          ],
          [
            {
              "type": "cell",
              "roll": {
                "exact": 29
              },
              "entry": "梅花10"
            },
            "{@creature 山丘巨人}"
          ],
          [
            {
              "type": "cell",
              "roll": {
                "exact": 30
              },
              "entry": "梅花9"
            },
            "{@creature 食人魔}"
          ],
          [
            {
              "type": "cell",
              "roll": {
                "exact": 31
              },
              "entry": "梅花8"
            },
            "{@creature 兽人}"
          ],
          [
            {
              "type": "cell",
              "roll": {
                "exact": 32
              },
              "entry": "梅花2"
            },
            "{@creature 狗头人}"
          ],
          [
            {
              "type": "cell",
              "roll": {
                "min": 33,
                "max": 34
              },
              "entry": "大小王 (2)"
            },
            "你（牌组的所有者）"
          ]
        ]
      }
    ],
    "lootTables": [
      "魔法物品表F"
    ],
    "seeAlsoDeck": [
      "幻象牌组"
    ],
    "ENG_name": "Deck of Illusions",
    "html": "这个匣子里装着一套羊皮纸制的卡牌。一套完整的牌组有34张卡。作为宝藏获得的牌组通常会缺少{{@dice|1d20 - 1}}张卡。\n只有在随机抽取时，牌组的魔法才会生效（你可以使用一副改制的扑克牌来模拟牌组）。你可以用一个动作从牌组中随机抽出一张牌并扔到你30尺内的地面上。\n一名或多名幻象生物将在扔出的卡牌上形成，并一直持续到幻象被解除。幻象生物看起来活灵活现，和真实生物体型相仿，行为模式也相同，但无法造成伤害。如果你在幻象生物周围120尺内且能看到它，则你就可以用一个动作命令它移动到卡牌周围30尺内的任何地方。与幻象生物的物理互动会揭示其为幻象，因为物件可以穿透它。如果有人用一个动作视觉检查该生物并通过{{@dc|15}}的智力（{{@skill|调查}}）检定，则可识别其为幻象。该生物随后会呈现半透明状态。\n幻象将一直持续到它的卡牌被移动或幻象被解除。当幻象终止时，它卡牌上的图像也随之消失，该卡牌也从此失去效应。\n<table class=\"wiki-table\"><tr><th class=\"parser-col-3\">{{@dice|1d34|扑克牌}}</th><th class=\"parser-col-9\">幻术</th></tr><tr><td class=\"parser-cell\" data-roll=\"1\">红心A</td><td class=\"parser-col-9\">{{@creature|成年红龙||红龙}}</td></tr><tr><td class=\"parser-cell\" data-roll=\"2\">红心K</td><td class=\"parser-col-9\">{{@creature|骑士}}和四名{{@creature|警卫||警卫们}}</td></tr><tr><td class=\"parser-cell\" data-roll=\"3\">红心Q</td><td class=\"parser-col-9\">{{@creature|魅魔||魅魔/梦魔}}</td></tr><tr><td class=\"parser-cell\" data-roll=\"4\">红心J</td><td class=\"parser-col-9\">{{@creature|德鲁伊}}</td></tr><tr><td class=\"parser-cell\" data-roll=\"5\">红心10</td><td class=\"parser-col-9\">{{@creature|云巨人}}</td></tr><tr><td class=\"parser-cell\" data-roll=\"6\">红心9</td><td class=\"parser-col-9\">{{@creature|双头巨人}}</td></tr><tr><td class=\"parser-cell\" data-roll=\"7\">红心8</td><td class=\"parser-col-9\">{{@creature|熊地精}}</td></tr><tr><td class=\"parser-cell\" data-roll=\"8\">红心2</td><td class=\"parser-col-9\">{{@creature|地精}}</td></tr><tr><td class=\"parser-cell\" data-roll=\"9\">方片A</td><td class=\"parser-col-9\">{{@creature|眼魔}}</td></tr><tr><td class=\"parser-cell\" data-roll=\"10\">方片K</td><td class=\"parser-col-9\">{{@creature|大法师}}和{{@creature|魔法师}}学徒</td></tr><tr><td class=\"parser-cell\" data-roll=\"11\">方片Q</td><td class=\"parser-col-9\">{{@creature|夜鬼婆}}</td></tr><tr><td class=\"parser-cell\" data-roll=\"12\">方片J</td><td class=\"parser-col-9\">{{@creature|刺客}}</td></tr><tr><td class=\"parser-cell\" data-roll=\"13\">方片10</td><td class=\"parser-col-9\">{{@creature|火巨人}}</td></tr><tr><td class=\"parser-cell\" data-roll=\"14\">方片9</td><td class=\"parser-col-9\">{{@creature|恶鬼||食人魔法师}}</td></tr><tr><td class=\"parser-cell\" data-roll=\"15\">方片8</td><td class=\"parser-col-9\">{{@creature|鬣狗人}}</td></tr><tr><td class=\"parser-cell\" data-roll=\"16\">方片2</td><td class=\"parser-col-9\">{{@creature|狗头人}}</td></tr><tr><td class=\"parser-cell\" data-roll=\"17\">黑桃A</td><td class=\"parser-col-9\">{{@creature|巫妖}}</td></tr><tr><td class=\"parser-cell\" data-roll=\"18\">黑桃K</td><td class=\"parser-col-9\">{{@creature|祭司}} 和两个 {{@creature|侍僧||侍僧}}</td></tr><tr><td class=\"parser-cell\" data-roll=\"19\">黑桃Q</td><td class=\"parser-col-9\">{{@creature|美杜莎}}</td></tr><tr><td class=\"parser-cell\" data-roll=\"20\">黑桃J</td><td class=\"parser-col-9\">{{@creature|老兵}}</td></tr><tr><td class=\"parser-cell\" data-roll=\"21\">黑桃10</td><td class=\"parser-col-9\">{{@creature|霜巨人}}</td></tr><tr><td class=\"parser-cell\" data-roll=\"22\">黑桃9</td><td class=\"parser-col-9\">{{@creature|巨魔}}</td></tr><tr><td class=\"parser-cell\" data-roll=\"23\">黑桃8</td><td class=\"parser-col-9\">{{@creature|大地精}}</td></tr><tr><td class=\"parser-cell\" data-roll=\"24\">黑桃2</td><td class=\"parser-col-9\">{{@creature|地精}}</td></tr><tr><td class=\"parser-cell\" data-roll=\"25\">梅花A</td><td class=\"parser-col-9\">{{@creature|铁魔像}}</td></tr><tr><td class=\"parser-cell\" data-roll=\"26\">梅花K</td><td class=\"parser-col-9\">{{@creature|匪徒首领}}和三名{{@creature|匪徒||匪徒们}}</td></tr><tr><td class=\"parser-cell\" data-roll=\"27\">梅花Q</td><td class=\"parser-col-9\">{{@creature|罪魔}}</td></tr><tr><td class=\"parser-cell\" data-roll=\"28\">梅花J</td><td class=\"parser-col-9\">{{@creature|狂战士}}</td></tr><tr><td class=\"parser-cell\" data-roll=\"29\">梅花10</td><td class=\"parser-col-9\">{{@creature|山丘巨人}}</td></tr><tr><td class=\"parser-cell\" data-roll=\"30\">梅花9</td><td class=\"parser-col-9\">{{@creature|食人魔}}</td></tr><tr><td class=\"parser-cell\" data-roll=\"31\">梅花8</td><td class=\"parser-col-9\">{{@creature|兽人}}</td></tr><tr><td class=\"parser-cell\" data-roll=\"32\">梅花2</td><td class=\"parser-col-9\">{{@creature|狗头人}}</td></tr><tr><td class=\"parser-cell\" data-roll=\"undefined\">大小王 (2)</td><td class=\"parser-col-9\">你（牌组的所有者）</td></tr></table>"
  },
  "en": {
    "name": "Deck of Illusions",
    "source": "DMG",
    "page": 161,
    "srd": true,
    "reprintedAs": [
      "Deck of Illusions|XDMG"
    ],
    "tier": "major",
    "rarity": "uncommon",
    "wondrous": true,
    "entries": [
      "This box contains a set of parchment cards. A full deck has 34 cards. A deck found as treasure is usually missing {@dice 1d20 - 1} cards.",
      "The magic of the deck functions only if cards are drawn at random (you can use an altered deck of playing cards to simulate the deck). You can use an action to draw a card at random from the deck and throw it to the ground at a point within 30 feet of you.",
      "An illusion of one or more creatures forms over the thrown card and remains until dispelled. An illusory creature appears real, of the appropriate size, and behaves as if it were a real creature, except that it can do no harm. While you are within 120 feet of the illusory creature and can see it, you can use an action to move it magically anywhere within 30 feet of its card. Any physical interaction with the illusory creature reveals it to be an illusion, because objects pass through it. Someone who uses an action to visually inspect the creature identifies it as illusory with a successful {@dc 15} Intelligence ({@skill Investigation}) check. The creature then appears translucent.",
      "The illusion lasts until its card is moved or the illusion is dispelled. When the illusion ends, the image on its card disappears, and that card can't be used again.",
      {
        "type": "table",
        "colLabels": [
          "{@dice 1d34|Playing Card}",
          "Illusion"
        ],
        "colStyles": [
          "col-3",
          "col-9"
        ],
        "rows": [
          [
            {
              "type": "cell",
              "roll": {
                "exact": 1
              },
              "entry": "Ace of hearts"
            },
            "{@creature adult red dragon||Red dragon}"
          ],
          [
            {
              "type": "cell",
              "roll": {
                "exact": 2
              },
              "entry": "King of hearts"
            },
            "{@creature Knight} and four {@creature guard||guards}"
          ],
          [
            {
              "type": "cell",
              "roll": {
                "exact": 3
              },
              "entry": "Queen of hearts"
            },
            "{@creature Succubus||Succubus/Incubus}"
          ],
          [
            {
              "type": "cell",
              "roll": {
                "exact": 4
              },
              "entry": "Jack of hearts"
            },
            "{@creature Druid}"
          ],
          [
            {
              "type": "cell",
              "roll": {
                "exact": 5
              },
              "entry": "Ten of hearts"
            },
            "{@creature Cloud giant}"
          ],
          [
            {
              "type": "cell",
              "roll": {
                "exact": 6
              },
              "entry": "Nine of hearts"
            },
            "{@creature Ettin}"
          ],
          [
            {
              "type": "cell",
              "roll": {
                "exact": 7
              },
              "entry": "Eight of hearts"
            },
            "{@creature Bugbear}"
          ],
          [
            {
              "type": "cell",
              "roll": {
                "exact": 8
              },
              "entry": "Two of hearts"
            },
            "{@creature Goblin}"
          ],
          [
            {
              "type": "cell",
              "roll": {
                "exact": 9
              },
              "entry": "Ace of diamonds"
            },
            "{@creature Beholder}"
          ],
          [
            {
              "type": "cell",
              "roll": {
                "exact": 10
              },
              "entry": "King of diamonds"
            },
            "{@creature Archmage} and {@creature mage} apprentice"
          ],
          [
            {
              "type": "cell",
              "roll": {
                "exact": 11
              },
              "entry": "Queen of diamonds"
            },
            "{@creature Night hag}"
          ],
          [
            {
              "type": "cell",
              "roll": {
                "exact": 12
              },
              "entry": "Jack of diamonds"
            },
            "{@creature Assassin}"
          ],
          [
            {
              "type": "cell",
              "roll": {
                "exact": 13
              },
              "entry": "Ten of diamonds"
            },
            "{@creature Fire giant}"
          ],
          [
            {
              "type": "cell",
              "roll": {
                "exact": 14
              },
              "entry": "Nine of diamonds"
            },
            "{@creature oni||Ogre mage}"
          ],
          [
            {
              "type": "cell",
              "roll": {
                "exact": 15
              },
              "entry": "Eight of diamonds"
            },
            "{@creature Gnoll}"
          ],
          [
            {
              "type": "cell",
              "roll": {
                "exact": 16
              },
              "entry": "Two of diamonds"
            },
            "{@creature Kobold}"
          ],
          [
            {
              "type": "cell",
              "roll": {
                "exact": 17
              },
              "entry": "Ace of spades"
            },
            "{@creature Lich}"
          ],
          [
            {
              "type": "cell",
              "roll": {
                "exact": 18
              },
              "entry": "King of spades"
            },
            "{@creature Priest} and two {@creature acolyte||acolytes}"
          ],
          [
            {
              "type": "cell",
              "roll": {
                "exact": 19
              },
              "entry": "Queen of spades"
            },
            "{@creature Medusa}"
          ],
          [
            {
              "type": "cell",
              "roll": {
                "exact": 20
              },
              "entry": "Jack of spades"
            },
            "{@creature Veteran}"
          ],
          [
            {
              "type": "cell",
              "roll": {
                "exact": 21
              },
              "entry": "Ten of spades"
            },
            "{@creature Frost giant}"
          ],
          [
            {
              "type": "cell",
              "roll": {
                "exact": 22
              },
              "entry": "Nine of spades"
            },
            "{@creature Troll}"
          ],
          [
            {
              "type": "cell",
              "roll": {
                "exact": 23
              },
              "entry": "Eight of spades"
            },
            "{@creature Hobgoblin}"
          ],
          [
            {
              "type": "cell",
              "roll": {
                "exact": 24
              },
              "entry": "Two of spades"
            },
            "{@creature Goblin}"
          ],
          [
            {
              "type": "cell",
              "roll": {
                "exact": 25
              },
              "entry": "Ace of clubs"
            },
            "{@creature Iron golem}"
          ],
          [
            {
              "type": "cell",
              "roll": {
                "exact": 26
              },
              "entry": "King of clubs"
            },
            "{@creature Bandit captain} and three {@creature bandit||bandits}"
          ],
          [
            {
              "type": "cell",
              "roll": {
                "exact": 27
              },
              "entry": "Queen of clubs"
            },
            "{@creature Erinyes}"
          ],
          [
            {
              "type": "cell",
              "roll": {
                "exact": 28
              },
              "entry": "Jack of clubs"
            },
            "{@creature Berserker}"
          ],
          [
            {
              "type": "cell",
              "roll": {
                "exact": 29
              },
              "entry": "Ten of clubs"
            },
            "{@creature Hill giant}"
          ],
          [
            {
              "type": "cell",
              "roll": {
                "exact": 30
              },
              "entry": "Nine of clubs"
            },
            "{@creature Ogre}"
          ],
          [
            {
              "type": "cell",
              "roll": {
                "exact": 31
              },
              "entry": "Eight of clubs"
            },
            "{@creature Orc}"
          ],
          [
            {
              "type": "cell",
              "roll": {
                "exact": 32
              },
              "entry": "Two of clubs"
            },
            "{@creature Kobold}"
          ],
          [
            {
              "type": "cell",
              "roll": {
                "min": 33,
                "max": 34
              },
              "entry": "jokers (2)"
            },
            "You (the deck's owner)"
          ]
        ]
      }
    ],
    "lootTables": [
      "Magic Item Table F"
    ],
    "seeAlsoDeck": [
      "Deck of Illusions"
    ],
    "html": "This box contains a set of parchment cards. A full deck has 34 cards. A deck found as treasure is usually missing {{@dice|1d20 - 1}} cards.\nThe magic of the deck functions only if cards are drawn at random (you can use an altered deck of playing cards to simulate the deck). You can use an action to draw a card at random from the deck and throw it to the ground at a point within 30 feet of you.\nAn illusion of one or more creatures forms over the thrown card and remains until dispelled. An illusory creature appears real, of the appropriate size, and behaves as if it were a real creature, except that it can do no harm. While you are within 120 feet of the illusory creature and can see it, you can use an action to move it magically anywhere within 30 feet of its card. Any physical interaction with the illusory creature reveals it to be an illusion, because objects pass through it. Someone who uses an action to visually inspect the creature identifies it as illusory with a successful {{@dc|15}} Intelligence ({{@skill|Investigation}}) check. The creature then appears translucent.\nThe illusion lasts until its card is moved or the illusion is dispelled. When the illusion ends, the image on its card disappears, and that card can't be used again.\n<table class=\"wiki-table\"><tr><th class=\"parser-col-3\">{{@dice|1d34|Playing Card}}</th><th class=\"parser-col-9\">Illusion</th></tr><tr><td class=\"parser-cell\" data-roll=\"1\">Ace of hearts</td><td class=\"parser-col-9\">{{@creature|adult red dragon||Red dragon}}</td></tr><tr><td class=\"parser-cell\" data-roll=\"2\">King of hearts</td><td class=\"parser-col-9\">{{@creature|Knight}} and four {{@creature|guard||guards}}</td></tr><tr><td class=\"parser-cell\" data-roll=\"3\">Queen of hearts</td><td class=\"parser-col-9\">{{@creature|Succubus||Succubus/Incubus}}</td></tr><tr><td class=\"parser-cell\" data-roll=\"4\">Jack of hearts</td><td class=\"parser-col-9\">{{@creature|Druid}}</td></tr><tr><td class=\"parser-cell\" data-roll=\"5\">Ten of hearts</td><td class=\"parser-col-9\">{{@creature|Cloud giant}}</td></tr><tr><td class=\"parser-cell\" data-roll=\"6\">Nine of hearts</td><td class=\"parser-col-9\">{{@creature|Ettin}}</td></tr><tr><td class=\"parser-cell\" data-roll=\"7\">Eight of hearts</td><td class=\"parser-col-9\">{{@creature|Bugbear}}</td></tr><tr><td class=\"parser-cell\" data-roll=\"8\">Two of hearts</td><td class=\"parser-col-9\">{{@creature|Goblin}}</td></tr><tr><td class=\"parser-cell\" data-roll=\"9\">Ace of diamonds</td><td class=\"parser-col-9\">{{@creature|Beholder}}</td></tr><tr><td class=\"parser-cell\" data-roll=\"10\">King of diamonds</td><td class=\"parser-col-9\">{{@creature|Archmage}} and {{@creature|mage}} apprentice</td></tr><tr><td class=\"parser-cell\" data-roll=\"11\">Queen of diamonds</td><td class=\"parser-col-9\">{{@creature|Night hag}}</td></tr><tr><td class=\"parser-cell\" data-roll=\"12\">Jack of diamonds</td><td class=\"parser-col-9\">{{@creature|Assassin}}</td></tr><tr><td class=\"parser-cell\" data-roll=\"13\">Ten of diamonds</td><td class=\"parser-col-9\">{{@creature|Fire giant}}</td></tr><tr><td class=\"parser-cell\" data-roll=\"14\">Nine of diamonds</td><td class=\"parser-col-9\">{{@creature|oni||Ogre mage}}</td></tr><tr><td class=\"parser-cell\" data-roll=\"15\">Eight of diamonds</td><td class=\"parser-col-9\">{{@creature|Gnoll}}</td></tr><tr><td class=\"parser-cell\" data-roll=\"16\">Two of diamonds</td><td class=\"parser-col-9\">{{@creature|Kobold}}</td></tr><tr><td class=\"parser-cell\" data-roll=\"17\">Ace of spades</td><td class=\"parser-col-9\">{{@creature|Lich}}</td></tr><tr><td class=\"parser-cell\" data-roll=\"18\">King of spades</td><td class=\"parser-col-9\">{{@creature|Priest}} and two {{@creature|acolyte||acolytes}}</td></tr><tr><td class=\"parser-cell\" data-roll=\"19\">Queen of spades</td><td class=\"parser-col-9\">{{@creature|Medusa}}</td></tr><tr><td class=\"parser-cell\" data-roll=\"20\">Jack of spades</td><td class=\"parser-col-9\">{{@creature|Veteran}}</td></tr><tr><td class=\"parser-cell\" data-roll=\"21\">Ten of spades</td><td class=\"parser-col-9\">{{@creature|Frost giant}}</td></tr><tr><td class=\"parser-cell\" data-roll=\"22\">Nine of spades</td><td class=\"parser-col-9\">{{@creature|Troll}}</td></tr><tr><td class=\"parser-cell\" data-roll=\"23\">Eight of spades</td><td class=\"parser-col-9\">{{@creature|Hobgoblin}}</td></tr><tr><td class=\"parser-cell\" data-roll=\"24\">Two of spades</td><td class=\"parser-col-9\">{{@creature|Goblin}}</td></tr><tr><td class=\"parser-cell\" data-roll=\"25\">Ace of clubs</td><td class=\"parser-col-9\">{{@creature|Iron golem}}</td></tr><tr><td class=\"parser-cell\" data-roll=\"26\">King of clubs</td><td class=\"parser-col-9\">{{@creature|Bandit captain}} and three {{@creature|bandit||bandits}}</td></tr><tr><td class=\"parser-cell\" data-roll=\"27\">Queen of clubs</td><td class=\"parser-col-9\">{{@creature|Erinyes}}</td></tr><tr><td class=\"parser-cell\" data-roll=\"28\">Jack of clubs</td><td class=\"parser-col-9\">{{@creature|Berserker}}</td></tr><tr><td class=\"parser-cell\" data-roll=\"29\">Ten of clubs</td><td class=\"parser-col-9\">{{@creature|Hill giant}}</td></tr><tr><td class=\"parser-cell\" data-roll=\"30\">Nine of clubs</td><td class=\"parser-col-9\">{{@creature|Ogre}}</td></tr><tr><td class=\"parser-cell\" data-roll=\"31\">Eight of clubs</td><td class=\"parser-col-9\">{{@creature|Orc}}</td></tr><tr><td class=\"parser-cell\" data-roll=\"32\">Two of clubs</td><td class=\"parser-col-9\">{{@creature|Kobold}}</td></tr><tr><td class=\"parser-cell\" data-roll=\"undefined\">jokers (2)</td><td class=\"parser-col-9\">You (the deck's owner)</td></tr></table>"
  },
  "bonus": {}
}