{
  "dataType": "item",
  "uid": "item_Clockwork Armor|BMT",
  "id": "Clockwork Armor|BMT",
  "rarity": "very rare",
  "isBaseItem": false,
  "displayName": {
    "zh": "发条护甲",
    "en": "Clockwork Armor"
  },
  "mainSource": {
    "source": "BMT",
    "page": 67
  },
  "allSources": [
    {
      "source": "BMT",
      "page": 67
    }
  ],
  "zh": {
    "name": "发条护甲",
    "type": "GV|DMG",
    "requires": [
      {
        "type": "HA"
      },
      {
        "type": "HA|XPHB"
      }
    ],
    "inherits": {
      "namePrefix": "发条",
      "source": "BMT",
      "page": 67,
      "rarity": "very rare",
      "reqAttune": true,
      "recharge": "拂晓",
      "rechargeAmount": "{@dice 1d4}",
      "charges": 4,
      "entries": [
        "这件盔甲的外表面和内部关节装有相互啮合的齿轮，借助于机械位面的有序魔法。",
        "这件盔甲有4次充能。如果你在穿戴这件盔甲时进行一个{@dice d20}骰点，你可以消耗1次充能将掷出的数字改为10。盔甲在黎明时分每天恢复{@dice 1d4}次消耗的充能。"
      ]
    },
    "ENG_name": "Clockwork Armor",
    "entries": [
      "这件盔甲的外表面和内部关节装有相互啮合的齿轮，借助于机械位面的有序魔法。",
      "这件盔甲有4次充能。如果你在穿戴这件盔甲时进行一个{@dice d20}骰点，你可以消耗1次充能将掷出的数字改为10。盔甲在黎明时分每天恢复{@dice 1d4}次消耗的充能。"
    ],
    "html": "这件盔甲的外表面和内部关节装有相互啮合的齿轮，借助于机械位面的有序魔法。\n这件盔甲有4次充能。如果你在穿戴这件盔甲时进行一个{{@dice|d20}}骰点，你可以消耗1次充能将掷出的数字改为10。盔甲在黎明时分每天恢复{{@dice|1d4}}次消耗的充能。"
  },
  "en": {
    "name": "Clockwork Armor",
    "type": "GV|DMG",
    "requires": [
      {
        "type": "HA"
      },
      {
        "type": "HA|XPHB"
      }
    ],
    "inherits": {
      "namePrefix": "Clockwork ",
      "source": "BMT",
      "page": 67,
      "rarity": "very rare",
      "reqAttune": true,
      "recharge": "dawn",
      "rechargeAmount": "{@dice 1d4}",
      "charges": 4,
      "entries": [
        "The outside surface and internal joints of this armor whir with interlocking gears, drawing on the orderly magic of the plane of Mechanus.",
        "The armor has 4 charges. If you make a {@dice d20} roll while wearing this armor, you can expend 1 charge to change the number rolled to a 10. The armor regains {@dice 1d4} expended charges daily at dawn."
      ]
    },
    "entries": [
      "The outside surface and internal joints of this armor whir with interlocking gears, drawing on the orderly magic of the plane of Mechanus.",
      "The armor has 4 charges. If you make a {@dice d20} roll while wearing this armor, you can expend 1 charge to change the number rolled to a 10. The armor regains {@dice 1d4} expended charges daily at dawn."
    ],
    "html": "The outside surface and internal joints of this armor whir with interlocking gears, drawing on the orderly magic of the plane of Mechanus.\nThe armor has 4 charges. If you make a {{@dice|d20}} roll while wearing this armor, you can expend 1 charge to change the number rolled to a 10. The armor regains {{@dice|1d4}} expended charges daily at dawn."
  }
}