{
  "dataType": "item",
  "uid": "item_Ruidium Shield|CRCotN ",
  "id": "Ruidium Shield|CRCotN",
  "weight": 6,
  "rarity": "very rare",
  "isBaseItem": false,
  "full": {
    "en": {
      "images": [
        {
          "type": "image",
          "href": {
            "type": "internal",
            "path": "items/CRCotN/Ruidium Shield.webp"
          },
          "credit": "CoupleOfKooks"
        }
      ]
    },
    "zh": {
      "images": [
        {
          "type": "image",
          "href": {
            "type": "internal",
            "path": "items/CRCotN/Ruidium Shield.webp"
          },
          "credit": "CoupleOfKooks"
        }
      ]
    }
  },
  "baseItem": "shield|PHB",
  "displayName": {
    "zh": "月蚀盾牌",
    "en": "Ruidium Shield"
  },
  "mainSource": {
    "source": "CRCotN",
    "page": 215
  },
  "allSources": [
    {
      "source": "CRCotN",
      "page": 215
    }
  ],
  "zh": {
    "name": "月蚀盾牌",
    "source": "CRCotN",
    "page": 215,
    "baseItem": "护盾术|PHB",
    "type": "S",
    "resist": [
      "心灵"
    ],
    "rarity": "very rare",
    "reqAttune": true,
    "weight": 6,
    "ac": 2,
    "bonusAc": "+2",
    "modifySpeed": {
      "equal": {
        "swim": "走"
      }
    },
    "entries": [
      "鲁迪姆的触须遍布这面盾牌的金属表面。当这面盾牌在你身上时，你获得以下好处：",
      {
        "type": "list",
        "items": [
          "你对心灵伤害具有抗性。",
          "你可以在水中呼吸。",
          "你的游泳速度等同于你的步行速度。"
        ]
      },
      {
        "ENG_name": "Psychic Reflection",
        "name": "心灵反射",
        "type": "entries",
        "entries": [
          "当你持有这面盾牌并受到心灵伤害时，你可以使用你的反应来选择一个你能看到的30尺内的另一个生物。那个生物将承受你本应受到的心灵伤害。"
        ]
      },
      {
        "ENG_name": "Ruidium Corruption",
        "name": "月蚀腐化",
        "type": "entries",
        "entries": [
          "当你使用盾牌的心灵反射属性时，必须进行一次{@dc 20}魅力豁免检定。若豁免失败，你将获得1层{@condition 力竭}状态。若你尚未受到赤晶腐蚀影响，当此次豁免失败时，你将受到腐蚀。"
        ]
      },
      {
        "ENG_name": "If Ruidium Is Destroyed",
        "name": "如果月蚀矿被摧毁",
        "type": "entries",
        "entries": [
          "如果Apotheon被杀死或得到救赎，Exandria中的所有ruidium会立即被摧毁，而ruidium盾牌会变成一个{@item +2 盾牌}。"
        ]
      }
    ],
    "hasFluffImages": true,
    "ENG_name": "Ruidium Shield",
    "html": "鲁迪姆的触须遍布这面盾牌的金属表面。当这面盾牌在你身上时，你获得以下好处：\n<ul class=\"parser-list parser-list-default\"><li>你对心灵伤害具有抗性。</li><li>你可以在水中呼吸。</li><li>你的游泳速度等同于你的步行速度。</li></ul>\n<div class=\"parser-entries\"><div class=\"parser-entries-name\">心灵反射</div><div class=\"parser-entries-eng-name\">Psychic Reflection</div><div class=\"parser-entries-content\">当你持有这面盾牌并受到心灵伤害时，你可以使用你的反应来选择一个你能看到的30尺内的另一个生物。那个生物将承受你本应受到的心灵伤害。</div></div>\n<div class=\"parser-entries\"><div class=\"parser-entries-name\">月蚀腐化</div><div class=\"parser-entries-eng-name\">Ruidium Corruption</div><div class=\"parser-entries-content\">当你使用盾牌的心灵反射属性时，必须进行一次{{@dc|20}}魅力豁免检定。若豁免失败，你将获得1层{{@condition|力竭}}状态。若你尚未受到赤晶腐蚀影响，当此次豁免失败时，你将受到腐蚀。</div></div>\n<div class=\"parser-entries\"><div class=\"parser-entries-name\">如果月蚀矿被摧毁</div><div class=\"parser-entries-eng-name\">If Ruidium Is Destroyed</div><div class=\"parser-entries-content\">如果Apotheon被杀死或得到救赎，Exandria中的所有ruidium会立即被摧毁，而ruidium盾牌会变成一个{{@item|+2 盾牌}}。</div></div>"
  },
  "en": {
    "name": "Ruidium Shield",
    "source": "CRCotN",
    "page": 215,
    "baseItem": "shield|PHB",
    "type": "S",
    "resist": [
      "psychic"
    ],
    "rarity": "very rare",
    "reqAttune": true,
    "weight": 6,
    "ac": 2,
    "bonusAc": "+2",
    "modifySpeed": {
      "equal": {
        "swim": "walk"
      }
    },
    "entries": [
      "Tendrils of ruidium extend across the metal surface of this shield. While this shield is on your person, you gain the following benefits:",
      {
        "type": "list",
        "items": [
          "You have resistance to psychic damage.",
          "You can breathe water.",
          "You gain a swimming speed equal to your walking speed."
        ]
      },
      {
        "type": "entries",
        "name": "Psychic Reflection",
        "entries": [
          "When you take psychic damage while holding the shield, you can use your reaction to choose another creature you can see within 30 feet of you. That creature takes the psychic damage you would have taken."
        ]
      },
      {
        "type": "entries",
        "name": "Ruidium Corruption",
        "entries": [
          "When you use the shield's Psychic Reflection property, you must make a {@dc 20} Charisma saving throw. On a failed save, you gain 1 level of {@condition exhaustion}. If you are not already suffering from ruidium corruption, you become corrupted when you fail this save."
        ]
      },
      {
        "type": "entries",
        "name": "If Ruidium Is Destroyed",
        "entries": [
          "If the Apotheon is killed or redeemed, all the ruidium in Exandria is destroyed instantly, and a ruidium shield becomes a {@item +2 shield}."
        ]
      }
    ],
    "hasFluffImages": true,
    "html": "Tendrils of ruidium extend across the metal surface of this shield. While this shield is on your person, you gain the following benefits:\n<ul class=\"parser-list parser-list-default\"><li>You have resistance to psychic damage.</li><li>You can breathe water.</li><li>You gain a swimming speed equal to your walking speed.</li></ul>\n<div class=\"parser-entries\"><div class=\"parser-entries-name\">Psychic Reflection</div><div class=\"parser-entries-content\">When you take psychic damage while holding the shield, you can use your reaction to choose another creature you can see within 30 feet of you. That creature takes the psychic damage you would have taken.</div></div>\n<div class=\"parser-entries\"><div class=\"parser-entries-name\">Ruidium Corruption</div><div class=\"parser-entries-content\">When you use the shield's Psychic Reflection property, you must make a {{@dc|20}} Charisma saving throw. On a failed save, you gain 1 level of {{@condition|exhaustion}}. If you are not already suffering from ruidium corruption, you become corrupted when you fail this save.</div></div>\n<div class=\"parser-entries\"><div class=\"parser-entries-name\">If Ruidium Is Destroyed</div><div class=\"parser-entries-content\">If the Apotheon is killed or redeemed, all the ruidium in Exandria is destroyed instantly, and a ruidium shield becomes a {{@item|+2 shield}}.</div></div>"
  },
  "bonus": {
    "ac": 2
  }
}