{
  "dataType": "item",
  "uid": "item_Flame Tongue|DMG",
  "id": "Flame Tongue|DMG",
  "rarity": "rare",
  "isBaseItem": false,
  "displayName": {
    "zh": "焰舌",
    "en": "Flame Tongue"
  },
  "mainSource": {
    "source": "DMG",
    "page": 170
  },
  "allSources": [
    {
      "source": "DMG",
      "page": 170
    },
    {
      "source": "XDMG",
      "page": 0
    },
    {
      "source": "XDMG",
      "page": 263
    }
  ],
  "relatedVersions": [
    "Flame Tongue|XDMG"
  ],
  "zh": {
    "name": "焰舌",
    "edition": "classic",
    "type": "GV|DMG",
    "requires": [
      {
        "sword": true
      }
    ],
    "inherits": {
      "namePrefix": "焰舌",
      "source": "DMG",
      "page": 170,
      "srd": true,
      "reprintedAs": [
        "焰舌|XDMG"
      ],
      "tier": "主要",
      "rarity": "rare",
      "reqAttune": true,
      "entries": [
        "你可以使用一个附赠动作来说出这把魔法剑的口令，使火焰从剑刃上爆发出来。这些火焰在40尺半径内散发出明亮的光芒，并在额外的40尺内散发出微光。当剑上燃烧时，它对任何被击中的敌人额外造成{@damage 2d6}火焰伤害。火焰持续到你再次使用附赠动作说出口令，或者直到你放下或收起剑。"
      ],
      "light": [
        {
          "bright": 40,
          "dim": 80
        }
      ],
      "lootTables": [
        "魔法物品表G"
      ]
    },
    "hasFluffImages": true,
    "ENG_name": "Flame Tongue",
    "entries": [
      "你可以使用一个附赠动作来说出这把魔法剑的口令，使火焰从剑刃上爆发出来。这些火焰在40尺半径内散发出明亮的光芒，并在额外的40尺内散发出微光。当剑上燃烧时，它对任何被击中的敌人额外造成{@damage 2d6}火焰伤害。火焰持续到你再次使用附赠动作说出口令，或者直到你放下或收起剑。"
    ],
    "html": "你可以使用一个附赠动作来说出这把魔法剑的口令，使火焰从剑刃上爆发出来。这些火焰在40尺半径内散发出明亮的光芒，并在额外的40尺内散发出微光。当剑上燃烧时，它对任何被击中的敌人额外造成{{@damage|2d6}}火焰伤害。火焰持续到你再次使用附赠动作说出口令，或者直到你放下或收起剑。"
  },
  "en": {
    "name": "Flame Tongue",
    "edition": "classic",
    "type": "GV|DMG",
    "requires": [
      {
        "sword": true
      }
    ],
    "inherits": {
      "namePrefix": "Flame Tongue ",
      "source": "DMG",
      "page": 170,
      "srd": true,
      "reprintedAs": [
        "Flame Tongue|XDMG"
      ],
      "tier": "major",
      "rarity": "rare",
      "reqAttune": true,
      "entries": [
        "You can use a bonus action to speak this magic sword's command word, causing flames to erupt from the blade. These flames shed bright light in a 40-foot radius and dim light for an additional 40 feet. While the sword is ablaze, it deals an extra {@damage 2d6} fire damage to any target it hits. The flames last until you use a bonus action to speak the command word again or until you drop or sheathe the sword."
      ],
      "light": [
        {
          "bright": 40,
          "dim": 80
        }
      ],
      "lootTables": [
        "Magic Item Table G"
      ]
    },
    "hasFluffImages": true,
    "entries": [
      "You can use a bonus action to speak this magic sword's command word, causing flames to erupt from the blade. These flames shed bright light in a 40-foot radius and dim light for an additional 40 feet. While the sword is ablaze, it deals an extra {@damage 2d6} fire damage to any target it hits. The flames last until you use a bonus action to speak the command word again or until you drop or sheathe the sword."
    ],
    "html": "You can use a bonus action to speak this magic sword's command word, causing flames to erupt from the blade. These flames shed bright light in a 40-foot radius and dim light for an additional 40 feet. While the sword is ablaze, it deals an extra {{@damage|2d6}} fire damage to any target it hits. The flames last until you use a bonus action to speak the command word again or until you drop or sheathe the sword."
  }
}