{
  "dataType": "item",
  "uid": "item_Crystal Ball of Mind Reading|DMG ",
  "id": "Crystal Ball of Mind Reading|DMG",
  "weight": 3,
  "rarity": "legendary",
  "isBaseItem": false,
  "baseItem": "",
  "displayName": {
    "zh": "读心水晶球",
    "en": "Crystal Ball of Mind Reading"
  },
  "mainSource": {
    "source": "DMG",
    "page": 159
  },
  "allSources": [
    {
      "source": "DMG",
      "page": 159
    },
    {
      "source": "XDMG",
      "page": 0
    },
    {
      "source": "XDMG",
      "page": 159
    }
  ],
  "relatedVersions": [
    "Crystal Ball of Mind Reading|XDMG"
  ],
  "zh": {
    "name": "读心水晶球",
    "source": "DMG",
    "page": 159,
    "reprintedAs": [
      "读心水晶球|XDMG"
    ],
    "tier": "主要",
    "rarity": "legendary",
    "reqAttune": true,
    "wondrous": true,
    "weight": 3,
    "entries": [
      "这个{@item 水晶球}直径约6寸。接触它期间，你可以用它施放{@spell 探知术}（豁免{@dc 17}）。",
      "你可以在使用{@item 水晶球}进行{@spell 探知术}期间，用一个动作施放{@spell 侦测思想}法术（豁免{@dc 17}），目标为你在法术传感器30尺内能看见的生物。你不需要在此{@spell 侦测思想}的持续时间内保持专注来维持它，但如果{@spell 探知术}结束，它也会结束。"
    ],
    "attachedSpells": [
      "侦测思想",
      "探知术"
    ],
    "lootTables": [
      "魔法物品表I"
    ],
    "ENG_name": "Crystal Ball of Mind Reading",
    "html": "这个{{@item|水晶球}}直径约6寸。接触它期间，你可以用它施放{{@spell|探知术}}（豁免{{@dc|17}}）。\n你可以在使用{{@item|水晶球}}进行{{@spell|探知术}}期间，用一个动作施放{{@spell|侦测思想}}法术（豁免{{@dc|17}}），目标为你在法术传感器30尺内能看见的生物。你不需要在此{{@spell|侦测思想}}的持续时间内保持专注来维持它，但如果{{@spell|探知术}}结束，它也会结束。"
  },
  "en": {
    "name": "Crystal Ball of Mind Reading",
    "source": "DMG",
    "page": 159,
    "reprintedAs": [
      "Crystal Ball of Mind Reading|XDMG"
    ],
    "tier": "major",
    "rarity": "legendary",
    "reqAttune": true,
    "wondrous": true,
    "weight": 3,
    "entries": [
      "This {@item crystal ball} is about 6 inches in diameter. While touching it, you can cast the {@spell scrying} spell (save {@dc 17}) with it.",
      "You can use an action to cast the {@spell detect thoughts} spell (save {@dc 17}) while you are {@spell scrying} with the {@item crystal ball}, targeting creatures you can see within 30 feet of the spell's sensor. You don't need to concentrate on this {@spell detect thoughts} to maintain it during its duration, but it ends if {@spell scrying} ends."
    ],
    "attachedSpells": [
      "detect thoughts",
      "scrying"
    ],
    "lootTables": [
      "Magic Item Table I"
    ],
    "html": "This {{@item|crystal ball}} is about 6 inches in diameter. While touching it, you can cast the {{@spell|scrying}} spell (save {{@dc|17}}) with it.\nYou can use an action to cast the {{@spell|detect thoughts}} spell (save {{@dc|17}}) while you are {{@spell|scrying}} with the {{@item|crystal ball}}, targeting creatures you can see within 30 feet of the spell's sensor. You don't need to concentrate on this {{@spell|detect thoughts}} to maintain it during its duration, but it ends if {{@spell|scrying}} ends."
  },
  "bonus": {}
}