{
  "dataType": "item",
  "uid": "item_Star Card|BMT ",
  "id": "Star Card|BMT",
  "rarity": "legendary",
  "isBaseItem": false,
  "full": {
    "en": {
      "images": [
        {
          "type": "image",
          "href": {
            "type": "internal",
            "path": "decks/BMT/Deck of Many Things/13-star.webp"
          },
          "credit": "Vallez Gax"
        }
      ]
    },
    "zh": {
      "images": [
        {
          "type": "image",
          "href": {
            "type": "internal",
            "path": "decks/BMT/Deck of Many Things/13-star.webp"
          },
          "credit": "Vallez Gax"
        }
      ]
    }
  },
  "baseItem": "",
  "displayName": {
    "zh": "星星卡",
    "en": "Star Card"
  },
  "mainSource": {
    "source": "BMT",
    "page": 15
  },
  "allSources": [
    {
      "source": "BMT",
      "page": 15
    }
  ],
  "zh": {
    "name": "星星卡",
    "source": "BMT",
    "page": 15,
    "rarity": "legendary",
    "wondrous": true,
    "recharge": "拂晓",
    "entries": [
      "作为附赠动作，你可以在举起这张卡牌期间说出命令语，使你在其后的10分钟内进行的所有豁免检定具有优势。这一属性一经使用，直到次日黎明之前无法再次使用。"
    ],
    "hasFluffImages": true,
    "ENG_name": "Star Card",
    "html": "作为附赠动作，你可以在举起这张卡牌期间说出命令语，使你在其后的10分钟内进行的所有豁免检定具有优势。这一属性一经使用，直到次日黎明之前无法再次使用。"
  },
  "en": {
    "name": "Star Card",
    "source": "BMT",
    "page": 15,
    "rarity": "legendary",
    "wondrous": true,
    "recharge": "dawn",
    "entries": [
      "As a bonus action, you can speak a command word while holding this card aloft to gain advantage on all saving throws you make for the next 10 minutes. Once this property is used, it can't be used again until the next dawn."
    ],
    "hasFluffImages": true,
    "html": "As a bonus action, you can speak a command word while holding this card aloft to gain advantage on all saving throws you make for the next 10 minutes. Once this property is used, it can't be used again until the next dawn."
  },
  "bonus": {}
}