{
  "dataType": "item",
  "uid": "item_Dagger of Venom|DMG ",
  "id": "Dagger of Venom|DMG",
  "weight": 1,
  "rarity": "rare",
  "isBaseItem": false,
  "full": {
    "en": {
      "images": [
        {
          "type": "image",
          "href": {
            "type": "internal",
            "path": "items/DMG/Dagger of Venom.webp"
          }
        }
      ]
    },
    "zh": {
      "images": [
        {
          "type": "image",
          "href": {
            "type": "internal",
            "path": "items/DMG/Dagger of Venom.webp"
          }
        }
      ]
    }
  },
  "baseItem": "dagger|phb",
  "displayName": {
    "zh": "淬毒匕首",
    "en": "Dagger of Venom"
  },
  "mainSource": {
    "source": "DMG",
    "page": 161
  },
  "allSources": [
    {
      "source": "DMG",
      "page": 161
    },
    {
      "source": "XDMG",
      "page": 0
    },
    {
      "source": "XDMG",
      "page": 248
    }
  ],
  "relatedVersions": [
    "Dagger of Venom|XDMG"
  ],
  "zh": {
    "name": "淬毒匕首",
    "source": "DMG",
    "page": 161,
    "srd": true,
    "reprintedAs": [
      "淬毒匕首|XDMG"
    ],
    "baseItem": "匕首|PHB",
    "type": "M",
    "tier": "主要",
    "rarity": "rare",
    "weight": 1,
    "weaponCategory": "简易",
    "property": [
      "F",
      "L",
      "T"
    ],
    "range": "20/60",
    "dmg1": "1d4",
    "dmgType": "P",
    "bonusWeapon": "+1",
    "entries": [
      "你在用该魔法武器发动攻击检定和伤害掷骰时获得+1加值。",
      "你可以用一个动作使匕首涂上毒液。毒液存在1分钟，或直至你用这把武器成功命中某名生物。被击中生物必须进行一次{@dc 15}的体质豁免，豁免失败则受{@damage 2d10}点毒素伤害并变为{@condition 中毒}状态1分钟。直到次日黎明前，该匕首都无法再以该方式进行使用。"
    ],
    "lootTables": [
      "魔法物品表G"
    ],
    "hasFluffImages": true,
    "ENG_name": "Dagger of Venom",
    "html": "你在用该魔法武器发动攻击检定和伤害掷骰时获得+1加值。\n你可以用一个动作使匕首涂上毒液。毒液存在1分钟，或直至你用这把武器成功命中某名生物。被击中生物必须进行一次{{@dc|15}}的体质豁免，豁免失败则受{{@damage|2d10}}点毒素伤害并变为{{@condition|中毒}}状态1分钟。直到次日黎明前，该匕首都无法再以该方式进行使用。"
  },
  "en": {
    "name": "Dagger of Venom",
    "source": "DMG",
    "page": 161,
    "srd": true,
    "reprintedAs": [
      "Dagger of Venom|XDMG"
    ],
    "baseItem": "dagger|phb",
    "type": "M",
    "tier": "major",
    "rarity": "rare",
    "weight": 1,
    "weaponCategory": "simple",
    "property": [
      "F",
      "L",
      "T"
    ],
    "range": "20/60",
    "dmg1": "1d4",
    "dmgType": "P",
    "bonusWeapon": "+1",
    "entries": [
      "You gain a +1 bonus to attack and damage rolls made with this magic weapon.",
      "You can use an action to cause thick, black poison to coat the blade. The poison remains for 1 minute or until an attack using this weapon hits a creature. That creature must succeed on a {@dc 15} Constitution saving throw or take {@damage 2d10} poison damage and become {@condition poisoned} for 1 minute. The dagger can't be used this way again until the next dawn."
    ],
    "lootTables": [
      "Magic Item Table G"
    ],
    "hasFluffImages": true,
    "html": "You gain a +1 bonus to attack and damage rolls made with this magic weapon.\nYou can use an action to cause thick, black poison to coat the blade. The poison remains for 1 minute or until an attack using this weapon hits a creature. That creature must succeed on a {{@dc|15}} Constitution saving throw or take {{@damage|2d10}} poison damage and become {{@condition|poisoned}} for 1 minute. The dagger can't be used this way again until the next dawn."
  },
  "weapon": {
    "category": "simple",
    "weaponCategory": "simple",
    "dmg1": "1d4",
    "dmgType": "P",
    "dmgs": [
      "1d4"
    ],
    "range": {
      "min": 20,
      "max": 60
    },
    "property": [
      "F",
      "L",
      "T"
    ]
  },
  "bonus": {
    "weapon": 1
  }
}