{
  "dataType": "item",
  "uid": "item_Dimensional Shackles|DMG ",
  "id": "Dimensional Shackles|DMG",
  "rarity": "rare",
  "isBaseItem": false,
  "full": {
    "en": {
      "images": [
        {
          "type": "image",
          "href": {
            "type": "internal",
            "path": "items/DMG/Dimensional Shackles.webp"
          }
        }
      ]
    },
    "zh": {
      "images": [
        {
          "type": "image",
          "href": {
            "type": "internal",
            "path": "items/DMG/Dimensional Shackles.webp"
          }
        }
      ]
    }
  },
  "baseItem": "",
  "displayName": {
    "zh": "次元镣铐",
    "en": "Dimensional Shackles"
  },
  "mainSource": {
    "source": "DMG",
    "page": 165
  },
  "allSources": [
    {
      "source": "DMG",
      "page": 165
    },
    {
      "source": "XDMG",
      "page": 0
    },
    {
      "source": "XDMG",
      "page": 254
    }
  ],
  "relatedVersions": [
    "Dimensional Shackles|XDMG"
  ],
  "zh": {
    "name": "次元镣铐",
    "source": "DMG",
    "page": 165,
    "srd": true,
    "reprintedAs": [
      "次元镣铐|XDMG"
    ],
    "tier": "主要",
    "rarity": "rare",
    "wondrous": true,
    "entries": [
      "你可以用一个动作来以此镣铐约束一个{@condition 失能}的生物。镣铐可以自行调整适应从小型到大型体型的生物。除普通镣铐的作用之外，次元镣铐还能阻止被其约束生物进行异次元移动，包括传送和异位面旅行。不过镣铐并不能阻止生物穿过一道连接异位面的传送门。",
      "你（和你指定的任何生物）可以用一个动作直接解除此镣铐。每隔30日，被约束的生物可以进行一次{@dc 30}的力量（{@skill 运动}）检定，成功则破坏镣铐重获自由。"
    ],
    "optionalfeatures": [
      "仿制魔法物品|TCE"
    ],
    "lootTables": [
      "魔法物品表G"
    ],
    "hasFluffImages": true,
    "ENG_name": "Dimensional Shackles",
    "html": "你可以用一个动作来以此镣铐约束一个{{@condition|失能}}的生物。镣铐可以自行调整适应从小型到大型体型的生物。除普通镣铐的作用之外，次元镣铐还能阻止被其约束生物进行异次元移动，包括传送和异位面旅行。不过镣铐并不能阻止生物穿过一道连接异位面的传送门。\n你（和你指定的任何生物）可以用一个动作直接解除此镣铐。每隔30日，被约束的生物可以进行一次{{@dc|30}}的力量（{{@skill|运动}}）检定，成功则破坏镣铐重获自由。"
  },
  "en": {
    "name": "Dimensional Shackles",
    "source": "DMG",
    "page": 165,
    "srd": true,
    "reprintedAs": [
      "Dimensional Shackles|XDMG"
    ],
    "tier": "major",
    "rarity": "rare",
    "wondrous": true,
    "entries": [
      "You can use an action to place these shackles on an {@condition incapacitated} creature. The shackles adjust to fit a creature of Small to Large size. In addition to serving as mundane manacles, the shackles prevent a creature bound by them from using any method of extradimensional movement, including teleportation or travel to a different plane of existence. They don't prevent the creature from passing-through an interdimensional portal.",
      "You and any creature you designate when you use the shackles can use an action to remove them. Once every 30 days, the bound creature can make a {@dc 30} Strength ({@skill Athletics}) check. On a success, the creature breaks free and destroys the shackles."
    ],
    "optionalfeatures": [
      "replicate magic item|tce"
    ],
    "lootTables": [
      "Magic Item Table G"
    ],
    "hasFluffImages": true,
    "html": "You can use an action to place these shackles on an {{@condition|incapacitated}} creature. The shackles adjust to fit a creature of Small to Large size. In addition to serving as mundane manacles, the shackles prevent a creature bound by them from using any method of extradimensional movement, including teleportation or travel to a different plane of existence. They don't prevent the creature from passing-through an interdimensional portal.\nYou and any creature you designate when you use the shackles can use an action to remove them. Once every 30 days, the bound creature can make a {{@dc|30}} Strength ({{@skill|Athletics}}) check. On a success, the creature breaks free and destroys the shackles."
  },
  "bonus": {}
}