{
  "dataType": "item",
  "uid": "item_Armor of Fungal Spores|BMT",
  "id": "Armor of Fungal Spores|BMT",
  "rarity": "uncommon",
  "isBaseItem": false,
  "displayName": {
    "zh": "蕈孢木甲",
    "en": "Armor of Fungal Spores"
  },
  "mainSource": {
    "source": "BMT",
    "page": 65
  },
  "allSources": [
    {
      "source": "BMT",
      "page": 65
    }
  ],
  "zh": {
    "name": "蕈孢木甲",
    "type": "GV|DMG",
    "requires": [
      {
        "type": "MA"
      },
      {
        "type": "MA|XPHB"
      }
    ],
    "inherits": {
      "nameSuffix": "蕈孢",
      "source": "BMT",
      "page": 65,
      "rarity": "uncommon",
      "entries": [
        "在穿戴这套盔甲时，你可以使用一个额外动作让盔甲散发出毒孢子，这些毒孢子会填满以你为中心、半径10英尺的球体。该区域内的每个生物都必须通过一次{@dc 15}体质豁免掷骰，否则将在你的下一个回合结束前处于中毒状态。一旦使用了这个特性，直到次日黎明之前不能再使用。"
      ]
    },
    "hasFluffImages": true,
    "ENG_name": "Armor of Fungal Spores",
    "entries": [
      "在穿戴这套盔甲时，你可以使用一个额外动作让盔甲散发出毒孢子，这些毒孢子会填满以你为中心、半径10英尺的球体。该区域内的每个生物都必须通过一次{@dc 15}体质豁免掷骰，否则将在你的下一个回合结束前处于中毒状态。一旦使用了这个特性，直到次日黎明之前不能再使用。"
    ],
    "html": "在穿戴这套盔甲时，你可以使用一个额外动作让盔甲散发出毒孢子，这些毒孢子会填满以你为中心、半径10英尺的球体。该区域内的每个生物都必须通过一次{{@dc|15}}体质豁免掷骰，否则将在你的下一个回合结束前处于中毒状态。一旦使用了这个特性，直到次日黎明之前不能再使用。"
  },
  "en": {
    "name": "Armor of Fungal Spores",
    "type": "GV|DMG",
    "requires": [
      {
        "type": "MA"
      },
      {
        "type": "MA|XPHB"
      }
    ],
    "inherits": {
      "nameSuffix": " of Fungal Spores",
      "source": "BMT",
      "page": 65,
      "rarity": "uncommon",
      "entries": [
        "While wearing this armor, you can take a bonus action to make the armor emit poisonous spores, which fill a 10-foot-radius sphere centered on yourself. Each creature in that area must succeed on a {@dc 15} Constitution saving throw or have the poisoned condition until the end of your next turn. Once this property is used, it can't be used again until the next dawn."
      ]
    },
    "hasFluffImages": true,
    "entries": [
      "While wearing this armor, you can take a bonus action to make the armor emit poisonous spores, which fill a 10-foot-radius sphere centered on yourself. Each creature in that area must succeed on a {@dc 15} Constitution saving throw or have the poisoned condition until the end of your next turn. Once this property is used, it can't be used again until the next dawn."
    ],
    "html": "While wearing this armor, you can take a bonus action to make the armor emit poisonous spores, which fill a 10-foot-radius sphere centered on yourself. Each creature in that area must succeed on a {{@dc|15}} Constitution saving throw or have the poisoned condition until the end of your next turn. Once this property is used, it can't be used again until the next dawn."
  }
}