{
  "dataType": "item",
  "uid": "item_Ruby Rod of Asmodeus|CoA ",
  "id": "Ruby Rod of Asmodeus|CoA",
  "rarity": "artifact",
  "isBaseItem": false,
  "full": {
    "en": {
      "images": [
        {
          "type": "image",
          "href": {
            "type": "internal",
            "path": "items/CoA/Ruby Rod of Asmodeus and Scourge of Shadow.webp"
          },
          "title": "Scourge of Shadow (left) and Ruby Rod of Asmodeus (right)",
          "credit": "Aaron Sims"
        }
      ]
    },
    "zh": {
      "images": [
        {
          "type": "image",
          "href": {
            "type": "internal",
            "path": "items/CoA/Ruby Rod of Asmodeus and Scourge of Shadow.webp"
          },
          "title": "暗影之鞭（左）和阿斯蒙蒂斯的红宝石魔杖（右）",
          "credit": "Aaron Sims"
        }
      ]
    }
  },
  "baseItem": "",
  "displayName": {
    "zh": "阿斯蒙蒂斯的红石法杖",
    "en": "Ruby Rod of Asmodeus"
  },
  "mainSource": {
    "source": "CoA",
    "page": 274
  },
  "allSources": [
    {
      "source": "CoA",
      "page": 274
    }
  ],
  "zh": {
    "name": "阿斯蒙蒂斯的红石法杖",
    "source": "CoA",
    "page": 274,
    "type": "RD|DMG",
    "rarity": "artifact",
    "reqAttune": true,
    "bonusWeapon": "+2",
    "recharge": "黄昏",
    "rechargeAmount": "{@dice 6d6}",
    "charges": 66,
    "entries": [
      "阿斯蒙蒂斯的红宝石法杖据说是由一块纯净邪恶的碎片制成，一颗浸泡在无辜者鲜血中的红宝石，来自龙神的唾液，以及777位天使的眼泪。这是一根具有晨星功能的魔法法杖，你对使用它的攻击和伤害骰有+2的加值。所有用它造成的伤害都转换为暗蚀伤害，当你击中一个善良阵营的生物时，那个生物会额外受到{@damage 2d12}暗蚀伤害。",
      "阿斯蒙蒂斯的红宝石法杖拥有66次充能，并在每个夜晚恢复{@dice 6d6}次充能。阿斯蒙蒂斯总是能够通过法杖感知，并知道任何与其共鸣的生物的确切位置。如果一个生物在没有阿斯蒙蒂斯许可的情况下使用法杖的特殊能力，他们每次使用会受到{@damage 2d12}点暗蚀伤害，如果是善良阵营则伤害翻倍。此伤害无视抗性和免疫，如果它杀死了使用者，阿斯蒙蒂斯将永久性地占有他们的灵魂。",
      {
        "ENG_name": "Random Properties",
        "name": "随机词条",
        "type": "entries",
        "entries": [
          "阿斯蒙蒂斯的红宝石法杖具有以下随机属性：",
          {
            "type": "list",
            "items": [
              "1项{@table 神器词条; 次要增益词条|DMG|弱效增益}属性",
              "一个{@table 神器词条; 主要增益词条|DMG|强效增益}属性",
              "2项{@table 神器词条; 主要减益词条|DMG|强效减益}属性"
            ]
          },
          "阿斯蒙蒂斯对这件武器的有害属性免疫。"
        ]
      },
      {
        "ENG_name": "Bow to the King",
        "name": "向王致敬",
        "type": "entries",
        "entries": [
          "你可以使用一个动作来消耗33点充能以使用该法杖，迫使150英尺半径范围内的所有生物向你鞠躬。一个生物必须成功通过一个{@dc 21}的魅力豁免检定，否则将被强制跪下最多1小时。对{@condition 魅惑}状态免疫的生物在豁免检定上具有优势。每当一个跪下的生物受到伤害时，它可以重复豁免检定，成功则结束效果。如果跪下的生物被红宝石法杖触碰，效果也会提前结束。"
        ]
      },
      {
        "ENG_name": "Acid, Cold, and Lightning",
        "name": "强酸、冷冻和闪电",
        "type": "entries",
        "entries": [
          "每次使用需要消耗9个充能点，你可以采取动作来触发以下效果之一：",
          {
            "type": "list",
            "items": [
              "你投射出一条60英尺长、5英尺宽范围的酸液。该直线上的每个生物必须进行一次{@dc 18}敏捷豁免检定，检定失败时受到{@damage 12d8}点强酸伤害，检定成功则只受到一半伤害。",
              "作为一个动作，你可以施放 {@dc 19}（dc豁免 {@damage 12d8}）。在完成一次短休息或长休息后，你会恢复此能力。",
              "你向一条 90 英尺长、5 英尺宽的直线内释放闪电。该直线内的每个生物必须进行一次 {@dc 19} 敏捷豁免，豁免失败则受到 {@damage 12d10} 点闪电伤害，豁免成功则受到一半伤害。"
            ]
          }
        ]
      },
      {
        "ENG_name": "Reactions",
        "name": "反应",
        "type": "entries",
        "entries": [
          "作为对不利效果的反应，你可以施放{@spell 次级复原术}（消耗3个充能）或{@spell 高等复原术}（消耗12个充能）。",
          "此外，如果你是法术的唯一目标，你可以使用反应尝试使用魔杖吸收法术并取消其效果。你掷{@dice 1d20 + 2}，如果结果比法术等级+10高，法术就被吸收进魔杖。魔杖恢复等于它吸收的法术等级的充能次数。如果吸收的充能超过最大66次充能，它将过载，对你造成每充能{@damage 1d6}点暗蚀伤害，并消耗所有充能。"
        ]
      },
      {
        "ENG_name": "Destroying the Rod",
        "name": "摧毁法杖",
        "type": "entries",
        "entries": [
          "只要阿斯蒙蒂斯乌斯活着，阿斯蒙蒂斯乌斯的红宝石法杖就无法被摧毁，如果有人试图摧毁它，它将简单地返回到阿斯蒙蒂斯乌斯那里。如果他被击败，法杖可以通过将其带到它被创造的深渊，然后执行一个只有阿斯蒙蒂斯乌斯知道的仪式来摧毁。"
        ]
      }
    ],
    "attachedSpells": {
      "charges": {
        "3": [
          "次级复原术"
        ],
        "12": [
          "高等复原术"
        ]
      }
    },
    "hasFluffImages": true,
    "ENG_name": "Ruby Rod of Asmodeus",
    "html": "阿斯蒙蒂斯的红宝石法杖据说是由一块纯净邪恶的碎片制成，一颗浸泡在无辜者鲜血中的红宝石，来自龙神的唾液，以及777位天使的眼泪。这是一根具有晨星功能的魔法法杖，你对使用它的攻击和伤害骰有+2的加值。所有用它造成的伤害都转换为暗蚀伤害，当你击中一个善良阵营的生物时，那个生物会额外受到{{@damage|2d12}}暗蚀伤害。\n阿斯蒙蒂斯的红宝石法杖拥有66次充能，并在每个夜晚恢复{{@dice|6d6}}次充能。阿斯蒙蒂斯总是能够通过法杖感知，并知道任何与其共鸣的生物的确切位置。如果一个生物在没有阿斯蒙蒂斯许可的情况下使用法杖的特殊能力，他们每次使用会受到{{@damage|2d12}}点暗蚀伤害，如果是善良阵营则伤害翻倍。此伤害无视抗性和免疫，如果它杀死了使用者，阿斯蒙蒂斯将永久性地占有他们的灵魂。\n<div class=\"parser-entries\"><div class=\"parser-entries-name\">随机词条</div><div class=\"parser-entries-eng-name\">Random Properties</div><div class=\"parser-entries-content\">阿斯蒙蒂斯的红宝石法杖具有以下随机属性：<ul class=\"parser-list parser-list-default\"><li>1项{{@table|神器词条; 次要增益词条|DMG|弱效增益}}属性</li><li>一个{{@table|神器词条; 主要增益词条|DMG|强效增益}}属性</li><li>2项{{@table|神器词条; 主要减益词条|DMG|强效减益}}属性</li></ul>阿斯蒙蒂斯对这件武器的有害属性免疫。</div></div>\n<div class=\"parser-entries\"><div class=\"parser-entries-name\">向王致敬</div><div class=\"parser-entries-eng-name\">Bow to the King</div><div class=\"parser-entries-content\">你可以使用一个动作来消耗33点充能以使用该法杖，迫使150英尺半径范围内的所有生物向你鞠躬。一个生物必须成功通过一个{{@dc|21}}的魅力豁免检定，否则将被强制跪下最多1小时。对{{@condition|魅惑}}状态免疫的生物在豁免检定上具有优势。每当一个跪下的生物受到伤害时，它可以重复豁免检定，成功则结束效果。如果跪下的生物被红宝石法杖触碰，效果也会提前结束。</div></div>\n<div class=\"parser-entries\"><div class=\"parser-entries-name\">强酸、冷冻和闪电</div><div class=\"parser-entries-eng-name\">Acid, Cold, and Lightning</div><div class=\"parser-entries-content\">每次使用需要消耗9个充能点，你可以采取动作来触发以下效果之一：<ul class=\"parser-list parser-list-default\"><li>你投射出一条60英尺长、5英尺宽范围的酸液。该直线上的每个生物必须进行一次{{@dc|18}}敏捷豁免检定，检定失败时受到{{@damage|12d8}}点强酸伤害，检定成功则只受到一半伤害。</li><li>作为一个动作，你可以施放 {{@dc|19}}（dc豁免 {{@damage|12d8}}）。在完成一次短休息或长休息后，你会恢复此能力。</li><li>你向一条 90 英尺长、5 英尺宽的直线内释放闪电。该直线内的每个生物必须进行一次 {{@dc|19}} 敏捷豁免，豁免失败则受到 {{@damage|12d10}} 点闪电伤害，豁免成功则受到一半伤害。</li></ul></div></div>\n<div class=\"parser-entries\"><div class=\"parser-entries-name\">反应</div><div class=\"parser-entries-eng-name\">Reactions</div><div class=\"parser-entries-content\">作为对不利效果的反应，你可以施放{{@spell|次级复原术}}（消耗3个充能）或{{@spell|高等复原术}}（消耗12个充能）。此外，如果你是法术的唯一目标，你可以使用反应尝试使用魔杖吸收法术并取消其效果。你掷{{@dice|1d20 + 2}}，如果结果比法术等级+10高，法术就被吸收进魔杖。魔杖恢复等于它吸收的法术等级的充能次数。如果吸收的充能超过最大66次充能，它将过载，对你造成每充能{{@damage|1d6}}点暗蚀伤害，并消耗所有充能。</div></div>\n<div class=\"parser-entries\"><div class=\"parser-entries-name\">摧毁法杖</div><div class=\"parser-entries-eng-name\">Destroying the Rod</div><div class=\"parser-entries-content\">只要阿斯蒙蒂斯乌斯活着，阿斯蒙蒂斯乌斯的红宝石法杖就无法被摧毁，如果有人试图摧毁它，它将简单地返回到阿斯蒙蒂斯乌斯那里。如果他被击败，法杖可以通过将其带到它被创造的深渊，然后执行一个只有阿斯蒙蒂斯乌斯知道的仪式来摧毁。</div></div>"
  },
  "en": {
    "name": "Ruby Rod of Asmodeus",
    "source": "CoA",
    "page": 274,
    "type": "RD|DMG",
    "rarity": "artifact",
    "reqAttune": true,
    "bonusWeapon": "+2",
    "recharge": "dusk",
    "rechargeAmount": "{@dice 6d6}",
    "charges": 66,
    "entries": [
      "Asmodeus's Ruby Rod is said to have been constructed from a shard of pure evil, a ruby soaked in the blood of the innocents, the drool from a draconic deity, and the tears of 777 angels. It is a magic rod that functions as a morningstar and you have a +2 bonus to attack and damage rolls made with it. All damage dealt with it is converted to necrotic, and when you hit a good aligned creature, that creature takes an extra {@damage 2d12} necrotic damage.",
      "The Ruby Rod of Asmodeus has 66 charges and regains {@dice 6d6} charges each nightfall. Asmodeus is always capable of perceiving through the rod and knows the exact location of any creature attuned to it. If a creature uses the special abilities of the rod without Asmodeus's permission, they take {@damage 2d12} necrotic damage each use, doubled if they're good aligned. This damage ignores resistances and immunities, and if it kills the user, Asmodeus permanently claims their soul.",
      {
        "type": "entries",
        "name": "Random Properties",
        "entries": [
          "The Ruby Rod of Asmodeus has the following random properties:",
          {
            "type": "list",
            "items": [
              "1 {@table Artifact Properties; Minor Beneficial Properties|dmg|minor beneficial} property",
              "1 {@table Artifact Properties; Major Beneficial Properties|dmg|major beneficial} property",
              "2 {@table Artifact Properties; Major Detrimental Properties|dmg|major detrimental} properties"
            ]
          },
          "Asmodeus is immune to the detrimental properties of the weapon."
        ]
      },
      {
        "type": "entries",
        "name": "Bow to the King",
        "entries": [
          "You may use an action to expend 33 charges to use the rod to force all creatures within a 150-foot-radius to bow to you. A creature must succeed on a {@dc 21} Charisma saving throw or be forced to kneel for up to 1 hour. Creatures immune to the {@condition charmed} condition have advantage on their save. Each time a kneeling creature takes damage, they may repeat the save, ending the effect on a success. The effect also ends early for kneeling creatures if they're touched by the Ruby Rod."
        ]
      },
      {
        "type": "entries",
        "name": "Acid, Cold, and Lightning",
        "entries": [
          "At a cost of 9 charges each use, you may use an action to trigger one of the following effects:",
          {
            "type": "list",
            "items": [
              "You project acid in a 60-foot line that is 5 feet wide. Each creature in that line must make a {@dc 18} Dexterity saving throw, taking {@damage 12d8} acid damage on a failed save, or half as much damage on a successful one.",
              "You project an icy blast in a 60-foot cone. Each creature in that area must make a {@dc 19} Constitution saving throw, taking {@damage 12d8} cold damage on a failed save, or half as much damage on a successful one.",
              "You shoot lightning in a 90-foot line that is 5 feet wide. Each creature in that line must make a {@dc 19} Dexterity saving throw, taking {@damage 12d10} lightning damage on a failed save, or half as much damage on a successful one."
            ]
          }
        ]
      },
      {
        "type": "entries",
        "name": "Reactions",
        "entries": [
          "As a reaction to suffering a detrimental effect, you may cast {@spell Lesser Restoration} (expending 3 charges) or {@spell Greater Restoration} (expending 12 charges.)",
          "Additionally, if you're the sole target of a spell, you may use a reaction to attempt to use the rod to absorb the spell and cancel its effect. You roll {@dice 1d20 + 2}, and if the result is higher than the spell level + 10, the spell is absorbed into the rod. The rod regains charges equal to the spell level it absorbed. If the absorbed charges go over the maximum of 66 charges, it overloads, dealing {@damage 1d6} necrotic damage per charge to you and expending all charges."
        ]
      },
      {
        "type": "entries",
        "name": "Destroying the Rod",
        "entries": [
          "While Asmodeus lives, the Ruby Rod of Asmodeus can't be destroyed, and if attempted it simply returns to Asmodeus. If he were defeated, the rod could be destroyed by bringing it to the Abyss from whence it was created, then performing a ritual known only to Asmodeus."
        ]
      }
    ],
    "attachedSpells": {
      "charges": {
        "3": [
          "lesser restoration"
        ],
        "12": [
          "greater restoration"
        ]
      }
    },
    "hasFluffImages": true,
    "html": "Asmodeus's Ruby Rod is said to have been constructed from a shard of pure evil, a ruby soaked in the blood of the innocents, the drool from a draconic deity, and the tears of 777 angels. It is a magic rod that functions as a morningstar and you have a +2 bonus to attack and damage rolls made with it. All damage dealt with it is converted to necrotic, and when you hit a good aligned creature, that creature takes an extra {{@damage|2d12}} necrotic damage.\nThe Ruby Rod of Asmodeus has 66 charges and regains {{@dice|6d6}} charges each nightfall. Asmodeus is always capable of perceiving through the rod and knows the exact location of any creature attuned to it. If a creature uses the special abilities of the rod without Asmodeus's permission, they take {{@damage|2d12}} necrotic damage each use, doubled if they're good aligned. This damage ignores resistances and immunities, and if it kills the user, Asmodeus permanently claims their soul.\n<div class=\"parser-entries\"><div class=\"parser-entries-name\">Random Properties</div><div class=\"parser-entries-content\">The Ruby Rod of Asmodeus has the following random properties:<ul class=\"parser-list parser-list-default\"><li>1 {{@table|Artifact Properties; Minor Beneficial Properties|dmg|minor beneficial}} property</li><li>1 {{@table|Artifact Properties; Major Beneficial Properties|dmg|major beneficial}} property</li><li>2 {{@table|Artifact Properties; Major Detrimental Properties|dmg|major detrimental}} properties</li></ul>Asmodeus is immune to the detrimental properties of the weapon.</div></div>\n<div class=\"parser-entries\"><div class=\"parser-entries-name\">Bow to the King</div><div class=\"parser-entries-content\">You may use an action to expend 33 charges to use the rod to force all creatures within a 150-foot-radius to bow to you. A creature must succeed on a {{@dc|21}} Charisma saving throw or be forced to kneel for up to 1 hour. Creatures immune to the {{@condition|charmed}} condition have advantage on their save. Each time a kneeling creature takes damage, they may repeat the save, ending the effect on a success. The effect also ends early for kneeling creatures if they're touched by the Ruby Rod.</div></div>\n<div class=\"parser-entries\"><div class=\"parser-entries-name\">Acid, Cold, and Lightning</div><div class=\"parser-entries-content\">At a cost of 9 charges each use, you may use an action to trigger one of the following effects:<ul class=\"parser-list parser-list-default\"><li>You project acid in a 60-foot line that is 5 feet wide. Each creature in that line must make a {{@dc|18}} Dexterity saving throw, taking {{@damage|12d8}} acid damage on a failed save, or half as much damage on a successful one.</li><li>You project an icy blast in a 60-foot cone. Each creature in that area must make a {{@dc|19}} Constitution saving throw, taking {{@damage|12d8}} cold damage on a failed save, or half as much damage on a successful one.</li><li>You shoot lightning in a 90-foot line that is 5 feet wide. Each creature in that line must make a {{@dc|19}} Dexterity saving throw, taking {{@damage|12d10}} lightning damage on a failed save, or half as much damage on a successful one.</li></ul></div></div>\n<div class=\"parser-entries\"><div class=\"parser-entries-name\">Reactions</div><div class=\"parser-entries-content\">As a reaction to suffering a detrimental effect, you may cast {{@spell|Lesser Restoration}} (expending 3 charges) or {{@spell|Greater Restoration}} (expending 12 charges.)Additionally, if you're the sole target of a spell, you may use a reaction to attempt to use the rod to absorb the spell and cancel its effect. You roll {{@dice|1d20 + 2}}, and if the result is higher than the spell level + 10, the spell is absorbed into the rod. The rod regains charges equal to the spell level it absorbed. If the absorbed charges go over the maximum of 66 charges, it overloads, dealing {{@damage|1d6}} necrotic damage per charge to you and expending all charges.</div></div>\n<div class=\"parser-entries\"><div class=\"parser-entries-name\">Destroying the Rod</div><div class=\"parser-entries-content\">While Asmodeus lives, the Ruby Rod of Asmodeus can't be destroyed, and if attempted it simply returns to Asmodeus. If he were defeated, the rod could be destroyed by bringing it to the Abyss from whence it was created, then performing a ritual known only to Asmodeus.</div></div>"
  },
  "charge": {
    "max": 66,
    "rechargeAt": "dusk",
    "rechargeAmount": "{@dice 6d6}"
  },
  "bonus": {
    "weapon": 2
  }
}