{
  "dataType": "item",
  "uid": "item_Hammerhead Ship|AAG ",
  "id": "Hammerhead Ship|AAG",
  "value": 4000000,
  "rarity": "none",
  "isBaseItem": false,
  "baseItem": "",
  "displayName": {
    "zh": "锤头鲨舰",
    "en": "Hammerhead Ship"
  },
  "mainSource": {
    "source": "AAG",
    "page": 32
  },
  "allSources": [
    {
      "source": "AAG",
      "page": 32
    }
  ],
  "zh": {
    "name": "锤头鲨舰",
    "source": "AAG",
    "page": 32,
    "otherSources": [
      {
        "source": "SjA"
      }
    ],
    "type": "SPC|AAG",
    "rarity": "none",
    "value": 4000000,
    "crew": 15,
    "vehAc": 15,
    "vehHp": 400,
    "vehDmgThresh": 15,
    "vehSpeed": 4,
    "capCargo": 30,
    "entries": [
      "锤头鲨舰是一种流行的舰船，尤其是在对载货量有需求的海盗和商人中。她们可以漂浮在水面上并在水上航行，但它们不是为降落在地面上而建造的（她们的龙骨会使她们侧翻）。锤头舰上的标准武器包括前置和后置的投石机、弩炮和用于撞击的加固弓形船头。"
    ],
    "seeAlsoVehicle": [
      "锤头鲨舰|AAG"
    ],
    "ENG_name": "Hammerhead Ship",
    "html": "锤头鲨舰是一种流行的舰船，尤其是在对载货量有需求的海盗和商人中。她们可以漂浮在水面上并在水上航行，但它们不是为降落在地面上而建造的（她们的龙骨会使她们侧翻）。锤头舰上的标准武器包括前置和后置的投石机、弩炮和用于撞击的加固弓形船头。"
  },
  "en": {
    "name": "Hammerhead Ship",
    "source": "AAG",
    "page": 32,
    "otherSources": [
      {
        "source": "SjA"
      }
    ],
    "type": "SPC|AAG",
    "rarity": "none",
    "value": 4000000,
    "crew": 15,
    "vehAc": 15,
    "vehHp": 400,
    "vehDmgThresh": 15,
    "vehSpeed": 4,
    "capCargo": 30,
    "entries": [
      "Hammerhead ships are popular craft, especially among pirates and merchants carrying heavy cargo. They can float on water and sail across it, but they aren't built to land on the ground (their keels would cause them to tip to one side). Standard weapons on a hammerhead ship include fore and aft mangonels, a ballista, and a reinforced bow for ramming."
    ],
    "seeAlsoVehicle": [
      "Hammerhead Ship|AAG"
    ],
    "html": "Hammerhead ships are popular craft, especially among pirates and merchants carrying heavy cargo. They can float on water and sail across it, but they aren't built to land on the ground (their keels would cause them to tip to one side). Standard weapons on a hammerhead ship include fore and aft mangonels, a ballista, and a reinforced bow for ramming."
  },
  "bonus": {}
}