{
  "dataType": "item",
  "uid": "item_Ring of Collecting|CoA ",
  "id": "Ring of Collecting|CoA",
  "rarity": "very rare",
  "isBaseItem": false,
  "baseItem": "",
  "displayName": {
    "zh": "收集戒指",
    "en": "Ring of Collecting"
  },
  "mainSource": {
    "source": "CoA",
    "page": 268
  },
  "allSources": [
    {
      "source": "CoA",
      "page": 268
    }
  ],
  "zh": {
    "name": "收集戒指",
    "source": "CoA",
    "page": 268,
    "type": "RG|DMG",
    "rarity": "very rare",
    "reqAttune": true,
    "entries": [
      "佩戴这枚戒指时，你可以使用它作为动作来施放{@spell 李欧蒙小屋}法术。一旦使用了这个属性，直到下一个黎明之前它不能再次使用。此外，作为一个附赠动作，你可以使用戒指在60尺内使任何非魔法艺术品（图画、绘画或雕塑）解体，只要这件艺术品不大于中型尺寸。这件艺术品现在会出现在小屋里面，供你在任何时候欣赏。如果你试图从小屋中移除这件艺术品，它将永远消失。你可以通过拒绝让世界其他地方拥有这样的美来稳步改善这个空间。每获得价值1000金币的艺术品，小屋的半径就会增加一尺，并且持续时间增加一个小时。"
    ],
    "attachedSpells": {
      "daily": {
        "1e": [
          "李欧蒙小屋"
        ]
      }
    },
    "ENG_name": "Ring of Collecting",
    "html": "佩戴这枚戒指时，你可以使用它作为动作来施放{{@spell|李欧蒙小屋}}法术。一旦使用了这个属性，直到下一个黎明之前它不能再次使用。此外，作为一个附赠动作，你可以使用戒指在60尺内使任何非魔法艺术品（图画、绘画或雕塑）解体，只要这件艺术品不大于中型尺寸。这件艺术品现在会出现在小屋里面，供你在任何时候欣赏。如果你试图从小屋中移除这件艺术品，它将永远消失。你可以通过拒绝让世界其他地方拥有这样的美来稳步改善这个空间。每获得价值1000金币的艺术品，小屋的半径就会增加一尺，并且持续时间增加一个小时。"
  },
  "en": {
    "name": "Ring of Collecting",
    "source": "CoA",
    "page": 268,
    "type": "RG|DMG",
    "rarity": "very rare",
    "reqAttune": true,
    "entries": [
      "While wearing this ring you can use it to cast the {@spell Leomund's Tiny Hut} spell as an action. Once this property is used, it can't be used again until the next dawn. Additionally, as a bonus action, you can use the ring to disintegrate any nonmagical piece of art (drawing, painting, or sculpture) within 60 feet that is no larger than Medium-sized. That art now appears inside the tiny hut, for you to appreciate whenever you desire. If you try to remove this art from the tiny hut, it vanishes forever. You can steadily improve this space, but only be denying such beauty to the rest of the world. For every 1,000 gp of art acquired, the tiny hut increases in size by adding another foot to its radius and lasts one additional hour."
    ],
    "attachedSpells": {
      "daily": {
        "1e": [
          "leomund's tiny hut"
        ]
      }
    },
    "html": "While wearing this ring you can use it to cast the {{@spell|Leomund's Tiny Hut}} spell as an action. Once this property is used, it can't be used again until the next dawn. Additionally, as a bonus action, you can use the ring to disintegrate any nonmagical piece of art (drawing, painting, or sculpture) within 60 feet that is no larger than Medium-sized. That art now appears inside the tiny hut, for you to appreciate whenever you desire. If you try to remove this art from the tiny hut, it vanishes forever. You can steadily improve this space, but only be denying such beauty to the rest of the world. For every 1,000 gp of art acquired, the tiny hut increases in size by adding another foot to its radius and lasts one additional hour."
  },
  "bonus": {}
}