{
  "dataType": "item",
  "uid": "item_Crystal Ball|DMG ",
  "id": "Crystal Ball|DMG",
  "weight": 3,
  "rarity": "very rare",
  "isBaseItem": false,
  "baseItem": "",
  "displayName": {
    "zh": "水晶球",
    "en": "Crystal Ball"
  },
  "mainSource": {
    "source": "DMG",
    "page": 159
  },
  "allSources": [
    {
      "source": "DMG",
      "page": 159
    },
    {
      "source": "XDMG",
      "page": 0
    },
    {
      "source": "XDMG",
      "page": 245
    }
  ],
  "relatedVersions": [
    "Crystal Ball|XDMG"
  ],
  "zh": {
    "name": "水晶球",
    "source": "DMG",
    "page": 159,
    "srd": true,
    "reprintedAs": [
      "水晶球|XDMG"
    ],
    "tier": "主要",
    "rarity": "very rare",
    "reqAttune": true,
    "wondrous": true,
    "weight": 3,
    "entries": [
      "这个水晶球直径约6寸。接触它期间，你可以用它施放{@spell 探知术}法术（豁免{@dc 17}）。"
    ],
    "attachedSpells": [
      "探知术"
    ],
    "lootTables": [
      "魔法物品表H"
    ],
    "ENG_name": "Crystal Ball",
    "html": "这个水晶球直径约6寸。接触它期间，你可以用它施放{{@spell|探知术}}法术（豁免{{@dc|17}}）。"
  },
  "en": {
    "name": "Crystal Ball",
    "source": "DMG",
    "page": 159,
    "srd": true,
    "reprintedAs": [
      "Crystal Ball|XDMG"
    ],
    "tier": "major",
    "rarity": "very rare",
    "reqAttune": true,
    "wondrous": true,
    "weight": 3,
    "entries": [
      "This crystal ball is about 6 inches in diameter. While touching it, you can cast the {@spell scrying} spell (save {@dc 17}) with it."
    ],
    "attachedSpells": [
      "scrying"
    ],
    "lootTables": [
      "Magic Item Table H"
    ],
    "html": "This crystal ball is about 6 inches in diameter. While touching it, you can cast the {{@spell|scrying}} spell (save {{@dc|17}}) with it."
  },
  "bonus": {}
}