{
  "dataType": "item",
  "uid": "item_Trinket|AI ",
  "id": "Trinket|AI",
  "rarity": "none",
  "isBaseItem": false,
  "full": {
    "en": {
      "images": [
        {
          "type": "image",
          "href": {
            "type": "internal",
            "path": "items/AI/Trinket.webp"
          },
          "credit": "Kris Straub"
        },
        {
          "type": "image",
          "href": {
            "type": "internal",
            "path": "items/AI/Trinket-2.webp"
          },
          "credit": "Kris Straub"
        },
        {
          "type": "image",
          "href": {
            "type": "internal",
            "path": "items/AI/Trinket-3.webp"
          },
          "credit": "Kris Straub"
        }
      ]
    },
    "zh": {
      "images": [
        {
          "type": "image",
          "href": {
            "type": "internal",
            "path": "items/AI/Trinket.webp"
          },
          "credit": "Kris Straub"
        },
        {
          "type": "image",
          "href": {
            "type": "internal",
            "path": "items/AI/Trinket-2.webp"
          },
          "credit": "Kris Straub"
        },
        {
          "type": "image",
          "href": {
            "type": "internal",
            "path": "items/AI/Trinket-3.webp"
          },
          "credit": "Kris Straub"
        }
      ]
    }
  },
  "baseItem": "",
  "displayName": {
    "zh": "饰品",
    "en": "Trinket"
  },
  "mainSource": {
    "source": "AI",
    "page": 222
  },
  "allSources": [
    {
      "source": "AI",
      "page": 222
    }
  ],
  "zh": {
    "name": "饰品",
    "source": "AI",
    "page": 222,
    "type": "G",
    "rarity": "none",
    "entries": [
      "担心在公司聚会上掏出装在透明玻璃瓶里的小妖精尸体，结果发现特许经营中还有三个人也有一个？那么考虑在Acquisitions Incorporated饰品表上掷骰，而不是使用{@item 饰品|PHB|《玩家手册》第5章中的表格}，在角色创建时获得一个带有Acq Inc风格的独特饰品。",
      {
        "type": "table",
        "caption": "艾奎兹玄有限责任公司饰品",
        "colLabels": [
          "d100",
          "饰品"
        ],
        "colStyles": [
          "col-2 text-center",
          "col-10"
        ],
        "rows": [
          [
            "1",
            "完美的跳石"
          ],
          [
            "2",
            "三个被动了手脚的骰子，总是投出低值"
          ],
          [
            "3",
            "一个带有吉姆·黑法照片的小盒式吊坠"
          ],
          [
            "4",
            "一个微型铁砧和铁匠锤"
          ],
          [
            "5",
            "一个无法使用的不动权杖"
          ],
          [
            "6",
            "一个自制针灸工具"
          ],
          [
            "7",
            "一个枭熊毛绒玩具"
          ],
          [
            "8",
            "一张新式战争鲁特琴的图纸"
          ],
          [
            "9",
            "一张对一个没人听说过的国家的宣战书"
          ],
          [
            "10",
            "一个会冒绿烟的烟斗"
          ],
          [
            "11",
            "一只玻璃眼"
          ],
          [
            "12",
            "一个价值连城的枝形吊灯的中心装饰"
          ],
          [
            "13",
            "一根带有秘密隔间的手杖"
          ],
          [
            "14",
            "一封由Rosie Beestinger书写的信"
          ],
          [
            "15",
            "一枚落地时总会立着的硬币"
          ],
          [
            "16",
            "一张地契。里面是一座废弃的风车和三英亩可耕种的土地，但你永远都找不到在哪儿。"
          ],
          [
            "17",
            "一份来自多纳尔大老爹的美味工坊的菜单"
          ],
          [
            "18",
            "一个打开时会大声尖叫的小型钱包"
          ],
          [
            "19",
            "一支深地鸦毛笔"
          ],
          [
            "20",
            "一条总是闻起来一股蜂蜜味的马裤"
          ],
          [
            "21",
            "独臂维亚里玩偶（天启匕首饰品缺失）"
          ],
          [
            "22",
            "一个装满来源不明的不同种类的手指骨的皮革袋子"
          ],
          [
            "23",
            "你儿时宠物肉豆蔻的项圈"
          ],
          [
            "24",
            "一个贝壳，当你把它放到耳边时，能听到韵动的旋律。"
          ],
          [
            "25",
            "一本蘑菇烹饪食谱书"
          ],
          [
            "26",
            "一张过期优惠卷，本可以用来免费兑换\"一块地基石\""
          ],
          [
            "27",
            "一个便携式蜂巢"
          ],
          [
            "28",
            "一副看什么都是玫瑰色的护目镜"
          ],
          [
            "29",
            "一个只能施放修复术的惊异魔杖"
          ],
          [
            "30",
            "一个槲寄生做的编织手镯"
          ],
          [
            "31",
            "一个来自未知野兽的弯曲利爪，小型孩童总是对其感到恐慌"
          ],
          [
            "32",
            "一把能用1分钟折叠起来并藏在口袋里的长剑"
          ],
          [
            "33",
            "一条你认为来源于世界树的还有生机的树根"
          ],
          [
            "34",
            "一条带着艾奎兹玄有限责任公司标志的破烂围巾"
          ],
          [
            "35",
            "一个装着被撕毁的信的盒子"
          ],
          [
            "36",
            "一份标着\"无效\"的旧合同"
          ],
          [
            "37",
            "一只关在笼子里的小型鸽子"
          ],
          [
            "38",
            "一个《雇工 Incorporated》\"绿色火焰\"泡沫手指"
          ],
          [
            "39",
            "一个\"C队\"午餐盒"
          ],
          [
            "40",
            "一株每个分支都能长出不同水果的盆栽植物"
          ],
          [
            "41",
            "一本给儿童看的冒险书"
          ],
          [
            "42",
            "一个不祥的动作玩偶，带有可拆卸的巨锤和圣徽"
          ],
          [
            "43",
            "一个刻有酒桶机器人图片的玻璃啤酒杯"
          ],
          [
            "44",
            "一个巨大的冰球"
          ],
          [
            "45",
            "一个可以发射火炮的加农炮小模型"
          ],
          [
            "46",
            "一条华丽的红围巾和配套的手帕"
          ],
          [
            "47",
            "一支曾被莫尔甘使用过的箭"
          ],
          [
            "48",
            "一个紫色蠕虫玩具"
          ],
          [
            "49",
            "一个被烧毁的玩偶，她的眼睛会一直盯着你在房间里"
          ],
          [
            "50",
            "一个无限墨水瓶"
          ],
          [
            "51",
            "一个刺着\"第六人\"徽记的头带"
          ],
          [
            "52",
            "一个软绵绵的仙人掌"
          ],
          [
            "53",
            "一个天鹅绒眼罩"
          ],
          [
            "54",
            "一个肮脏的三角龙小雕像，它无法被清洗干净"
          ],
          [
            "55",
            "一把被使用过的（因此非魔法）贵族刀刃，来自于贵族刀刃组织"
          ],
          [
            "56",
            "一根会旋转出彩虹所有颜色的羽毛笔"
          ],
          [
            "57",
            "一个只能掷出数字4的二十面骰子"
          ],
          [
            "58",
            "一顶会在黑夜中发光的尖顶帽"
          ],
          [
            "59",
            "一个装满水就会哼哼的杯子"
          ],
          [
            "60",
            "一个由他人仇敌的头骨制作的马克杯"
          ],
          [
            "61",
            "一个装着不朽萤火虫的小玻璃罐"
          ],
          [
            "62",
            "一个用侏儒的胡子做的假胡子"
          ],
          [
            "63",
            "一根石化的巨魔手指"
          ],
          [
            "64",
            "一张地图的一半"
          ],
          [
            "65",
            "一张地图的另一半"
          ],
          [
            "66",
            "数量不合理的口袋绒毛"
          ],
          [
            "67",
            "一打当地侏儒小吃摊的宣传海报"
          ],
          [
            "68",
            "欧敏·德兰的名片"
          ],
          [
            "69",
            "幻身灵的一缕头发"
          ],
          [
            "70",
            "一颗向上坡滚动的弹珠"
          ],
          [
            "71",
            "一张记录一件强大魔法物品的命令词的羊皮纸"
          ],
          [
            "72",
            "一本叫《巨人有约》的书"
          ],
          [
            "73",
            "一份夸立许装置的使用指南"
          ],
          [
            "74",
            "一张带签名的著名吟游诗人斯派斯·卡拉韦的大头贴"
          ],
          [
            "75",
            "一个装在水晶盒子里的石化蜥蜴的眼睛"
          ],
          [
            "76",
            "一张来自拉尼卡的明信片"
          ],
          [
            "77",
            "一套邮票收藏"
          ],
          [
            "78",
            "一小块固态的烟"
          ],
          [
            "79",
            "一个有时会投出7的六面骰"
          ],
          [
            "80",
            "一只左手手套"
          ],
          [
            "81",
            "一个播放儿歌的音乐盒"
          ],
          [
            "82",
            "一个外部比内部更大的挂坠盒"
          ],
          [
            "83",
            "一株不长叶子，长头发的盆栽"
          ],
          [
            "84",
            "一组牙齿收藏"
          ],
          [
            "85",
            "一枚硬币，上面的铸造日期总比现实世界晚三年"
          ],
          [
            "86",
            "一个取自非常大型公牛的绿色饮酒角"
          ],
          [
            "87",
            "一本包含压制和干燥植物样本的小书"
          ],
          [
            "88",
            "一个孵化的奇美拉蛋"
          ],
          [
            "89",
            "一个二手的红色匪徒面具"
          ],
          [
            "90",
            "一只包裹在琥珀中的微型蚊蝠"
          ],
          [
            "91",
            "一大瓶红松镇的麦芽酒，但无法被打开"
          ],
          [
            "92",
            "一根顶上装饰有黄金斗牛犬的手杖"
          ],
          [
            "93",
            "一条写在自己手上的笔记，但是你不记得什么时候写的了"
          ],
          [
            "94",
            "一串从你家族花园里采来的药草"
          ],
          [
            "95",
            "一个从德兰与侍从酒店偷来的大啤酒杯"
          ],
          [
            "96",
            "一小条保存在酒精里的触须"
          ],
          [
            "97",
            "一块画了一张脸的胡桃木"
          ],
          [
            "98",
            "一小瓶来自纱雾之湖的液体"
          ],
          [
            "99",
            "一小块永远不会融化的冰块"
          ],
          [
            "00",
            "一个精心雕刻的剑柄，剑身已经被完好的取下"
          ]
        ]
      }
    ],
    "miscTags": [
      "TT"
    ],
    "hasFluffImages": true,
    "ENG_name": "Trinket",
    "html": "担心在公司聚会上掏出装在透明玻璃瓶里的小妖精尸体，结果发现特许经营中还有三个人也有一个？那么考虑在Acquisitions Incorporated饰品表上掷骰，而不是使用{{@item|饰品|PHB|《玩家手册》第5章中的表格}}，在角色创建时获得一个带有Acq Inc风格的独特饰品。\n<table class=\"wiki-table\"><caption>艾奎兹玄有限责任公司饰品</caption><tr><th class=\"parser-col-2 text-center\">d100</th><th class=\"parser-col-10\">饰品</th></tr><tr><td class=\"parser-col-2 text-center\">1</td><td class=\"parser-col-10\">完美的跳石</td></tr><tr><td class=\"parser-col-2 text-center\">2</td><td class=\"parser-col-10\">三个被动了手脚的骰子，总是投出低值</td></tr><tr><td class=\"parser-col-2 text-center\">3</td><td class=\"parser-col-10\">一个带有吉姆·黑法照片的小盒式吊坠</td></tr><tr><td class=\"parser-col-2 text-center\">4</td><td class=\"parser-col-10\">一个微型铁砧和铁匠锤</td></tr><tr><td class=\"parser-col-2 text-center\">5</td><td class=\"parser-col-10\">一个无法使用的不动权杖</td></tr><tr><td class=\"parser-col-2 text-center\">6</td><td class=\"parser-col-10\">一个自制针灸工具</td></tr><tr><td class=\"parser-col-2 text-center\">7</td><td class=\"parser-col-10\">一个枭熊毛绒玩具</td></tr><tr><td class=\"parser-col-2 text-center\">8</td><td class=\"parser-col-10\">一张新式战争鲁特琴的图纸</td></tr><tr><td class=\"parser-col-2 text-center\">9</td><td class=\"parser-col-10\">一张对一个没人听说过的国家的宣战书</td></tr><tr><td class=\"parser-col-2 text-center\">10</td><td class=\"parser-col-10\">一个会冒绿烟的烟斗</td></tr><tr><td class=\"parser-col-2 text-center\">11</td><td class=\"parser-col-10\">一只玻璃眼</td></tr><tr><td class=\"parser-col-2 text-center\">12</td><td class=\"parser-col-10\">一个价值连城的枝形吊灯的中心装饰</td></tr><tr><td class=\"parser-col-2 text-center\">13</td><td class=\"parser-col-10\">一根带有秘密隔间的手杖</td></tr><tr><td class=\"parser-col-2 text-center\">14</td><td class=\"parser-col-10\">一封由Rosie Beestinger书写的信</td></tr><tr><td class=\"parser-col-2 text-center\">15</td><td class=\"parser-col-10\">一枚落地时总会立着的硬币</td></tr><tr><td class=\"parser-col-2 text-center\">16</td><td class=\"parser-col-10\">一张地契。里面是一座废弃的风车和三英亩可耕种的土地，但你永远都找不到在哪儿。</td></tr><tr><td class=\"parser-col-2 text-center\">17</td><td class=\"parser-col-10\">一份来自多纳尔大老爹的美味工坊的菜单</td></tr><tr><td class=\"parser-col-2 text-center\">18</td><td class=\"parser-col-10\">一个打开时会大声尖叫的小型钱包</td></tr><tr><td class=\"parser-col-2 text-center\">19</td><td class=\"parser-col-10\">一支深地鸦毛笔</td></tr><tr><td class=\"parser-col-2 text-center\">20</td><td class=\"parser-col-10\">一条总是闻起来一股蜂蜜味的马裤</td></tr><tr><td class=\"parser-col-2 text-center\">21</td><td class=\"parser-col-10\">独臂维亚里玩偶（天启匕首饰品缺失）</td></tr><tr><td class=\"parser-col-2 text-center\">22</td><td class=\"parser-col-10\">一个装满来源不明的不同种类的手指骨的皮革袋子</td></tr><tr><td class=\"parser-col-2 text-center\">23</td><td class=\"parser-col-10\">你儿时宠物肉豆蔻的项圈</td></tr><tr><td class=\"parser-col-2 text-center\">24</td><td class=\"parser-col-10\">一个贝壳，当你把它放到耳边时，能听到韵动的旋律。</td></tr><tr><td class=\"parser-col-2 text-center\">25</td><td class=\"parser-col-10\">一本蘑菇烹饪食谱书</td></tr><tr><td class=\"parser-col-2 text-center\">26</td><td class=\"parser-col-10\">一张过期优惠卷，本可以用来免费兑换\"一块地基石\"</td></tr><tr><td class=\"parser-col-2 text-center\">27</td><td class=\"parser-col-10\">一个便携式蜂巢</td></tr><tr><td class=\"parser-col-2 text-center\">28</td><td class=\"parser-col-10\">一副看什么都是玫瑰色的护目镜</td></tr><tr><td class=\"parser-col-2 text-center\">29</td><td class=\"parser-col-10\">一个只能施放修复术的惊异魔杖</td></tr><tr><td class=\"parser-col-2 text-center\">30</td><td class=\"parser-col-10\">一个槲寄生做的编织手镯</td></tr><tr><td class=\"parser-col-2 text-center\">31</td><td class=\"parser-col-10\">一个来自未知野兽的弯曲利爪，小型孩童总是对其感到恐慌</td></tr><tr><td class=\"parser-col-2 text-center\">32</td><td class=\"parser-col-10\">一把能用1分钟折叠起来并藏在口袋里的长剑</td></tr><tr><td class=\"parser-col-2 text-center\">33</td><td class=\"parser-col-10\">一条你认为来源于世界树的还有生机的树根</td></tr><tr><td class=\"parser-col-2 text-center\">34</td><td class=\"parser-col-10\">一条带着艾奎兹玄有限责任公司标志的破烂围巾</td></tr><tr><td class=\"parser-col-2 text-center\">35</td><td class=\"parser-col-10\">一个装着被撕毁的信的盒子</td></tr><tr><td class=\"parser-col-2 text-center\">36</td><td class=\"parser-col-10\">一份标着\"无效\"的旧合同</td></tr><tr><td class=\"parser-col-2 text-center\">37</td><td class=\"parser-col-10\">一只关在笼子里的小型鸽子</td></tr><tr><td class=\"parser-col-2 text-center\">38</td><td class=\"parser-col-10\">一个《雇工 Incorporated》\"绿色火焰\"泡沫手指</td></tr><tr><td class=\"parser-col-2 text-center\">39</td><td class=\"parser-col-10\">一个\"C队\"午餐盒</td></tr><tr><td class=\"parser-col-2 text-center\">40</td><td class=\"parser-col-10\">一株每个分支都能长出不同水果的盆栽植物</td></tr><tr><td class=\"parser-col-2 text-center\">41</td><td class=\"parser-col-10\">一本给儿童看的冒险书</td></tr><tr><td class=\"parser-col-2 text-center\">42</td><td class=\"parser-col-10\">一个不祥的动作玩偶，带有可拆卸的巨锤和圣徽</td></tr><tr><td class=\"parser-col-2 text-center\">43</td><td class=\"parser-col-10\">一个刻有酒桶机器人图片的玻璃啤酒杯</td></tr><tr><td class=\"parser-col-2 text-center\">44</td><td class=\"parser-col-10\">一个巨大的冰球</td></tr><tr><td class=\"parser-col-2 text-center\">45</td><td class=\"parser-col-10\">一个可以发射火炮的加农炮小模型</td></tr><tr><td class=\"parser-col-2 text-center\">46</td><td class=\"parser-col-10\">一条华丽的红围巾和配套的手帕</td></tr><tr><td class=\"parser-col-2 text-center\">47</td><td class=\"parser-col-10\">一支曾被莫尔甘使用过的箭</td></tr><tr><td class=\"parser-col-2 text-center\">48</td><td class=\"parser-col-10\">一个紫色蠕虫玩具</td></tr><tr><td class=\"parser-col-2 text-center\">49</td><td class=\"parser-col-10\">一个被烧毁的玩偶，她的眼睛会一直盯着你在房间里</td></tr><tr><td class=\"parser-col-2 text-center\">50</td><td class=\"parser-col-10\">一个无限墨水瓶</td></tr><tr><td class=\"parser-col-2 text-center\">51</td><td class=\"parser-col-10\">一个刺着\"第六人\"徽记的头带</td></tr><tr><td class=\"parser-col-2 text-center\">52</td><td class=\"parser-col-10\">一个软绵绵的仙人掌</td></tr><tr><td class=\"parser-col-2 text-center\">53</td><td class=\"parser-col-10\">一个天鹅绒眼罩</td></tr><tr><td class=\"parser-col-2 text-center\">54</td><td class=\"parser-col-10\">一个肮脏的三角龙小雕像，它无法被清洗干净</td></tr><tr><td class=\"parser-col-2 text-center\">55</td><td class=\"parser-col-10\">一把被使用过的（因此非魔法）贵族刀刃，来自于贵族刀刃组织</td></tr><tr><td class=\"parser-col-2 text-center\">56</td><td class=\"parser-col-10\">一根会旋转出彩虹所有颜色的羽毛笔</td></tr><tr><td class=\"parser-col-2 text-center\">57</td><td class=\"parser-col-10\">一个只能掷出数字4的二十面骰子</td></tr><tr><td class=\"parser-col-2 text-center\">58</td><td class=\"parser-col-10\">一顶会在黑夜中发光的尖顶帽</td></tr><tr><td class=\"parser-col-2 text-center\">59</td><td class=\"parser-col-10\">一个装满水就会哼哼的杯子</td></tr><tr><td class=\"parser-col-2 text-center\">60</td><td class=\"parser-col-10\">一个由他人仇敌的头骨制作的马克杯</td></tr><tr><td class=\"parser-col-2 text-center\">61</td><td class=\"parser-col-10\">一个装着不朽萤火虫的小玻璃罐</td></tr><tr><td class=\"parser-col-2 text-center\">62</td><td class=\"parser-col-10\">一个用侏儒的胡子做的假胡子</td></tr><tr><td class=\"parser-col-2 text-center\">63</td><td class=\"parser-col-10\">一根石化的巨魔手指</td></tr><tr><td class=\"parser-col-2 text-center\">64</td><td class=\"parser-col-10\">一张地图的一半</td></tr><tr><td class=\"parser-col-2 text-center\">65</td><td class=\"parser-col-10\">一张地图的另一半</td></tr><tr><td class=\"parser-col-2 text-center\">66</td><td class=\"parser-col-10\">数量不合理的口袋绒毛</td></tr><tr><td class=\"parser-col-2 text-center\">67</td><td class=\"parser-col-10\">一打当地侏儒小吃摊的宣传海报</td></tr><tr><td class=\"parser-col-2 text-center\">68</td><td class=\"parser-col-10\">欧敏·德兰的名片</td></tr><tr><td class=\"parser-col-2 text-center\">69</td><td class=\"parser-col-10\">幻身灵的一缕头发</td></tr><tr><td class=\"parser-col-2 text-center\">70</td><td class=\"parser-col-10\">一颗向上坡滚动的弹珠</td></tr><tr><td class=\"parser-col-2 text-center\">71</td><td class=\"parser-col-10\">一张记录一件强大魔法物品的命令词的羊皮纸</td></tr><tr><td class=\"parser-col-2 text-center\">72</td><td class=\"parser-col-10\">一本叫《巨人有约》的书</td></tr><tr><td class=\"parser-col-2 text-center\">73</td><td class=\"parser-col-10\">一份夸立许装置的使用指南</td></tr><tr><td class=\"parser-col-2 text-center\">74</td><td class=\"parser-col-10\">一张带签名的著名吟游诗人斯派斯·卡拉韦的大头贴</td></tr><tr><td class=\"parser-col-2 text-center\">75</td><td class=\"parser-col-10\">一个装在水晶盒子里的石化蜥蜴的眼睛</td></tr><tr><td class=\"parser-col-2 text-center\">76</td><td class=\"parser-col-10\">一张来自拉尼卡的明信片</td></tr><tr><td class=\"parser-col-2 text-center\">77</td><td class=\"parser-col-10\">一套邮票收藏</td></tr><tr><td class=\"parser-col-2 text-center\">78</td><td class=\"parser-col-10\">一小块固态的烟</td></tr><tr><td class=\"parser-col-2 text-center\">79</td><td class=\"parser-col-10\">一个有时会投出7的六面骰</td></tr><tr><td class=\"parser-col-2 text-center\">80</td><td class=\"parser-col-10\">一只左手手套</td></tr><tr><td class=\"parser-col-2 text-center\">81</td><td class=\"parser-col-10\">一个播放儿歌的音乐盒</td></tr><tr><td class=\"parser-col-2 text-center\">82</td><td class=\"parser-col-10\">一个外部比内部更大的挂坠盒</td></tr><tr><td class=\"parser-col-2 text-center\">83</td><td class=\"parser-col-10\">一株不长叶子，长头发的盆栽</td></tr><tr><td class=\"parser-col-2 text-center\">84</td><td class=\"parser-col-10\">一组牙齿收藏</td></tr><tr><td class=\"parser-col-2 text-center\">85</td><td class=\"parser-col-10\">一枚硬币，上面的铸造日期总比现实世界晚三年</td></tr><tr><td class=\"parser-col-2 text-center\">86</td><td class=\"parser-col-10\">一个取自非常大型公牛的绿色饮酒角</td></tr><tr><td class=\"parser-col-2 text-center\">87</td><td class=\"parser-col-10\">一本包含压制和干燥植物样本的小书</td></tr><tr><td class=\"parser-col-2 text-center\">88</td><td class=\"parser-col-10\">一个孵化的奇美拉蛋</td></tr><tr><td class=\"parser-col-2 text-center\">89</td><td class=\"parser-col-10\">一个二手的红色匪徒面具</td></tr><tr><td class=\"parser-col-2 text-center\">90</td><td class=\"parser-col-10\">一只包裹在琥珀中的微型蚊蝠</td></tr><tr><td class=\"parser-col-2 text-center\">91</td><td class=\"parser-col-10\">一大瓶红松镇的麦芽酒，但无法被打开</td></tr><tr><td class=\"parser-col-2 text-center\">92</td><td class=\"parser-col-10\">一根顶上装饰有黄金斗牛犬的手杖</td></tr><tr><td class=\"parser-col-2 text-center\">93</td><td class=\"parser-col-10\">一条写在自己手上的笔记，但是你不记得什么时候写的了</td></tr><tr><td class=\"parser-col-2 text-center\">94</td><td class=\"parser-col-10\">一串从你家族花园里采来的药草</td></tr><tr><td class=\"parser-col-2 text-center\">95</td><td class=\"parser-col-10\">一个从德兰与侍从酒店偷来的大啤酒杯</td></tr><tr><td class=\"parser-col-2 text-center\">96</td><td class=\"parser-col-10\">一小条保存在酒精里的触须</td></tr><tr><td class=\"parser-col-2 text-center\">97</td><td class=\"parser-col-10\">一块画了一张脸的胡桃木</td></tr><tr><td class=\"parser-col-2 text-center\">98</td><td class=\"parser-col-10\">一小瓶来自纱雾之湖的液体</td></tr><tr><td class=\"parser-col-2 text-center\">99</td><td class=\"parser-col-10\">一小块永远不会融化的冰块</td></tr><tr><td class=\"parser-col-2 text-center\">00</td><td class=\"parser-col-10\">一个精心雕刻的剑柄，剑身已经被完好的取下</td></tr></table>"
  },
  "en": {
    "name": "Trinket",
    "source": "AI",
    "page": 222,
    "type": "G",
    "rarity": "none",
    "entries": [
      "Worried that you're going to pull out your dead sprite inside a clear glass bottle at a company function only to discover that three other people in the franchise have one as well? Then consider rolling on the Acquisitions Incorporated Trinkets table instead of the {@item Trinket|phb|table in chapter 5 of the Player's Handbook}, to gain a unique trinket at character creation with a bit of Acq Inc flair.",
      {
        "type": "table",
        "caption": "Acquisitions Incorporated Trinkets",
        "colLabels": [
          "d100",
          "Trinket"
        ],
        "colStyles": [
          "col-2 text-center",
          "col-10"
        ],
        "rows": [
          [
            "1",
            "A perfect skipping stone"
          ],
          [
            "2",
            "Three weighted dice that always roll low"
          ],
          [
            "3",
            "A locket with a picture of Jim Darkmagic"
          ],
          [
            "4",
            "A tiny anvil and smith's hammer"
          ],
          [
            "5",
            "A nonfunctional immovable rod"
          ],
          [
            "6",
            "A DIY acupuncture kit"
          ],
          [
            "7",
            "A stuffed owlbear toy"
          ],
          [
            "8",
            "A diagram for a new war lute"
          ],
          [
            "9",
            "A declaration of war against a nation no one has ever heard of"
          ],
          [
            "10",
            "A pipe that emits green smoke"
          ],
          [
            "11",
            "A glass eye"
          ],
          [
            "12",
            "The centerpiece of a priceless chandelier"
          ],
          [
            "13",
            "A fine cane with a secret compartment"
          ],
          [
            "14",
            "A letter written by Rosie Beestinger"
          ],
          [
            "15",
            "A coin that always lands on its edge"
          ],
          [
            "16",
            "The deed and title to an abandoned windmill and three acres of tillable land that you've never been able to find"
          ],
          [
            "17",
            "A menu from Big Daddy Donaar's Yum Yum Hut"
          ],
          [
            "18",
            "A small purse that screams loudly when opened"
          ],
          [
            "19",
            "A deep-crow-feather quill"
          ],
          [
            "20",
            "A pair of breeches that always smells faintly of honey"
          ],
          [
            "21",
            "A one-armed Viari doll (Apocalypse Dagger accessory missing)"
          ],
          [
            "22",
            "A leather pouch filled with various finger bones of unknown provenance"
          ],
          [
            "23",
            "The collar of your childhood pet, Nutmeg"
          ],
          [
            "24",
            "A seashell that, when pressed to the ear, speaks in flowing rhymes"
          ],
          [
            "25",
            "A recipe book for cooking with mushrooms"
          ],
          [
            "26",
            "One expired coupon for \"A Free Cornerstone\""
          ],
          [
            "27",
            "A portable beehive"
          ],
          [
            "28",
            "Goggles that literally tint everything rose colored"
          ],
          [
            "29",
            "A wand of wonder that allows you to cast only mending"
          ],
          [
            "30",
            "A bracelet woven from mistletoe"
          ],
          [
            "31",
            "A curved claw from an unknown beast that small children are always frightened of"
          ],
          [
            "32",
            "A longsword that can be folded down in 1 minute and hidden in your pocket"
          ],
          [
            "33",
            "A living graft of what you believe to be the World Tree"
          ],
          [
            "34",
            "A tattered scarf with the Acquisitions Incorporated logo"
          ],
          [
            "35",
            "A box containing a torn-up letter"
          ],
          [
            "36",
            "An old contract marked \"Void\""
          ],
          [
            "37",
            "A small pigeon in a cage"
          ],
          [
            "38",
            "An Acquisitions Incorporated \"Green Flame\" foam finger"
          ],
          [
            "39",
            "A \"C\" Team lunchbox"
          ],
          [
            "40",
            "A potted plant that grows different fruit on every branch"
          ],
          [
            "41",
            "A book of adventures for children"
          ],
          [
            "42",
            "An Omin action figure with detachable maul and holy symbol"
          ],
          [
            "43",
            "A pint glass engraved with a picture of a keg robot"
          ],
          [
            "44",
            "A giant hockey puck"
          ],
          [
            "45",
            "A miniature cannon that actually fires"
          ],
          [
            "46",
            "A very fancy red scarf and matching handkerchief"
          ],
          [
            "47",
            "An arrow once shot by Môrgæn"
          ],
          [
            "48",
            "A purple worm toy"
          ],
          [
            "49",
            "A burned doll whose eyes follow you around the room"
          ],
          [
            "50",
            "An infinite inkwell"
          ],
          [
            "51",
            "A band embroidered with the symbol of the Six"
          ],
          [
            "52",
            "A squishy cactus"
          ],
          [
            "53",
            "A velvet blindfold"
          ],
          [
            "54",
            "A dirty figurine of a triceratops that can't be cleaned"
          ],
          [
            "55",
            "A used (and thus nonmagical) noble knife from the Noble Knife"
          ],
          [
            "56",
            "A quill that rotates through all the colors of the rainbow"
          ],
          [
            "57",
            "A twenty-sided die that only rolls the number 4"
          ],
          [
            "58",
            "A pointed hat that glows in the dark"
          ],
          [
            "59",
            "A cup that hums when filled with water"
          ],
          [
            "60",
            "A mug fashioned from the skull of someone else's enemy"
          ],
          [
            "61",
            "A small glass jar containing an immortal firefly"
          ],
          [
            "62",
            "A fake mustache made from gnome facial hair"
          ],
          [
            "63",
            "A petrified troll finger"
          ],
          [
            "64",
            "Half of a map"
          ],
          [
            "65",
            "The other half of a map"
          ],
          [
            "66",
            "An unreasonable amount of pocket lint"
          ],
          [
            "67",
            "A dozen flyers for a local gnome food place"
          ],
          [
            "68",
            "Omin Dran's business card"
          ],
          [
            "69",
            "A lock of hair from a changeling"
          ],
          [
            "70",
            "A marble that rolls uphill"
          ],
          [
            "71",
            "A piece of parchment listing a command word for a powerful magic item"
          ],
          [
            "72",
            "A book titled Conversational Giant"
          ],
          [
            "73",
            "A user's manual for an apparatus of Kwalish"
          ],
          [
            "74",
            "A signed head shot of famous bard Spice Caraway"
          ],
          [
            "75",
            "The eye of a basilisk in a crystal box"
          ],
          [
            "76",
            "A postcard from Ravnica"
          ],
          [
            "77",
            "A stamp collection"
          ],
          [
            "78",
            "A small piece of solidified smoke"
          ],
          [
            "79",
            "A six-sided die that sometimes rolls a seven"
          ],
          [
            "80",
            "A left-hand gauntlet"
          ],
          [
            "81",
            "A music box that plays nursery rhymes"
          ],
          [
            "82",
            "A locket that's bigger on the outside than the inside"
          ],
          [
            "83",
            "A potted plant that grows hair instead of leaves"
          ],
          [
            "84",
            "A collection of teeth"
          ],
          [
            "85",
            "A coin whose minting date always shows three years in the future"
          ],
          [
            "86",
            "A green drinking horn taken from a very large bull"
          ],
          [
            "87",
            "A small book containing pressed and dried botanical samples"
          ],
          [
            "88",
            "A hatched chimera egg"
          ],
          [
            "89",
            "A slightly used red bandit mask"
          ],
          [
            "90",
            "A tiny stirge encased in amber"
          ],
          [
            "91",
            "A large bottle of Red Larch Ale that can't be opened"
          ],
          [
            "92",
            "A cane topped with a stylized golden bulldog"
          ],
          [
            "93",
            "A note in your own hand that you don't remember writing"
          ],
          [
            "94",
            "A sprig of herbs from your family's garden"
          ],
          [
            "95",
            "A tankard stolen from the Dran & Courtier"
          ],
          [
            "96",
            "A small, severed tentacle preserved in alcohol"
          ],
          [
            "97",
            "A walnut with a face drawn on it"
          ],
          [
            "98",
            "A small flask of liquid from the Lake of Radiant Mists"
          ],
          [
            "99",
            "An ice cube that never melts"
          ],
          [
            "00",
            "An expertly carved sword hilt with the blade snapped cleanly off"
          ]
        ]
      }
    ],
    "miscTags": [
      "TT"
    ],
    "hasFluffImages": true,
    "html": "Worried that you're going to pull out your dead sprite inside a clear glass bottle at a company function only to discover that three other people in the franchise have one as well? Then consider rolling on the Acquisitions Incorporated Trinkets table instead of the {{@item|Trinket|phb|table in chapter 5 of the Player's Handbook}}, to gain a unique trinket at character creation with a bit of Acq Inc flair.\n<table class=\"wiki-table\"><caption>Acquisitions Incorporated Trinkets</caption><tr><th class=\"parser-col-2 text-center\">d100</th><th class=\"parser-col-10\">Trinket</th></tr><tr><td class=\"parser-col-2 text-center\">1</td><td class=\"parser-col-10\">A perfect skipping stone</td></tr><tr><td class=\"parser-col-2 text-center\">2</td><td class=\"parser-col-10\">Three weighted dice that always roll low</td></tr><tr><td class=\"parser-col-2 text-center\">3</td><td class=\"parser-col-10\">A locket with a picture of Jim Darkmagic</td></tr><tr><td class=\"parser-col-2 text-center\">4</td><td class=\"parser-col-10\">A tiny anvil and smith's hammer</td></tr><tr><td class=\"parser-col-2 text-center\">5</td><td class=\"parser-col-10\">A nonfunctional immovable rod</td></tr><tr><td class=\"parser-col-2 text-center\">6</td><td class=\"parser-col-10\">A DIY acupuncture kit</td></tr><tr><td class=\"parser-col-2 text-center\">7</td><td class=\"parser-col-10\">A stuffed owlbear toy</td></tr><tr><td class=\"parser-col-2 text-center\">8</td><td class=\"parser-col-10\">A diagram for a new war lute</td></tr><tr><td class=\"parser-col-2 text-center\">9</td><td class=\"parser-col-10\">A declaration of war against a nation no one has ever heard of</td></tr><tr><td class=\"parser-col-2 text-center\">10</td><td class=\"parser-col-10\">A pipe that emits green smoke</td></tr><tr><td class=\"parser-col-2 text-center\">11</td><td class=\"parser-col-10\">A glass eye</td></tr><tr><td class=\"parser-col-2 text-center\">12</td><td class=\"parser-col-10\">The centerpiece of a priceless chandelier</td></tr><tr><td class=\"parser-col-2 text-center\">13</td><td class=\"parser-col-10\">A fine cane with a secret compartment</td></tr><tr><td class=\"parser-col-2 text-center\">14</td><td class=\"parser-col-10\">A letter written by Rosie Beestinger</td></tr><tr><td class=\"parser-col-2 text-center\">15</td><td class=\"parser-col-10\">A coin that always lands on its edge</td></tr><tr><td class=\"parser-col-2 text-center\">16</td><td class=\"parser-col-10\">The deed and title to an abandoned windmill and three acres of tillable land that you've never been able to find</td></tr><tr><td class=\"parser-col-2 text-center\">17</td><td class=\"parser-col-10\">A menu from Big Daddy Donaar's Yum Yum Hut</td></tr><tr><td class=\"parser-col-2 text-center\">18</td><td class=\"parser-col-10\">A small purse that screams loudly when opened</td></tr><tr><td class=\"parser-col-2 text-center\">19</td><td class=\"parser-col-10\">A deep-crow-feather quill</td></tr><tr><td class=\"parser-col-2 text-center\">20</td><td class=\"parser-col-10\">A pair of breeches that always smells faintly of honey</td></tr><tr><td class=\"parser-col-2 text-center\">21</td><td class=\"parser-col-10\">A one-armed Viari doll (Apocalypse Dagger accessory missing)</td></tr><tr><td class=\"parser-col-2 text-center\">22</td><td class=\"parser-col-10\">A leather pouch filled with various finger bones of unknown provenance</td></tr><tr><td class=\"parser-col-2 text-center\">23</td><td class=\"parser-col-10\">The collar of your childhood pet, Nutmeg</td></tr><tr><td class=\"parser-col-2 text-center\">24</td><td class=\"parser-col-10\">A seashell that, when pressed to the ear, speaks in flowing rhymes</td></tr><tr><td class=\"parser-col-2 text-center\">25</td><td class=\"parser-col-10\">A recipe book for cooking with mushrooms</td></tr><tr><td class=\"parser-col-2 text-center\">26</td><td class=\"parser-col-10\">One expired coupon for \"A Free Cornerstone\"</td></tr><tr><td class=\"parser-col-2 text-center\">27</td><td class=\"parser-col-10\">A portable beehive</td></tr><tr><td class=\"parser-col-2 text-center\">28</td><td class=\"parser-col-10\">Goggles that literally tint everything rose colored</td></tr><tr><td class=\"parser-col-2 text-center\">29</td><td class=\"parser-col-10\">A wand of wonder that allows you to cast only mending</td></tr><tr><td class=\"parser-col-2 text-center\">30</td><td class=\"parser-col-10\">A bracelet woven from mistletoe</td></tr><tr><td class=\"parser-col-2 text-center\">31</td><td class=\"parser-col-10\">A curved claw from an unknown beast that small children are always frightened of</td></tr><tr><td class=\"parser-col-2 text-center\">32</td><td class=\"parser-col-10\">A longsword that can be folded down in 1 minute and hidden in your pocket</td></tr><tr><td class=\"parser-col-2 text-center\">33</td><td class=\"parser-col-10\">A living graft of what you believe to be the World Tree</td></tr><tr><td class=\"parser-col-2 text-center\">34</td><td class=\"parser-col-10\">A tattered scarf with the Acquisitions Incorporated logo</td></tr><tr><td class=\"parser-col-2 text-center\">35</td><td class=\"parser-col-10\">A box containing a torn-up letter</td></tr><tr><td class=\"parser-col-2 text-center\">36</td><td class=\"parser-col-10\">An old contract marked \"Void\"</td></tr><tr><td class=\"parser-col-2 text-center\">37</td><td class=\"parser-col-10\">A small pigeon in a cage</td></tr><tr><td class=\"parser-col-2 text-center\">38</td><td class=\"parser-col-10\">An Acquisitions Incorporated \"Green Flame\" foam finger</td></tr><tr><td class=\"parser-col-2 text-center\">39</td><td class=\"parser-col-10\">A \"C\" Team lunchbox</td></tr><tr><td class=\"parser-col-2 text-center\">40</td><td class=\"parser-col-10\">A potted plant that grows different fruit on every branch</td></tr><tr><td class=\"parser-col-2 text-center\">41</td><td class=\"parser-col-10\">A book of adventures for children</td></tr><tr><td class=\"parser-col-2 text-center\">42</td><td class=\"parser-col-10\">An Omin action figure with detachable maul and holy symbol</td></tr><tr><td class=\"parser-col-2 text-center\">43</td><td class=\"parser-col-10\">A pint glass engraved with a picture of a keg robot</td></tr><tr><td class=\"parser-col-2 text-center\">44</td><td class=\"parser-col-10\">A giant hockey puck</td></tr><tr><td class=\"parser-col-2 text-center\">45</td><td class=\"parser-col-10\">A miniature cannon that actually fires</td></tr><tr><td class=\"parser-col-2 text-center\">46</td><td class=\"parser-col-10\">A very fancy red scarf and matching handkerchief</td></tr><tr><td class=\"parser-col-2 text-center\">47</td><td class=\"parser-col-10\">An arrow once shot by Môrgæn</td></tr><tr><td class=\"parser-col-2 text-center\">48</td><td class=\"parser-col-10\">A purple worm toy</td></tr><tr><td class=\"parser-col-2 text-center\">49</td><td class=\"parser-col-10\">A burned doll whose eyes follow you around the room</td></tr><tr><td class=\"parser-col-2 text-center\">50</td><td class=\"parser-col-10\">An infinite inkwell</td></tr><tr><td class=\"parser-col-2 text-center\">51</td><td class=\"parser-col-10\">A band embroidered with the symbol of the Six</td></tr><tr><td class=\"parser-col-2 text-center\">52</td><td class=\"parser-col-10\">A squishy cactus</td></tr><tr><td class=\"parser-col-2 text-center\">53</td><td class=\"parser-col-10\">A velvet blindfold</td></tr><tr><td class=\"parser-col-2 text-center\">54</td><td class=\"parser-col-10\">A dirty figurine of a triceratops that can't be cleaned</td></tr><tr><td class=\"parser-col-2 text-center\">55</td><td class=\"parser-col-10\">A used (and thus nonmagical) noble knife from the Noble Knife</td></tr><tr><td class=\"parser-col-2 text-center\">56</td><td class=\"parser-col-10\">A quill that rotates through all the colors of the rainbow</td></tr><tr><td class=\"parser-col-2 text-center\">57</td><td class=\"parser-col-10\">A twenty-sided die that only rolls the number 4</td></tr><tr><td class=\"parser-col-2 text-center\">58</td><td class=\"parser-col-10\">A pointed hat that glows in the dark</td></tr><tr><td class=\"parser-col-2 text-center\">59</td><td class=\"parser-col-10\">A cup that hums when filled with water</td></tr><tr><td class=\"parser-col-2 text-center\">60</td><td class=\"parser-col-10\">A mug fashioned from the skull of someone else's enemy</td></tr><tr><td class=\"parser-col-2 text-center\">61</td><td class=\"parser-col-10\">A small glass jar containing an immortal firefly</td></tr><tr><td class=\"parser-col-2 text-center\">62</td><td class=\"parser-col-10\">A fake mustache made from gnome facial hair</td></tr><tr><td class=\"parser-col-2 text-center\">63</td><td class=\"parser-col-10\">A petrified troll finger</td></tr><tr><td class=\"parser-col-2 text-center\">64</td><td class=\"parser-col-10\">Half of a map</td></tr><tr><td class=\"parser-col-2 text-center\">65</td><td class=\"parser-col-10\">The other half of a map</td></tr><tr><td class=\"parser-col-2 text-center\">66</td><td class=\"parser-col-10\">An unreasonable amount of pocket lint</td></tr><tr><td class=\"parser-col-2 text-center\">67</td><td class=\"parser-col-10\">A dozen flyers for a local gnome food place</td></tr><tr><td class=\"parser-col-2 text-center\">68</td><td class=\"parser-col-10\">Omin Dran's business card</td></tr><tr><td class=\"parser-col-2 text-center\">69</td><td class=\"parser-col-10\">A lock of hair from a changeling</td></tr><tr><td class=\"parser-col-2 text-center\">70</td><td class=\"parser-col-10\">A marble that rolls uphill</td></tr><tr><td class=\"parser-col-2 text-center\">71</td><td class=\"parser-col-10\">A piece of parchment listing a command word for a powerful magic item</td></tr><tr><td class=\"parser-col-2 text-center\">72</td><td class=\"parser-col-10\">A book titled Conversational Giant</td></tr><tr><td class=\"parser-col-2 text-center\">73</td><td class=\"parser-col-10\">A user's manual for an apparatus of Kwalish</td></tr><tr><td class=\"parser-col-2 text-center\">74</td><td class=\"parser-col-10\">A signed head shot of famous bard Spice Caraway</td></tr><tr><td class=\"parser-col-2 text-center\">75</td><td class=\"parser-col-10\">The eye of a basilisk in a crystal box</td></tr><tr><td class=\"parser-col-2 text-center\">76</td><td class=\"parser-col-10\">A postcard from Ravnica</td></tr><tr><td class=\"parser-col-2 text-center\">77</td><td class=\"parser-col-10\">A stamp collection</td></tr><tr><td class=\"parser-col-2 text-center\">78</td><td class=\"parser-col-10\">A small piece of solidified smoke</td></tr><tr><td class=\"parser-col-2 text-center\">79</td><td class=\"parser-col-10\">A six-sided die that sometimes rolls a seven</td></tr><tr><td class=\"parser-col-2 text-center\">80</td><td class=\"parser-col-10\">A left-hand gauntlet</td></tr><tr><td class=\"parser-col-2 text-center\">81</td><td class=\"parser-col-10\">A music box that plays nursery rhymes</td></tr><tr><td class=\"parser-col-2 text-center\">82</td><td class=\"parser-col-10\">A locket that's bigger on the outside than the inside</td></tr><tr><td class=\"parser-col-2 text-center\">83</td><td class=\"parser-col-10\">A potted plant that grows hair instead of leaves</td></tr><tr><td class=\"parser-col-2 text-center\">84</td><td class=\"parser-col-10\">A collection of teeth</td></tr><tr><td class=\"parser-col-2 text-center\">85</td><td class=\"parser-col-10\">A coin whose minting date always shows three years in the future</td></tr><tr><td class=\"parser-col-2 text-center\">86</td><td class=\"parser-col-10\">A green drinking horn taken from a very large bull</td></tr><tr><td class=\"parser-col-2 text-center\">87</td><td class=\"parser-col-10\">A small book containing pressed and dried botanical samples</td></tr><tr><td class=\"parser-col-2 text-center\">88</td><td class=\"parser-col-10\">A hatched chimera egg</td></tr><tr><td class=\"parser-col-2 text-center\">89</td><td class=\"parser-col-10\">A slightly used red bandit mask</td></tr><tr><td class=\"parser-col-2 text-center\">90</td><td class=\"parser-col-10\">A tiny stirge encased in amber</td></tr><tr><td class=\"parser-col-2 text-center\">91</td><td class=\"parser-col-10\">A large bottle of Red Larch Ale that can't be opened</td></tr><tr><td class=\"parser-col-2 text-center\">92</td><td class=\"parser-col-10\">A cane topped with a stylized golden bulldog</td></tr><tr><td class=\"parser-col-2 text-center\">93</td><td class=\"parser-col-10\">A note in your own hand that you don't remember writing</td></tr><tr><td class=\"parser-col-2 text-center\">94</td><td class=\"parser-col-10\">A sprig of herbs from your family's garden</td></tr><tr><td class=\"parser-col-2 text-center\">95</td><td class=\"parser-col-10\">A tankard stolen from the Dran & Courtier</td></tr><tr><td class=\"parser-col-2 text-center\">96</td><td class=\"parser-col-10\">A small, severed tentacle preserved in alcohol</td></tr><tr><td class=\"parser-col-2 text-center\">97</td><td class=\"parser-col-10\">A walnut with a face drawn on it</td></tr><tr><td class=\"parser-col-2 text-center\">98</td><td class=\"parser-col-10\">A small flask of liquid from the Lake of Radiant Mists</td></tr><tr><td class=\"parser-col-2 text-center\">99</td><td class=\"parser-col-10\">An ice cube that never melts</td></tr><tr><td class=\"parser-col-2 text-center\">00</td><td class=\"parser-col-10\">An expertly carved sword hilt with the blade snapped cleanly off</td></tr></table>"
  },
  "bonus": {}
}