{
  "dataType": "item",
  "uid": "item_Alexandrite|DMG ",
  "id": "Alexandrite|DMG",
  "value": 50000,
  "rarity": "none",
  "isBaseItem": false,
  "baseItem": "",
  "displayName": {
    "zh": "紫翠玉",
    "en": "Alexandrite"
  },
  "mainSource": {
    "source": "DMG",
    "page": 134
  },
  "allSources": [
    {
      "source": "DMG",
      "page": 134
    },
    {
      "source": "XDMG",
      "page": 0
    },
    {
      "source": "XDMG",
      "page": 214
    }
  ],
  "relatedVersions": [
    "Alexandrite|XDMG"
  ],
  "zh": {
    "name": "紫翠玉",
    "source": "DMG",
    "page": 134,
    "reprintedAs": [
      "紫翠玉|XDMG"
    ],
    "type": "$G|DMG",
    "rarity": "none",
    "value": 50000,
    "entries": [
      "一种透明的深绿色宝石。"
    ],
    "ENG_name": "Alexandrite",
    "html": "一种透明的深绿色宝石。"
  },
  "en": {
    "name": "Alexandrite",
    "source": "DMG",
    "page": 134,
    "reprintedAs": [
      "Alexandrite|XDMG"
    ],
    "type": "$G|DMG",
    "rarity": "none",
    "value": 50000,
    "entries": [
      "A transparent dark green gemstone."
    ],
    "html": "A transparent dark green gemstone."
  },
  "bonus": {}
}