{
  "dataType": "item",
  "uid": "item_Belt of Stone Giant Strength|DMG ",
  "id": "Belt of Stone Giant Strength|DMG",
  "rarity": "very rare",
  "isBaseItem": false,
  "full": {
    "en": {
      "images": [
        {
          "type": "image",
          "href": {
            "type": "internal",
            "path": "items/DMG/Belt of Stone Giant Strength.webp"
          }
        }
      ]
    },
    "zh": {
      "images": [
        {
          "type": "image",
          "href": {
            "type": "internal",
            "path": "items/DMG/Belt of Stone Giant Strength.webp"
          }
        }
      ]
    }
  },
  "baseItem": "",
  "displayName": {
    "zh": "石巨人力量腰带",
    "en": "Belt of Stone Giant Strength"
  },
  "mainSource": {
    "source": "DMG",
    "page": 155
  },
  "allSources": [
    {
      "source": "DMG",
      "page": 155
    },
    {
      "source": "XDMG",
      "page": 0
    },
    {
      "source": "XDMG",
      "page": 236
    }
  ],
  "relatedVersions": [
    "Belt of Stone Giant Strength|XDMG"
  ],
  "zh": {
    "name": "石巨人力量腰带",
    "source": "DMG",
    "page": 155,
    "srd": true,
    "reprintedAs": [
      "石巨人力量腰带|XDMG"
    ],
    "tier": "主要",
    "rarity": "very rare",
    "reqAttune": true,
    "wondrous": true,
    "ability": {
      "static": {
        "str": 23
      }
    },
    "entries": [
      "着装此腰带期间，你的力量值变为23。如果你未着装该腰带的情况下，力量值已经大于或等于腰带的数值，则此物品无效。"
    ],
    "lootTables": [
      "魔法物品表H"
    ],
    "hasFluffImages": true,
    "ENG_name": "Belt of Stone Giant Strength",
    "html": "着装此腰带期间，你的力量值变为23。如果你未着装该腰带的情况下，力量值已经大于或等于腰带的数值，则此物品无效。"
  },
  "en": {
    "name": "Belt of Stone Giant Strength",
    "source": "DMG",
    "page": 155,
    "srd": true,
    "reprintedAs": [
      "Belt of Stone Giant Strength|XDMG"
    ],
    "tier": "major",
    "rarity": "very rare",
    "reqAttune": true,
    "wondrous": true,
    "ability": {
      "static": {
        "str": 23
      }
    },
    "entries": [
      "While wearing this belt, your Strength score changes to 23. The item has no effect on you if your Strength without the belt is equal to or greater than the belt's score."
    ],
    "lootTables": [
      "Magic Item Table H"
    ],
    "hasFluffImages": true,
    "html": "While wearing this belt, your Strength score changes to 23. The item has no effect on you if your Strength without the belt is equal to or greater than the belt's score."
  },
  "bonus": {}
}