{
  "dataType": "item",
  "uid": "item_+3 Weapon|DMG",
  "id": "+3 Weapon|DMG",
  "rarity": "very rare",
  "isBaseItem": false,
  "displayName": {
    "zh": "+3 武器",
    "en": "+3 Weapon"
  },
  "mainSource": {
    "source": "DMG",
    "page": 213
  },
  "allSources": [
    {
      "source": "DMG",
      "page": 213
    },
    {
      "source": "XDMG",
      "page": 0
    },
    {
      "source": "XDMG",
      "page": 324
    }
  ],
  "relatedVersions": [
    "+3 Weapon|XDMG"
  ],
  "zh": {
    "name": "+3 武器",
    "edition": "classic",
    "type": "GV|DMG",
    "requires": [
      {
        "weapon": true
      }
    ],
    "excludes": {
      "net": true
    },
    "inherits": {
      "namePrefix": "+3 ",
      "source": "DMG",
      "page": 213,
      "srd": true,
      "basicRules": true,
      "reprintedAs": [
        "+3 武器|XDMG"
      ],
      "tier": "主要",
      "rarity": "very rare",
      "bonusWeapon": "+3",
      "entries": [
        "使用这把魔法武器进行攻击和伤害判定时，你会获得{=bonusWeapon}的额外加成。"
      ],
      "lootTables": [
        "魔法物品表H"
      ]
    },
    "ENG_name": "+3 Weapon",
    "entries": [
      "使用这把魔法武器进行攻击和伤害判定时，你会获得{=bonusWeapon}的额外加成。"
    ],
    "html": "使用这把魔法武器进行攻击和伤害判定时，你会获得{=bonusWeapon}的额外加成。"
  },
  "en": {
    "name": "+3 Weapon",
    "edition": "classic",
    "type": "GV|DMG",
    "requires": [
      {
        "weapon": true
      }
    ],
    "excludes": {
      "net": true
    },
    "inherits": {
      "namePrefix": "+3 ",
      "source": "DMG",
      "page": 213,
      "srd": true,
      "basicRules": true,
      "reprintedAs": [
        "+3 Weapon|XDMG"
      ],
      "tier": "major",
      "rarity": "very rare",
      "bonusWeapon": "+3",
      "entries": [
        "You have a {=bonusWeapon} bonus to attack and damage rolls made with this magic weapon."
      ],
      "lootTables": [
        "Magic Item Table H"
      ]
    },
    "entries": [
      "You have a {=bonusWeapon} bonus to attack and damage rolls made with this magic weapon."
    ],
    "html": "You have a {=bonusWeapon} bonus to attack and damage rolls made with this magic weapon."
  }
}