{
  "dataType": "item",
  "uid": "item_Boots of Levitation|DMG ",
  "id": "Boots of Levitation|DMG",
  "rarity": "rare",
  "isBaseItem": false,
  "baseItem": "",
  "displayName": {
    "zh": "浮空之靴",
    "en": "Boots of Levitation"
  },
  "mainSource": {
    "source": "DMG",
    "page": 155
  },
  "allSources": [
    {
      "source": "DMG",
      "page": 155
    },
    {
      "source": "XDMG",
      "page": 0
    },
    {
      "source": "XDMG",
      "page": 239
    }
  ],
  "relatedVersions": [
    "Boots of Levitation|XDMG"
  ],
  "zh": {
    "name": "浮空之靴",
    "source": "DMG",
    "page": 155,
    "srd": true,
    "reprintedAs": [
      "浮空之靴|XDMG"
    ],
    "tier": "主要",
    "rarity": "rare",
    "reqAttune": true,
    "wondrous": true,
    "entries": [
      "着装这双靴子期间，你可以用一个动作对自身施放{@spell 浮空术}法术，次数不限。"
    ],
    "optionalfeatures": [
      "仿制魔法物品|TCE"
    ],
    "attachedSpells": {
      "will": [
        "浮空术"
      ]
    },
    "lootTables": [
      "魔法物品表G"
    ],
    "ENG_name": "Boots of Levitation",
    "html": "着装这双靴子期间，你可以用一个动作对自身施放{{@spell|浮空术}}法术，次数不限。"
  },
  "en": {
    "name": "Boots of Levitation",
    "source": "DMG",
    "page": 155,
    "srd": true,
    "reprintedAs": [
      "Boots of Levitation|XDMG"
    ],
    "tier": "major",
    "rarity": "rare",
    "reqAttune": true,
    "wondrous": true,
    "entries": [
      "While you wear these boots, you can use an action to cast the {@spell levitate} spell on yourself at will."
    ],
    "optionalfeatures": [
      "replicate magic item|tce"
    ],
    "attachedSpells": {
      "will": [
        "levitate"
      ]
    },
    "lootTables": [
      "Magic Item Table G"
    ],
    "html": "While you wear these boots, you can use an action to cast the {{@spell|levitate}} spell on yourself at will."
  },
  "bonus": {}
}