{
  "dataType": "item",
  "uid": "item_Goggles of Night|DMG ",
  "id": "Goggles of Night|DMG",
  "rarity": "uncommon",
  "isBaseItem": false,
  "full": {
    "en": {
      "images": [
        {
          "type": "image",
          "href": {
            "type": "internal",
            "path": "items/DMG/Goggles of Night.webp"
          }
        }
      ]
    },
    "zh": {
      "images": [
        {
          "type": "image",
          "href": {
            "type": "internal",
            "path": "items/DMG/Goggles of Night.webp"
          }
        }
      ]
    }
  },
  "baseItem": "",
  "displayName": {
    "zh": "夜视镜",
    "en": "Goggles of Night"
  },
  "mainSource": {
    "source": "DMG",
    "page": 172
  },
  "allSources": [
    {
      "source": "DMG",
      "page": 172
    },
    {
      "source": "XDMG",
      "page": 0
    },
    {
      "source": "XDMG",
      "page": 265
    }
  ],
  "relatedVersions": [
    "Goggles of Night|XDMG"
  ],
  "zh": {
    "name": "夜视镜",
    "source": "DMG",
    "page": 172,
    "srd": true,
    "basicRules": true,
    "reprintedAs": [
      "夜视镜|XDMG"
    ],
    "tier": "次要",
    "rarity": "uncommon",
    "wondrous": true,
    "entries": [
      "佩戴这副暗色护目镜期间，你具有{@sense 黑暗视觉}至60尺范围。如果你已经有{@sense 黑暗视觉}，则你的黑暗视觉范围扩大60尺。"
    ],
    "optionalfeatures": [
      "仿制魔法物品|TCE"
    ],
    "lootTables": [
      "魔法物品表B"
    ],
    "hasFluffImages": true,
    "ENG_name": "Goggles of Night",
    "html": "佩戴这副暗色护目镜期间，你具有{{@sense|黑暗视觉}}至60尺范围。如果你已经有{{@sense|黑暗视觉}}，则你的黑暗视觉范围扩大60尺。"
  },
  "en": {
    "name": "Goggles of Night",
    "source": "DMG",
    "page": 172,
    "srd": true,
    "basicRules": true,
    "reprintedAs": [
      "Goggles of Night|XDMG"
    ],
    "tier": "minor",
    "rarity": "uncommon",
    "wondrous": true,
    "entries": [
      "While wearing these dark lenses, you have {@sense darkvision} out to a range of 60 feet. If you already have {@sense darkvision}, wearing the goggles increases its range by 60 feet."
    ],
    "optionalfeatures": [
      "replicate magic item|tce"
    ],
    "lootTables": [
      "Magic Item Table B"
    ],
    "hasFluffImages": true,
    "html": "While wearing these dark lenses, you have {{@sense|darkvision}} out to a range of 60 feet. If you already have {{@sense|darkvision}}, wearing the goggles increases its range by 60 feet."
  },
  "bonus": {}
}