{
  "dataType": "item",
  "uid": "item_Bigby's Beneficent Bracelet|BGG ",
  "id": "Bigby's Beneficent Bracelet|BGG",
  "rarity": "artifact",
  "isBaseItem": false,
  "full": {
    "en": {
      "images": [
        {
          "type": "image",
          "href": {
            "type": "internal",
            "path": "items/BGG/Bigbys Beneficent Bracelet.webp"
          },
          "credit": "Isabel Gibney"
        }
      ]
    },
    "zh": {
      "images": [
        {
          "type": "image",
          "href": {
            "type": "internal",
            "path": "items/BGG/Bigbys Beneficent Bracelet.webp"
          },
          "credit": "Isabel Gibney"
        }
      ]
    }
  },
  "baseItem": "",
  "displayName": {
    "zh": "毕格比裨益臂镯",
    "en": "Bigby's Beneficent Bracelet"
  },
  "mainSource": {
    "source": "BGG",
    "page": 111
  },
  "allSources": [
    {
      "source": "BGG",
      "page": 111
    }
  ],
  "zh": {
    "name": "毕格比裨益臂镯",
    "source": "BGG",
    "page": 111,
    "rarity": "artifact",
    "reqAttune": true,
    "wondrous": true,
    "entries": [
      "这件华丽的珠宝饰品由法师毕格比为他自己打造，由四枚黄金戒指通过精致的链条连接到一个镶嵌蓝宝石和钻石的腕环上。",
      {
        "ENG_name": "Random Properties",
        "name": "随机词条",
        "type": "entries",
        "entries": [
          "手镯具有以下的随机属性，你需要根据《城主指南》所记述的相关表格进行掷骰来决定它们的具体内容：",
          {
            "type": "list",
            "items": [
              "1项{@table 神器词条; 次要增益词条|DMG|弱效增益}属性",
              "一个{@table 神器词条; 主要增益词条|DMG|强效增益}属性",
              "1项{@table 神器词条; 次要减益词条|DMG|弱效减益}属性"
            ]
          }
        ]
      },
      {
        "ENG_name": "Dexterous Fingers",
        "name": "灵活手指",
        "type": "entries",
        "entries": [
          "佩戴这件手镯期间，你可以施放{@spell 法师之手}。"
        ]
      },
      {
        "ENG_name": "Force Sculpture",
        "name": "力场雕塑",
        "type": "entries",
        "entries": [
          "使用1分钟时间专注并引导手镯的魔力，你可以创造一个大型或以下非魔法物件的灵体复制品。复制品会出现在你周围10尺范围内的未占据空间中，且它必须出现在一个能支撑它的表面上或液体中。灵体复制品用坚硬、但透明的力场制造，会模仿被复制物件的尺寸、重量、以及其他属性。生物可以如正常非魔法物体一般触碰复制体，或与复制体交互。",
          "复制体免疫于所有伤害，亦无法被解除，但一次{@spell 解离术}法术可以立刻摧毁它。此外，复制体将在8小时后，或在你主动用一个动作解散它时消失。",
          "手镯可以创造至多三个复制体，并在黎明时恢复全部已消耗的使用次数。"
        ]
      },
      {
        "ENG_name": "Helpful Hand",
        "name": "有助之手",
        "type": "entries",
        "entries": [
          "以一个动作，你可以用臂镯施放{@spell 毕格比之手}作为9环法术（法术攻击加值+13）。当你以此方式施放该法术时，该法术不需要{@status 专注}。此属性一旦被使用，直到次日黎明前都无法被再次使用。"
        ]
      }
    ],
    "attachedSpells": {
      "will": [
        "法师之手"
      ],
      "daily": {
        "1": [
          "毕格比之手#9"
        ]
      }
    },
    "hasFluffImages": true,
    "ENG_name": "Bigby's Beneficent Bracelet",
    "html": "这件华丽的珠宝饰品由法师毕格比为他自己打造，由四枚黄金戒指通过精致的链条连接到一个镶嵌蓝宝石和钻石的腕环上。\n<div class=\"parser-entries\"><div class=\"parser-entries-name\">随机词条</div><div class=\"parser-entries-eng-name\">Random Properties</div><div class=\"parser-entries-content\">手镯具有以下的随机属性，你需要根据《城主指南》所记述的相关表格进行掷骰来决定它们的具体内容：<ul class=\"parser-list parser-list-default\"><li>1项{{@table|神器词条; 次要增益词条|DMG|弱效增益}}属性</li><li>一个{{@table|神器词条; 主要增益词条|DMG|强效增益}}属性</li><li>1项{{@table|神器词条; 次要减益词条|DMG|弱效减益}}属性</li></ul></div></div>\n<div class=\"parser-entries\"><div class=\"parser-entries-name\">灵活手指</div><div class=\"parser-entries-eng-name\">Dexterous Fingers</div><div class=\"parser-entries-content\">佩戴这件手镯期间，你可以施放{{@spell|法师之手}}。</div></div>\n<div class=\"parser-entries\"><div class=\"parser-entries-name\">力场雕塑</div><div class=\"parser-entries-eng-name\">Force Sculpture</div><div class=\"parser-entries-content\">使用1分钟时间专注并引导手镯的魔力，你可以创造一个大型或以下非魔法物件的灵体复制品。复制品会出现在你周围10尺范围内的未占据空间中，且它必须出现在一个能支撑它的表面上或液体中。灵体复制品用坚硬、但透明的力场制造，会模仿被复制物件的尺寸、重量、以及其他属性。生物可以如正常非魔法物体一般触碰复制体，或与复制体交互。复制体免疫于所有伤害，亦无法被解除，但一次{{@spell|解离术}}法术可以立刻摧毁它。此外，复制体将在8小时后，或在你主动用一个动作解散它时消失。手镯可以创造至多三个复制体，并在黎明时恢复全部已消耗的使用次数。</div></div>\n<div class=\"parser-entries\"><div class=\"parser-entries-name\">有助之手</div><div class=\"parser-entries-eng-name\">Helpful Hand</div><div class=\"parser-entries-content\">以一个动作，你可以用臂镯施放{{@spell|毕格比之手}}作为9环法术（法术攻击加值+13）。当你以此方式施放该法术时，该法术不需要{{@status|专注}}。此属性一旦被使用，直到次日黎明前都无法被再次使用。</div></div>"
  },
  "en": {
    "name": "Bigby's Beneficent Bracelet",
    "source": "BGG",
    "page": 111,
    "rarity": "artifact",
    "reqAttune": true,
    "wondrous": true,
    "entries": [
      "This gorgeous jewelry piece, crafted by the wizard Bigby himself, consists of four gold rings attached via delicate chains to a wrist cuff studded with sapphires and diamonds.",
      {
        "type": "entries",
        "name": "Random Properties",
        "entries": [
          "The bracelet has the following random properties, determined by rolling on the appropriate table in the Dungeon Master's Guide:",
          {
            "type": "list",
            "items": [
              "1 {@table Artifact Properties; Minor Beneficial Properties|dmg|minor beneficial} property",
              "1 {@table Artifact Properties; Major Beneficial Properties|dmg|major beneficial} property",
              "1 {@table Artifact Properties; Minor Detrimental Properties|dmg|minor detrimental} property"
            ]
          }
        ]
      },
      {
        "type": "entries",
        "name": "Dexterous Fingers",
        "entries": [
          "While wearing the bracelet, you can cast {@spell mage hand}."
        ]
      },
      {
        "type": "entries",
        "name": "Force Sculpture",
        "entries": [
          "By focusing and channeling the bracelet's magic for 1 minute, you can create a spectral copy of a Large or smaller nonmagical object. The copy appears in an unoccupied space within 10 feet of you, and it is made of tangible but translucent force that mimics the size, weight, and other properties of the object it's copying. The copy must appear on a surface or liquid that can support it. Creatures can touch and interact with the copy as if it were a nonmagical object.",
          "The copy is immune to all damage and can't be dispelled, but a {@spell disintegrate} spell destroys it immediately. Otherwise, the copy disappears after 8 hours or when you dismiss it as an action.",
          "The bracelet can create up to three copies and regains all expended uses at dawn."
        ]
      },
      {
        "type": "entries",
        "name": "Helpful Hand",
        "entries": [
          "As an action, you can use the bracelet to cast {@spell Bigby's hand} as a 9th-level spell (spell attack bonus +13). When you cast the spell this way, the spell doesn't require {@status concentration}. Once this property is used, it can't be used again until the next dawn."
        ]
      }
    ],
    "attachedSpells": {
      "will": [
        "mage hand"
      ],
      "daily": {
        "1": [
          "bigby's hand#9"
        ]
      }
    },
    "hasFluffImages": true,
    "html": "This gorgeous jewelry piece, crafted by the wizard Bigby himself, consists of four gold rings attached via delicate chains to a wrist cuff studded with sapphires and diamonds.\n<div class=\"parser-entries\"><div class=\"parser-entries-name\">Random Properties</div><div class=\"parser-entries-content\">The bracelet has the following random properties, determined by rolling on the appropriate table in the Dungeon Master's Guide:<ul class=\"parser-list parser-list-default\"><li>1 {{@table|Artifact Properties; Minor Beneficial Properties|dmg|minor beneficial}} property</li><li>1 {{@table|Artifact Properties; Major Beneficial Properties|dmg|major beneficial}} property</li><li>1 {{@table|Artifact Properties; Minor Detrimental Properties|dmg|minor detrimental}} property</li></ul></div></div>\n<div class=\"parser-entries\"><div class=\"parser-entries-name\">Dexterous Fingers</div><div class=\"parser-entries-content\">While wearing the bracelet, you can cast {{@spell|mage hand}}.</div></div>\n<div class=\"parser-entries\"><div class=\"parser-entries-name\">Force Sculpture</div><div class=\"parser-entries-content\">By focusing and channeling the bracelet's magic for 1 minute, you can create a spectral copy of a Large or smaller nonmagical object. The copy appears in an unoccupied space within 10 feet of you, and it is made of tangible but translucent force that mimics the size, weight, and other properties of the object it's copying. The copy must appear on a surface or liquid that can support it. Creatures can touch and interact with the copy as if it were a nonmagical object.The copy is immune to all damage and can't be dispelled, but a {{@spell|disintegrate}} spell destroys it immediately. Otherwise, the copy disappears after 8 hours or when you dismiss it as an action.The bracelet can create up to three copies and regains all expended uses at dawn.</div></div>\n<div class=\"parser-entries\"><div class=\"parser-entries-name\">Helpful Hand</div><div class=\"parser-entries-content\">As an action, you can use the bracelet to cast {{@spell|Bigby's hand}} as a 9th-level spell (spell attack bonus +13). When you cast the spell this way, the spell doesn't require {{@status|concentration}}. Once this property is used, it can't be used again until the next dawn.</div></div>"
  },
  "bonus": {}
}