{
  "dataType": "item",
  "uid": "item_Gnomengarde Grenade|DC ",
  "id": "Gnomengarde Grenade|DC",
  "rarity": "varies",
  "isBaseItem": false,
  "baseItem": "",
  "displayName": {
    "zh": "侏儒园手雷",
    "en": "Gnomengarde Grenade"
  },
  "mainSource": {
    "source": "DC",
    "page": 0
  },
  "allSources": [
    {
      "source": "DC",
      "page": 0
    }
  ],
  "zh": {
    "name": "侏儒园手雷",
    "source": "DC",
    "rarity": "varies",
    "wondrous": true,
    "entries": [
      "这个小巧的金属物体由覆盖着符文的不同金属部件组成，它们通过各种齿轮、带子、小零件和装饰物连接在一起。这些金属部件颜色各异，当在光线下举起时，手榴弹会闪耀出彩虹般的色彩。",
      "作为一个附赠动作，生物可以转动一个特殊的钥匙来启动手榴弹。一旦启动，手榴弹将在几秒钟内爆炸。作为一个动作，使用者可以将手榴弹投掷至多120尺远。在其回合结束时，手榴弹会爆炸。所有在手榴弹爆炸时距离它60尺范围内的生物将遭受以下效果：",
      {
        "type": "list",
        "items": [
          "每个生物必须进行一次{@dc 15}的敏捷豁免检定，失败时将受到28点{@damage 8d6}的火焰伤害，成功则只受到一半的火焰伤害。",
          "每个生物必须进行一次 {@dc 15} 的体质豁免检定。检定失败时，它将受到 28（{@damage 8d6}）点雷鸣伤害，并且直到其下个回合结束前处于 {@condition 震慑} 状态。检定成功时，它只受到一半的雷鸣伤害，并且不会陷入 {@condition 震慑} 状态。",
          "持有者需要在{@item 惊异魔杖|DMG}图表上掷骰三次，重掷任何重复的结果。任何指定目标的效果在手榴弹爆炸时会影响范围内的所有生物。那些本应对持有魔杖者产生影响的效果，改为影响手榴弹爆炸时距离它最近的生物。"
        ]
      },
      "如果生物在持有手榴弹时将其放入异次元空间或在持有时进行传送，手榴弹会立即爆炸。爆炸的效果将在传送的起点和终点都能感受到，但只影响每个位置周围30尺范围内的所有生物。"
    ],
    "ENG_name": "Gnomengarde Grenade",
    "html": "这个小巧的金属物体由覆盖着符文的不同金属部件组成，它们通过各种齿轮、带子、小零件和装饰物连接在一起。这些金属部件颜色各异，当在光线下举起时，手榴弹会闪耀出彩虹般的色彩。\n作为一个附赠动作，生物可以转动一个特殊的钥匙来启动手榴弹。一旦启动，手榴弹将在几秒钟内爆炸。作为一个动作，使用者可以将手榴弹投掷至多120尺远。在其回合结束时，手榴弹会爆炸。所有在手榴弹爆炸时距离它60尺范围内的生物将遭受以下效果：\n<ul class=\"parser-list parser-list-default\"><li>每个生物必须进行一次{{@dc|15}}的敏捷豁免检定，失败时将受到28点{{@damage|8d6}}的火焰伤害，成功则只受到一半的火焰伤害。</li><li>每个生物必须进行一次 {{@dc|15}} 的体质豁免检定。检定失败时，它将受到 28（{{@damage|8d6}}）点雷鸣伤害，并且直到其下个回合结束前处于 {{@condition|震慑}} 状态。检定成功时，它只受到一半的雷鸣伤害，并且不会陷入 {{@condition|震慑}} 状态。</li><li>持有者需要在{{@item|惊异魔杖|DMG}}图表上掷骰三次，重掷任何重复的结果。任何指定目标的效果在手榴弹爆炸时会影响范围内的所有生物。那些本应对持有魔杖者产生影响的效果，改为影响手榴弹爆炸时距离它最近的生物。</li></ul>\n如果生物在持有手榴弹时将其放入异次元空间或在持有时进行传送，手榴弹会立即爆炸。爆炸的效果将在传送的起点和终点都能感受到，但只影响每个位置周围30尺范围内的所有生物。"
  },
  "en": {
    "name": "Gnomengarde Grenade",
    "source": "DC",
    "rarity": "varies",
    "wondrous": true,
    "entries": [
      "This small metallic object is comprised of rune-covered parts made from different metals, linked together with a variety of gears, bands, bits, and bobs. The metals are all different colors, making the grenade shine with a rainbow of color when held up in the light.",
      "As a bonus action, a creature can turn a special key to arm the grenade. Once armed, the grenade explodes in a matter of seconds. As an action, the wielder can hurl the grenade up to 120 feet. At the end of their turn, the grenade explodes. All creatures within 60 feet of the grenade when it explodes suffer the following effects:",
      {
        "type": "list",
        "items": [
          "Each creature must make a {@dc 15} Dexterity saving throw, taking 28 ({@damage 8d6}) fire damage on a failed save, or half as much fire damage on a successful one.",
          "Each creature must make a {@dc 15} Constitution saving throw. On a failed save, it takes 28 ({@damage 8d6}) thunder damage and is {@condition stunned} until the end of its next turn. On a successful save, it takes half as much thunder damage and is not {@condition stunned}.",
          "The wielder rolls on the chart* for the {@item wand of wonder|dmg} three times, rerolling any duplicate results. Any effects that specify a target affect all creatures in range of the grenade when it explodes. Any effects that would affect the wielder of the wand instead affect the closest creature to the grenade when it goes off."
        ]
      },
      "The grenade explodes immediately if a creature places it in an extradimensional space or teleports while in possession of it. The effects of the explosion will be felt at both the origin and terminus of the teleportation, but only affecting all creatures within 30 feet of either location."
    ],
    "html": "This small metallic object is comprised of rune-covered parts made from different metals, linked together with a variety of gears, bands, bits, and bobs. The metals are all different colors, making the grenade shine with a rainbow of color when held up in the light.\nAs a bonus action, a creature can turn a special key to arm the grenade. Once armed, the grenade explodes in a matter of seconds. As an action, the wielder can hurl the grenade up to 120 feet. At the end of their turn, the grenade explodes. All creatures within 60 feet of the grenade when it explodes suffer the following effects:\n<ul class=\"parser-list parser-list-default\"><li>Each creature must make a {{@dc|15}} Dexterity saving throw, taking 28 ({{@damage|8d6}}) fire damage on a failed save, or half as much fire damage on a successful one.</li><li>Each creature must make a {{@dc|15}} Constitution saving throw. On a failed save, it takes 28 ({{@damage|8d6}}) thunder damage and is {{@condition|stunned}} until the end of its next turn. On a successful save, it takes half as much thunder damage and is not {{@condition|stunned}}.</li><li>The wielder rolls on the chart* for the {{@item|wand of wonder|dmg}} three times, rerolling any duplicate results. Any effects that specify a target affect all creatures in range of the grenade when it explodes. Any effects that would affect the wielder of the wand instead affect the closest creature to the grenade when it goes off.</li></ul>\nThe grenade explodes immediately if a creature places it in an extradimensional space or teleports while in possession of it. The effects of the explosion will be felt at both the origin and terminus of the teleportation, but only affecting all creatures within 30 feet of either location."
  },
  "bonus": {}
}