{
  "dataType": "item",
  "uid": "item_Frost Brand|DMG",
  "id": "Frost Brand|DMG",
  "rarity": "very rare",
  "isBaseItem": false,
  "displayName": {
    "zh": "霜铭",
    "en": "Frost Brand"
  },
  "mainSource": {
    "source": "DMG",
    "page": 171
  },
  "allSources": [
    {
      "source": "DMG",
      "page": 171
    },
    {
      "source": "XDMG",
      "page": 0
    },
    {
      "source": "XDMG",
      "page": 263
    }
  ],
  "relatedVersions": [
    "Frost Brand|XDMG"
  ],
  "zh": {
    "name": "霜铭",
    "edition": "classic",
    "type": "GV|DMG",
    "requires": [
      {
        "sword": true
      }
    ],
    "inherits": {
      "namePrefix": "霜铭",
      "source": "DMG",
      "page": 171,
      "srd": true,
      "reprintedAs": [
        "霜铭|XDMG"
      ],
      "resist": [
        "火焰"
      ],
      "tier": "主要",
      "rarity": "very rare",
      "reqAttune": true,
      "entries": [
        "当你使用这把魔法剑进行攻击命中时，目标额外受到{@damage 1d6}寒冷伤害。此外，只要你手持这把剑，你就对火焰伤害有抗性。",
        "在冰冻的温度下，剑刃在10尺半径内散发明亮的光线，并在额外的10尺内散发微光。",
        "当你拔出这件武器时，你可以熄灭你周围30尺内的所有非魔法火焰。这个特性每小时最多只能使用一次。"
      ],
      "light": [
        {
          "bright": 10,
          "dim": 20
        }
      ],
      "lootTables": [
        "魔法物品表H"
      ]
    },
    "hasFluffImages": true,
    "ENG_name": "Frost Brand",
    "entries": [
      "当你使用这把魔法剑进行攻击命中时，目标额外受到{@damage 1d6}寒冷伤害。此外，只要你手持这把剑，你就对火焰伤害有抗性。",
      "在冰冻的温度下，剑刃在10尺半径内散发明亮的光线，并在额外的10尺内散发微光。",
      "当你拔出这件武器时，你可以熄灭你周围30尺内的所有非魔法火焰。这个特性每小时最多只能使用一次。"
    ],
    "html": "当你使用这把魔法剑进行攻击命中时，目标额外受到{{@damage|1d6}}寒冷伤害。此外，只要你手持这把剑，你就对火焰伤害有抗性。\n在冰冻的温度下，剑刃在10尺半径内散发明亮的光线，并在额外的10尺内散发微光。\n当你拔出这件武器时，你可以熄灭你周围30尺内的所有非魔法火焰。这个特性每小时最多只能使用一次。"
  },
  "en": {
    "name": "Frost Brand",
    "edition": "classic",
    "type": "GV|DMG",
    "requires": [
      {
        "sword": true
      }
    ],
    "inherits": {
      "namePrefix": "Frost Brand ",
      "source": "DMG",
      "page": 171,
      "srd": true,
      "reprintedAs": [
        "Frost Brand|XDMG"
      ],
      "resist": [
        "fire"
      ],
      "tier": "major",
      "rarity": "very rare",
      "reqAttune": true,
      "entries": [
        "When you hit with an attack using this magic sword, the target takes an extra {@damage 1d6} cold damage. In addition, while you hold the sword, you have resistance to fire damage.",
        "In freezing temperatures, the blade sheds bright light in a 10-foot radius and dim light for an additional 10 feet.",
        "When you draw this weapon, you can extinguish all nonmagical flames within 30 feet of you. This property can be used no more than once per hour."
      ],
      "light": [
        {
          "bright": 10,
          "dim": 20
        }
      ],
      "lootTables": [
        "Magic Item Table H"
      ]
    },
    "hasFluffImages": true,
    "entries": [
      "When you hit with an attack using this magic sword, the target takes an extra {@damage 1d6} cold damage. In addition, while you hold the sword, you have resistance to fire damage.",
      "In freezing temperatures, the blade sheds bright light in a 10-foot radius and dim light for an additional 10 feet.",
      "When you draw this weapon, you can extinguish all nonmagical flames within 30 feet of you. This property can be used no more than once per hour."
    ],
    "html": "When you hit with an attack using this magic sword, the target takes an extra {{@damage|1d6}} cold damage. In addition, while you hold the sword, you have resistance to fire damage.\nIn freezing temperatures, the blade sheds bright light in a 10-foot radius and dim light for an additional 10 feet.\nWhen you draw this weapon, you can extinguish all nonmagical flames within 30 feet of you. This property can be used no more than once per hour."
  }
}