{
  "dataType": "item",
  "uid": "item_Ruidium Armor|CRCotN",
  "id": "Ruidium Armor|CRCotN",
  "rarity": "very rare",
  "isBaseItem": false,
  "displayName": {
    "zh": "月蚀护甲",
    "en": "Ruidium Armor"
  },
  "mainSource": {
    "source": "CRCotN",
    "page": 215
  },
  "allSources": [
    {
      "source": "CRCotN",
      "page": 215
    }
  ],
  "zh": {
    "name": "月蚀护甲",
    "type": "GV|DMG",
    "requires": [
      {
        "type": "MA"
      },
      {
        "type": "HA"
      },
      {
        "type": "MA|XPHB"
      },
      {
        "type": "HA|XPHB"
      }
    ],
    "excludes": {
      "name": "兽皮甲",
      "ENG_name": "Hide Armor"
    },
    "inherits": {
      "namePrefix": "月蚀",
      "source": "CRCotN",
      "page": 215,
      "resist": [
        "心灵"
      ],
      "rarity": "very rare",
      "reqAttune": true,
      "bonusAc": "+1",
      "modifySpeed": {
        "equal": {
          "swim": "走"
        }
      },
      "entries": [
        "这件魔法盔甲颜色暗淡，呈锈迹斑斑，或者有钌元素的脉络贯穿其中。当你穿戴这件盔甲时，你将获得以下好处：",
        {
          "type": "list",
          "items": [
            "你对心灵伤害具有抗性。",
            "你可以在水中呼吸。",
            "你的游泳速度等同于你的步行速度。"
          ]
        },
        {
          "ENG_name": "Ruidium Corruption",
          "name": "月蚀腐化",
          "type": "entries",
          "entries": [
            "当你穿着这件盔甲进行一次豁免检定时掷出1，你必须进行一次{@dc 15}魅力豁免检定。若检定失败，你将获得1级{@condition 力竭}（精疲力竭）。如果你还没有遭受到镭射污染，当你这次检定失败时，你将会受到污染。"
          ]
        },
        {
          "ENG_name": "If Ruidium Is Destroyed",
          "name": "如果月蚀矿被摧毁",
          "type": "entries",
          "entries": [
            "如果阿波泰翁被杀死或得到救赎，所有在埃克桑迪亚的钌元素会立即被摧毁，钌元素护甲变为{@item +1 护甲}。"
          ]
        }
      ]
    },
    "ENG_name": "Ruidium Armor",
    "entries": [
      "这件魔法盔甲颜色暗淡，呈锈迹斑斑，或者有钌元素的脉络贯穿其中。当你穿戴这件盔甲时，你将获得以下好处：",
      {
        "type": "list",
        "items": [
          "你对心灵伤害具有抗性。",
          "你可以在水中呼吸。",
          "你的游泳速度等同于你的步行速度。"
        ]
      },
      {
        "ENG_name": "Ruidium Corruption",
        "name": "月蚀腐化",
        "type": "entries",
        "entries": [
          "当你穿着这件盔甲进行一次豁免检定时掷出1，你必须进行一次{@dc 15}魅力豁免检定。若检定失败，你将获得1级{@condition 力竭}（精疲力竭）。如果你还没有遭受到镭射污染，当你这次检定失败时，你将会受到污染。"
        ]
      },
      {
        "ENG_name": "If Ruidium Is Destroyed",
        "name": "如果月蚀矿被摧毁",
        "type": "entries",
        "entries": [
          "如果阿波泰翁被杀死或得到救赎，所有在埃克桑迪亚的钌元素会立即被摧毁，钌元素护甲变为{@item +1 护甲}。"
        ]
      }
    ],
    "html": "这件魔法盔甲颜色暗淡，呈锈迹斑斑，或者有钌元素的脉络贯穿其中。当你穿戴这件盔甲时，你将获得以下好处：\n<ul class=\"parser-list parser-list-default\"><li>你对心灵伤害具有抗性。</li><li>你可以在水中呼吸。</li><li>你的游泳速度等同于你的步行速度。</li></ul>\n<div class=\"parser-entries\"><div class=\"parser-entries-name\">月蚀腐化</div><div class=\"parser-entries-eng-name\">Ruidium Corruption</div><div class=\"parser-entries-content\">当你穿着这件盔甲进行一次豁免检定时掷出1，你必须进行一次{{@dc|15}}魅力豁免检定。若检定失败，你将获得1级{{@condition|力竭}}（精疲力竭）。如果你还没有遭受到镭射污染，当你这次检定失败时，你将会受到污染。</div></div>\n<div class=\"parser-entries\"><div class=\"parser-entries-name\">如果月蚀矿被摧毁</div><div class=\"parser-entries-eng-name\">If Ruidium Is Destroyed</div><div class=\"parser-entries-content\">如果阿波泰翁被杀死或得到救赎，所有在埃克桑迪亚的钌元素会立即被摧毁，钌元素护甲变为{{@item|+1 护甲}}。</div></div>"
  },
  "en": {
    "name": "Ruidium Armor",
    "type": "GV|DMG",
    "requires": [
      {
        "type": "MA"
      },
      {
        "type": "HA"
      },
      {
        "type": "MA|XPHB"
      },
      {
        "type": "HA|XPHB"
      }
    ],
    "excludes": {
      "name": "Hide Armor"
    },
    "inherits": {
      "namePrefix": "Ruidium ",
      "source": "CRCotN",
      "page": 215,
      "resist": [
        "psychic"
      ],
      "rarity": "very rare",
      "reqAttune": true,
      "bonusAc": "+1",
      "modifySpeed": {
        "equal": {
          "swim": "walk"
        }
      },
      "entries": [
        "This magic armor has a dull, rusty color or has veins of ruidium running through it. While you wear this armor, you gain the following benefits:",
        {
          "type": "list",
          "items": [
            "You have resistance to psychic damage.",
            "You can breathe water.",
            "You gain a swimming speed equal to your walking speed."
          ]
        },
        {
          "type": "entries",
          "name": "Ruidium Corruption",
          "entries": [
            "When you roll a 1 on a saving throw while wearing this armor, you must make a {@dc 15} Charisma saving throw. On a failed save, you gain 1 level of {@condition exhaustion}. If you are not already suffering from ruidium corruption, you become corrupted when you fail this save."
          ]
        },
        {
          "type": "entries",
          "name": "If Ruidium Is Destroyed",
          "entries": [
            "If the Apotheon is killed or redeemed, all the ruidium in Exandria is destroyed instantly, and ruidium armor becomes {@item +1 armor}."
          ]
        }
      ]
    },
    "entries": [
      "This magic armor has a dull, rusty color or has veins of ruidium running through it. While you wear this armor, you gain the following benefits:",
      {
        "type": "list",
        "items": [
          "You have resistance to psychic damage.",
          "You can breathe water.",
          "You gain a swimming speed equal to your walking speed."
        ]
      },
      {
        "type": "entries",
        "name": "Ruidium Corruption",
        "entries": [
          "When you roll a 1 on a saving throw while wearing this armor, you must make a {@dc 15} Charisma saving throw. On a failed save, you gain 1 level of {@condition exhaustion}. If you are not already suffering from ruidium corruption, you become corrupted when you fail this save."
        ]
      },
      {
        "type": "entries",
        "name": "If Ruidium Is Destroyed",
        "entries": [
          "If the Apotheon is killed or redeemed, all the ruidium in Exandria is destroyed instantly, and ruidium armor becomes {@item +1 armor}."
        ]
      }
    ],
    "html": "This magic armor has a dull, rusty color or has veins of ruidium running through it. While you wear this armor, you gain the following benefits:\n<ul class=\"parser-list parser-list-default\"><li>You have resistance to psychic damage.</li><li>You can breathe water.</li><li>You gain a swimming speed equal to your walking speed.</li></ul>\n<div class=\"parser-entries\"><div class=\"parser-entries-name\">Ruidium Corruption</div><div class=\"parser-entries-content\">When you roll a 1 on a saving throw while wearing this armor, you must make a {{@dc|15}} Charisma saving throw. On a failed save, you gain 1 level of {{@condition|exhaustion}}. If you are not already suffering from ruidium corruption, you become corrupted when you fail this save.</div></div>\n<div class=\"parser-entries\"><div class=\"parser-entries-name\">If Ruidium Is Destroyed</div><div class=\"parser-entries-content\">If the Apotheon is killed or redeemed, all the ruidium in Exandria is destroyed instantly, and ruidium armor becomes {{@item|+1 armor}}.</div></div>"
  }
}