{
  "dataType": "item",
  "uid": "item_Dancing Sword|DMG",
  "id": "Dancing Sword|DMG",
  "rarity": "very rare",
  "isBaseItem": false,
  "displayName": {
    "zh": "舞空剑",
    "en": "Dancing Sword"
  },
  "mainSource": {
    "source": "DMG",
    "page": 161
  },
  "allSources": [
    {
      "source": "DMG",
      "page": 161
    },
    {
      "source": "XDMG",
      "page": 0
    },
    {
      "source": "XDMG",
      "page": 248
    }
  ],
  "relatedVersions": [
    "Dancing Sword|XDMG"
  ],
  "zh": {
    "name": "舞空剑",
    "edition": "classic",
    "type": "GV|DMG",
    "requires": [
      {
        "sword": true
      }
    ],
    "inherits": {
      "namePrefix": "舞空",
      "source": "DMG",
      "page": 161,
      "srd": true,
      "reprintedAs": [
        "舞空剑|XDMG"
      ],
      "tier": "主要",
      "rarity": "very rare",
      "reqAttune": true,
      "entries": [
        "你可以使用附赠动作将这把魔法剑抛向空中并说出命令词。当你这样做时，剑开始悬停，飞行最多30尺，并攻击它5尺范围内你选择的一个生物。剑使用你的攻击骰和能力值修正来决定伤害骰。",
        "当剑悬停时，你可以使用附赠动作使其飞行最多30尺到达你30尺范围内的另一个位置。作为同一个附赠动作的一部分，你可以让剑攻击它5尺范围内的一个生物。",
        "悬浮的剑在第四次攻击后，会飞升30尺并试图回到你的手中。如果你没有空闲的手，它就会落在你的脚边。如果剑没有无阻碍的路径到你，它会尽可能地靠近你然后落地。如果你抓住它或者你离它超过30尺，它也会停止悬浮。"
      ],
      "lootTables": [
        "魔法物品表H"
      ]
    },
    "hasFluffImages": true,
    "ENG_name": "Dancing Sword",
    "entries": [
      "你可以使用附赠动作将这把魔法剑抛向空中并说出命令词。当你这样做时，剑开始悬停，飞行最多30尺，并攻击它5尺范围内你选择的一个生物。剑使用你的攻击骰和能力值修正来决定伤害骰。",
      "当剑悬停时，你可以使用附赠动作使其飞行最多30尺到达你30尺范围内的另一个位置。作为同一个附赠动作的一部分，你可以让剑攻击它5尺范围内的一个生物。",
      "悬浮的剑在第四次攻击后，会飞升30尺并试图回到你的手中。如果你没有空闲的手，它就会落在你的脚边。如果剑没有无阻碍的路径到你，它会尽可能地靠近你然后落地。如果你抓住它或者你离它超过30尺，它也会停止悬浮。"
    ],
    "html": "你可以使用附赠动作将这把魔法剑抛向空中并说出命令词。当你这样做时，剑开始悬停，飞行最多30尺，并攻击它5尺范围内你选择的一个生物。剑使用你的攻击骰和能力值修正来决定伤害骰。\n当剑悬停时，你可以使用附赠动作使其飞行最多30尺到达你30尺范围内的另一个位置。作为同一个附赠动作的一部分，你可以让剑攻击它5尺范围内的一个生物。\n悬浮的剑在第四次攻击后，会飞升30尺并试图回到你的手中。如果你没有空闲的手，它就会落在你的脚边。如果剑没有无阻碍的路径到你，它会尽可能地靠近你然后落地。如果你抓住它或者你离它超过30尺，它也会停止悬浮。"
  },
  "en": {
    "name": "Dancing Sword",
    "edition": "classic",
    "type": "GV|DMG",
    "requires": [
      {
        "sword": true
      }
    ],
    "inherits": {
      "namePrefix": "Dancing ",
      "source": "DMG",
      "page": 161,
      "srd": true,
      "reprintedAs": [
        "Dancing Sword|XDMG"
      ],
      "tier": "major",
      "rarity": "very rare",
      "reqAttune": true,
      "entries": [
        "You can use a bonus action to toss this magic sword into the air and speak the command word. When you do so, the sword begins to hover, flies up to 30 feet, and attacks one creature of your choice within 5 feet of it. The sword uses your attack roll and ability score modifier to damage rolls.",
        "While the sword hovers, you can use a bonus action to cause it to fly up to 30 feet to another spot within 30 feet of you. As part of the same bonus action, you can cause the sword to attack one creature within 5 feet of it.",
        "After the hovering sword attacks for the fourth time, it flies up to 30 feet and tries to return to your hand. If you have no hand free, it falls to the ground at your feet. If the sword has no unobstructed path to you, it moves as close to you as it can and then falls to the ground. It also ceases to hover if you grasp it or move more than 30 feet away from it."
      ],
      "lootTables": [
        "Magic Item Table H"
      ]
    },
    "hasFluffImages": true,
    "entries": [
      "You can use a bonus action to toss this magic sword into the air and speak the command word. When you do so, the sword begins to hover, flies up to 30 feet, and attacks one creature of your choice within 5 feet of it. The sword uses your attack roll and ability score modifier to damage rolls.",
      "While the sword hovers, you can use a bonus action to cause it to fly up to 30 feet to another spot within 30 feet of you. As part of the same bonus action, you can cause the sword to attack one creature within 5 feet of it.",
      "After the hovering sword attacks for the fourth time, it flies up to 30 feet and tries to return to your hand. If you have no hand free, it falls to the ground at your feet. If the sword has no unobstructed path to you, it moves as close to you as it can and then falls to the ground. It also ceases to hover if you grasp it or move more than 30 feet away from it."
    ],
    "html": "You can use a bonus action to toss this magic sword into the air and speak the command word. When you do so, the sword begins to hover, flies up to 30 feet, and attacks one creature of your choice within 5 feet of it. The sword uses your attack roll and ability score modifier to damage rolls.\nWhile the sword hovers, you can use a bonus action to cause it to fly up to 30 feet to another spot within 30 feet of you. As part of the same bonus action, you can cause the sword to attack one creature within 5 feet of it.\nAfter the hovering sword attacks for the fourth time, it flies up to 30 feet and tries to return to your hand. If you have no hand free, it falls to the ground at your feet. If the sword has no unobstructed path to you, it moves as close to you as it can and then falls to the ground. It also ceases to hover if you grasp it or move more than 30 feet away from it."
  }
}