{
  "dataType": "item",
  "uid": "item_Giant Slayer|DMG",
  "id": "Giant Slayer|DMG",
  "rarity": "rare",
  "isBaseItem": false,
  "displayName": {
    "zh": "巨人屠杀者",
    "en": "Giant Slayer"
  },
  "mainSource": {
    "source": "DMG",
    "page": 172
  },
  "allSources": [
    {
      "source": "DMG",
      "page": 172
    },
    {
      "source": "XDMG",
      "page": 0
    },
    {
      "source": "XDMG",
      "page": 264
    }
  ],
  "relatedVersions": [
    "Giant Slayer|XDMG"
  ],
  "zh": {
    "name": "巨人屠杀者",
    "edition": "classic",
    "type": "GV|DMG",
    "requires": [
      {
        "axe": true
      },
      {
        "sword": true
      }
    ],
    "inherits": {
      "namePrefix": "巨人屠杀者",
      "source": "DMG",
      "page": 172,
      "srd": true,
      "reprintedAs": [
        "巨人屠杀者|XDMG"
      ],
      "tier": "主要",
      "rarity": "rare",
      "bonusWeapon": "+1",
      "entries": [
        "你在用该魔法武器发动攻击检定和伤害掷骰时获得+1加值。",
        "当你用它击中一个巨人时，巨人会受到额外的{@damage 2d6}点武器类型伤害，并且必须成功通过{@dc 15}的力量豁免检定，否则会陷入{@condition 倒地}状态。对于这把武器来说，\"巨人\"指的是任何具有巨人类型的生物，包括双头巨人和巨魔。"
      ],
      "lootTables": [
        "魔法物品表G"
      ]
    },
    "hasFluffImages": true,
    "ENG_name": "Giant Slayer",
    "entries": [
      "你在用该魔法武器发动攻击检定和伤害掷骰时获得+1加值。",
      "当你用它击中一个巨人时，巨人会受到额外的{@damage 2d6}点武器类型伤害，并且必须成功通过{@dc 15}的力量豁免检定，否则会陷入{@condition 倒地}状态。对于这把武器来说，\"巨人\"指的是任何具有巨人类型的生物，包括双头巨人和巨魔。"
    ],
    "html": "你在用该魔法武器发动攻击检定和伤害掷骰时获得+1加值。\n当你用它击中一个巨人时，巨人会受到额外的{{@damage|2d6}}点武器类型伤害，并且必须成功通过{{@dc|15}}的力量豁免检定，否则会陷入{{@condition|倒地}}状态。对于这把武器来说，\"巨人\"指的是任何具有巨人类型的生物，包括双头巨人和巨魔。"
  },
  "en": {
    "name": "Giant Slayer",
    "edition": "classic",
    "type": "GV|DMG",
    "requires": [
      {
        "axe": true
      },
      {
        "sword": true
      }
    ],
    "inherits": {
      "namePrefix": "Giant Slayer ",
      "source": "DMG",
      "page": 172,
      "srd": true,
      "reprintedAs": [
        "Giant Slayer|XDMG"
      ],
      "tier": "major",
      "rarity": "rare",
      "bonusWeapon": "+1",
      "entries": [
        "You gain a +1 bonus to attack and damage rolls made with this magic weapon.",
        "When you hit a giant with it, the giant takes an extra {@damage 2d6} damage of the weapon's type and must succeed on a {@dc 15} Strength saving throw or fall {@condition prone}. For the purpose of this weapon, \"giant\" refers to any creature with the giant type, including ettins and trolls."
      ],
      "lootTables": [
        "Magic Item Table G"
      ]
    },
    "hasFluffImages": true,
    "entries": [
      "You gain a +1 bonus to attack and damage rolls made with this magic weapon.",
      "When you hit a giant with it, the giant takes an extra {@damage 2d6} damage of the weapon's type and must succeed on a {@dc 15} Strength saving throw or fall {@condition prone}. For the purpose of this weapon, \"giant\" refers to any creature with the giant type, including ettins and trolls."
    ],
    "html": "You gain a +1 bonus to attack and damage rolls made with this magic weapon.\nWhen you hit a giant with it, the giant takes an extra {{@damage|2d6}} damage of the weapon's type and must succeed on a {{@dc|15}} Strength saving throw or fall {{@condition|prone}}. For the purpose of this weapon, \"giant\" refers to any creature with the giant type, including ettins and trolls."
  }
}