{
  "dataType": "item",
  "uid": "item_+2 Armor|DMG",
  "id": "+2 Armor|DMG",
  "rarity": "very rare",
  "isBaseItem": false,
  "displayName": {
    "zh": "+2 护甲",
    "en": "+2 Armor"
  },
  "mainSource": {
    "source": "DMG",
    "page": 152
  },
  "allSources": [
    {
      "source": "DMG",
      "page": 152
    },
    {
      "source": "XDMG",
      "page": 0
    },
    {
      "source": "XDMG",
      "page": 230
    }
  ],
  "relatedVersions": [
    "+2 Armor|XDMG"
  ],
  "zh": {
    "name": "+2 护甲",
    "edition": "classic",
    "type": "GV|DMG",
    "requires": [
      {
        "armor": true
      }
    ],
    "inherits": {
      "namePrefix": "+2 ",
      "source": "DMG",
      "page": 152,
      "srd": true,
      "basicRules": true,
      "reprintedAs": [
        "+2 护甲|XDMG"
      ],
      "tier": "主要",
      "rarity": "very rare",
      "bonusAc": "+2",
      "entries": [
        "穿戴这件护甲时，你的AC有{=bonusAc}的加值。"
      ]
    },
    "ENG_name": "+2 Armor",
    "entries": [
      "穿戴这件护甲时，你的AC有{=bonusAc}的加值。"
    ],
    "html": "穿戴这件护甲时，你的AC有{=bonusAc}的加值。"
  },
  "en": {
    "name": "+2 Armor",
    "edition": "classic",
    "type": "GV|DMG",
    "requires": [
      {
        "armor": true
      }
    ],
    "inherits": {
      "namePrefix": "+2 ",
      "source": "DMG",
      "page": 152,
      "srd": true,
      "basicRules": true,
      "reprintedAs": [
        "+2 Armor|XDMG"
      ],
      "tier": "major",
      "rarity": "very rare",
      "bonusAc": "+2",
      "entries": [
        "You have a {=bonusAc} bonus to AC while wearing this armor."
      ]
    },
    "entries": [
      "You have a {=bonusAc} bonus to AC while wearing this armor."
    ],
    "html": "You have a {=bonusAc} bonus to AC while wearing this armor."
  }
}