{
  "dataType": "item",
  "uid": "item_Obsidian Flint Dragon Plate|BGDIA ",
  "id": "Obsidian Flint Dragon Plate|BGDIA",
  "weight": 65,
  "rarity": "legendary",
  "isBaseItem": false,
  "baseItem": "plate armor|phb",
  "displayName": {
    "zh": "黑曜燧石龙板甲",
    "en": "Obsidian Flint Dragon Plate"
  },
  "mainSource": {
    "source": "BGDIA",
    "page": 224
  },
  "allSources": [
    {
      "source": "BGDIA",
      "page": 224
    }
  ],
  "zh": {
    "name": "黑曜燧石龙板甲",
    "source": "BGDIA",
    "page": 224,
    "baseItem": "板甲|PHB",
    "type": "HA",
    "rarity": "legendary",
    "weight": 65,
    "ac": 18,
    "strength": "15",
    "bonusAc": "+2",
    "stealth": true,
    "entries": [
      "穿戴这件盔甲时，你的AC获得+2的加值，并对毒素伤害有抗性。此外，你在进行属性检定和豁免检定时，以避免或结束自身处于{@condition 受擒}状态，你会获得优势。"
    ],
    "ENG_name": "Obsidian Flint Dragon Plate",
    "html": "穿戴这件盔甲时，你的AC获得+2的加值，并对毒素伤害有抗性。此外，你在进行属性检定和豁免检定时，以避免或结束自身处于{{@condition|受擒}}状态，你会获得优势。"
  },
  "en": {
    "name": "Obsidian Flint Dragon Plate",
    "source": "BGDIA",
    "page": 224,
    "baseItem": "plate armor|phb",
    "type": "HA",
    "rarity": "legendary",
    "weight": 65,
    "ac": 18,
    "strength": "15",
    "bonusAc": "+2",
    "stealth": true,
    "entries": [
      "You gain a +2 bonus to AC and resistance to poison damage while you wear this armor. In addition, you gain advantage on ability checks and saving throws made to avoid or end the {@condition grappled} condition on yourself."
    ],
    "html": "You gain a +2 bonus to AC and resistance to poison damage while you wear this armor. In addition, you gain advantage on ability checks and saving throws made to avoid or end the {{@condition|grappled}} condition on yourself."
  },
  "bonus": {
    "ac": 2
  }
}