{
  "dataType": "item",
  "uid": "item_Space Galleon|AAG ",
  "id": "Space Galleon|AAG",
  "value": 3000000,
  "rarity": "none",
  "isBaseItem": false,
  "baseItem": "",
  "displayName": {
    "zh": "太空帆船",
    "en": "Space Galleon"
  },
  "mainSource": {
    "source": "AAG",
    "page": 46
  },
  "allSources": [
    {
      "source": "AAG",
      "page": 46
    }
  ],
  "zh": {
    "name": "太空帆船",
    "source": "AAG",
    "page": 46,
    "type": "SPC|AAG",
    "rarity": "none",
    "value": 3000000,
    "crew": 20,
    "vehAc": 15,
    "vehHp": 400,
    "vehDmgThresh": 15,
    "vehSpeed": 4,
    "capCargo": 20,
    "entries": [
      "太空帆船是在荒宇和众星之海航行的众多舰船中的中流砥柱。太空帆船可以轻易当作普通航海帆船使用，因为她们可以像同其名称一样降落在水上并航行，因此她们可以航行到陆地世界的港口而不会引起过多关注。和普通的加利恩帆船一样，太空帆船并不是为了降落在地面上而建造的（她的龙骨会导致她侧翻）。该舰的标准武器包括两门前置弩炮和一门后置投石机。"
    ],
    "seeAlsoVehicle": [
      "太空帆船|AAG"
    ],
    "ENG_name": "Space Galleon",
    "html": "太空帆船是在荒宇和众星之海航行的众多舰船中的中流砥柱。太空帆船可以轻易当作普通航海帆船使用，因为她们可以像同其名称一样降落在水上并航行，因此她们可以航行到陆地世界的港口而不会引起过多关注。和普通的加利恩帆船一样，太空帆船并不是为了降落在地面上而建造的（她的龙骨会导致她侧翻）。该舰的标准武器包括两门前置弩炮和一门后置投石机。"
  },
  "en": {
    "name": "Space Galleon",
    "source": "AAG",
    "page": 46,
    "type": "SPC|AAG",
    "rarity": "none",
    "value": 3000000,
    "crew": 20,
    "vehAc": 15,
    "vehHp": 400,
    "vehDmgThresh": 15,
    "vehSpeed": 4,
    "capCargo": 20,
    "entries": [
      "The space galleon is a mainstay among the host of vessels that ply Wildspace and the Astral Sea. Space galleons can easily pass for ordinary seafaring galleons. Because they can land on water and move across it like their namesakes, they can sail into ports on terrestrial worlds without attracting undue attention. Like an ordinary galleon, a space galleon isn't built to land on the ground (its keel would cause it to roll on its side). The ship's standard weaponry includes two forward-mounted ballistae and an aft-mounted mangonel."
    ],
    "seeAlsoVehicle": [
      "Space Galleon|AAG"
    ],
    "html": "The space galleon is a mainstay among the host of vessels that ply Wildspace and the Astral Sea. Space galleons can easily pass for ordinary seafaring galleons. Because they can land on water and move across it like their namesakes, they can sail into ports on terrestrial worlds without attracting undue attention. Like an ordinary galleon, a space galleon isn't built to land on the ground (its keel would cause it to roll on its side). The ship's standard weaponry includes two forward-mounted ballistae and an aft-mounted mangonel."
  },
  "bonus": {}
}