{
  "dataType": "item",
  "uid": "item_Mistral Mantle|BGG ",
  "id": "Mistral Mantle|BGG",
  "rarity": "very rare",
  "isBaseItem": false,
  "baseItem": "",
  "displayName": {
    "zh": "朔风披风",
    "en": "Mistral Mantle"
  },
  "mainSource": {
    "source": "BGG",
    "page": 114
  },
  "allSources": [
    {
      "source": "BGG",
      "page": 114
    }
  ],
  "zh": {
    "name": "朔风披风",
    "source": "BGG",
    "page": 114,
    "resist": [
      "寒冷"
    ],
    "rarity": "very rare",
    "reqAttune": true,
    "wondrous": true,
    "entries": [
      "这件厚实的毛皮斗篷的褶边上，有着用银蓝色的针线缝纫着的寒霜符文。刺骨的寒风在斗篷周遭旋转环绕，不论天气如何。",
      "穿着这件斗篷期间，你获得寒冷伤害的抗性。此外，当你在某个生物周围5尺范围内移动时，你可以驱使这件斗篷的寒冷之风席卷那个生物。那个生物必须通过一次{@dc 14}的敏捷豁免，若失败将受到{@damage 1d6}点寒冷伤害并陷入倒地状态。每个生物每回合只能被这件斗篷影响一次。",
      {
        "ENG_name": "Invoking the Rune",
        "name": "激活符文",
        "type": "entries",
        "entries": [
          "以一个动作，你可以激活披风上的符文以用其施放法术{@spell 雪雨暴}（豁免{@dc 14}）。当你用这件披风施展这个法术时，法术区域内的地形对你来说不视为{@quickref 困难地形||3}，你也可以看穿这片暴雪，无视{@quickref 视觉与光照||2||重度遮蔽}区域通常会给你带来的减益。",
          "此符文被激活后，直到下一个黎明它都不能被再激活。"
        ]
      }
    ],
    "attachedSpells": {
      "daily": {
        "1e": [
          "雪雨暴"
        ]
      }
    },
    "ENG_name": "Mistral Mantle",
    "html": "这件厚实的毛皮斗篷的褶边上，有着用银蓝色的针线缝纫着的寒霜符文。刺骨的寒风在斗篷周遭旋转环绕，不论天气如何。\n穿着这件斗篷期间，你获得寒冷伤害的抗性。此外，当你在某个生物周围5尺范围内移动时，你可以驱使这件斗篷的寒冷之风席卷那个生物。那个生物必须通过一次{{@dc|14}}的敏捷豁免，若失败将受到{{@damage|1d6}}点寒冷伤害并陷入倒地状态。每个生物每回合只能被这件斗篷影响一次。\n<div class=\"parser-entries\"><div class=\"parser-entries-name\">激活符文</div><div class=\"parser-entries-eng-name\">Invoking the Rune</div><div class=\"parser-entries-content\">以一个动作，你可以激活披风上的符文以用其施放法术{{@spell|雪雨暴}}（豁免{{@dc|14}}）。当你用这件披风施展这个法术时，法术区域内的地形对你来说不视为{{@quickref|困难地形||3}}，你也可以看穿这片暴雪，无视{{@quickref|视觉与光照||2||重度遮蔽}}区域通常会给你带来的减益。此符文被激活后，直到下一个黎明它都不能被再激活。</div></div>"
  },
  "en": {
    "name": "Mistral Mantle",
    "source": "BGG",
    "page": 114,
    "resist": [
      "cold"
    ],
    "rarity": "very rare",
    "reqAttune": true,
    "wondrous": true,
    "entries": [
      "This thick, fur-lined cloak has the frost rune stitched on the hem in silvery blue thread. Frigid wind swirls around the cloak, regardless of the weather.",
      "While wearing this cloak, you have resistance to cold damage. Additionally, when you move within 5 feet of a creature, you can cause the cloak's cold wind to buffet the creature. The creature must succeed on a {@dc 14} Dexterity saving throw or take {@damage 1d6} cold damage and have the prone condition. A creature can be affected by the mantle only once during a turn.",
      {
        "type": "entries",
        "name": "Invoking the Rune",
        "entries": [
          "As an action, you can invoke the mantle's rune to cast the {@spell sleet storm} spell (save {@dc 14}) with it. When you use the mantle to cast the spell, the area of the spell isn't {@quickref difficult terrain||3} for you, and you can see through the storm, ignoring the normal penalties of a {@quickref Vision and Light||2||heavily obscured} area.",
          "Once the rune has been invoked, it can't be invoked again until the next dawn."
        ]
      }
    ],
    "attachedSpells": {
      "daily": {
        "1e": [
          "sleet storm"
        ]
      }
    },
    "html": "This thick, fur-lined cloak has the frost rune stitched on the hem in silvery blue thread. Frigid wind swirls around the cloak, regardless of the weather.\nWhile wearing this cloak, you have resistance to cold damage. Additionally, when you move within 5 feet of a creature, you can cause the cloak's cold wind to buffet the creature. The creature must succeed on a {{@dc|14}} Dexterity saving throw or take {{@damage|1d6}} cold damage and have the prone condition. A creature can be affected by the mantle only once during a turn.\n<div class=\"parser-entries\"><div class=\"parser-entries-name\">Invoking the Rune</div><div class=\"parser-entries-content\">As an action, you can invoke the mantle's rune to cast the {{@spell|sleet storm}} spell (save {{@dc|14}}) with it. When you use the mantle to cast the spell, the area of the spell isn't {{@quickref|difficult terrain||3}} for you, and you can see through the storm, ignoring the normal penalties of a {{@quickref|Vision and Light||2||heavily obscured}} area.Once the rune has been invoked, it can't be invoked again until the next dawn.</div></div>"
  },
  "bonus": {}
}