{
  "dataType": "item",
  "uid": "item_Cloak of Protection|DMG ",
  "id": "Cloak of Protection|DMG",
  "rarity": "uncommon",
  "isBaseItem": false,
  "full": {
    "en": {
      "images": [
        {
          "type": "image",
          "href": {
            "type": "internal",
            "path": "items/DMG/Cloak of Protection.webp"
          }
        }
      ]
    },
    "zh": {
      "images": [
        {
          "type": "image",
          "href": {
            "type": "internal",
            "path": "items/DMG/Cloak of Protection.webp"
          }
        }
      ]
    }
  },
  "baseItem": "",
  "displayName": {
    "zh": "防护斗篷",
    "en": "Cloak of Protection"
  },
  "mainSource": {
    "source": "DMG",
    "page": 159
  },
  "allSources": [
    {
      "source": "DMG",
      "page": 159
    },
    {
      "source": "XDMG",
      "page": 0
    },
    {
      "source": "XDMG",
      "page": 245
    }
  ],
  "relatedVersions": [
    "Cloak of Protection|XDMG"
  ],
  "zh": {
    "name": "防护斗篷",
    "source": "DMG",
    "page": 159,
    "srd": true,
    "reprintedAs": [
      "防护斗篷|XDMG"
    ],
    "tier": "主要",
    "rarity": "uncommon",
    "reqAttune": true,
    "wondrous": true,
    "bonusAc": "+1",
    "bonusSavingThrow": "+1",
    "entries": [
      "着装此斗篷期间，你的AC和豁免获得+1加值。"
    ],
    "optionalfeatures": [
      "仿制魔法物品|TCE"
    ],
    "lootTables": [
      "魔法物品表F"
    ],
    "hasFluffImages": true,
    "ENG_name": "Cloak of Protection",
    "html": "着装此斗篷期间，你的AC和豁免获得+1加值。"
  },
  "en": {
    "name": "Cloak of Protection",
    "source": "DMG",
    "page": 159,
    "srd": true,
    "reprintedAs": [
      "Cloak of Protection|XDMG"
    ],
    "tier": "major",
    "rarity": "uncommon",
    "reqAttune": true,
    "wondrous": true,
    "bonusAc": "+1",
    "bonusSavingThrow": "+1",
    "entries": [
      "You gain a +1 bonus to AC and saving throws while you wear this cloak."
    ],
    "optionalfeatures": [
      "replicate magic item|tce"
    ],
    "lootTables": [
      "Magic Item Table F"
    ],
    "hasFluffImages": true,
    "html": "You gain a +1 bonus to AC and saving throws while you wear this cloak."
  },
  "bonus": {
    "ac": 1,
    "savingThrow": 1
  }
}