{
  "dataType": "item",
  "uid": "item_Feywrought Armor|BMT",
  "id": "Feywrought Armor|BMT",
  "rarity": "rare",
  "isBaseItem": false,
  "displayName": {
    "zh": "妖精锻甲",
    "en": "Feywrought Armor"
  },
  "mainSource": {
    "source": "BMT",
    "page": 67
  },
  "allSources": [
    {
      "source": "BMT",
      "page": 67
    }
  ],
  "zh": {
    "name": "妖精锻甲",
    "type": "GV|DMG",
    "requires": [
      {
        "type": "LA"
      },
      {
        "type": "MA"
      },
      {
        "type": "HA"
      },
      {
        "type": "LA|XPHB"
      },
      {
        "type": "MA|XPHB"
      },
      {
        "type": "HA|XPHB"
      }
    ],
    "inherits": {
      "namePrefix": "妖精锻",
      "source": "BMT",
      "page": 67,
      "rarity": "rare",
      "reqAttune": true,
      "recharge": "拂晓",
      "rechargeAmount": "{@dice 1d3}",
      "charges": 3,
      "entries": [
        "这件色彩斑斓、花朵装饰的盔甲是在妖精荒野锻造的，并且被注入了那个位面的迷人魔法。",
        "穿戴这件盔甲时，你在尝试避免或结束自身受到的{@condition 魅惑}状态的豁免检定上有优势。",
        "这件盔甲拥有3次充能。你可以用一个动作消耗一次充能以从这件盔甲施放 {@spell 强迫术} 法术（豁免 {@dc 15}）。盔甲在每天黎明时恢复 {@dice 1d3} 已消耗的充能。"
      ],
      "attachedSpells": {
        "charges": {
          "1": [
            "强迫术"
          ]
        }
      }
    },
    "ENG_name": "Feywrought Armor",
    "entries": [
      "这件色彩斑斓、花朵装饰的盔甲是在妖精荒野锻造的，并且被注入了那个位面的迷人魔法。",
      "穿戴这件盔甲时，你在尝试避免或结束自身受到的{@condition 魅惑}状态的豁免检定上有优势。",
      "这件盔甲拥有3次充能。你可以用一个动作消耗一次充能以从这件盔甲施放 {@spell 强迫术} 法术（豁免 {@dc 15}）。盔甲在每天黎明时恢复 {@dice 1d3} 已消耗的充能。"
    ],
    "html": "这件色彩斑斓、花朵装饰的盔甲是在妖精荒野锻造的，并且被注入了那个位面的迷人魔法。\n穿戴这件盔甲时，你在尝试避免或结束自身受到的{{@condition|魅惑}}状态的豁免检定上有优势。\n这件盔甲拥有3次充能。你可以用一个动作消耗一次充能以从这件盔甲施放 {{@spell|强迫术}} 法术（豁免 {{@dc|15}}）。盔甲在每天黎明时恢复 {{@dice|1d3}} 已消耗的充能。"
  },
  "en": {
    "name": "Feywrought Armor",
    "type": "GV|DMG",
    "requires": [
      {
        "type": "LA"
      },
      {
        "type": "MA"
      },
      {
        "type": "HA"
      },
      {
        "type": "LA|XPHB"
      },
      {
        "type": "MA|XPHB"
      },
      {
        "type": "HA|XPHB"
      }
    ],
    "inherits": {
      "namePrefix": "Feywrought ",
      "source": "BMT",
      "page": 67,
      "rarity": "rare",
      "reqAttune": true,
      "recharge": "dawn",
      "rechargeAmount": "{@dice 1d3}",
      "charges": 3,
      "entries": [
        "This colorful, flowery armor was forged in the Feywild and is infused with that plane's captivating magic.",
        "While wearing this armor, you have advantage on saving throws you make to avoid or end the {@condition charmed} condition on yourself.",
        "This armor has 3 charges. You can use an action to expend a charge to cast the {@spell Compulsion} spell (save {@dc 15}) from this armor. The armor regains {@dice 1d3} expended charges daily at dawn."
      ],
      "attachedSpells": {
        "charges": {
          "1": [
            "compulsion"
          ]
        }
      }
    },
    "entries": [
      "This colorful, flowery armor was forged in the Feywild and is infused with that plane's captivating magic.",
      "While wearing this armor, you have advantage on saving throws you make to avoid or end the {@condition charmed} condition on yourself.",
      "This armor has 3 charges. You can use an action to expend a charge to cast the {@spell Compulsion} spell (save {@dc 15}) from this armor. The armor regains {@dice 1d3} expended charges daily at dawn."
    ],
    "html": "This colorful, flowery armor was forged in the Feywild and is infused with that plane's captivating magic.\nWhile wearing this armor, you have advantage on saving throws you make to avoid or end the {{@condition|charmed}} condition on yourself.\nThis armor has 3 charges. You can use an action to expend a charge to cast the {{@spell|Compulsion}} spell (save {{@dc|15}}) from this armor. The armor regains {{@dice|1d3}} expended charges daily at dawn."
  }
}