{
  "dataType": "item",
  "uid": "item_Horizon Puzzle Cube|BGG ",
  "id": "Horizon Puzzle Cube|BGG",
  "rarity": "unknown (magic)",
  "isBaseItem": false,
  "baseItem": "",
  "displayName": {
    "zh": "际天谜方",
    "en": "Horizon Puzzle Cube"
  },
  "mainSource": {
    "source": "BGG",
    "page": 86
  },
  "allSources": [
    {
      "source": "BGG",
      "page": 86
    }
  ],
  "zh": {
    "name": "际天谜方",
    "source": "BGG",
    "page": 86,
    "rarity": "unknown (magic)",
    "wondrous": true,
    "entries": [
      "际天谜方是一种8英寸的魔法立方体，由金、铁、水晶和铜制成，对贤者或收藏家来说价值5000gp。一个可用的谜方可以通过30分钟的工作和一次成功的{@dc 25}智力（{@skill 调查}）检定来解开。当谜方解开以后，解开谜方的生物面前会出现一个直径30尺的传送门，通往有穷际天的东北平台。传送门是双向的，保持打开10分钟，或直到一个生物用一个动作改变谜方的配置。谜方在有穷际天内不起作用，但半位面上的某个设备允许谜方在安装进去时反向运作。"
    ],
    "ENG_name": "Horizon Puzzle Cube",
    "html": "际天谜方是一种8英寸的魔法立方体，由金、铁、水晶和铜制成，对贤者或收藏家来说价值5000gp。一个可用的谜方可以通过30分钟的工作和一次成功的{{@dc|25}}智力（{{@skill|调查}}）检定来解开。当谜方解开以后，解开谜方的生物面前会出现一个直径30尺的传送门，通往有穷际天的东北平台。传送门是双向的，保持打开10分钟，或直到一个生物用一个动作改变谜方的配置。谜方在有穷际天内不起作用，但半位面上的某个设备允许谜方在安装进去时反向运作。"
  },
  "en": {
    "name": "Horizon Puzzle Cube",
    "source": "BGG",
    "page": 86,
    "rarity": "unknown (magic)",
    "wondrous": true,
    "entries": [
      "A Horizon puzzle cube is an 8-inch magical cube made of gold, iron, crystal, and copper, and it is worth 5,000 gp to a sage or collector. A functioning puzzle cube can be solved with 30 minutes of work and a successful {@dc 25} Intelligence ({@skill Investigation}) check. When the cube is solved, a 30-foot-diameter portal appears before the creature who solved the cube, leading to the northeastern platform of Horizon's Edge. The portal is two-way and remains open for 10 minutes or until a creature uses an action to change the puzzle's configuration. Puzzle cubes don't function while on Horizon's Edge, but a device somewhere in the demiplane allows a cube to function in reverse while the cube is fitted into it."
    ],
    "html": "A Horizon puzzle cube is an 8-inch magical cube made of gold, iron, crystal, and copper, and it is worth 5,000 gp to a sage or collector. A functioning puzzle cube can be solved with 30 minutes of work and a successful {{@dc|25}} Intelligence ({{@skill|Investigation}}) check. When the cube is solved, a 30-foot-diameter portal appears before the creature who solved the cube, leading to the northeastern platform of Horizon's Edge. The portal is two-way and remains open for 10 minutes or until a creature uses an action to change the puzzle's configuration. Puzzle cubes don't function while on Horizon's Edge, but a device somewhere in the demiplane allows a cube to function in reverse while the cube is fitted into it."
  },
  "bonus": {}
}