{
  "dataType": "item",
  "uid": "item_Medal of the Maze|CRCotN ",
  "id": "Medal of the Maze|CRCotN",
  "rarity": "common",
  "isBaseItem": false,
  "full": {
    "en": {
      "images": [
        {
          "type": "image",
          "href": {
            "type": "internal",
            "path": "items/CRCotN/Medal of the Maze.webp"
          },
          "credit": "CoupleOfKooks"
        }
      ]
    },
    "zh": {
      "images": [
        {
          "type": "image",
          "href": {
            "type": "internal",
            "path": "items/CRCotN/Medal of the Maze.webp"
          },
          "credit": "CoupleOfKooks"
        }
      ]
    }
  },
  "baseItem": "",
  "displayName": {
    "zh": "迷宫奖章",
    "en": "Medal of the Maze"
  },
  "mainSource": {
    "source": "CRCotN",
    "page": 214
  },
  "allSources": [
    {
      "source": "CRCotN",
      "page": 214
    }
  ],
  "zh": {
    "name": "迷宫奖章",
    "source": "CRCotN",
    "page": 214,
    "rarity": "common",
    "wondrous": true,
    "entries": [
      "当你使用动作追踪这个奖章上雕刻的迷宫时，你在接下来的1小时内，在感知检定上获得优势，并且知道任何非魔法路径或迷宫到达终点的最快路线。一旦使用了这个属性，它就无法再次使用，奖章也会变成非魔法物品。"
    ],
    "hasFluffImages": true,
    "ENG_name": "Medal of the Maze",
    "html": "当你使用动作追踪这个奖章上雕刻的迷宫时，你在接下来的1小时内，在感知检定上获得优势，并且知道任何非魔法路径或迷宫到达终点的最快路线。一旦使用了这个属性，它就无法再次使用，奖章也会变成非魔法物品。"
  },
  "en": {
    "name": "Medal of the Maze",
    "source": "CRCotN",
    "page": 214,
    "rarity": "common",
    "wondrous": true,
    "entries": [
      "When you use an action to trace the maze inscribed on this medal, you gain advantage on Wisdom checks and know the quickest route to the end of any nonmagical path or maze for 1 hour. Once this property has been used, it can't be used again, and the medal becomes nonmagical."
    ],
    "hasFluffImages": true,
    "html": "When you use an action to trace the maze inscribed on this medal, you gain advantage on Wisdom checks and know the quickest route to the end of any nonmagical path or maze for 1 hour. Once this property has been used, it can't be used again, and the medal becomes nonmagical."
  },
  "bonus": {}
}