{
  "dataType": "item",
  "uid": "item_Amulet of Proof against Detection and Location|DMG ",
  "id": "Amulet of Proof against Detection and Location|DMG",
  "weight": 1,
  "rarity": "uncommon",
  "isBaseItem": false,
  "full": {
    "en": {
      "images": [
        {
          "type": "image",
          "href": {
            "type": "internal",
            "path": "items/DMG/Amulet of Proof against Detection and Location.webp"
          }
        }
      ]
    },
    "zh": {
      "images": [
        {
          "type": "image",
          "href": {
            "type": "internal",
            "path": "items/DMG/Amulet of Proof against Detection and Location.webp"
          }
        }
      ]
    }
  },
  "baseItem": "",
  "displayName": {
    "zh": "反侦护符",
    "en": "Amulet of Proof against Detection and Location"
  },
  "mainSource": {
    "source": "DMG",
    "page": 150
  },
  "allSources": [
    {
      "source": "DMG",
      "page": 150
    },
    {
      "source": "XDMG",
      "page": 0
    },
    {
      "source": "XDMG",
      "page": 228
    }
  ],
  "relatedVersions": [
    "Amulet of Proof against Detection and Location|XDMG"
  ],
  "zh": {
    "name": "反侦护符",
    "source": "DMG",
    "page": 150,
    "srd": true,
    "reprintedAs": [
      "反侦护符|XDMG"
    ],
    "tier": "主要",
    "rarity": "uncommon",
    "reqAttune": true,
    "wondrous": true,
    "weight": 1,
    "entries": [
      "佩戴此护符期间，{@filter 预言|spells|school=D}魔法将无法发现你。你无法被这类魔法选为目标，任何人都无法通过魔法探测器察觉到你。"
    ],
    "lootTables": [
      "魔法物品表F"
    ],
    "hasFluffImages": true,
    "ENG_name": "Amulet of Proof against Detection and Location",
    "html": "佩戴此护符期间，{{@filter|预言|spells|school=D}}魔法将无法发现你。你无法被这类魔法选为目标，任何人都无法通过魔法探测器察觉到你。"
  },
  "en": {
    "name": "Amulet of Proof against Detection and Location",
    "source": "DMG",
    "page": 150,
    "srd": true,
    "reprintedAs": [
      "Amulet of Proof against Detection and Location|XDMG"
    ],
    "tier": "major",
    "rarity": "uncommon",
    "reqAttune": true,
    "wondrous": true,
    "weight": 1,
    "entries": [
      "While wearing this amulet, you are hidden from {@filter divination|spells|school=D} magic. You can't be targeted by such magic or perceived through magical scrying sensors."
    ],
    "lootTables": [
      "Magic Item Table F"
    ],
    "hasFluffImages": true,
    "html": "While wearing this amulet, you are hidden from {{@filter|divination|spells|school=D}} magic. You can't be targeted by such magic or perceived through magical scrying sensors."
  },
  "bonus": {}
}