{
  "dataType": "item",
  "uid": "item_Prehistoric Figurine of Wondrous Power, Pyrite Plesiosaurus|BGG ",
  "id": "Prehistoric Figurine of Wondrous Power, Pyrite Plesiosaurus|BGG",
  "rarity": "uncommon",
  "isBaseItem": false,
  "full": {
    "en": {
      "images": [
        {
          "type": "image",
          "href": {
            "type": "internal",
            "path": "items/BGG/Prehistoric Figurines of Wondrous Power.webp"
          },
          "credit": "Olga Drebas"
        }
      ]
    },
    "zh": {
      "images": [
        {
          "type": "image",
          "href": {
            "type": "internal",
            "path": "items/BGG/Prehistoric Figurines of Wondrous Power.webp"
          },
          "credit": "Olga Drebas"
        }
      ]
    }
  },
  "baseItem": "",
  "displayName": {
    "zh": "史前异能塑像，黄铁矿蛇颈龙",
    "en": "Prehistoric Figurine of Wondrous Power, Pyrite Plesiosaurus"
  },
  "mainSource": {
    "source": "BGG",
    "page": 114
  },
  "allSources": [
    {
      "source": "BGG",
      "page": 114
    }
  ],
  "zh": {
    "name": "史前异能塑像，黄铁矿蛇颈龙",
    "source": "BGG",
    "page": 114,
    "rarity": "uncommon",
    "wondrous": true,
    "entries": [
      "比典型的奇物雕像更大且更粗糙，这些塑像描绘了世界早期时代的恐龙及相关生物。",
      "以一个动作，你可以将一个史前异能塑像投掷到距你自己60尺内地面上的一个点并念出命令语，随后塑像将魔法性地转变为一个活体生物。如果该生物将出现的空间被其他生物或物体占据，或者没有足够的空间容纳该生物，那么塑像将不会变成生物。",
      "那只生物将对你和你的同伴保持友好，它可以理解你的语言，并遵从你的口头指令。如果你没有下达命令，那只生物将自我保护但不采取其他动作。从《怪物图鉴》中可以找到该生物的具体数值。",
      "该生物存在一段特定于每个塑像的持续时间。在持续时间结束时，该生物恢复为它的塑像形态。如果它的生命值降至0点，或者你在触碰它时使用一个动作再次说出命令词，它会提前恢复为塑像形态。当该生物再次变成塑像时，它的属性直到一段特定的时间过去后才能再次使用，如塑像描述中所指定的那样。",
      {
        "ENG_name": "{@creature plesiosaurus||Pyrite Plesiosaurus}",
        "name": "{@creature plesiosaurus||Pyrite Plesiosaurus}",
        "type": "entries",
        "entries": [
          "这个雕像可以变成一只{@creature 蛇颈龙}长达12小时，并可以作为坐骑骑乘。一旦这个雕像被使用，那它直到四天之后都不能再被使用。",
          "当你骑乘着这只蛇颈龙时，你可以用它随意施放{@spell 水下呼吸}。"
        ]
      }
    ],
    "attachedSpells": [
      "水下呼吸"
    ],
    "hasFluffImages": true,
    "ENG_name": "Prehistoric Figurine of Wondrous Power, Pyrite Plesiosaurus",
    "html": "比典型的奇物雕像更大且更粗糙，这些塑像描绘了世界早期时代的恐龙及相关生物。\n以一个动作，你可以将一个史前异能塑像投掷到距你自己60尺内地面上的一个点并念出命令语，随后塑像将魔法性地转变为一个活体生物。如果该生物将出现的空间被其他生物或物体占据，或者没有足够的空间容纳该生物，那么塑像将不会变成生物。\n那只生物将对你和你的同伴保持友好，它可以理解你的语言，并遵从你的口头指令。如果你没有下达命令，那只生物将自我保护但不采取其他动作。从《怪物图鉴》中可以找到该生物的具体数值。\n该生物存在一段特定于每个塑像的持续时间。在持续时间结束时，该生物恢复为它的塑像形态。如果它的生命值降至0点，或者你在触碰它时使用一个动作再次说出命令词，它会提前恢复为塑像形态。当该生物再次变成塑像时，它的属性直到一段特定的时间过去后才能再次使用，如塑像描述中所指定的那样。\n<div class=\"parser-entries\"><div class=\"parser-entries-name\">{{@creature|plesiosaurus||Pyrite Plesiosaurus}}</div><div class=\"parser-entries-eng-name\">{{@creature|plesiosaurus||Pyrite Plesiosaurus}}</div><div class=\"parser-entries-content\">这个雕像可以变成一只{{@creature|蛇颈龙}}长达12小时，并可以作为坐骑骑乘。一旦这个雕像被使用，那它直到四天之后都不能再被使用。当你骑乘着这只蛇颈龙时，你可以用它随意施放{{@spell|水下呼吸}}。</div></div>"
  },
  "en": {
    "name": "Prehistoric Figurine of Wondrous Power, Pyrite Plesiosaurus",
    "source": "BGG",
    "page": 114,
    "rarity": "uncommon",
    "wondrous": true,
    "entries": [
      "Larger and more roughly hewn than typical figurines of wondrous power, these statuettes depict dinosaurs and related creatures from the earliest days of the world.",
      "As an action, you can throw a prehistoric figurine of wondrous power to a point on the ground within 60 feet of yourself while speaking a command word, whereupon the figurine magically transforms into a living creature. If the space where the creature would appear is occupied by other creatures or objects, or if there isn't enough space for the creature, the figurine doesn't become a creature.",
      "The creature is friendly to you and your companions. It understands your languages and obeys your spoken commands. If you issue no commands, the creature defends itself but takes no other actions. See the Monster Manual for the creature's statistics.",
      "The creature exists for a duration specific to each figurine. At the end of the duration, the creature reverts to its statuette form. It reverts to a figurine early if it drops to 0 hit points or if you use an action to speak the command word again while touching it. When the creature becomes a figurine again, its property can't be used again until a certain amount of time has passed, as specified in the figurine's description.",
      {
        "type": "entries",
        "name": "{@creature plesiosaurus||Pyrite Plesiosaurus}",
        "entries": [
          "This figurine becomes a {@creature plesiosaurus} for up to 12 hours and can be ridden as a mount. Once it has been used, it can't be used again until 4 days have passed.",
          "While you are riding the plesiosaurus, you can use it to cast {@spell water breathing} at will."
        ]
      }
    ],
    "attachedSpells": [
      "water breathing"
    ],
    "hasFluffImages": true,
    "html": "Larger and more roughly hewn than typical figurines of wondrous power, these statuettes depict dinosaurs and related creatures from the earliest days of the world.\nAs an action, you can throw a prehistoric figurine of wondrous power to a point on the ground within 60 feet of yourself while speaking a command word, whereupon the figurine magically transforms into a living creature. If the space where the creature would appear is occupied by other creatures or objects, or if there isn't enough space for the creature, the figurine doesn't become a creature.\nThe creature is friendly to you and your companions. It understands your languages and obeys your spoken commands. If you issue no commands, the creature defends itself but takes no other actions. See the Monster Manual for the creature's statistics.\nThe creature exists for a duration specific to each figurine. At the end of the duration, the creature reverts to its statuette form. It reverts to a figurine early if it drops to 0 hit points or if you use an action to speak the command word again while touching it. When the creature becomes a figurine again, its property can't be used again until a certain amount of time has passed, as specified in the figurine's description.\n<div class=\"parser-entries\"><div class=\"parser-entries-name\">{{@creature|plesiosaurus||Pyrite Plesiosaurus}}</div><div class=\"parser-entries-content\">This figurine becomes a {{@creature|plesiosaurus}} for up to 12 hours and can be ridden as a mount. Once it has been used, it can't be used again until 4 days have passed.While you are riding the plesiosaurus, you can use it to cast {{@spell|water breathing}} at will.</div></div>"
  },
  "bonus": {}
}