{
  "dataType": "item",
  "uid": "item_+2 Fate Dealer's Deck|BMT ",
  "id": "+2 Fate Dealer's Deck|BMT",
  "rarity": "very rare",
  "isBaseItem": false,
  "full": {
    "en": {
      "images": [
        {
          "type": "image",
          "href": {
            "type": "internal",
            "path": "items/BMT/Fate Dealers Deck.webp"
          }
        }
      ]
    },
    "zh": {
      "images": [
        {
          "type": "image",
          "href": {
            "type": "internal",
            "path": "items/BMT/Fate Dealers Deck.webp"
          }
        }
      ]
    }
  },
  "baseItem": "",
  "displayName": {
    "zh": "+2 命运主宰之牌",
    "en": "+2 Fate Dealer's Deck"
  },
  "mainSource": {
    "source": "BMT",
    "page": 61
  },
  "allSources": [
    {
      "source": "BMT",
      "page": 61
    }
  ],
  "zh": {
    "name": "+2 命运主宰之牌",
    "source": "BMT",
    "page": 61,
    "rarity": "very rare",
    "reqAttune": "由牧师或圣武士",
    "reqAttuneTags": [
      {
        "class": "牧师"
      },
      {
        "class": "圣武士"
      }
    ],
    "wondrous": true,
    "bonusSpellAttack": "+2",
    "bonusSpellSaveDc": "+2",
    "entries": [
      "这些卡牌背面刻有代表内层位面，外层位面，以及各个神明圣徽的符号。持握该牌组期间，你可以将其作为施法法器，并且你在法术攻击检定及你的法术豁免DC上获得+2加值。",
      "此外，持握该牌组期间，你可以用动作，抽一张牌，消耗并投掷一枚你的生命骰，加上该牌组的稀有度加值。离你30尺内你可见的一个生物受到等同于该结果的光耀伤害或回复等同于该结果的生命值（由你选择）。"
    ],
    "hasFluffImages": true,
    "ENG_name": "+2 Fate Dealer's Deck",
    "html": "这些卡牌背面刻有代表内层位面，外层位面，以及各个神明圣徽的符号。持握该牌组期间，你可以将其作为施法法器，并且你在法术攻击检定及你的法术豁免DC上获得+2加值。\n此外，持握该牌组期间，你可以用动作，抽一张牌，消耗并投掷一枚你的生命骰，加上该牌组的稀有度加值。离你30尺内你可见的一个生物受到等同于该结果的光耀伤害或回复等同于该结果的生命值（由你选择）。"
  },
  "en": {
    "name": "+2 Fate Dealer's Deck",
    "source": "BMT",
    "page": 61,
    "rarity": "very rare",
    "reqAttune": "by a cleric or paladin",
    "reqAttuneTags": [
      {
        "class": "cleric"
      },
      {
        "class": "paladin"
      }
    ],
    "wondrous": true,
    "bonusSpellAttack": "+2",
    "bonusSpellSaveDc": "+2",
    "entries": [
      "The backs of these cards are inscribed with glyphs representing the Inner Planes, the Outer Planes, or the holy symbols of various deities. While holding this deck, you can use it as a spellcasting focus, and you gain a +2 bonus to spell attack rolls and to your spell save DC.",
      "In addition, while you're holding the deck, you can draw a card as an action to expend and roll one of your Hit Dice and add the deck's bonus to the number rolled. One creature you can see within 30 feet of you either takes radiant damage or regains hit points (your choice) equal to the total."
    ],
    "hasFluffImages": true,
    "html": "The backs of these cards are inscribed with glyphs representing the Inner Planes, the Outer Planes, or the holy symbols of various deities. While holding this deck, you can use it as a spellcasting focus, and you gain a +2 bonus to spell attack rolls and to your spell save DC.\nIn addition, while you're holding the deck, you can draw a card as an action to expend and roll one of your Hit Dice and add the deck's bonus to the number rolled. One creature you can see within 30 feet of you either takes radiant damage or regains hit points (your choice) equal to the total."
  },
  "bonus": {
    "spellAttack": 2,
    "spellSaveDc": 2
  }
}