{
  "dataType": "item",
  "uid": "item_Efreeti Chain|DMG ",
  "id": "Efreeti Chain|DMG",
  "weight": 55,
  "rarity": "legendary",
  "isBaseItem": false,
  "full": {
    "en": {
      "images": [
        {
          "type": "image",
          "href": {
            "type": "internal",
            "path": "items/DMG/Efreeti Chain.webp"
          }
        }
      ]
    },
    "zh": {
      "images": [
        {
          "type": "image",
          "href": {
            "type": "internal",
            "path": "items/DMG/Efreeti Chain.webp"
          }
        }
      ]
    }
  },
  "baseItem": "chain mail|phb",
  "displayName": {
    "zh": "火巨灵链甲",
    "en": "Efreeti Chain"
  },
  "mainSource": {
    "source": "DMG",
    "page": 167
  },
  "allSources": [
    {
      "source": "DMG",
      "page": 167
    },
    {
      "source": "XDMG",
      "page": 0
    }
  ],
  "relatedVersions": [
    "Efreeti Chain|XDMG"
  ],
  "zh": {
    "name": "火巨灵链甲",
    "source": "DMG",
    "page": 167,
    "reprintedAs": [
      {
        "uid": "火巨灵链甲|XDMG",
        "tag": "item"
      }
    ],
    "baseItem": "链甲|PHB",
    "type": "HA",
    "immune": [
      "火焰"
    ],
    "tier": "主要",
    "rarity": "legendary",
    "reqAttune": true,
    "weight": 55,
    "ac": 16,
    "strength": "13",
    "bonusAc": "+3",
    "stealth": true,
    "entries": [
      "着装该护甲期间，你的AC获得+3加值，且免疫于火焰伤害，还可以理解并说出原初语。此外，你还可以像在行走于坚实地面上一般行走于熔岩之上。"
    ],
    "lootTables": [
      "魔法物品表I"
    ],
    "hasFluffImages": true,
    "ENG_name": "Efreeti Chain",
    "html": "着装该护甲期间，你的AC获得+3加值，且免疫于火焰伤害，还可以理解并说出原初语。此外，你还可以像在行走于坚实地面上一般行走于熔岩之上。"
  },
  "en": {
    "name": "Efreeti Chain",
    "source": "DMG",
    "page": 167,
    "reprintedAs": [
      {
        "uid": "Efreeti Chain|XDMG",
        "tag": "item"
      }
    ],
    "baseItem": "chain mail|phb",
    "type": "HA",
    "immune": [
      "fire"
    ],
    "tier": "major",
    "rarity": "legendary",
    "reqAttune": true,
    "weight": 55,
    "ac": 16,
    "strength": "13",
    "bonusAc": "+3",
    "stealth": true,
    "entries": [
      "While wearing this armor, you gain a +3 bonus to AC, you are immune to fire damage, and you can understand and speak Primordial. In addition, you can stand on and walk across molten rock as if it were solid ground."
    ],
    "lootTables": [
      "Magic Item Table I"
    ],
    "hasFluffImages": true,
    "html": "While wearing this armor, you gain a +3 bonus to AC, you are immune to fire damage, and you can understand and speak Primordial. In addition, you can stand on and walk across molten rock as if it were solid ground."
  },
  "bonus": {
    "ac": 3
  }
}