{
  "dataType": "item",
  "uid": "item_Icon of Ravenloft|CoS ",
  "id": "Icon of Ravenloft|CoS",
  "weight": 10,
  "rarity": "legendary",
  "isBaseItem": false,
  "full": {
    "en": {
      "images": [
        {
          "type": "image",
          "href": {
            "type": "internal",
            "path": "items/CoS/Icon of Ravenloft.webp"
          }
        }
      ]
    },
    "zh": {
      "images": [
        {
          "type": "image",
          "href": {
            "type": "internal",
            "path": "items/CoS/Icon of Ravenloft.webp"
          }
        }
      ]
    }
  },
  "baseItem": "",
  "displayName": {
    "zh": "鸦阁圣像",
    "en": "Icon of Ravenloft"
  },
  "mainSource": {
    "source": "CoS",
    "page": 222
  },
  "allSources": [
    {
      "source": "CoS",
      "page": 222
    }
  ],
  "zh": {
    "name": "鸦阁圣像",
    "source": "CoS",
    "page": 222,
    "rarity": "legendary",
    "reqAttune": "由善良阵营的生物",
    "reqAttuneTags": [
      {
        "alignment": [
          "G"
        ]
      }
    ],
    "wondrous": true,
    "weight": 10,
    "entries": [
      "鸦阁的圣像是一尊高12英寸、重10磅的雕像，由最纯的银制成。它描绘了一个跪着祈求的牧师。",
      "这个圣像是大祭司西里尔·罗穆利奇赠予施特拉德的，他是施特拉德家族的老朋友，圣像被用来为城堡及其小教堂祝圣。",
      "在圣像30尺范围内，生物会受到一个{@spell 防护善恶}法术的效果，以抵御恶魔和不死生物。只有与圣像调谐的生物才能使用它的其他属性。",
      {
        "ENG_name": "Augury",
        "name": "卜筮术",
        "type": "entries",
        "entries": [
          "你可以使用一个动作从圣像中施放一个{@spell 卜筮术}法术，无需任何材料成分。一旦使用，这个属性直到下一个黎明之前都不能再次使用。"
        ]
      },
      {
        "ENG_name": "Bane of the Undead",
        "name": "亡灵之祸",
        "type": "entries",
        "entries": [
          "你可以在使用驱散不死生物或驱散邪恶特性时，将圣像作为圣徽使用。如果你这样做，将豁免DC增加2点。"
        ]
      },
      {
        "ENG_name": "Cure Wounds",
        "name": "疗伤术",
        "type": "entries",
        "entries": [
          "持有这个圣像时，你可以采取一个动作来治疗你能看到的30尺范围内的一个生物。目标恢复{@dice 3d8 + 3}生命值，除非它是不死生物、构装生物或恶魔。一旦使用，这个属性直到下一个黎明之前都不能再次使用。"
        ]
      }
    ],
    "attachedSpells": {
      "will": [
        "防护善恶"
      ],
      "daily": {
        "1e": [
          "卜筮术"
        ]
      }
    },
    "hasFluffImages": true,
    "ENG_name": "Icon of Ravenloft",
    "html": "鸦阁的圣像是一尊高12英寸、重10磅的雕像，由最纯的银制成。它描绘了一个跪着祈求的牧师。\n这个圣像是大祭司西里尔·罗穆利奇赠予施特拉德的，他是施特拉德家族的老朋友，圣像被用来为城堡及其小教堂祝圣。\n在圣像30尺范围内，生物会受到一个{{@spell|防护善恶}}法术的效果，以抵御恶魔和不死生物。只有与圣像调谐的生物才能使用它的其他属性。\n<div class=\"parser-entries\"><div class=\"parser-entries-name\">卜筮术</div><div class=\"parser-entries-eng-name\">Augury</div><div class=\"parser-entries-content\">你可以使用一个动作从圣像中施放一个{{@spell|卜筮术}}法术，无需任何材料成分。一旦使用，这个属性直到下一个黎明之前都不能再次使用。</div></div>\n<div class=\"parser-entries\"><div class=\"parser-entries-name\">亡灵之祸</div><div class=\"parser-entries-eng-name\">Bane of the Undead</div><div class=\"parser-entries-content\">你可以在使用驱散不死生物或驱散邪恶特性时，将圣像作为圣徽使用。如果你这样做，将豁免DC增加2点。</div></div>\n<div class=\"parser-entries\"><div class=\"parser-entries-name\">疗伤术</div><div class=\"parser-entries-eng-name\">Cure Wounds</div><div class=\"parser-entries-content\">持有这个圣像时，你可以采取一个动作来治疗你能看到的30尺范围内的一个生物。目标恢复{{@dice|3d8 + 3}}生命值，除非它是不死生物、构装生物或恶魔。一旦使用，这个属性直到下一个黎明之前都不能再次使用。</div></div>"
  },
  "en": {
    "name": "Icon of Ravenloft",
    "source": "CoS",
    "page": 222,
    "rarity": "legendary",
    "reqAttune": "by a creature of good alignment",
    "reqAttuneTags": [
      {
        "alignment": [
          "G"
        ]
      }
    ],
    "wondrous": true,
    "weight": 10,
    "entries": [
      "The Icon of Ravenloft is a 12-inch tall statuette made of the purest silver, weighing 10 pounds. It depicts a cleric kneeling in supplication.",
      "The icon was given to Strahd by the archpriest Ciril Romulich, an old family friend, to consecrate the castle and its chapel.",
      "While within 30 feet of the icon, a creature is under the effect of a {@spell protection from evil and good} spell against fiends and undead. Only a creature attuned to the icon can use its other properties.",
      {
        "name": "Augury",
        "type": "entries",
        "entries": [
          "You can use an action to cast an {@spell augury} spell from the icon, with no material components required. Once used, this property can't be used again until the next dawn."
        ]
      },
      {
        "name": "Bane of the Undead",
        "type": "entries",
        "entries": [
          "You can use the icon as a holy symbol while using the Turn Undead or Turn the Unholy feature. If you do so, increase the save DC by 2."
        ]
      },
      {
        "name": "Cure Wounds",
        "type": "entries",
        "entries": [
          "While holding the icon, you can take an action to heal one creature that you can see within 30 feet of you. The target regains {@dice 3d8 + 3} hit points, unless it is an undead, a construct, or a fiend. Once used, this property can't be used again until the next dawn."
        ]
      }
    ],
    "attachedSpells": {
      "will": [
        "protection from evil and good"
      ],
      "daily": {
        "1e": [
          "augury"
        ]
      }
    },
    "hasFluffImages": true,
    "html": "The Icon of Ravenloft is a 12-inch tall statuette made of the purest silver, weighing 10 pounds. It depicts a cleric kneeling in supplication.\nThe icon was given to Strahd by the archpriest Ciril Romulich, an old family friend, to consecrate the castle and its chapel.\nWhile within 30 feet of the icon, a creature is under the effect of a {{@spell|protection from evil and good}} spell against fiends and undead. Only a creature attuned to the icon can use its other properties.\n<div class=\"parser-entries\"><div class=\"parser-entries-name\">Augury</div><div class=\"parser-entries-content\">You can use an action to cast an {{@spell|augury}} spell from the icon, with no material components required. Once used, this property can't be used again until the next dawn.</div></div>\n<div class=\"parser-entries\"><div class=\"parser-entries-name\">Bane of the Undead</div><div class=\"parser-entries-content\">You can use the icon as a holy symbol while using the Turn Undead or Turn the Unholy feature. If you do so, increase the save DC by 2.</div></div>\n<div class=\"parser-entries\"><div class=\"parser-entries-name\">Cure Wounds</div><div class=\"parser-entries-content\">While holding the icon, you can take an action to heal one creature that you can see within 30 feet of you. The target regains {{@dice|3d8 + 3}} hit points, unless it is an undead, a construct, or a fiend. Once used, this property can't be used again until the next dawn.</div></div>"
  },
  "bonus": {}
}