{
  "dataType": "item",
  "uid": "item_Dried Leech|BMT",
  "id": "Dried Leech|BMT",
  "rarity": "uncommon",
  "isBaseItem": false,
  "displayName": {
    "zh": "水蛭干",
    "en": "Dried Leech"
  },
  "mainSource": {
    "source": "BMT",
    "page": 67
  },
  "allSources": [
    {
      "source": "BMT",
      "page": 67
    }
  ],
  "zh": {
    "name": "水蛭干",
    "type": "GV|DMG",
    "requires": [
      {
        "type": "A"
      },
      {
        "type": "AF|DMG"
      },
      {
        "type": "A|XPHB"
      },
      {
        "type": "AF|XDMG"
      }
    ],
    "excludes": {
      "cellEnergy": true
    },
    "ammo": true,
    "inherits": {
      "namePrefix": "水蛭干",
      "source": "BMT",
      "page": 67,
      "rarity": "uncommon",
      "entries": [
        "这种水蛭已经干燥并被赋予了一丝活化魔法。如果你用这种弹药进行远程攻击并击中生物，水蛭会复活并咬住目标，在目标的每个回合开始时造成{@damage 1d4}穿刺伤害。如果水蛭至少造成10点伤害或目标死亡，水蛭就会脱落。一个生物，包括目标，可以使用其行动来分离水蛭。一旦水蛭不再附着在目标上，水蛭就会死亡，不再具有魔法效果。"
      ]
    },
    "ENG_name": "Dried Leech",
    "entries": [
      "这种水蛭已经干燥并被赋予了一丝活化魔法。如果你用这种弹药进行远程攻击并击中生物，水蛭会复活并咬住目标，在目标的每个回合开始时造成{@damage 1d4}穿刺伤害。如果水蛭至少造成10点伤害或目标死亡，水蛭就会脱落。一个生物，包括目标，可以使用其行动来分离水蛭。一旦水蛭不再附着在目标上，水蛭就会死亡，不再具有魔法效果。"
    ],
    "html": "这种水蛭已经干燥并被赋予了一丝活化魔法。如果你用这种弹药进行远程攻击并击中生物，水蛭会复活并咬住目标，在目标的每个回合开始时造成{{@damage|1d4}}穿刺伤害。如果水蛭至少造成10点伤害或目标死亡，水蛭就会脱落。一个生物，包括目标，可以使用其行动来分离水蛭。一旦水蛭不再附着在目标上，水蛭就会死亡，不再具有魔法效果。"
  },
  "en": {
    "name": "Dried Leech",
    "type": "GV|DMG",
    "requires": [
      {
        "type": "A"
      },
      {
        "type": "AF|DMG"
      },
      {
        "type": "A|XPHB"
      },
      {
        "type": "AF|XDMG"
      }
    ],
    "excludes": {
      "cellEnergy": true
    },
    "ammo": true,
    "inherits": {
      "namePrefix": "Dried Leech ",
      "source": "BMT",
      "page": 67,
      "rarity": "uncommon",
      "entries": [
        "This leech has been dried and imbued with a mote of animating magic. If you hit a creature with a ranged attack roll using this ammunition, the leech springs to life and sinks its teeth into the target, dealing {@damage 1d4} piercing damage at the start of each of the target's turns. If the leech deals at least 10 damage or the target dies, the leech falls off. A creature, including the target, can use its action to detach the leech. Once a leech is no longer attached to its target, the leech dies and is no longer magical."
      ]
    },
    "entries": [
      "This leech has been dried and imbued with a mote of animating magic. If you hit a creature with a ranged attack roll using this ammunition, the leech springs to life and sinks its teeth into the target, dealing {@damage 1d4} piercing damage at the start of each of the target's turns. If the leech deals at least 10 damage or the target dies, the leech falls off. A creature, including the target, can use its action to detach the leech. Once a leech is no longer attached to its target, the leech dies and is no longer magical."
    ],
    "html": "This leech has been dried and imbued with a mote of animating magic. If you hit a creature with a ranged attack roll using this ammunition, the leech springs to life and sinks its teeth into the target, dealing {{@damage|1d4}} piercing damage at the start of each of the target's turns. If the leech deals at least 10 damage or the target dies, the leech falls off. A creature, including the target, can use its action to detach the leech. Once a leech is no longer attached to its target, the leech dies and is no longer magical."
  }
}