{
  "dataType": "item",
  "uid": "item_Bag of Beans|DMG ",
  "id": "Bag of Beans|DMG",
  "weight": 0.5,
  "rarity": "rare",
  "isBaseItem": false,
  "full": {
    "en": {
      "images": [
        {
          "type": "image",
          "href": {
            "type": "internal",
            "path": "items/DMG/Bag of Beans.webp"
          }
        }
      ]
    },
    "zh": {
      "images": [
        {
          "type": "image",
          "href": {
            "type": "internal",
            "path": "items/DMG/Bag of Beans.webp"
          }
        }
      ]
    }
  },
  "baseItem": "",
  "displayName": {
    "zh": "魔豆之袋",
    "en": "Bag of Beans"
  },
  "mainSource": {
    "source": "DMG",
    "page": 152
  },
  "allSources": [
    {
      "source": "DMG",
      "page": 152
    },
    {
      "source": "XDMG",
      "page": 0
    },
    {
      "source": "XDMG",
      "page": 233
    }
  ],
  "relatedVersions": [
    "Bag of Beans|XDMG"
  ],
  "zh": {
    "name": "魔豆之袋",
    "source": "DMG",
    "page": 152,
    "srd": true,
    "reprintedAs": [
      "魔豆之袋|XDMG"
    ],
    "tier": "次要",
    "rarity": "rare",
    "wondrous": true,
    "weight": 0.5,
    "entries": [
      "这个沉重的布袋里装着{@dice 3d4}颗干燥的豆子。布袋重1/2磅，外加每颗豆子重1/4磅。",
      "如果你把布袋里的东西倒在地上，豆子将引发一场半径10尺的爆炸。爆炸范围内包括你在内的每个生物必须进行一次 {@dc 15} 的敏捷豁免，豁免失败则受到 {@damage 5d4} 点火焰伤害，豁免成功则伤害减半。该火焰会点燃范围内未被着装或携带的物件。",
      "如果从布袋重取出一个豆子种到泥土或沙石中并浇上水，1分钟后豆子将产生一个效应。DM可以使用下表随机决定一种效应，也可以自选一种效果或自己创造一种新效应。",
      {
        "type": "table",
        "colLabels": [
          "{@dice d100}",
          "效应"
        ],
        "colStyles": [
          "col-1 text-center",
          "col-11"
        ],
        "rows": [
          [
            "01",
            "长出{@dice 5d4}个毒蕈。如果生物吃掉一个毒蕈，则掷一个任意面数的骰子。如果骰值为奇数，则食用者必须成功通过{@dc 15}的体质豁免否则受到{@damage 5d6}点毒素伤害并陷入{@condition 中毒}状态1小时。如果骰值为偶数，则食用者获得{@dice 5d6}点临时生命值，效应持续1小时。"
          ],
          [
            "02-10",
            "喷出一股间歇泉喷涌达30尺高，持续{@dice 1d12}轮，喷出的可以是水、啤酒、果汁、茶、醋、葡萄酒或者油（由DM决定）。"
          ],
          [
            "11-20",
            "长出一个{@creature 树人}。此树人有{@chance 50}的概率属于混乱邪恶并发起攻击。"
          ],
          [
            "21-30",
            "一座和你外表相仿，不可移动的活化石雕从地上升起。它会用言语威胁你。如果你离开石雕而其他人靠近它，它就会把你描述成最卑劣的反派并引导他们去攻击你。只要你和雕像身处同一位面，它就可以知道你的位置。雕像的活化状态在24小时后终止。"
          ],
          [
            "31-40",
            "出现一团跃动着蓝色火焰的篝火，其效应持续24小时（或直到它熄灭）。"
          ],
          [
            "41-50",
            "出现{@dice 1d6 + 6}的{@creature 尖叫菌||尖叫菌}。"
          ],
          [
            "51-60",
            "爬出{@dice 1d4 + 8}只亮粉色的蟾蜍。蟾蜍被触碰时会变成一只大型或更小体型的怪物（由DM选择）。怪物存在1分钟，然后消失在一阵粉红色的烟雾中。"
          ],
          [
            "61-70",
            "一只饥饿的{@creature 鲨蜥}从地下爬出来并发起攻击。"
          ],
          [
            "71-80",
            "长出一棵果树。树上有{@dice 1d10 + 20}个水果，其中{@dice 1d8}个是相当于随机决定效应的魔法药水，但有一个是DM决定的某种服用型毒药。果树将在1小时后消失，但摘下来的水果仍保留，其魔法保持30天。"
          ],
          [
            "81-90",
            "出现一窝{@dice 1d4 + 3}个蛋。任何食用这些蛋的生物必须进行一次{@dc 20}的体质豁免。成功则其最低一项属性永久提升1（多个属性同为最低则随机选定）。豁免失败则该生物体内发生魔法爆炸，受到{@damage 10d6}点力场伤害。"
          ],
          [
            "91-99",
            "一座占地为60尺方形区域的金字塔从地下升起。金字塔内有一名{@creature 木乃伊领主}的石棺。金字塔是{@creature 木乃伊领主||木乃伊领主的}巢穴，其棺内的宝藏由DM决定。"
          ],
          [
            "00",
            "一颗巨大的豌豆茎从地下长出，其高度由DM决定。茎的顶端通往DM选择的地点，例如一处宏伟的景点，一座{@creature 云巨人||云巨人的}城堡，或是另一存在位面。"
          ]
        ]
      }
    ],
    "lootTables": [
      "魔法物品表C"
    ],
    "hasFluffImages": true,
    "ENG_name": "Bag of Beans",
    "html": "这个沉重的布袋里装着{{@dice|3d4}}颗干燥的豆子。布袋重1/2磅，外加每颗豆子重1/4磅。\n如果你把布袋里的东西倒在地上，豆子将引发一场半径10尺的爆炸。爆炸范围内包括你在内的每个生物必须进行一次 {{@dc|15}} 的敏捷豁免，豁免失败则受到 {{@damage|5d4}} 点火焰伤害，豁免成功则伤害减半。该火焰会点燃范围内未被着装或携带的物件。\n如果从布袋重取出一个豆子种到泥土或沙石中并浇上水，1分钟后豆子将产生一个效应。DM可以使用下表随机决定一种效应，也可以自选一种效果或自己创造一种新效应。\n<table class=\"wiki-table\"><tr><th class=\"parser-col-1 text-center\">{{@dice|d100}}</th><th class=\"parser-col-11\">效应</th></tr><tr><td class=\"parser-col-1 text-center\">01</td><td class=\"parser-col-11\">长出{{@dice|5d4}}个毒蕈。如果生物吃掉一个毒蕈，则掷一个任意面数的骰子。如果骰值为奇数，则食用者必须成功通过{{@dc|15}}的体质豁免否则受到{{@damage|5d6}}点毒素伤害并陷入{{@condition|中毒}}状态1小时。如果骰值为偶数，则食用者获得{{@dice|5d6}}点临时生命值，效应持续1小时。</td></tr><tr><td class=\"parser-col-1 text-center\">02-10</td><td class=\"parser-col-11\">喷出一股间歇泉喷涌达30尺高，持续{{@dice|1d12}}轮，喷出的可以是水、啤酒、果汁、茶、醋、葡萄酒或者油（由DM决定）。</td></tr><tr><td class=\"parser-col-1 text-center\">11-20</td><td class=\"parser-col-11\">长出一个{{@creature|树人}}。此树人有{{@chance|50}}的概率属于混乱邪恶并发起攻击。</td></tr><tr><td class=\"parser-col-1 text-center\">21-30</td><td class=\"parser-col-11\">一座和你外表相仿，不可移动的活化石雕从地上升起。它会用言语威胁你。如果你离开石雕而其他人靠近它，它就会把你描述成最卑劣的反派并引导他们去攻击你。只要你和雕像身处同一位面，它就可以知道你的位置。雕像的活化状态在24小时后终止。</td></tr><tr><td class=\"parser-col-1 text-center\">31-40</td><td class=\"parser-col-11\">出现一团跃动着蓝色火焰的篝火，其效应持续24小时（或直到它熄灭）。</td></tr><tr><td class=\"parser-col-1 text-center\">41-50</td><td class=\"parser-col-11\">出现{{@dice|1d6 + 6}}的{{@creature|尖叫菌||尖叫菌}}。</td></tr><tr><td class=\"parser-col-1 text-center\">51-60</td><td class=\"parser-col-11\">爬出{{@dice|1d4 + 8}}只亮粉色的蟾蜍。蟾蜍被触碰时会变成一只大型或更小体型的怪物（由DM选择）。怪物存在1分钟，然后消失在一阵粉红色的烟雾中。</td></tr><tr><td class=\"parser-col-1 text-center\">61-70</td><td class=\"parser-col-11\">一只饥饿的{{@creature|鲨蜥}}从地下爬出来并发起攻击。</td></tr><tr><td class=\"parser-col-1 text-center\">71-80</td><td class=\"parser-col-11\">长出一棵果树。树上有{{@dice|1d10 + 20}}个水果，其中{{@dice|1d8}}个是相当于随机决定效应的魔法药水，但有一个是DM决定的某种服用型毒药。果树将在1小时后消失，但摘下来的水果仍保留，其魔法保持30天。</td></tr><tr><td class=\"parser-col-1 text-center\">81-90</td><td class=\"parser-col-11\">出现一窝{{@dice|1d4 + 3}}个蛋。任何食用这些蛋的生物必须进行一次{{@dc|20}}的体质豁免。成功则其最低一项属性永久提升1（多个属性同为最低则随机选定）。豁免失败则该生物体内发生魔法爆炸，受到{{@damage|10d6}}点力场伤害。</td></tr><tr><td class=\"parser-col-1 text-center\">91-99</td><td class=\"parser-col-11\">一座占地为60尺方形区域的金字塔从地下升起。金字塔内有一名{{@creature|木乃伊领主}}的石棺。金字塔是{{@creature|木乃伊领主||木乃伊领主的}}巢穴，其棺内的宝藏由DM决定。</td></tr><tr><td class=\"parser-col-1 text-center\">00</td><td class=\"parser-col-11\">一颗巨大的豌豆茎从地下长出，其高度由DM决定。茎的顶端通往DM选择的地点，例如一处宏伟的景点，一座{{@creature|云巨人||云巨人的}}城堡，或是另一存在位面。</td></tr></table>"
  },
  "en": {
    "name": "Bag of Beans",
    "source": "DMG",
    "page": 152,
    "srd": true,
    "reprintedAs": [
      "Bag of Beans|XDMG"
    ],
    "tier": "minor",
    "rarity": "rare",
    "wondrous": true,
    "weight": 0.5,
    "entries": [
      "Inside this heavy cloth bag are {@dice 3d4} dry beans. The bag weighs ½ pound plus ¼ pound for each bean it contains.",
      "If you dump the bag's contents out on the ground, they explode in a 10-foot radius, extending from the beans. Each creature in the area, including you, must make a {@dc 15} Dexterity saving throw, taking {@damage 5d4} fire damage on a failed save, or half as much damage on a successful one. The fire ignites flammable objects in the area that aren't being worn or carried.",
      "If you remove a bean from the bag, plant it in dirt or sand, and then water it, the bean produces an effect 1 minute later from the ground where it was planted. The DM can choose an effect from the following table, determine it randomly, or create an effect.",
      {
        "type": "table",
        "colLabels": [
          "{@dice d100}",
          "Effect"
        ],
        "colStyles": [
          "col-1 text-center",
          "col-11"
        ],
        "rows": [
          [
            "01",
            "{@dice 5d4} toadstools sprout. If a creature eats a toadstool, roll any die. On an odd roll, the eater must succeed on a {@dc 15} Constitution saving throw or take {@damage 5d6} poison damage and become {@condition poisoned} for 1 hour. On an even roll, the eater gains {@dice 5d6} temporary hit points for 1 hour."
          ],
          [
            "02-10",
            "A geyser erupts and spouts water, beer, berry juice, tea, vinegar, wine, or oil (DM's choice) 30 feet into the air for {@dice 1d12} rounds."
          ],
          [
            "11-20",
            "A {@creature treant} sprouts. There's a {@chance 50} chance that the treant is chaotic evil and attacks."
          ],
          [
            "21-30",
            "An animate, immobile stone statue in your likeness rises. It makes verbal threats against you. If you leave it and others come near, it describes you as the most heinous of villains and directs the newcomers to find and attack you. If you are on the same plane of existence as the statue, it knows where you are. The statue becomes inanimate after 24 hours."
          ],
          [
            "31-40",
            "A campfire with blue flames springs forth and burns for 24 hours (or until it is extinguished)."
          ],
          [
            "41-50",
            "{@dice 1d6 + 6} {@creature shrieker||shriekers} sprout."
          ],
          [
            "51-60",
            "{@dice 1d4 + 8} bright pink toads crawl forth. Whenever a toad is touched, it transforms into a Large or smaller monster of the DM's choice. The monster remains for 1 minute, then disappears in a puff of bright pink smoke."
          ],
          [
            "61-70",
            "A hungry {@creature bulette} burrows up and attacks."
          ],
          [
            "71-80",
            "A fruit tree grows. It has {@dice 1d10 + 20} fruit, {@dice 1d8} of which act as randomly determined magic potions, while one acts as an ingested poison of the DM's choice. The tree vanishes after 1 hour. Picked fruit remains, retaining any magic for 30 days."
          ],
          [
            "81-90",
            "A nest of {@dice 1d4 + 3} eggs springs up. Any creature that eats an egg must make a {@dc 20} Constitution saving throw. On a successful save, a creature permanently increases its lowest ability score by 1, randomly choosing among equally low scores. On a failed save, the creature takes {@damage 10d6} force damage from an internal magical explosion."
          ],
          [
            "91-99",
            "A pyramid with a 60-foot-square base bursts upward. Inside is a sarcophagus containing a {@creature mummy lord}. The pyramid is treated as the {@creature mummy lord||mummy lord's} lair, and its sarcophagus contains treasure of the DM's choice."
          ],
          [
            "00",
            "A giant beanstalk sprouts, growing to a height of the DM's choice. The top leads where the DM chooses, such as to a great view, a {@creature cloud giant||cloud giant's} castle, or a different plane of existence."
          ]
        ]
      }
    ],
    "lootTables": [
      "Magic Item Table C"
    ],
    "hasFluffImages": true,
    "html": "Inside this heavy cloth bag are {{@dice|3d4}} dry beans. The bag weighs ½ pound plus ¼ pound for each bean it contains.\nIf you dump the bag's contents out on the ground, they explode in a 10-foot radius, extending from the beans. Each creature in the area, including you, must make a {{@dc|15}} Dexterity saving throw, taking {{@damage|5d4}} fire damage on a failed save, or half as much damage on a successful one. The fire ignites flammable objects in the area that aren't being worn or carried.\nIf you remove a bean from the bag, plant it in dirt or sand, and then water it, the bean produces an effect 1 minute later from the ground where it was planted. The DM can choose an effect from the following table, determine it randomly, or create an effect.\n<table class=\"wiki-table\"><tr><th class=\"parser-col-1 text-center\">{{@dice|d100}}</th><th class=\"parser-col-11\">Effect</th></tr><tr><td class=\"parser-col-1 text-center\">01</td><td class=\"parser-col-11\">{{@dice|5d4}} toadstools sprout. If a creature eats a toadstool, roll any die. On an odd roll, the eater must succeed on a {{@dc|15}} Constitution saving throw or take {{@damage|5d6}} poison damage and become {{@condition|poisoned}} for 1 hour. On an even roll, the eater gains {{@dice|5d6}} temporary hit points for 1 hour.</td></tr><tr><td class=\"parser-col-1 text-center\">02-10</td><td class=\"parser-col-11\">A geyser erupts and spouts water, beer, berry juice, tea, vinegar, wine, or oil (DM's choice) 30 feet into the air for {{@dice|1d12}} rounds.</td></tr><tr><td class=\"parser-col-1 text-center\">11-20</td><td class=\"parser-col-11\">A {{@creature|treant}} sprouts. There's a {{@chance|50}} chance that the treant is chaotic evil and attacks.</td></tr><tr><td class=\"parser-col-1 text-center\">21-30</td><td class=\"parser-col-11\">An animate, immobile stone statue in your likeness rises. It makes verbal threats against you. If you leave it and others come near, it describes you as the most heinous of villains and directs the newcomers to find and attack you. If you are on the same plane of existence as the statue, it knows where you are. The statue becomes inanimate after 24 hours.</td></tr><tr><td class=\"parser-col-1 text-center\">31-40</td><td class=\"parser-col-11\">A campfire with blue flames springs forth and burns for 24 hours (or until it is extinguished).</td></tr><tr><td class=\"parser-col-1 text-center\">41-50</td><td class=\"parser-col-11\">{{@dice|1d6 + 6}} {{@creature|shrieker||shriekers}} sprout.</td></tr><tr><td class=\"parser-col-1 text-center\">51-60</td><td class=\"parser-col-11\">{{@dice|1d4 + 8}} bright pink toads crawl forth. Whenever a toad is touched, it transforms into a Large or smaller monster of the DM's choice. The monster remains for 1 minute, then disappears in a puff of bright pink smoke.</td></tr><tr><td class=\"parser-col-1 text-center\">61-70</td><td class=\"parser-col-11\">A hungry {{@creature|bulette}} burrows up and attacks.</td></tr><tr><td class=\"parser-col-1 text-center\">71-80</td><td class=\"parser-col-11\">A fruit tree grows. It has {{@dice|1d10 + 20}} fruit, {{@dice|1d8}} of which act as randomly determined magic potions, while one acts as an ingested poison of the DM's choice. The tree vanishes after 1 hour. Picked fruit remains, retaining any magic for 30 days.</td></tr><tr><td class=\"parser-col-1 text-center\">81-90</td><td class=\"parser-col-11\">A nest of {{@dice|1d4 + 3}} eggs springs up. Any creature that eats an egg must make a {{@dc|20}} Constitution saving throw. On a successful save, a creature permanently increases its lowest ability score by 1, randomly choosing among equally low scores. On a failed save, the creature takes {{@damage|10d6}} force damage from an internal magical explosion.</td></tr><tr><td class=\"parser-col-1 text-center\">91-99</td><td class=\"parser-col-11\">A pyramid with a 60-foot-square base bursts upward. Inside is a sarcophagus containing a {{@creature|mummy lord}}. The pyramid is treated as the {{@creature|mummy lord||mummy lord's}} lair, and its sarcophagus contains treasure of the DM's choice.</td></tr><tr><td class=\"parser-col-1 text-center\">00</td><td class=\"parser-col-11\">A giant beanstalk sprouts, growing to a height of the DM's choice. The top leads where the DM chooses, such as to a great view, a {{@creature|cloud giant||cloud giant's}} castle, or a different plane of existence.</td></tr></table>"
  },
  "bonus": {}
}