{
  "dataType": "item",
  "uid": "item_Shrike Ship|AAG ",
  "id": "Shrike Ship|AAG",
  "value": 2000000,
  "rarity": "none",
  "isBaseItem": false,
  "baseItem": "",
  "displayName": {
    "zh": "伯劳舰",
    "en": "Shrike Ship"
  },
  "mainSource": {
    "source": "AAG",
    "page": 44
  },
  "allSources": [
    {
      "source": "AAG",
      "page": 44
    }
  ],
  "zh": {
    "name": "伯劳舰",
    "source": "AAG",
    "page": 44,
    "type": "SPC|AAG",
    "rarity": "none",
    "value": 2000000,
    "crew": 11,
    "vehAc": 15,
    "vehHp": 250,
    "vehDmgThresh": 15,
    "vehSpeed": 8,
    "capCargo": 20,
    "entries": [
      "这种迅捷的船只是一种相对现代的设计，一经推出很快就受到商人和海盗的欢迎。伯劳舰的腿使她能够安全地降落在地面上。这艘舰船可以漂浮，但不是为在水上航行而建造的，并且在波涛汹涌的大海中会迅速地下沉。",
      "伯劳舰上的标准武器包括三门弩炮——一门在艏楼，一门在顶层甲板的中间，一门在舰船尾。在危急情况下，该舰的加固船首可用作穿刺撞角。"
    ],
    "seeAlsoVehicle": [
      "伯劳舰|AAG"
    ],
    "ENG_name": "Shrike Ship",
    "html": "这种迅捷的船只是一种相对现代的设计，一经推出很快就受到商人和海盗的欢迎。伯劳舰的腿使她能够安全地降落在地面上。这艘舰船可以漂浮，但不是为在水上航行而建造的，并且在波涛汹涌的大海中会迅速地下沉。\n伯劳舰上的标准武器包括三门弩炮——一门在艏楼，一门在顶层甲板的中间，一门在舰船尾。在危急情况下，该舰的加固船首可用作穿刺撞角。"
  },
  "en": {
    "name": "Shrike Ship",
    "source": "AAG",
    "page": 44,
    "type": "SPC|AAG",
    "rarity": "none",
    "value": 2000000,
    "crew": 11,
    "vehAc": 15,
    "vehHp": 250,
    "vehDmgThresh": 15,
    "vehSpeed": 8,
    "capCargo": 20,
    "entries": [
      "This swift vessel is a relatively recent design, quickly gaining popularity with merchants and pirates. A shrike ship's legs enable it to land safely on the ground. The ship can float but isn't built for traveling on water and sinks quickly in rough seas.",
      "Standard weaponry on a shrike ship includes three ballistae—one on the forecastle, one in the middle of the top deck, and one on the sterncastle. In a desperate situation, the ship's reinforced bow can be used as a piercing ram."
    ],
    "seeAlsoVehicle": [
      "Shrike Ship|AAG"
    ],
    "html": "This swift vessel is a relatively recent design, quickly gaining popularity with merchants and pirates. A shrike ship's legs enable it to land safely on the ground. The ship can float but isn't built for traveling on water and sinks quickly in rough seas.\nStandard weaponry on a shrike ship includes three ballistae—one on the forecastle, one in the middle of the top deck, and one on the sterncastle. In a desperate situation, the ship's reinforced bow can be used as a piercing ram."
  },
  "bonus": {}
}