{
  "dataType": "item",
  "uid": "item_Brooch of Shielding|DMG ",
  "id": "Brooch of Shielding|DMG",
  "rarity": "uncommon",
  "isBaseItem": false,
  "full": {
    "en": {
      "images": [
        {
          "type": "image",
          "href": {
            "type": "internal",
            "path": "items/DMG/Brooch of Shielding.webp"
          }
        }
      ]
    },
    "zh": {
      "images": [
        {
          "type": "image",
          "href": {
            "type": "internal",
            "path": "items/DMG/Brooch of Shielding.webp"
          }
        }
      ]
    }
  },
  "baseItem": "",
  "displayName": {
    "zh": "护盾胸针",
    "en": "Brooch of Shielding"
  },
  "mainSource": {
    "source": "DMG",
    "page": 156
  },
  "allSources": [
    {
      "source": "DMG",
      "page": 156
    },
    {
      "source": "XDMG",
      "page": 0
    },
    {
      "source": "XDMG",
      "page": 241
    }
  ],
  "relatedVersions": [
    "Brooch of Shielding|XDMG"
  ],
  "zh": {
    "name": "护盾胸针",
    "source": "DMG",
    "page": 156,
    "srd": true,
    "reprintedAs": [
      "护盾胸针|XDMG"
    ],
    "resist": [
      "力场"
    ],
    "tier": "主要",
    "rarity": "uncommon",
    "reqAttune": true,
    "wondrous": true,
    "entries": [
      "佩戴此胸针期间，你获得对力场伤害的抗性，并免疫{@spell 魔法飞弹}法术的伤害。"
    ],
    "optionalfeatures": [
      "仿制魔法物品|TCE"
    ],
    "lootTables": [
      "魔法物品表F"
    ],
    "hasFluffImages": true,
    "ENG_name": "Brooch of Shielding",
    "html": "佩戴此胸针期间，你获得对力场伤害的抗性，并免疫{{@spell|魔法飞弹}}法术的伤害。"
  },
  "en": {
    "name": "Brooch of Shielding",
    "source": "DMG",
    "page": 156,
    "srd": true,
    "reprintedAs": [
      "Brooch of Shielding|XDMG"
    ],
    "resist": [
      "force"
    ],
    "tier": "major",
    "rarity": "uncommon",
    "reqAttune": true,
    "wondrous": true,
    "entries": [
      "While wearing this brooch, you have resistance to force damage, and you have immunity to damage from the {@spell magic missile} spell."
    ],
    "optionalfeatures": [
      "replicate magic item|tce"
    ],
    "lootTables": [
      "Magic Item Table F"
    ],
    "hasFluffImages": true,
    "html": "While wearing this brooch, you have resistance to force damage, and you have immunity to damage from the {{@spell|magic missile}} spell."
  },
  "bonus": {}
}