{
  "dataType": "item",
  "uid": "item_Vial of Thought Capture|AZfyT ",
  "id": "Vial of Thought Capture|AZfyT",
  "rarity": "unknown (magic)",
  "isBaseItem": false,
  "baseItem": "",
  "displayName": {
    "zh": "思维捕获瓶",
    "en": "Vial of Thought Capture"
  },
  "mainSource": {
    "source": "AZfyT",
    "page": 4
  },
  "allSources": [
    {
      "source": "AZfyT",
      "page": 4
    }
  ],
  "zh": {
    "name": "思维捕获瓶",
    "source": "AZfyT",
    "page": 4,
    "rarity": "unknown (magic)",
    "entries": [
      "这个深蓝色的小瓶可以让你读取他人的表面思想，并将它们作为思想丝线捕捉，储存在瓶内。作为一个动作，你可以激活小瓶，针对你能看到的10尺范围内的一个生物，了解其表面思想，并将学到的思想从生物的头部拉出，形成一种被称为思想丝线的有形发光能量线。这些丝线可以储存在小瓶中，最长可达24小时，或者直到小瓶达到容量，在这种情况下，最旧的丝线会消散。被小瓶影响的生物知道它的思想正在被探测。",
      "这个小瓶还可以储存由{@spell 思想编码|GGR}戏法创造的思维丝线。它不会延长这些丝线的持续时间超过8小时，但是储存的丝线在你再次施放{@spell 思想编码|GGR}戏法时不会消失。",
      "这个小瓶有3次充能，并且可以存储最多3条思维丝。它在黄昏时每天恢复所有充能。"
    ],
    "ENG_name": "Vial of Thought Capture",
    "html": "这个深蓝色的小瓶可以让你读取他人的表面思想，并将它们作为思想丝线捕捉，储存在瓶内。作为一个动作，你可以激活小瓶，针对你能看到的10尺范围内的一个生物，了解其表面思想，并将学到的思想从生物的头部拉出，形成一种被称为思想丝线的有形发光能量线。这些丝线可以储存在小瓶中，最长可达24小时，或者直到小瓶达到容量，在这种情况下，最旧的丝线会消散。被小瓶影响的生物知道它的思想正在被探测。\n这个小瓶还可以储存由{{@spell|思想编码|GGR}}戏法创造的思维丝线。它不会延长这些丝线的持续时间超过8小时，但是储存的丝线在你再次施放{{@spell|思想编码|GGR}}戏法时不会消失。\n这个小瓶有3次充能，并且可以存储最多3条思维丝。它在黄昏时每天恢复所有充能。"
  },
  "en": {
    "name": "Vial of Thought Capture",
    "source": "AZfyT",
    "page": 4,
    "rarity": "unknown (magic)",
    "entries": [
      "This dark blue vial allows you to read another's surface thoughts and capture them as thought strands, storing the strands within the vial. As an action, you can activate the vial to target a creature you can see within 10 feet of you to learn its surface thoughts and pull the thoughts learned out of the creature's head as a tangible glowing string of energy known as a thought strand. The strands can be stored in the vial for up to 24 hours or until the vial reaches capacity, in which case the oldest strands dissipate. A creature affected by the vial knows that its thoughts are being probed.",
      "The vial can also store thought strands created by the {@spell encode thoughts|ggr} cantrip. It does not extend the duration of those strands beyond 8 hours, but stored strands do not disappear if you cast {@spell encode thoughts|ggr} again during the duration of the cantrip.",
      "The vial has 3 charges and can store up to 3 thought strands. It regains all its charges daily at dusk."
    ],
    "html": "This dark blue vial allows you to read another's surface thoughts and capture them as thought strands, storing the strands within the vial. As an action, you can activate the vial to target a creature you can see within 10 feet of you to learn its surface thoughts and pull the thoughts learned out of the creature's head as a tangible glowing string of energy known as a thought strand. The strands can be stored in the vial for up to 24 hours or until the vial reaches capacity, in which case the oldest strands dissipate. A creature affected by the vial knows that its thoughts are being probed.\nThe vial can also store thought strands created by the {{@spell|encode thoughts|ggr}} cantrip. It does not extend the duration of those strands beyond 8 hours, but stored strands do not disappear if you cast {{@spell|encode thoughts|ggr}} again during the duration of the cantrip.\nThe vial has 3 charges and can store up to 3 thought strands. It regains all its charges daily at dusk."
  },
  "bonus": {}
}