{
  "dataType": "item",
  "uid": "item_Armor of Poison Resistance|DMG",
  "id": "Armor of Poison Resistance|DMG",
  "rarity": "rare",
  "isBaseItem": false,
  "displayName": {
    "zh": "毒素抗性护甲",
    "en": "Armor of Poison Resistance"
  },
  "mainSource": {
    "source": "DMG",
    "page": 152
  },
  "allSources": [
    {
      "source": "DMG",
      "page": 152
    },
    {
      "source": "XDMG",
      "page": 0
    },
    {
      "source": "XDMG",
      "page": 231
    }
  ],
  "relatedVersions": [
    "Armor of Poison Resistance|XDMG"
  ],
  "zh": {
    "name": "毒素抗性护甲",
    "edition": "classic",
    "type": "GV|DMG",
    "requires": [
      {
        "armor": true
      }
    ],
    "inherits": {
      "nameSuffix": " 毒素抗性",
      "source": "DMG",
      "page": 152,
      "srd": true,
      "reprintedAs": [
        "毒素抗性护甲|XDMG"
      ],
      "resist": [
        "毒素"
      ],
      "tier": "主要",
      "rarity": "rare",
      "reqAttune": true,
      "hasRefs": true,
      "entries": [
        "{#itemEntry 抗性护甲}"
      ]
    },
    "ENG_name": "Armor of Poison Resistance",
    "entries": [
      "{#itemEntry 抗性护甲}"
    ],
    "html": "{#itemEntry 抗性护甲}"
  },
  "en": {
    "name": "Armor of Poison Resistance",
    "edition": "classic",
    "type": "GV|DMG",
    "requires": [
      {
        "armor": true
      }
    ],
    "inherits": {
      "nameSuffix": " of Poison Resistance",
      "source": "DMG",
      "page": 152,
      "srd": true,
      "reprintedAs": [
        "Armor of Poison Resistance|XDMG"
      ],
      "resist": [
        "poison"
      ],
      "tier": "major",
      "rarity": "rare",
      "reqAttune": true,
      "hasRefs": true,
      "entries": [
        "{#itemEntry Armor of Resistance}"
      ]
    },
    "entries": [
      "{#itemEntry Armor of Resistance}"
    ],
    "html": "{#itemEntry Armor of Resistance}"
  }
}