{
  "dataType": "item",
  "uid": "item_Skull Card|BMT ",
  "id": "Skull Card|BMT",
  "rarity": "legendary",
  "isBaseItem": false,
  "full": {
    "en": {
      "images": [
        {
          "type": "image",
          "href": {
            "type": "internal",
            "path": "decks/BMT/Deck of Many Things/19-skull.webp"
          },
          "credit": "Alex Dos Diaz"
        }
      ]
    },
    "zh": {
      "images": [
        {
          "type": "image",
          "href": {
            "type": "internal",
            "path": "decks/BMT/Deck of Many Things/19-skull.webp"
          },
          "credit": "Alex Dos Diaz"
        }
      ]
    }
  },
  "baseItem": "",
  "displayName": {
    "zh": "骷髅卡",
    "en": "Skull Card"
  },
  "mainSource": {
    "source": "BMT",
    "page": 15
  },
  "allSources": [
    {
      "source": "BMT",
      "page": 15
    }
  ],
  "zh": {
    "name": "骷髅卡",
    "source": "BMT",
    "page": 15,
    "rarity": "legendary",
    "wondrous": true,
    "recharge": "拂晓",
    "entries": [
      "作为动作，你可以挥舞这张卡牌并用其施放{@spell 死神灵魄|BMT}（见{@book 第七章|BMT|6|死神灵魄}）作为6环法术（法术攻击加值{@hit 9}，豁免{@dc 17}）。这一特性一经使用，直到次日黎明之前无法再次使用。"
    ],
    "attachedSpells": {
      "daily": {
        "1e": [
          "死神灵魄|bmt"
        ]
      }
    },
    "hasFluffImages": true,
    "ENG_name": "Skull Card",
    "html": "作为动作，你可以挥舞这张卡牌并用其施放{{@spell|死神灵魄|BMT}}（见{{@book|第七章|BMT|6|死神灵魄}}）作为6环法术（法术攻击加值{{@hit|9}}，豁免{{@dc|17}}）。这一特性一经使用，直到次日黎明之前无法再次使用。"
  },
  "en": {
    "name": "Skull Card",
    "source": "BMT",
    "page": 15,
    "rarity": "legendary",
    "wondrous": true,
    "recharge": "dawn",
    "entries": [
      "As an action, you can brandish this card and use it to cast {@spell Spirit of Death|BMT} (see {@book chapter 7|BMT|6|Spirit of Death}) as a 6th-level spell (spell attack bonus {@hit 9}, save {@dc 17}). Once this property is used, it can't be used again until the next dawn."
    ],
    "attachedSpells": {
      "daily": {
        "1e": [
          "spirit of death|bmt"
        ]
      }
    },
    "hasFluffImages": true,
    "html": "As an action, you can brandish this card and use it to cast {{@spell|Spirit of Death|BMT}} (see {{@book|chapter 7|BMT|6|Spirit of Death}}) as a 6th-level spell (spell attack bonus {{@hit|9}}, save {{@dc|17}}). Once this property is used, it can't be used again until the next dawn."
  },
  "bonus": {}
}