{
  "dataType": "item",
  "uid": "item_Cloak of the Bat|DMG ",
  "id": "Cloak of the Bat|DMG",
  "rarity": "rare",
  "isBaseItem": false,
  "baseItem": "",
  "displayName": {
    "zh": "蝙蝠斗篷",
    "en": "Cloak of the Bat"
  },
  "mainSource": {
    "source": "DMG",
    "page": 159
  },
  "allSources": [
    {
      "source": "DMG",
      "page": 159
    },
    {
      "source": "XDMG",
      "page": 0
    },
    {
      "source": "XDMG",
      "page": 245
    }
  ],
  "relatedVersions": [
    "Cloak of the Bat|XDMG"
  ],
  "zh": {
    "name": "蝙蝠斗篷",
    "source": "DMG",
    "page": 159,
    "srd": true,
    "reprintedAs": [
      "蝙蝠斗篷|XDMG"
    ],
    "tier": "主要",
    "rarity": "rare",
    "reqAttune": true,
    "wondrous": true,
    "entries": [
      "着装此斗篷期间，你的敏捷（{@skill 隐匿}）检定具有优势。在微光或黑暗的环境中，你可以用双手抓住斗篷边沿，利用它以40尺的速度飞行。如果你没能抓住斗篷边沿或不再处于微光或黑暗环境中，则你失去此飞行速度。",
      "着装此斗篷且身处微光或黑暗环境期间，你可以用一个动作对自己施展{@spell 变形术}，并以此变成一只{@creature 蝙蝠}。你在变成{@creature 蝙蝠}时保留自身的智力、感知和魅力属性。直到次日黎明前，斗篷都无法再以该方式使用。"
    ],
    "optionalfeatures": [
      "仿制魔法物品|TCE"
    ],
    "attachedSpells": {
      "daily": {
        "1e": [
          "变形术"
        ]
      }
    },
    "lootTables": [
      "魔法物品表G"
    ],
    "ENG_name": "Cloak of the Bat",
    "html": "着装此斗篷期间，你的敏捷（{{@skill|隐匿}}）检定具有优势。在微光或黑暗的环境中，你可以用双手抓住斗篷边沿，利用它以40尺的速度飞行。如果你没能抓住斗篷边沿或不再处于微光或黑暗环境中，则你失去此飞行速度。\n着装此斗篷且身处微光或黑暗环境期间，你可以用一个动作对自己施展{{@spell|变形术}}，并以此变成一只{{@creature|蝙蝠}}。你在变成{{@creature|蝙蝠}}时保留自身的智力、感知和魅力属性。直到次日黎明前，斗篷都无法再以该方式使用。"
  },
  "en": {
    "name": "Cloak of the Bat",
    "source": "DMG",
    "page": 159,
    "srd": true,
    "reprintedAs": [
      "Cloak of the Bat|XDMG"
    ],
    "tier": "major",
    "rarity": "rare",
    "reqAttune": true,
    "wondrous": true,
    "entries": [
      "While wearing this cloak, you have advantage on Dexterity ({@skill Stealth}) checks. In an area of dim light or darkness, you can grip the edges of the cloak with both hands and use it to fly at a speed of 40 feet. If you ever fail to grip the cloak's edges while flying in this way, or if you are no longer in dim light or darkness, you lose this flying speed.",
      "While wearing the cloak in an area of dim light or darkness, you can use your action to cast {@spell polymorph} on yourself, transforming into a {@creature bat}. While you are in the form of the {@creature bat}, you retain your Intelligence, Wisdom, and Charisma scores. The cloak can't be used this way again until the next dawn."
    ],
    "optionalfeatures": [
      "replicate magic item|tce"
    ],
    "attachedSpells": {
      "daily": {
        "1e": [
          "polymorph"
        ]
      }
    },
    "lootTables": [
      "Magic Item Table G"
    ],
    "html": "While wearing this cloak, you have advantage on Dexterity ({{@skill|Stealth}}) checks. In an area of dim light or darkness, you can grip the edges of the cloak with both hands and use it to fly at a speed of 40 feet. If you ever fail to grip the cloak's edges while flying in this way, or if you are no longer in dim light or darkness, you lose this flying speed.\nWhile wearing the cloak in an area of dim light or darkness, you can use your action to cast {{@spell|polymorph}} on yourself, transforming into a {{@creature|bat}}. While you are in the form of the {{@creature|bat}}, you retain your Intelligence, Wisdom, and Charisma scores. The cloak can't be used this way again until the next dawn."
  },
  "bonus": {}
}