{
  "dataType": "item",
  "uid": "item_Book of Exalted Deeds|DMG ",
  "id": "Book of Exalted Deeds|DMG",
  "weight": 5,
  "rarity": "artifact",
  "isBaseItem": false,
  "full": {
    "en": {
      "images": [
        {
          "type": "image",
          "href": {
            "type": "internal",
            "path": "items/DMG/Book of Exalted Deeds.webp"
          }
        }
      ]
    },
    "zh": {
      "images": [
        {
          "type": "image",
          "href": {
            "type": "internal",
            "path": "items/DMG/Book of Exalted Deeds.webp"
          }
        }
      ]
    }
  },
  "baseItem": "",
  "displayName": {
    "zh": "圣洁之书",
    "en": "Book of Exalted Deeds"
  },
  "mainSource": {
    "source": "DMG",
    "page": 222
  },
  "allSources": [
    {
      "source": "DMG",
      "page": 222
    },
    {
      "source": "XDMG",
      "page": 0
    },
    {
      "source": "XDMG",
      "page": 237
    }
  ],
  "relatedVersions": [
    "Book of Exalted Deeds|XDMG"
  ],
  "zh": {
    "name": "圣洁之书",
    "source": "DMG",
    "page": 222,
    "reprintedAs": [
      "圣洁之书|XDMG"
    ],
    "rarity": "artifact",
    "reqAttune": "由善良阵营的生物",
    "reqAttuneTags": [
      {
        "alignment": [
          "G"
        ]
      }
    ],
    "wondrous": true,
    "weight": 5,
    "ability": {
      "wis": 2
    },
    "entries": [
      "这本关于多元宇宙中所有善行的权威论著，传说中的圣洁之书在许多宗教中都占有重要地位。这本书并非专门献给某个特定信仰的经文，而是由多位作者在书页中填满了各自对真正美德的见解，为战胜邪恶提供了指引。",
      "《圣洁之书》很少在一个地方停留。一旦这本书被阅读，它就会消失到多元宇宙的某个角落，在那里它的道德指引能为黑暗世界带来光明。尽管有人试图复制这部作品，但这些努力都未能捕捉到它的魔法本质，也无法将其为心灵纯洁、意志坚定者提供的好处传承下去。",
      "一个沉重的扣环，被制作成天使翅膀的形状，确保书的内容安全。只有与书调谐的善良阵营生物才能解开扣环打开书。一旦书被打开，调谐的生物必须花费80小时阅读和研究书以消化其内容并获得其益处。其他浏览书页的生物可以阅读文本但无法获得更深层的含义和益处。一个试图阅读此书的邪恶生物将受到{@damage 24d6}光耀伤害。此伤害忽略抗性和免疫，且无法以任何方式被减少或避免。一个因此伤害生命值降至0的生物将在致盲闪光中消失并被摧毁，只留下其物品。",
      "圣洁之书赋予的增益仅在你努力行善时持续。如果你在10天内未能至少执行一次仁慈或慷慨的行为，或者你自愿执行邪恶行为，你将失去这本书赋予的所有增益。",
      {
        "ENG_name": "Random Properties",
        "name": "随机词条",
        "type": "entries",
        "entries": [
          "圣洁之书具有以下随机词条：",
          {
            "type": "list",
            "items": [
              "2 {@table 神器词条; 次要增益词条|DMG|次要增益词条}",
              "2 {@table 神器词条; 主要增益词条|DMG|主要增益词条}"
            ]
          }
        ]
      },
      {
        "ENG_name": "Increased Wisdom",
        "name": "提高感知",
        "type": "entries",
        "entries": [
          "在你花费必要的时间阅读和研究这本书后，你的感知属性提高2，最高不超过24。你无法从这本书中获得此增益超过一次。"
        ]
      },
      {
        "ENG_name": "Enlightened Magic",
        "name": "魔法启迪",
        "type": "entries",
        "entries": [
          "一旦你阅读并研习了这本书，你为施放牧师或圣武士法术而消耗的每个法术位都视为高一级的法术位。"
        ]
      },
      {
        "ENG_name": "Halo",
        "name": "神光",
        "type": "entries",
        "entries": [
          "一旦你阅读并研习了这本书，你将获得一个保护性的神光。这个神光散发出10尺半径的明亮光照和额外10尺的微光光照。你可以用一个附赠动作来解除或显现这个神光。当神光存在时，你在与善良生物互动时进行的魅力（{@skill 游说}）检定以及与邪恶生物互动时进行的魅力（{@skill 威吓}）检定具有优势。此外，处于神光明亮光照区域内的邪魔和亡灵对你发动的攻击检定具有劣势。"
        ]
      },
      {
        "ENG_name": "Destroying the Book",
        "name": "摧毁此书",
        "type": "entries",
        "entries": [
          "据传闻，只要多元宇宙中存在善良，圣洁之书就无法被摧毁。然而，将此书浸泡在冥河中会移除书页上的所有文字和图像，并使此书失去力量{@dice 1d100}年。"
        ]
      }
    ],
    "light": [
      {
        "bright": 10,
        "dim": 20
      }
    ],
    "hasFluffImages": true,
    "ENG_name": "Book of Exalted Deeds",
    "html": "这本关于多元宇宙中所有善行的权威论著，传说中的圣洁之书在许多宗教中都占有重要地位。这本书并非专门献给某个特定信仰的经文，而是由多位作者在书页中填满了各自对真正美德的见解，为战胜邪恶提供了指引。\n《圣洁之书》很少在一个地方停留。一旦这本书被阅读，它就会消失到多元宇宙的某个角落，在那里它的道德指引能为黑暗世界带来光明。尽管有人试图复制这部作品，但这些努力都未能捕捉到它的魔法本质，也无法将其为心灵纯洁、意志坚定者提供的好处传承下去。\n一个沉重的扣环，被制作成天使翅膀的形状，确保书的内容安全。只有与书调谐的善良阵营生物才能解开扣环打开书。一旦书被打开，调谐的生物必须花费80小时阅读和研究书以消化其内容并获得其益处。其他浏览书页的生物可以阅读文本但无法获得更深层的含义和益处。一个试图阅读此书的邪恶生物将受到{{@damage|24d6}}光耀伤害。此伤害忽略抗性和免疫，且无法以任何方式被减少或避免。一个因此伤害生命值降至0的生物将在致盲闪光中消失并被摧毁，只留下其物品。\n圣洁之书赋予的增益仅在你努力行善时持续。如果你在10天内未能至少执行一次仁慈或慷慨的行为，或者你自愿执行邪恶行为，你将失去这本书赋予的所有增益。\n<div class=\"parser-entries\"><div class=\"parser-entries-name\">随机词条</div><div class=\"parser-entries-eng-name\">Random Properties</div><div class=\"parser-entries-content\">圣洁之书具有以下随机词条：<ul class=\"parser-list parser-list-default\"><li>2 {{@table|神器词条; 次要增益词条|DMG|次要增益词条}}</li><li>2 {{@table|神器词条; 主要增益词条|DMG|主要增益词条}}</li></ul></div></div>\n<div class=\"parser-entries\"><div class=\"parser-entries-name\">提高感知</div><div class=\"parser-entries-eng-name\">Increased Wisdom</div><div class=\"parser-entries-content\">在你花费必要的时间阅读和研究这本书后，你的感知属性提高2，最高不超过24。你无法从这本书中获得此增益超过一次。</div></div>\n<div class=\"parser-entries\"><div class=\"parser-entries-name\">魔法启迪</div><div class=\"parser-entries-eng-name\">Enlightened Magic</div><div class=\"parser-entries-content\">一旦你阅读并研习了这本书，你为施放牧师或圣武士法术而消耗的每个法术位都视为高一级的法术位。</div></div>\n<div class=\"parser-entries\"><div class=\"parser-entries-name\">神光</div><div class=\"parser-entries-eng-name\">Halo</div><div class=\"parser-entries-content\">一旦你阅读并研习了这本书，你将获得一个保护性的神光。这个神光散发出10尺半径的明亮光照和额外10尺的微光光照。你可以用一个附赠动作来解除或显现这个神光。当神光存在时，你在与善良生物互动时进行的魅力（{{@skill|游说}}）检定以及与邪恶生物互动时进行的魅力（{{@skill|威吓}}）检定具有优势。此外，处于神光明亮光照区域内的邪魔和亡灵对你发动的攻击检定具有劣势。</div></div>\n<div class=\"parser-entries\"><div class=\"parser-entries-name\">摧毁此书</div><div class=\"parser-entries-eng-name\">Destroying the Book</div><div class=\"parser-entries-content\">据传闻，只要多元宇宙中存在善良，圣洁之书就无法被摧毁。然而，将此书浸泡在冥河中会移除书页上的所有文字和图像，并使此书失去力量{{@dice|1d100}}年。</div></div>"
  },
  "en": {
    "name": "Book of Exalted Deeds",
    "source": "DMG",
    "page": 222,
    "reprintedAs": [
      "Book of Exalted Deeds|XDMG"
    ],
    "rarity": "artifact",
    "reqAttune": "by a creature of good alignment",
    "reqAttuneTags": [
      {
        "alignment": [
          "G"
        ]
      }
    ],
    "wondrous": true,
    "weight": 5,
    "ability": {
      "wis": 2
    },
    "entries": [
      "The definitive treatise on all that is good in the multiverse, the fabled Book of Exalted Deeds figures prominently in many religions. Rather than being a scripture devoted to a particular faith, the book's various authors filled the pages with their own vision of true virtue, providing guidance for defeating evil.",
      "The Book of Exalted Deeds rarely lingers in one place. As soon as the book is read, it vanishes to some other corner of the multiverse where its moral guidance can bring light to a darkened world. Although attempts have been made to copy the work, efforts to do so fail to capture its magical nature or translate the benefits it offers to those pure of heart and firm of purpose.",
      "A heavy clasp, wrought to look like angel wings, keeps the book's contents secure. Only a creature of good alignment that is attuned to the book can release the clasp that holds it shut. Once the book is opened, the attuned creature must spend 80 hours reading and studying the book to digest its contents and gain its benefits. Other creatures that peruse the book's open pages can read the text but glean no deeper meaning and reap no benefits. An evil creature that tries to read from the book takes {@damage 24d6} radiant damage. This damage ignores resistance and immunity, and can't be reduced or avoided by any means. A creature reduced to 0 hit points by this damage disappears in a blinding flash and is destroyed, leaving its possessions behind.",
      "Benefits granted by the Book of Exalted Deeds last only as long as you strive to do good. If you fail to perform at least one act of kindness or generosity within the span of 10 days, or if you willingly perform an evil act, you lose all the benefits granted by the book.",
      {
        "name": "Random Properties",
        "type": "entries",
        "entries": [
          "The Book of Exalted Deeds has the following random properties:",
          {
            "type": "list",
            "items": [
              "2 {@table Artifact Properties; Minor Beneficial Properties|dmg|minor beneficial properties}",
              "2 {@table Artifact Properties; Major Beneficial Properties|dmg|major beneficial properties}"
            ]
          }
        ]
      },
      {
        "name": "Increased Wisdom",
        "type": "entries",
        "entries": [
          "After you spend the requisite amount of time reading and studying the book, your Wisdom score increases by 2, to a maximum of 24. You can't gain this benefit from the book more than once."
        ]
      },
      {
        "name": "Enlightened Magic",
        "type": "entries",
        "entries": [
          "Once you've read and studied the book, any spell slot you expend to cast a cleric or paladin spell counts as a spell slot of one level higher."
        ]
      },
      {
        "name": "Halo",
        "type": "entries",
        "entries": [
          "Once you've read and studied the book, you gain a protective halo. This halo sheds bright light in a 10-foot radius and dim light for an additional 10 feet. You can dismiss or manifest the halo as a bonus action. While present, the halo gives you advantage on Charisma ({@skill Persuasion}) checks made to interact with good creatures and Charisma ({@skill Intimidation}) checks made to interact with evil creatures. In addition, fiends and undead within the halo's bright light make attack rolls against you with disadvantage."
        ]
      },
      {
        "name": "Destroying the Book",
        "type": "entries",
        "entries": [
          "It is rumored that the Book of Exalted Deeds can't be destroyed as long as good exists in the multiverse. However, drowning the book in the River Styx removes all writing and imagery from its pages and renders the book powerless for {@dice 1d100} years."
        ]
      }
    ],
    "light": [
      {
        "bright": 10,
        "dim": 20
      }
    ],
    "hasFluffImages": true,
    "html": "The definitive treatise on all that is good in the multiverse, the fabled Book of Exalted Deeds figures prominently in many religions. Rather than being a scripture devoted to a particular faith, the book's various authors filled the pages with their own vision of true virtue, providing guidance for defeating evil.\nThe Book of Exalted Deeds rarely lingers in one place. As soon as the book is read, it vanishes to some other corner of the multiverse where its moral guidance can bring light to a darkened world. Although attempts have been made to copy the work, efforts to do so fail to capture its magical nature or translate the benefits it offers to those pure of heart and firm of purpose.\nA heavy clasp, wrought to look like angel wings, keeps the book's contents secure. Only a creature of good alignment that is attuned to the book can release the clasp that holds it shut. Once the book is opened, the attuned creature must spend 80 hours reading and studying the book to digest its contents and gain its benefits. Other creatures that peruse the book's open pages can read the text but glean no deeper meaning and reap no benefits. An evil creature that tries to read from the book takes {{@damage|24d6}} radiant damage. This damage ignores resistance and immunity, and can't be reduced or avoided by any means. A creature reduced to 0 hit points by this damage disappears in a blinding flash and is destroyed, leaving its possessions behind.\nBenefits granted by the Book of Exalted Deeds last only as long as you strive to do good. If you fail to perform at least one act of kindness or generosity within the span of 10 days, or if you willingly perform an evil act, you lose all the benefits granted by the book.\n<div class=\"parser-entries\"><div class=\"parser-entries-name\">Random Properties</div><div class=\"parser-entries-content\">The Book of Exalted Deeds has the following random properties:<ul class=\"parser-list parser-list-default\"><li>2 {{@table|Artifact Properties; Minor Beneficial Properties|dmg|minor beneficial properties}}</li><li>2 {{@table|Artifact Properties; Major Beneficial Properties|dmg|major beneficial properties}}</li></ul></div></div>\n<div class=\"parser-entries\"><div class=\"parser-entries-name\">Increased Wisdom</div><div class=\"parser-entries-content\">After you spend the requisite amount of time reading and studying the book, your Wisdom score increases by 2, to a maximum of 24. You can't gain this benefit from the book more than once.</div></div>\n<div class=\"parser-entries\"><div class=\"parser-entries-name\">Enlightened Magic</div><div class=\"parser-entries-content\">Once you've read and studied the book, any spell slot you expend to cast a cleric or paladin spell counts as a spell slot of one level higher.</div></div>\n<div class=\"parser-entries\"><div class=\"parser-entries-name\">Halo</div><div class=\"parser-entries-content\">Once you've read and studied the book, you gain a protective halo. This halo sheds bright light in a 10-foot radius and dim light for an additional 10 feet. You can dismiss or manifest the halo as a bonus action. While present, the halo gives you advantage on Charisma ({{@skill|Persuasion}}) checks made to interact with good creatures and Charisma ({{@skill|Intimidation}}) checks made to interact with evil creatures. In addition, fiends and undead within the halo's bright light make attack rolls against you with disadvantage.</div></div>\n<div class=\"parser-entries\"><div class=\"parser-entries-name\">Destroying the Book</div><div class=\"parser-entries-content\">It is rumored that the Book of Exalted Deeds can't be destroyed as long as good exists in the multiverse. However, drowning the book in the River Styx removes all writing and imagery from its pages and renders the book powerless for {{@dice|1d100}} years.</div></div>"
  },
  "bonus": {}
}