{
  "dataType": "item",
  "uid": "item_Wheel of Stars|AI ",
  "id": "Wheel of Stars|AI",
  "rarity": "very rare",
  "isBaseItem": false,
  "baseItem": "",
  "displayName": {
    "zh": "星轮",
    "en": "Wheel of Stars"
  },
  "mainSource": {
    "source": "AI",
    "page": 222
  },
  "allSources": [
    {
      "source": "AI",
      "page": 222
    }
  ],
  "zh": {
    "name": "星轮",
    "source": "AI",
    "page": 222,
    "rarity": "very rare",
    "reqAttune": true,
    "wondrous": true,
    "bonusSavingThrow": "+1",
    "entries": [
      "当你与该组件同调时，你获得+1感知豁免，并且你可以使用一个动作施放戏法{@spell 舞光术}、{@spell 神导术}或{@spell 传讯术}。",
      {
        "ENG_name": "Portent of the Stars",
        "name": "星辰预兆",
        "type": "entries",
        "entries": [
          "当你视野内，处在你半径60尺内的一个生物进行攻击鉴定，豁免鉴定或属性鉴定时，你可以使用一个反应，投一个{@dice d10}，并将结果与该生物鉴定的结果进行相加或相减（由你选择）。一旦你使用了星轮的这个能力，它在下一次黎明前将无法被再次使用。"
        ]
      },
      {
        "ENG_name": "Alter Gravity",
        "name": "改变重力",
        "type": "entries",
        "entries": [
          "你可以使用一个动作对自身施放{@spell 飞行术}或正常释放{@spell 浮空术}（豁免{@dc 15}）。一旦你使用了星轮的这个能力，它在新一天前将无法被再次使用。"
        ]
      },
      {
        "ENG_name": "Part of a Whole",
        "name": "六位一体",
        "type": "entries",
        "entries": [
          "当此组件未被安装进{@item 位面游荡仪|AI}时，它的魔法可能会时断时续，或是会有无法预测的副作用，这由DM决定。"
        ]
      }
    ],
    "attachedSpells": {
      "will": [
        "舞光术",
        "神导术",
        "传讯术"
      ],
      "daily": {
        "1e": [
          "飞行术",
          "浮空术"
        ]
      }
    },
    "ENG_name": "Wheel of Stars",
    "html": "当你与该组件同调时，你获得+1感知豁免，并且你可以使用一个动作施放戏法{{@spell|舞光术}}、{{@spell|神导术}}或{{@spell|传讯术}}。\n<div class=\"parser-entries\"><div class=\"parser-entries-name\">星辰预兆</div><div class=\"parser-entries-eng-name\">Portent of the Stars</div><div class=\"parser-entries-content\">当你视野内，处在你半径60尺内的一个生物进行攻击鉴定，豁免鉴定或属性鉴定时，你可以使用一个反应，投一个{{@dice|d10}}，并将结果与该生物鉴定的结果进行相加或相减（由你选择）。一旦你使用了星轮的这个能力，它在下一次黎明前将无法被再次使用。</div></div>\n<div class=\"parser-entries\"><div class=\"parser-entries-name\">改变重力</div><div class=\"parser-entries-eng-name\">Alter Gravity</div><div class=\"parser-entries-content\">你可以使用一个动作对自身施放{{@spell|飞行术}}或正常释放{{@spell|浮空术}}（豁免{{@dc|15}}）。一旦你使用了星轮的这个能力，它在新一天前将无法被再次使用。</div></div>\n<div class=\"parser-entries\"><div class=\"parser-entries-name\">六位一体</div><div class=\"parser-entries-eng-name\">Part of a Whole</div><div class=\"parser-entries-content\">当此组件未被安装进{{@item|位面游荡仪|AI}}时，它的魔法可能会时断时续，或是会有无法预测的副作用，这由DM决定。</div></div>"
  },
  "en": {
    "name": "Wheel of Stars",
    "source": "AI",
    "page": 222,
    "rarity": "very rare",
    "reqAttune": true,
    "wondrous": true,
    "bonusSavingThrow": "+1",
    "entries": [
      "While attuned to this device, you have a +1 bonus to Wisdom saving throws, and you can use an action to cast the {@spell dancing lights}, {@spell guidance}, or {@spell message} cantrips.",
      {
        "type": "entries",
        "name": "Portent of the Stars",
        "entries": [
          "As a reaction when a creature you can see within 60 feet of you makes an attack roll, saving throw, or ability check, you make that creature roll a {@dice d10} and add or subtract the number rolled (your choice) from the roll. Once you use this feature of the wheel of stars, it cannot be used again until the next dawn."
        ]
      },
      {
        "type": "entries",
        "name": "Alter Gravity",
        "entries": [
          "As an action, you can cast {@spell fly} on yourself or you can cast {@spell levitate} (save {@dc 15}). Once you use this feature of the wheel of stars, it cannot be used again until the next dawn."
        ]
      },
      {
        "type": "entries",
        "name": "Part of a Whole",
        "entries": [
          "While this component is not installed in the {@item Orrery of the Wanderer|AI}, its magic might function sporadically or with unpredictable side effects, as determined by the DM."
        ]
      }
    ],
    "attachedSpells": {
      "will": [
        "dancing lights",
        "guidance",
        "message"
      ],
      "daily": {
        "1e": [
          "fly",
          "levitate"
        ]
      }
    },
    "html": "While attuned to this device, you have a +1 bonus to Wisdom saving throws, and you can use an action to cast the {{@spell|dancing lights}}, {{@spell|guidance}}, or {{@spell|message}} cantrips.\n<div class=\"parser-entries\"><div class=\"parser-entries-name\">Portent of the Stars</div><div class=\"parser-entries-content\">As a reaction when a creature you can see within 60 feet of you makes an attack roll, saving throw, or ability check, you make that creature roll a {{@dice|d10}} and add or subtract the number rolled (your choice) from the roll. Once you use this feature of the wheel of stars, it cannot be used again until the next dawn.</div></div>\n<div class=\"parser-entries\"><div class=\"parser-entries-name\">Alter Gravity</div><div class=\"parser-entries-content\">As an action, you can cast {{@spell|fly}} on yourself or you can cast {{@spell|levitate}} (save {{@dc|15}}). Once you use this feature of the wheel of stars, it cannot be used again until the next dawn.</div></div>\n<div class=\"parser-entries\"><div class=\"parser-entries-name\">Part of a Whole</div><div class=\"parser-entries-content\">While this component is not installed in the {{@item|Orrery of the Wanderer|AI}}, its magic might function sporadically or with unpredictable side effects, as determined by the DM.</div></div>"
  },
  "bonus": {
    "savingThrow": 1
  }
}