{
  "dataType": "item",
  "uid": "item_Gauntlets of Rage|CoA ",
  "id": "Gauntlets of Rage|CoA",
  "rarity": "rare",
  "isBaseItem": false,
  "baseItem": "",
  "displayName": {
    "zh": "狂暴护手",
    "en": "Gauntlets of Rage"
  },
  "mainSource": {
    "source": "CoA",
    "page": 268
  },
  "allSources": [
    {
      "source": "CoA",
      "page": 268
    }
  ],
  "zh": {
    "name": "狂暴护手",
    "source": "CoA",
    "page": 268,
    "rarity": "rare",
    "reqAttune": "由吟游诗人、术士、魔契师或法师",
    "reqAttuneTags": [
      {
        "class": "吟游诗人"
      },
      {
        "class": "术士"
      },
      {
        "class": "魔契师"
      },
      {
        "class": "法师"
      }
    ],
    "wondrous": true,
    "entries": [
      "你获得了无尽愤怒的力量。在你进行近战武器攻击后，你会自动进入一种特殊的愤怒状态，持续1分钟。在愤怒状态下，你不能施放法术，不能口头交流，并且对{@condition 魅惑}和{@condition 恐慌}状态免疫。每次你造成伤害时，你恢复{@dice 2d8}点生命值，并且可以立即移除你当前遭受的一个状态，或者结束这种愤怒。此外，处于这种愤怒状态时，你可以在进行近战攻击前消耗一个法术位。如果这样做，攻击击中时会额外造成每个法术位等级3（{@damage 1d6}）点暗蚀伤害。一旦使用，直到你完成一次短休或长休之前，你不能再使用这种愤怒。"
    ],
    "ENG_name": "Gauntlets of Rage",
    "html": "你获得了无尽愤怒的力量。在你进行近战武器攻击后，你会自动进入一种特殊的愤怒状态，持续1分钟。在愤怒状态下，你不能施放法术，不能口头交流，并且对{{@condition|魅惑}}和{{@condition|恐慌}}状态免疫。每次你造成伤害时，你恢复{{@dice|2d8}}点生命值，并且可以立即移除你当前遭受的一个状态，或者结束这种愤怒。此外，处于这种愤怒状态时，你可以在进行近战攻击前消耗一个法术位。如果这样做，攻击击中时会额外造成每个法术位等级3（{{@damage|1d6}}）点暗蚀伤害。一旦使用，直到你完成一次短休或长休之前，你不能再使用这种愤怒。"
  },
  "en": {
    "name": "Gauntlets of Rage",
    "source": "CoA",
    "page": 268,
    "rarity": "rare",
    "reqAttune": "by a bard, sorcerer, warlock, or wizard",
    "reqAttuneTags": [
      {
        "class": "bard"
      },
      {
        "class": "sorcerer"
      },
      {
        "class": "warlock"
      },
      {
        "class": "wizard"
      }
    ],
    "wondrous": true,
    "entries": [
      "You gain the power of never-ending fury. After you make a melee weapon attack, you automatically enter a special fury for 1 minute. While furious, you can't cast spells, can't verbally communicate, and are immune to the {@condition charmed} and {@condition frightened} conditions. Each time you deal damage, you regain {@dice 2d8} hit points and may immediately remove a condition you currently suffer from or end this fury. Additionally, while in this fury, you may spend a spell slot before you make a melee attack. Doing so causes the attack to deal an extra 3 ({@damage 1d6}) necrotic damage per level of spell slot expended, if the attack hits. Once used you may not use this fury again until you finish a short or long rest."
    ],
    "html": "You gain the power of never-ending fury. After you make a melee weapon attack, you automatically enter a special fury for 1 minute. While furious, you can't cast spells, can't verbally communicate, and are immune to the {{@condition|charmed}} and {{@condition|frightened}} conditions. Each time you deal damage, you regain {{@dice|2d8}} hit points and may immediately remove a condition you currently suffer from or end this fury. Additionally, while in this fury, you may spend a spell slot before you make a melee attack. Doing so causes the attack to deal an extra 3 ({{@damage|1d6}}) necrotic damage per level of spell slot expended, if the attack hits. Once used you may not use this fury again until you finish a short or long rest."
  },
  "bonus": {}
}