{
  "dataType": "item",
  "uid": "item_Skull Helm|BMT ",
  "id": "Skull Helm|BMT",
  "rarity": "very rare",
  "isBaseItem": false,
  "baseItem": "",
  "displayName": {
    "zh": "头骨盔",
    "en": "Skull Helm"
  },
  "mainSource": {
    "source": "BMT",
    "page": 38
  },
  "allSources": [
    {
      "source": "BMT",
      "page": 38
    }
  ],
  "zh": {
    "name": "头骨盔",
    "source": "BMT",
    "page": 38,
    "resist": [
      "寒冷",
      "暗蚀",
      "毒素"
    ],
    "rarity": "very rare",
    "reqAttune": true,
    "wondrous": true,
    "entries": [
      "着装这顶骷髅形状的头盔期间，你获得对冷冻、毒素和暗蚀伤害的抗性。",
      "此外，着装头盔期间，你可以用头盔施展法术{@spell 死神灵魄|BMT}而无需任何材料成分。此法术一经头盔施放，直到下次黎明前不能再次以此法施放该法术。"
    ],
    "attachedSpells": {
      "daily": {
        "1e": [
          "死神灵魄|bmt"
        ]
      }
    },
    "ENG_name": "Skull Helm",
    "html": "着装这顶骷髅形状的头盔期间，你获得对冷冻、毒素和暗蚀伤害的抗性。\n此外，着装头盔期间，你可以用头盔施展法术{{@spell|死神灵魄|BMT}}而无需任何材料成分。此法术一经头盔施放，直到下次黎明前不能再次以此法施放该法术。"
  },
  "en": {
    "name": "Skull Helm",
    "source": "BMT",
    "page": 38,
    "resist": [
      "cold",
      "necrotic",
      "poison"
    ],
    "rarity": "very rare",
    "reqAttune": true,
    "wondrous": true,
    "entries": [
      "While wearing this skull-shaped helm, you have resistance to cold, poison, and necrotic damage.",
      "Additionally, while wearing the helm, you can cast {@spell Spirit of Death|BMT} from it without requiring material components. Once you use the helm to cast the spell, the helm can't cast this spell again until the next dawn."
    ],
    "attachedSpells": {
      "daily": {
        "1e": [
          "spirit of death|bmt"
        ]
      }
    },
    "html": "While wearing this skull-shaped helm, you have resistance to cold, poison, and necrotic damage.\nAdditionally, while wearing the helm, you can cast {{@spell|Spirit of Death|BMT}} from it without requiring material components. Once you use the helm to cast the spell, the helm can't cast this spell again until the next dawn."
  },
  "bonus": {}
}