{
  "dataType": "item",
  "uid": "item_Jewel of Three Prayers|CRCotN ",
  "id": "Jewel of Three Prayers|CRCotN",
  "rarity": "legendary",
  "isBaseItem": false,
  "full": {
    "en": {
      "images": [
        {
          "type": "image",
          "href": {
            "type": "internal",
            "path": "items/CRCotN/Jewel of Three Prayers.webp"
          },
          "credit": "CoupleOfKooks"
        }
      ]
    },
    "zh": {
      "images": [
        {
          "type": "image",
          "href": {
            "type": "internal",
            "path": "items/CRCotN/Jewel of Three Prayers.webp"
          },
          "credit": "CoupleOfKooks"
        }
      ]
    }
  },
  "baseItem": "",
  "items": [
    "三祷之坠（休眠）|CRCotN",
    "三祷之坠（觉醒）|CRCotN",
    "三祷之坠（升华）|CRCotN"
  ],
  "displayName": {
    "zh": "三祷之坠",
    "en": "Jewel of Three Prayers"
  },
  "mainSource": {
    "source": "CRCotN",
    "page": 213
  },
  "allSources": [
    {
      "source": "CRCotN",
      "page": 213
    }
  ],
  "zh": {
    "name": "三祷之坠",
    "source": "CRCotN",
    "page": 213,
    "rarity": "legendary",
    "reqAttune": true,
    "wondrous": true,
    "property": [
      "Vst|EGW"
    ],
    "recharge": "拂晓",
    "entries": [
      "三祈宝珠是分歧遗迹（见\"分歧遗迹\"侧边栏）。在古代，阿波西恩神使佩戴这个护身符作为他与三位主神的契约的象征：塞哈尼月亮编织者、阿瓦兰德拉变化使者和科雷隆大心。当宝珠被发现时，只有塞哈尼的力量在它的休眠心中脉动。其他两位神的力量等待着被英雄——或英雄们——重新唤醒，他们可以追随阿波西恩的足迹。"
    ],
    "items": [
      "三祷之坠（休眠）|CRCotN",
      "三祷之坠（觉醒）|CRCotN",
      "三祷之坠（升华）|CRCotN"
    ],
    "attachedSpells": {
      "charges": {
        "1": [
          "隐形术"
        ]
      }
    },
    "hasFluffImages": true,
    "ENG_name": "Jewel of Three Prayers",
    "html": "三祈宝珠是分歧遗迹（见\"分歧遗迹\"侧边栏）。在古代，阿波西恩神使佩戴这个护身符作为他与三位主神的契约的象征：塞哈尼月亮编织者、阿瓦兰德拉变化使者和科雷隆大心。当宝珠被发现时，只有塞哈尼的力量在它的休眠心中脉动。其他两位神的力量等待着被英雄——或英雄们——重新唤醒，他们可以追随阿波西恩的足迹。"
  },
  "en": {
    "name": "Jewel of Three Prayers",
    "source": "CRCotN",
    "page": 213,
    "rarity": "legendary",
    "reqAttune": true,
    "wondrous": true,
    "property": [
      "Vst|EGW"
    ],
    "recharge": "dawn",
    "entries": [
      "The Jewel of Three Prayers is a Vestige of Divergence (see the \"Vestiges of Divergence\" sidebar). In ancient times, Alyxian the Apotheon bore this amulet as a symbol of his covenant with three Prime Deities: Sehanine the Moon Weaver, Avandra the Change Bringer, and Corellon the Arch Heart. When the jewel is found, only Sehanine's power thrums within its dormant heart. The power of the other two deities waits to be reawakened by a hero—or heroes—who can follow in Alyxian's footsteps."
    ],
    "items": [
      "Jewel of Three Prayers (Dormant)|CRCotN",
      "Jewel of Three Prayers (Awakened)|CRCotN",
      "Jewel of Three Prayers (Exalted)|CRCotN"
    ],
    "attachedSpells": {
      "charges": {
        "1": [
          "invisibility"
        ]
      }
    },
    "hasFluffImages": true,
    "html": "The Jewel of Three Prayers is a Vestige of Divergence (see the \"Vestiges of Divergence\" sidebar). In ancient times, Alyxian the Apotheon bore this amulet as a symbol of his covenant with three Prime Deities: Sehanine the Moon Weaver, Avandra the Change Bringer, and Corellon the Arch Heart. When the jewel is found, only Sehanine's power thrums within its dormant heart. The power of the other two deities waits to be reawakened by a hero—or heroes—who can follow in Alyxian's footsteps."
  },
  "weapon": {
    "property": [
      "Vst|EGW"
    ]
  },
  "bonus": {}
}