{
  "type": "itemPropertyCollection",
  "data": [
    {
      "dataType": "itemProperty",
      "uid": "itemProperty_2H|PHB",
      "id": "2H|PHB",
      "abbreviation": "2H",
      "mainSource": {
        "source": "PHB",
        "page": 147
      },
      "allSources": [],
      "displayName": {
        "zh": "双手",
        "en": "Two-Handed"
      },
      "zh": {
        "entries": [
          {
            "ENG_name": "Two-Handed",
            "name": "双手",
            "type": "entries",
            "entries": [
              "用该武器攻击时你需要双手并用。这个特性仅在你用武器攻击时生效，仅仅持有它时不要求双手。"
            ]
          }
        ],
        "name": "双手",
        "html": "<div class=\"parser-entries\"><div class=\"parser-entries-name\">双手</div><div class=\"parser-entries-eng-name\">Two-Handed</div><div class=\"parser-entries-content\">用该武器攻击时你需要双手并用。这个特性仅在你用武器攻击时生效，仅仅持有它时不要求双手。</div></div>"
      },
      "en": {
        "entries": [
          {
            "type": "entries",
            "name": "Two-Handed",
            "entries": [
              "This weapon requires two hands to use. This property is relevant only when you attack with the weapon, not when you simply hold it."
            ]
          }
        ],
        "name": "Two-Handed",
        "html": "<div class=\"parser-entries\"><div class=\"parser-entries-name\">Two-Handed</div><div class=\"parser-entries-content\">This weapon requires two hands to use. This property is relevant only when you attack with the weapon, not when you simply hold it.</div></div>"
      }
    },
    {
      "dataType": "itemProperty",
      "uid": "itemProperty_2H|XPHB",
      "id": "2H|XPHB",
      "abbreviation": "2H",
      "mainSource": {
        "source": "XPHB",
        "page": 214
      },
      "allSources": [],
      "displayName": {
        "zh": "双手",
        "en": "Two-Handed"
      },
      "zh": {
        "entries": [
          {
            "ENG_name": "Two-Handed",
            "name": "双手",
            "type": "entries",
            "entries": [
              "双手武器需要你用两只手使用它进行攻击。"
            ]
          }
        ],
        "name": "双手",
        "html": "<div class=\"parser-entries\"><div class=\"parser-entries-name\">双手</div><div class=\"parser-entries-eng-name\">Two-Handed</div><div class=\"parser-entries-content\">双手武器需要你用两只手使用它进行攻击。</div></div>"
      },
      "en": {
        "entries": [
          {
            "type": "entries",
            "name": "Two-Handed",
            "entries": [
              "A Two-Handed weapon requires two hands when you attack with it."
            ]
          }
        ],
        "name": "Two-Handed",
        "html": "<div class=\"parser-entries\"><div class=\"parser-entries-name\">Two-Handed</div><div class=\"parser-entries-content\">A Two-Handed weapon requires two hands when you attack with it.</div></div>"
      }
    },
    {
      "dataType": "itemProperty",
      "uid": "itemProperty_A|PHB",
      "id": "A|PHB",
      "abbreviation": "A",
      "mainSource": {
        "source": "PHB",
        "page": 146
      },
      "allSources": [],
      "displayName": {
        "zh": "弹药",
        "en": "Ammunition"
      },
      "zh": {
        "entries": [
          {
            "ENG_name": "Ammunition",
            "name": "弹药",
            "type": "entries",
            "entries": [
              "你可以使用具有弹药属性的武器发动一次远程攻击，前提是你必须先拥有与该武器相对应的弹药。每次使用该武器攻击时，你都必须花费一枚弹药。你从箭袋、矢匣或其它容器中取出弹药的行为将作为攻击的一部分（你需要一只空闲的手来为一把单手武器装填弹药）。战斗结束后，你可以花费一分钟搜索战场，以回收一半所消耗的弹药。",
              "如果以具有弹药属性的武器发动一次近战攻击，则该武器被视为等同于一把临时武器。另外，一根投石索以该方式使用时必须处于已装填状态。"
            ]
          }
        ],
        "name": "弹药",
        "html": "<div class=\"parser-entries\"><div class=\"parser-entries-name\">弹药</div><div class=\"parser-entries-eng-name\">Ammunition</div><div class=\"parser-entries-content\">你可以使用具有弹药属性的武器发动一次远程攻击，前提是你必须先拥有与该武器相对应的弹药。每次使用该武器攻击时，你都必须花费一枚弹药。你从箭袋、矢匣或其它容器中取出弹药的行为将作为攻击的一部分（你需要一只空闲的手来为一把单手武器装填弹药）。战斗结束后，你可以花费一分钟搜索战场，以回收一半所消耗的弹药。如果以具有弹药属性的武器发动一次近战攻击，则该武器被视为等同于一把临时武器。另外，一根投石索以该方式使用时必须处于已装填状态。</div></div>"
      },
      "en": {
        "entries": [
          {
            "type": "entries",
            "name": "Ammunition",
            "entries": [
              "You can use a weapon that has the ammunition property to make a ranged attack only if you have ammunition to fire from the weapon. Each time you attack with the weapon, you expend one piece of ammunition. Drawing the ammunition from a quiver, case, or other container is part of the attack. Loading a one-handed weapon requires a free hand. At the end of the battle, you can recover half your expended ammunition by taking a minute to search the battlefield.",
              "If you use a weapon that has the ammunition property to make a melee attack, you treat the weapon as an improvised weapon. A sling must be loaded to deal any damage when used in this way."
            ]
          }
        ],
        "name": "Ammunition",
        "html": "<div class=\"parser-entries\"><div class=\"parser-entries-name\">Ammunition</div><div class=\"parser-entries-content\">You can use a weapon that has the ammunition property to make a ranged attack only if you have ammunition to fire from the weapon. Each time you attack with the weapon, you expend one piece of ammunition. Drawing the ammunition from a quiver, case, or other container is part of the attack. Loading a one-handed weapon requires a free hand. At the end of the battle, you can recover half your expended ammunition by taking a minute to search the battlefield.If you use a weapon that has the ammunition property to make a melee attack, you treat the weapon as an improvised weapon. A sling must be loaded to deal any damage when used in this way.</div></div>"
      }
    },
    {
      "dataType": "itemProperty",
      "uid": "itemProperty_A|XPHB",
      "id": "A|XPHB",
      "abbreviation": "A",
      "mainSource": {
        "source": "XPHB",
        "page": 213
      },
      "allSources": [],
      "displayName": {
        "zh": "弹药",
        "en": "Ammunition"
      },
      "zh": {
        "entries": [
          {
            "ENG_name": "Ammunition",
            "name": "弹药",
            "type": "entries",
            "entries": [
              "使用具有弹药属性的武器发动远程攻击时，你必须拥有该武器需求的弹药。所需弹药的种类会与武器的射程写在一起。每次使用该武器攻击都会花费一枚弹药，且取出该弹药的行为视为此次攻击的一部分（你需要一只空手来为一把单手武器的弹药上膛或上弦）。在战斗结束后，你可以花费一分钟搜索战场，以回收你在战斗中所消耗的弹药的一半（向下取整），而剩下的那些弹药将会损失。"
            ]
          }
        ],
        "name": "弹药",
        "html": "<div class=\"parser-entries\"><div class=\"parser-entries-name\">弹药</div><div class=\"parser-entries-eng-name\">Ammunition</div><div class=\"parser-entries-content\">使用具有弹药属性的武器发动远程攻击时，你必须拥有该武器需求的弹药。所需弹药的种类会与武器的射程写在一起。每次使用该武器攻击都会花费一枚弹药，且取出该弹药的行为视为此次攻击的一部分（你需要一只空手来为一把单手武器的弹药上膛或上弦）。在战斗结束后，你可以花费一分钟搜索战场，以回收你在战斗中所消耗的弹药的一半（向下取整），而剩下的那些弹药将会损失。</div></div>"
      },
      "en": {
        "entries": [
          {
            "type": "entries",
            "name": "Ammunition",
            "entries": [
              "You can use a weapon that has the Ammunition property to make a ranged attack only if you have ammunition to fire from it. The type of ammunition required is specified with the weapon's range. Each attack expends one piece of ammunition. Drawing the ammunition is part of the attack (you need a free hand to load a one-handed weapon). After a fight, you can spend 1 minute to recover half the ammunition (round down) you used in the fight; the rest is lost."
            ]
          }
        ],
        "name": "Ammunition",
        "html": "<div class=\"parser-entries\"><div class=\"parser-entries-name\">Ammunition</div><div class=\"parser-entries-content\">You can use a weapon that has the Ammunition property to make a ranged attack only if you have ammunition to fire from it. The type of ammunition required is specified with the weapon's range. Each attack expends one piece of ammunition. Drawing the ammunition is part of the attack (you need a free hand to load a one-handed weapon). After a fight, you can spend 1 minute to recover half the ammunition (round down) you used in the fight; the rest is lost.</div></div>"
      }
    },
    {
      "dataType": "itemProperty",
      "uid": "itemProperty_AF|DMG",
      "id": "AF|DMG",
      "abbreviation": "AF",
      "mainSource": {
        "source": "DMG",
        "page": 267
      },
      "allSources": [],
      "displayName": {
        "zh": "弹药",
        "en": "Ammunition"
      },
      "zh": {
        "entries": [
          {
            "ENG_name": "Ammunition",
            "name": "弹药",
            "type": "entries",
            "entries": [
              "只你可以使用具有弹药属性的武器发动一次远程攻击，前提是你必须先拥有与该武器相对应的弹药。每次使用该武器攻击时，你都必须花费一枚弹药。你从箭袋、矢匣或其它容器中取出弹药的行为将作为攻击的一部分（你需要一只空闲的手来为一把单手武器装填弹药）。火器的弹药会在使用后销毁。",
              "如果以具有弹药属性的武器发动一次近战攻击，则该武器被视为等同于一把临时武器。另外，一根投石索以该方式使用时必须处于已装填状态。"
            ]
          }
        ],
        "name": "弹药",
        "html": "<div class=\"parser-entries\"><div class=\"parser-entries-name\">弹药</div><div class=\"parser-entries-eng-name\">Ammunition</div><div class=\"parser-entries-content\">只你可以使用具有弹药属性的武器发动一次远程攻击，前提是你必须先拥有与该武器相对应的弹药。每次使用该武器攻击时，你都必须花费一枚弹药。你从箭袋、矢匣或其它容器中取出弹药的行为将作为攻击的一部分（你需要一只空闲的手来为一把单手武器装填弹药）。火器的弹药会在使用后销毁。如果以具有弹药属性的武器发动一次近战攻击，则该武器被视为等同于一把临时武器。另外，一根投石索以该方式使用时必须处于已装填状态。</div></div>"
      },
      "en": {
        "entries": [
          {
            "type": "entries",
            "name": "Ammunition",
            "entries": [
              "You can use a weapon that has the ammunition property to make a ranged attack only if you have ammunition to fire from the weapon. Each time you attack with the weapon, you expend one piece of ammunition. Drawing the ammunition from a quiver, case, or other container is part of the attack. Loading a one-handed weapon requires a free hand. The ammunition of a firearm is destroyed upon use.",
              "If you use a weapon that has the ammunition property to make a melee attack, you treat the weapon as an improvised weapon. A sling must be loaded to deal any damage when used in this way."
            ]
          }
        ],
        "name": "Ammunition",
        "html": "<div class=\"parser-entries\"><div class=\"parser-entries-name\">Ammunition</div><div class=\"parser-entries-content\">You can use a weapon that has the ammunition property to make a ranged attack only if you have ammunition to fire from the weapon. Each time you attack with the weapon, you expend one piece of ammunition. Drawing the ammunition from a quiver, case, or other container is part of the attack. Loading a one-handed weapon requires a free hand. The ammunition of a firearm is destroyed upon use.If you use a weapon that has the ammunition property to make a melee attack, you treat the weapon as an improvised weapon. A sling must be loaded to deal any damage when used in this way.</div></div>"
      }
    },
    {
      "dataType": "itemProperty",
      "uid": "itemProperty_AF|XDMG",
      "id": "AF|XDMG",
      "abbreviation": "AF",
      "mainSource": {
        "source": "XDMG",
        "page": 72
      },
      "allSources": [],
      "displayName": {
        "zh": "弹药",
        "en": "Ammunition"
      },
      "zh": {
        "entries": [
          {
            "ENG_name": "Ammunition",
            "name": "弹药",
            "type": "entries",
            "entries": [
              "现代火器使用后，子弹即被销毁。未来式枪械使用的是能量单元，这些能量单元在耗尽时可能通过适当的设备进行再充电，具体由游戏主持人决定。"
            ]
          }
        ],
        "name": "弹药",
        "html": "<div class=\"parser-entries\"><div class=\"parser-entries-name\">弹药</div><div class=\"parser-entries-eng-name\">Ammunition</div><div class=\"parser-entries-content\">现代火器使用后，子弹即被销毁。未来式枪械使用的是能量单元，这些能量单元在耗尽时可能通过适当的设备进行再充电，具体由游戏主持人决定。</div></div>"
      },
      "en": {
        "entries": [
          {
            "type": "entries",
            "name": "Ammunition",
            "entries": [
              "Firearm Bullets are destroyed upon use in a modern firearm. Futuristic firearms use Energy Cells that become depleted but could possibly be recharged with the proper equipment, at the GM's discretion."
            ]
          }
        ],
        "name": "Ammunition",
        "html": "<div class=\"parser-entries\"><div class=\"parser-entries-name\">Ammunition</div><div class=\"parser-entries-content\">Firearm Bullets are destroyed upon use in a modern firearm. Futuristic firearms use Energy Cells that become depleted but could possibly be recharged with the proper equipment, at the GM's discretion.</div></div>"
      }
    },
    {
      "dataType": "itemProperty",
      "uid": "itemProperty_BF|DMG",
      "id": "BF|DMG",
      "abbreviation": "BF",
      "mainSource": {
        "source": "DMG",
        "page": 267
      },
      "allSources": [],
      "displayName": {
        "zh": "扫射",
        "en": "Burst Fire"
      },
      "zh": {
        "entries": [
          {
            "ENG_name": "Burst Fire",
            "name": "扫射",
            "type": "entries",
            "entries": [
              "具有爆发火焰属性的武器可以进行单目标攻击，或者它可以在普通射程内喷射出10英尺立方体的区域。区域内的每个生物都必须通过一次{@dc 15}敏捷豁免掷骰，否则将受到武器的普通伤害。此动作消耗十发弹药。"
            ]
          }
        ],
        "name": "扫射",
        "html": "<div class=\"parser-entries\"><div class=\"parser-entries-name\">扫射</div><div class=\"parser-entries-eng-name\">Burst Fire</div><div class=\"parser-entries-content\">具有爆发火焰属性的武器可以进行单目标攻击，或者它可以在普通射程内喷射出10英尺立方体的区域。区域内的每个生物都必须通过一次{{@dc|15}}敏捷豁免掷骰，否则将受到武器的普通伤害。此动作消耗十发弹药。</div></div>"
      },
      "en": {
        "entries": [
          {
            "type": "entries",
            "name": "Burst Fire",
            "entries": [
              "A weapon that has the burst fire property can make a single-target attack, or it can spray a 10-foot-cube area within normal range with shots. Each creature in the area must succeed on a {@dc 15} Dexterity saving throw or take the weapon's normal damage. This action uses ten pieces of ammunition."
            ]
          }
        ],
        "name": "Burst Fire",
        "html": "<div class=\"parser-entries\"><div class=\"parser-entries-name\">Burst Fire</div><div class=\"parser-entries-content\">A weapon that has the burst fire property can make a single-target attack, or it can spray a 10-foot-cube area within normal range with shots. Each creature in the area must succeed on a {{@dc|15}} Dexterity saving throw or take the weapon's normal damage. This action uses ten pieces of ammunition.</div></div>"
      }
    },
    {
      "dataType": "itemProperty",
      "uid": "itemProperty_BF|XDMG",
      "id": "BF|XDMG",
      "abbreviation": "BF",
      "mainSource": {
        "source": "XDMG",
        "page": 72
      },
      "allSources": [],
      "displayName": {
        "zh": "扫射",
        "en": "Burst Fire"
      },
      "zh": {
        "entries": [
          {
            "ENG_name": "Burst Fire",
            "name": "扫射",
            "type": "entries",
            "entries": [
              "以一个动作，你可以消耗一把扫射武器的10发弹药，向该武器常规射程内的一个10尺{@variantrule 立方 [效应区域]|XPHB|立方}效应区域倾泻火力。该区域内的每个生物都必须成功通过一次{@dc 15}的敏捷豁免检定，否则受到伤害。掷一次该武器的伤害骰，所有豁免失败的生物都受到此伤害。"
            ]
          }
        ],
        "name": "扫射",
        "html": "<div class=\"parser-entries\"><div class=\"parser-entries-name\">扫射</div><div class=\"parser-entries-eng-name\">Burst Fire</div><div class=\"parser-entries-content\">以一个动作，你可以消耗一把扫射武器的10发弹药，向该武器常规射程内的一个10尺{{@variantrule|立方 [效应区域]|XPHB|立方}}效应区域倾泻火力。该区域内的每个生物都必须成功通过一次{{@dc|15}}的敏捷豁免检定，否则受到伤害。掷一次该武器的伤害骰，所有豁免失败的生物都受到此伤害。</div></div>"
      },
      "en": {
        "entries": [
          {
            "type": "entries",
            "name": "Burst Fire",
            "entries": [
              "As an action, you can expend 10 pieces of a Burst Fire weapon's ammunition to spray shots in a 10-foot {@variantrule Cube [Area of Effect]|XPHB|Cube} within the weapon's normal range. Each creature in that area must succeed on a {@dc 15} Dexterity saving throw or take damage. Roll the weapon's damage once, and apply it to each creature that failed the save."
            ]
          }
        ],
        "name": "Burst Fire",
        "html": "<div class=\"parser-entries\"><div class=\"parser-entries-name\">Burst Fire</div><div class=\"parser-entries-content\">As an action, you can expend 10 pieces of a Burst Fire weapon's ammunition to spray shots in a 10-foot {{@variantrule|Cube [Area of Effect]|XPHB|Cube}} within the weapon's normal range. Each creature in that area must succeed on a {{@dc|15}} Dexterity saving throw or take damage. Roll the weapon's damage once, and apply it to each creature that failed the save.</div></div>"
      }
    },
    {
      "dataType": "itemProperty",
      "uid": "itemProperty_F|PHB",
      "id": "F|PHB",
      "abbreviation": "F",
      "mainSource": {
        "source": "PHB",
        "page": 147
      },
      "allSources": [],
      "displayName": {
        "zh": "灵巧",
        "en": "Finesse"
      },
      "zh": {
        "entries": [
          {
            "ENG_name": "Finesse",
            "name": "灵巧",
            "type": "entries",
            "entries": [
              "使用一把灵巧武器发动攻击时，你可以自由选择力量或敏捷调整值，作为攻击检定和伤害掷骰的加值。而且两个掷骰的加值必须为同一个调整值。"
            ]
          }
        ],
        "name": "灵巧",
        "html": "<div class=\"parser-entries\"><div class=\"parser-entries-name\">灵巧</div><div class=\"parser-entries-eng-name\">Finesse</div><div class=\"parser-entries-content\">使用一把灵巧武器发动攻击时，你可以自由选择力量或敏捷调整值，作为攻击检定和伤害掷骰的加值。而且两个掷骰的加值必须为同一个调整值。</div></div>"
      },
      "en": {
        "entries": [
          {
            "type": "entries",
            "name": "Finesse",
            "entries": [
              "When making an attack with a finesse weapon, you use your choice of your Strength or Dexterity modifier for the attack and damage rolls. You must use the same modifier for both rolls."
            ]
          }
        ],
        "name": "Finesse",
        "html": "<div class=\"parser-entries\"><div class=\"parser-entries-name\">Finesse</div><div class=\"parser-entries-content\">When making an attack with a finesse weapon, you use your choice of your Strength or Dexterity modifier for the attack and damage rolls. You must use the same modifier for both rolls.</div></div>"
      }
    },
    {
      "dataType": "itemProperty",
      "uid": "itemProperty_F|XPHB",
      "id": "F|XPHB",
      "abbreviation": "F",
      "mainSource": {
        "source": "XPHB",
        "page": 213
      },
      "allSources": [],
      "displayName": {
        "zh": "灵巧",
        "en": "Finesse"
      },
      "zh": {
        "entries": [
          {
            "ENG_name": "Finesse",
            "name": "灵巧",
            "type": "entries",
            "entries": [
              "使用一把灵巧武器发动攻击时，你可以自由选择此次攻击检定与伤害掷骰使用力量调整值还是敏捷调整值。但是攻击检定与伤害掷骰必须使用同一个调整值。"
            ]
          }
        ],
        "name": "灵巧",
        "html": "<div class=\"parser-entries\"><div class=\"parser-entries-name\">灵巧</div><div class=\"parser-entries-eng-name\">Finesse</div><div class=\"parser-entries-content\">使用一把灵巧武器发动攻击时，你可以自由选择此次攻击检定与伤害掷骰使用力量调整值还是敏捷调整值。但是攻击检定与伤害掷骰必须使用同一个调整值。</div></div>"
      },
      "en": {
        "entries": [
          {
            "type": "entries",
            "name": "Finesse",
            "entries": [
              "When making an attack with a Finesse weapon, use your choice of your Strength or Dexterity modifier for the attack and damage rolls. You must use the same modifier for both rolls."
            ]
          }
        ],
        "name": "Finesse",
        "html": "<div class=\"parser-entries\"><div class=\"parser-entries-name\">Finesse</div><div class=\"parser-entries-content\">When making an attack with a Finesse weapon, use your choice of your Strength or Dexterity modifier for the attack and damage rolls. You must use the same modifier for both rolls.</div></div>"
      }
    },
    {
      "dataType": "itemProperty",
      "uid": "itemProperty_H|PHB",
      "id": "H|PHB",
      "abbreviation": "H",
      "mainSource": {
        "source": "PHB",
        "page": 147
      },
      "allSources": [],
      "displayName": {
        "zh": "重型",
        "en": "Heavy"
      },
      "zh": {
        "entries": [
          {
            "ENG_name": "Heavy",
            "name": "重型",
            "type": "entries",
            "entries": [
              "小型体型生物在使用重型武器时的攻击检定具有劣势。一把重型武器的重量和尺寸对于一个小型生物而言，有点难以驾驭。"
            ]
          }
        ],
        "name": "重型",
        "html": "<div class=\"parser-entries\"><div class=\"parser-entries-name\">重型</div><div class=\"parser-entries-eng-name\">Heavy</div><div class=\"parser-entries-content\">小型体型生物在使用重型武器时的攻击检定具有劣势。一把重型武器的重量和尺寸对于一个小型生物而言，有点难以驾驭。</div></div>"
      },
      "en": {
        "entries": [
          {
            "type": "entries",
            "name": "Heavy",
            "entries": [
              "Creatures that are Small or Tiny have disadvantage on attack rolls with heavy weapons. A heavy weapon's size and bulk make it too large for a Small or Tiny creature to use effectively."
            ]
          }
        ],
        "name": "Heavy",
        "html": "<div class=\"parser-entries\"><div class=\"parser-entries-name\">Heavy</div><div class=\"parser-entries-content\">Creatures that are Small or Tiny have disadvantage on attack rolls with heavy weapons. A heavy weapon's size and bulk make it too large for a Small or Tiny creature to use effectively.</div></div>"
      }
    },
    {
      "dataType": "itemProperty",
      "uid": "itemProperty_H|XPHB",
      "id": "H|XPHB",
      "abbreviation": "H",
      "mainSource": {
        "source": "XPHB",
        "page": 213
      },
      "allSources": [],
      "displayName": {
        "zh": "重型",
        "en": "Heavy"
      },
      "zh": {
        "entries": [
          {
            "ENG_name": "Heavy",
            "name": "重型",
            "type": "entries",
            "entries": [
              "如果你的力量属性值低于13点，则你用重型近战武器发动的攻击检定具有劣势；如果你的敏捷属性值低于13点，则你用重型远程武器发动的攻击检定具有{@variantrule 劣势|XPHB}。"
            ]
          }
        ],
        "name": "重型",
        "html": "<div class=\"parser-entries\"><div class=\"parser-entries-name\">重型</div><div class=\"parser-entries-eng-name\">Heavy</div><div class=\"parser-entries-content\">如果你的力量属性值低于13点，则你用重型近战武器发动的攻击检定具有劣势；如果你的敏捷属性值低于13点，则你用重型远程武器发动的攻击检定具有{{@variantrule|劣势|XPHB}}。</div></div>"
      },
      "en": {
        "entries": [
          {
            "type": "entries",
            "name": "Heavy",
            "entries": [
              "You have {@variantrule Disadvantage|XPHB} on attack rolls with a Heavy weapon if it's a Melee weapon and your Strength score isn't at least 13 or if it's a Ranged weapon and your Dexterity score isn't at least 13."
            ]
          }
        ],
        "name": "Heavy",
        "html": "<div class=\"parser-entries\"><div class=\"parser-entries-name\">Heavy</div><div class=\"parser-entries-content\">You have {{@variantrule|Disadvantage|XPHB}} on attack rolls with a Heavy weapon if it's a Melee weapon and your Strength score isn't at least 13 or if it's a Ranged weapon and your Dexterity score isn't at least 13.</div></div>"
      }
    },
    {
      "dataType": "itemProperty",
      "uid": "itemProperty_L|PHB",
      "id": "L|PHB",
      "abbreviation": "L",
      "mainSource": {
        "source": "PHB",
        "page": 147
      },
      "allSources": [],
      "displayName": {
        "zh": "轻型",
        "en": "Light"
      },
      "zh": {
        "entries": [
          {
            "ENG_name": "Light",
            "name": "轻型",
            "type": "entries",
            "entries": [
              "一把轻型武器尺寸精巧且易于操控，十分适合用来进行双持武器战斗。"
            ]
          }
        ],
        "name": "轻型",
        "html": "<div class=\"parser-entries\"><div class=\"parser-entries-name\">轻型</div><div class=\"parser-entries-eng-name\">Light</div><div class=\"parser-entries-content\">一把轻型武器尺寸精巧且易于操控，十分适合用来进行双持武器战斗。</div></div>"
      },
      "en": {
        "entries": [
          {
            "type": "entries",
            "name": "Light",
            "entries": [
              "A light weapon is small and easy to handle, making it ideal for use when fighting with two weapons."
            ]
          }
        ],
        "name": "Light",
        "html": "<div class=\"parser-entries\"><div class=\"parser-entries-name\">Light</div><div class=\"parser-entries-content\">A light weapon is small and easy to handle, making it ideal for use when fighting with two weapons.</div></div>"
      }
    },
    {
      "dataType": "itemProperty",
      "uid": "itemProperty_L|XPHB",
      "id": "L|XPHB",
      "abbreviation": "L",
      "mainSource": {
        "source": "XPHB",
        "page": 213
      },
      "allSources": [],
      "displayName": {
        "zh": "轻型",
        "en": "Light"
      },
      "zh": {
        "entries": [
          {
            "ENG_name": "Light",
            "name": "轻型",
            "type": "entries",
            "entries": [
              "当你在你的回合中使用轻型武器执行{@action 攻击|XPHB}动作时，你可以在同一个回合稍后以{@variantrule 附赠动作|XPHB}进行一次额外攻击。那次额外攻击必须使用不同的轻型武器，并且你不会将你的力量或敏捷调整值加到额外攻击的伤害上，除非该调整值是负数。例如，你可以使用一只手的{@item 短剑|XPHB}和另一只手的{@item 匕首|XPHB}通过{@action 攻击|XPHB}动作和{@variantrule 附赠动作|XPHB}进行攻击，但除非你的力量或敏捷调整值是负数，否则你不会将其加到{@variantrule 附赠动作|XPHB}的伤害骰上。"
            ]
          }
        ],
        "name": "轻型",
        "html": "<div class=\"parser-entries\"><div class=\"parser-entries-name\">轻型</div><div class=\"parser-entries-eng-name\">Light</div><div class=\"parser-entries-content\">当你在你的回合中使用轻型武器执行{{@action|攻击|XPHB}}动作时，你可以在同一个回合稍后以{{@variantrule|附赠动作|XPHB}}进行一次额外攻击。那次额外攻击必须使用不同的轻型武器，并且你不会将你的力量或敏捷调整值加到额外攻击的伤害上，除非该调整值是负数。例如，你可以使用一只手的{{@item|短剑|XPHB}}和另一只手的{{@item|匕首|XPHB}}通过{{@action|攻击|XPHB}}动作和{{@variantrule|附赠动作|XPHB}}进行攻击，但除非你的力量或敏捷调整值是负数，否则你不会将其加到{{@variantrule|附赠动作|XPHB}}的伤害骰上。</div></div>"
      },
      "en": {
        "entries": [
          {
            "type": "entries",
            "name": "Light",
            "entries": [
              "When you take the {@action Attack|XPHB} action on your turn and attack with a Light weapon, you can make one extra attack as a {@variantrule Bonus Action|XPHB} later on the same turn. That extra attack must be made with a different Light weapon, and you don't add your ability modifier to the extra attack's damage unless that modifier is negative. For example, you can attack with a {@item Shortsword|XPHB} in one hand and a {@item Dagger|XPHB} in the other using the {@action Attack|XPHB} action and a {@variantrule Bonus Action|XPHB}, but you don't add your Strength or Dexterity modifier to the damage roll of the {@variantrule Bonus Action|XPHB} unless that modifier is negative."
            ]
          }
        ],
        "name": "Light",
        "html": "<div class=\"parser-entries\"><div class=\"parser-entries-name\">Light</div><div class=\"parser-entries-content\">When you take the {{@action|Attack|XPHB}} action on your turn and attack with a Light weapon, you can make one extra attack as a {{@variantrule|Bonus Action|XPHB}} later on the same turn. That extra attack must be made with a different Light weapon, and you don't add your ability modifier to the extra attack's damage unless that modifier is negative. For example, you can attack with a {{@item|Shortsword|XPHB}} in one hand and a {{@item|Dagger|XPHB}} in the other using the {{@action|Attack|XPHB}} action and a {{@variantrule|Bonus Action|XPHB}}, but you don't add your Strength or Dexterity modifier to the damage roll of the {{@variantrule|Bonus Action|XPHB}} unless that modifier is negative.</div></div>"
      }
    },
    {
      "dataType": "itemProperty",
      "uid": "itemProperty_LD|PHB",
      "id": "LD|PHB",
      "abbreviation": "LD",
      "mainSource": {
        "source": "PHB",
        "page": 147
      },
      "allSources": [],
      "displayName": {
        "zh": "装填",
        "en": "Loading"
      },
      "zh": {
        "entries": [
          {
            "ENG_name": "Loading",
            "name": "装填",
            "type": "entries",
            "entries": [
              "由于你需要时间对这种武器进行装填，当你用一个动作、一个附赠动作或反应进行射击时，你只能射出一发弹药，且不考虑你正常情况下所能发动的攻击次数。"
            ]
          }
        ],
        "name": "装填",
        "html": "<div class=\"parser-entries\"><div class=\"parser-entries-name\">装填</div><div class=\"parser-entries-eng-name\">Loading</div><div class=\"parser-entries-content\">由于你需要时间对这种武器进行装填，当你用一个动作、一个附赠动作或反应进行射击时，你只能射出一发弹药，且不考虑你正常情况下所能发动的攻击次数。</div></div>"
      },
      "en": {
        "entries": [
          {
            "type": "entries",
            "name": "Loading",
            "entries": [
              "Because of the time required to load this weapon, you can fire only one piece of ammunition from it when you use an action, bonus action, or reaction to fire it, regardless of the number of attacks you can normally make."
            ]
          }
        ],
        "name": "Loading",
        "html": "<div class=\"parser-entries\"><div class=\"parser-entries-name\">Loading</div><div class=\"parser-entries-content\">Because of the time required to load this weapon, you can fire only one piece of ammunition from it when you use an action, bonus action, or reaction to fire it, regardless of the number of attacks you can normally make.</div></div>"
      }
    },
    {
      "dataType": "itemProperty",
      "uid": "itemProperty_LD|XPHB",
      "id": "LD|XPHB",
      "abbreviation": "LD",
      "mainSource": {
        "source": "XPHB",
        "page": 214
      },
      "allSources": [],
      "displayName": {
        "zh": "装填",
        "en": "Loading"
      },
      "zh": {
        "entries": [
          {
            "ENG_name": "Loading",
            "name": "装填",
            "type": "entries",
            "entries": [
              "当你使用动作、{@variantrule 附赠动作|XPHB}或{@variantrule 反应|XPHB}来射击装填类武器时，你只能发射一枚弹药，不管你通常可以进行多少次攻击。"
            ]
          }
        ],
        "name": "装填",
        "html": "<div class=\"parser-entries\"><div class=\"parser-entries-name\">装填</div><div class=\"parser-entries-eng-name\">Loading</div><div class=\"parser-entries-content\">当你使用动作、{{@variantrule|附赠动作|XPHB}}或{{@variantrule|反应|XPHB}}来射击装填类武器时，你只能发射一枚弹药，不管你通常可以进行多少次攻击。</div></div>"
      },
      "en": {
        "entries": [
          {
            "type": "entries",
            "name": "Loading",
            "entries": [
              "You can fire only one piece of ammunition from a Loading weapon when you use an action, a {@variantrule Bonus Action|XPHB}, or a {@variantrule Reaction|XPHB} to fire it, regardless of the number of attacks you can normally make."
            ]
          }
        ],
        "name": "Loading",
        "html": "<div class=\"parser-entries\"><div class=\"parser-entries-name\">Loading</div><div class=\"parser-entries-content\">You can fire only one piece of ammunition from a Loading weapon when you use an action, a {{@variantrule|Bonus Action|XPHB}}, or a {{@variantrule|Reaction|XPHB}} to fire it, regardless of the number of attacks you can normally make.</div></div>"
      }
    },
    {
      "dataType": "itemProperty",
      "uid": "itemProperty_R|PHB",
      "id": "R|PHB",
      "abbreviation": "R",
      "mainSource": {
        "source": "PHB",
        "page": 147
      },
      "allSources": [],
      "displayName": {
        "zh": "触及",
        "en": "Reach"
      },
      "zh": {
        "entries": [
          {
            "ENG_name": "Reach",
            "name": "触及",
            "type": "entries",
            "entries": [
              "使用该武器攻击时，它为你的触及范围增加5尺。使用其进行借机攻击时该增值也同样生效。"
            ]
          }
        ],
        "name": "触及",
        "html": "<div class=\"parser-entries\"><div class=\"parser-entries-name\">触及</div><div class=\"parser-entries-eng-name\">Reach</div><div class=\"parser-entries-content\">使用该武器攻击时，它为你的触及范围增加5尺。使用其进行借机攻击时该增值也同样生效。</div></div>"
      },
      "en": {
        "entries": [
          {
            "type": "entries",
            "name": "Reach",
            "entries": [
              "This weapon adds 5 feet to your reach when you attack with it. This property also determines your reach for opportunity attacks with a reach weapon."
            ]
          }
        ],
        "name": "Reach",
        "html": "<div class=\"parser-entries\"><div class=\"parser-entries-name\">Reach</div><div class=\"parser-entries-content\">This weapon adds 5 feet to your reach when you attack with it. This property also determines your reach for opportunity attacks with a reach weapon.</div></div>"
      }
    },
    {
      "dataType": "itemProperty",
      "uid": "itemProperty_R|XPHB",
      "id": "R|XPHB",
      "abbreviation": "R",
      "mainSource": {
        "source": "XPHB",
        "page": 214
      },
      "allSources": [],
      "displayName": {
        "zh": "触及",
        "en": "Reach"
      },
      "zh": {
        "entries": [
          {
            "ENG_name": "Reach",
            "name": "触及",
            "type": "entries",
            "entries": [
              "使用长兵器攻击时，你的触及范围增加5英尺，同时在确定你用它进行{@action 借机攻击|XPHB|借机攻击}的触及范围时也增加5英尺。"
            ]
          }
        ],
        "name": "触及",
        "html": "<div class=\"parser-entries\"><div class=\"parser-entries-name\">触及</div><div class=\"parser-entries-eng-name\">Reach</div><div class=\"parser-entries-content\">使用长兵器攻击时，你的触及范围增加5英尺，同时在确定你用它进行{{@action|借机攻击|XPHB|借机攻击}}的触及范围时也增加5英尺。</div></div>"
      },
      "en": {
        "entries": [
          {
            "type": "entries",
            "name": "Reach",
            "entries": [
              "A Reach weapon adds 5 feet to your reach when you attack with it, as well as when determining your reach for {@action Opportunity Attack|XPHB|Opportunity Attacks} with it."
            ]
          }
        ],
        "name": "Reach",
        "html": "<div class=\"parser-entries\"><div class=\"parser-entries-name\">Reach</div><div class=\"parser-entries-content\">A Reach weapon adds 5 feet to your reach when you attack with it, as well as when determining your reach for {{@action|Opportunity Attack|XPHB|Opportunity Attacks}} with it.</div></div>"
      }
    },
    {
      "dataType": "itemProperty",
      "uid": "itemProperty_RLD|DMG",
      "id": "RLD|DMG",
      "abbreviation": "RLD",
      "mainSource": {
        "source": "DMG",
        "page": 267
      },
      "allSources": [],
      "displayName": {
        "zh": "弹容",
        "en": "Reload"
      },
      "zh": {
        "entries": [
          {
            "ENG_name": "Reload",
            "name": "弹容",
            "type": "entries",
            "entries": [
              "具有弹容属性的武器只能发动有限数量的攻击。次数用尽后，一名角色必须用一个动作或一个附赠动作来为其进行装弹作业（由该角色自选）。"
            ]
          }
        ],
        "name": "弹容",
        "html": "<div class=\"parser-entries\"><div class=\"parser-entries-name\">弹容</div><div class=\"parser-entries-eng-name\">Reload</div><div class=\"parser-entries-content\">具有弹容属性的武器只能发动有限数量的攻击。次数用尽后，一名角色必须用一个动作或一个附赠动作来为其进行装弹作业（由该角色自选）。</div></div>"
      },
      "en": {
        "entries": [
          {
            "type": "entries",
            "name": "Reload",
            "entries": [
              "A limited number of shots can be made with a weapon that has the reload property. A character must then reload it using an action or a bonus action (the character's choice)."
            ]
          }
        ],
        "name": "Reload",
        "html": "<div class=\"parser-entries\"><div class=\"parser-entries-name\">Reload</div><div class=\"parser-entries-content\">A limited number of shots can be made with a weapon that has the reload property. A character must then reload it using an action or a bonus action (the character's choice).</div></div>"
      }
    },
    {
      "dataType": "itemProperty",
      "uid": "itemProperty_RLD|XDMG",
      "id": "RLD|XDMG",
      "abbreviation": "RLD",
      "mainSource": {
        "source": "XDMG",
        "page": 72
      },
      "allSources": [],
      "displayName": {
        "zh": "弹容",
        "en": "Reload"
      },
      "zh": {
        "entries": [
          {
            "ENG_name": "Reload",
            "name": "弹容",
            "type": "entries",
            "entries": [
              "你可以使用重新装填武器进行有限次数的射击。然后，你必须以一个动作或{@variantrule 附赠动作|XPHB}的方式重新装填武器。"
            ]
          }
        ],
        "name": "弹容",
        "html": "<div class=\"parser-entries\"><div class=\"parser-entries-name\">弹容</div><div class=\"parser-entries-eng-name\">Reload</div><div class=\"parser-entries-content\">你可以使用重新装填武器进行有限次数的射击。然后，你必须以一个动作或{{@variantrule|附赠动作|XPHB}}的方式重新装填武器。</div></div>"
      },
      "en": {
        "entries": [
          {
            "type": "entries",
            "name": "Reload",
            "entries": [
              "You can make a limited number of shots with a Reload weapon. You must then reload the weapon as an action or a {@variantrule Bonus Action|XPHB}."
            ]
          }
        ],
        "name": "Reload",
        "html": "<div class=\"parser-entries\"><div class=\"parser-entries-name\">Reload</div><div class=\"parser-entries-content\">You can make a limited number of shots with a Reload weapon. You must then reload the weapon as an action or a {{@variantrule|Bonus Action|XPHB}}.</div></div>"
      }
    },
    {
      "dataType": "itemProperty",
      "uid": "itemProperty_S|PHB",
      "id": "S|PHB",
      "abbreviation": "S",
      "mainSource": {
        "source": "PHB",
        "page": 147
      },
      "allSources": [],
      "displayName": {
        "zh": "特殊",
        "en": "special"
      },
      "zh": {
        "entries": [],
        "name": "特殊",
        "html": ""
      },
      "en": {
        "entries": [],
        "name": "special",
        "html": ""
      }
    },
    {
      "dataType": "itemProperty",
      "uid": "itemProperty_T|PHB",
      "id": "T|PHB",
      "abbreviation": "T",
      "mainSource": {
        "source": "PHB",
        "page": 147
      },
      "allSources": [],
      "displayName": {
        "zh": "投掷",
        "en": "Thrown"
      },
      "zh": {
        "entries": [
          {
            "ENG_name": "Thrown",
            "name": "投掷",
            "type": "entries",
            "entries": [
              "具有投掷属性的武器可以用来发动一次投掷的远程攻击。如果该武器是一把近战武器，则你以其进行近战攻击时，加于攻击检定和伤害掷骰中的属性调整值同样适用于以其进行的远程攻击。例如，投掷一把手斧时，你使用力量调整值；而投掷一把匕首时，由于其具有灵巧属性，你可以选择使用力量调整值或敏捷调整值。"
            ]
          }
        ],
        "name": "投掷",
        "html": "<div class=\"parser-entries\"><div class=\"parser-entries-name\">投掷</div><div class=\"parser-entries-eng-name\">Thrown</div><div class=\"parser-entries-content\">具有投掷属性的武器可以用来发动一次投掷的远程攻击。如果该武器是一把近战武器，则你以其进行近战攻击时，加于攻击检定和伤害掷骰中的属性调整值同样适用于以其进行的远程攻击。例如，投掷一把手斧时，你使用力量调整值；而投掷一把匕首时，由于其具有灵巧属性，你可以选择使用力量调整值或敏捷调整值。</div></div>"
      },
      "en": {
        "entries": [
          {
            "type": "entries",
            "name": "Thrown",
            "entries": [
              "If a weapon has the thrown property, you can throw the weapon to make a ranged attack. If the weapon is a melee weapon, you use the same ability modifier for that attack roll and damage roll that you would use for a melee attack with the weapon. For example, if you throw a handaxe, you use your Strength, but if you throw a dagger, you can use either your Strength or your Dexterity, since the dagger has the finesse property."
            ]
          }
        ],
        "name": "Thrown",
        "html": "<div class=\"parser-entries\"><div class=\"parser-entries-name\">Thrown</div><div class=\"parser-entries-content\">If a weapon has the thrown property, you can throw the weapon to make a ranged attack. If the weapon is a melee weapon, you use the same ability modifier for that attack roll and damage roll that you would use for a melee attack with the weapon. For example, if you throw a handaxe, you use your Strength, but if you throw a dagger, you can use either your Strength or your Dexterity, since the dagger has the finesse property.</div></div>"
      }
    },
    {
      "dataType": "itemProperty",
      "uid": "itemProperty_T|XPHB",
      "id": "T|XPHB",
      "abbreviation": "T",
      "mainSource": {
        "source": "XPHB",
        "page": 214
      },
      "allSources": [],
      "displayName": {
        "zh": "投掷",
        "en": "Thrown"
      },
      "zh": {
        "entries": [
          {
            "ENG_name": "Thrown",
            "name": "投掷",
            "type": "entries",
            "entries": [
              "如果一把武器具有投掷属性，你可以把它投掷出去来发动一次远程攻击。同时，拔出这把武器可以视作这次攻击的一部分。如果投掷出去的武器是一把近战武器，则你在攻击检定和伤害掷骰中使用与你用其发动近战攻击时相同的属性调整值。"
            ]
          }
        ],
        "name": "投掷",
        "html": "<div class=\"parser-entries\"><div class=\"parser-entries-name\">投掷</div><div class=\"parser-entries-eng-name\">Thrown</div><div class=\"parser-entries-content\">如果一把武器具有投掷属性，你可以把它投掷出去来发动一次远程攻击。同时，拔出这把武器可以视作这次攻击的一部分。如果投掷出去的武器是一把近战武器，则你在攻击检定和伤害掷骰中使用与你用其发动近战攻击时相同的属性调整值。</div></div>"
      },
      "en": {
        "entries": [
          {
            "type": "entries",
            "name": "Thrown",
            "entries": [
              "If a weapon has the Thrown property, you can throw the weapon to make a ranged attack, and you can draw that weapon as part of the attack. If the weapon is a Melee weapon, use the same ability modifier for the attack and damage rolls that you use for a melee attack with that weapon."
            ]
          }
        ],
        "name": "Thrown",
        "html": "<div class=\"parser-entries\"><div class=\"parser-entries-name\">Thrown</div><div class=\"parser-entries-content\">If a weapon has the Thrown property, you can throw the weapon to make a ranged attack, and you can draw that weapon as part of the attack. If the weapon is a Melee weapon, use the same ability modifier for the attack and damage rolls that you use for a melee attack with that weapon.</div></div>"
      }
    },
    {
      "dataType": "itemProperty",
      "uid": "itemProperty_V|PHB",
      "id": "V|PHB",
      "abbreviation": "V",
      "mainSource": {
        "source": "PHB",
        "page": 147
      },
      "allSources": [],
      "displayName": {
        "zh": "两用",
        "en": "Versatile"
      },
      "zh": {
        "entries": [
          {
            "ENG_name": "Versatile",
            "name": "两用",
            "type": "entries",
            "entries": [
              "该武器可以用单手或双手来使用。该属性后将跟随一个括号，其内的伤害值即为双手持用该武器进行近战攻击时的伤害值。"
            ]
          }
        ],
        "name": "两用",
        "html": "<div class=\"parser-entries\"><div class=\"parser-entries-name\">两用</div><div class=\"parser-entries-eng-name\">Versatile</div><div class=\"parser-entries-content\">该武器可以用单手或双手来使用。该属性后将跟随一个括号，其内的伤害值即为双手持用该武器进行近战攻击时的伤害值。</div></div>"
      },
      "en": {
        "entries": [
          {
            "type": "entries",
            "name": "Versatile",
            "entries": [
              "This weapon can be used with one or two hands. A damage value in parentheses appears with the property—the damage when the weapon is used with two hands to make a melee attack."
            ]
          }
        ],
        "name": "Versatile",
        "html": "<div class=\"parser-entries\"><div class=\"parser-entries-name\">Versatile</div><div class=\"parser-entries-content\">This weapon can be used with one or two hands. A damage value in parentheses appears with the property—the damage when the weapon is used with two hands to make a melee attack.</div></div>"
      }
    },
    {
      "dataType": "itemProperty",
      "uid": "itemProperty_V|XPHB",
      "id": "V|XPHB",
      "abbreviation": "V",
      "mainSource": {
        "source": "XPHB",
        "page": 214
      },
      "allSources": [],
      "displayName": {
        "zh": "两用",
        "en": "Versatile"
      },
      "zh": {
        "entries": [
          {
            "ENG_name": "Versatile",
            "name": "两用",
            "type": "entries",
            "entries": [
              "两用武器可以单手使用也可以双手使用。该属性后将跟随一个括号，其内的伤害数值即为双手持用该武器进行近战攻击时的伤害。"
            ]
          }
        ],
        "name": "两用",
        "html": "<div class=\"parser-entries\"><div class=\"parser-entries-name\">两用</div><div class=\"parser-entries-eng-name\">Versatile</div><div class=\"parser-entries-content\">两用武器可以单手使用也可以双手使用。该属性后将跟随一个括号，其内的伤害数值即为双手持用该武器进行近战攻击时的伤害。</div></div>"
      },
      "en": {
        "entries": [
          {
            "type": "entries",
            "name": "Versatile",
            "entries": [
              "A Versatile weapon can be used with one or two hands. A damage value in parentheses appears with the property. The weapon deals that damage when used with two hands to make a melee attack."
            ]
          }
        ],
        "name": "Versatile",
        "html": "<div class=\"parser-entries\"><div class=\"parser-entries-name\">Versatile</div><div class=\"parser-entries-content\">A Versatile weapon can be used with one or two hands. A damage value in parentheses appears with the property. The weapon deals that damage when used with two hands to make a melee attack.</div></div>"
      }
    },
    {
      "dataType": "itemProperty",
      "uid": "itemProperty_Vst|EGW",
      "id": "Vst|EGW",
      "abbreviation": "Vst",
      "mainSource": {
        "source": "EGW",
        "page": 270
      },
      "allSources": [],
      "displayName": {
        "zh": "诀别遗物",
        "en": "Vestige of Divergence"
      },
      "zh": {
        "entries": [
          {
            "ENG_name": "Vestige of Divergence",
            "name": "诀别遗物",
            "type": "entries",
            "page": 200,
            "entries": [
              "{@note 此物品是一件诀别遗物，更多消息请参阅{@book 诀别遗物|EGW|7|诀别遗物}。}"
            ]
          }
        ],
        "name": "诀别遗物",
        "html": "<div class=\"parser-entries\"><div class=\"parser-entries-name\">诀别遗物</div><div class=\"parser-entries-eng-name\">Vestige of Divergence</div><div class=\"parser-entries-page\">Page: 200</div><div class=\"parser-entries-content\">{{@note|此物品是一件诀别遗物，更多消息请参阅{@book 诀别遗物|EGW|7|诀别遗物}}。}</div></div>"
      },
      "en": {
        "entries": [
          {
            "type": "entries",
            "name": "Vestige of Divergence",
            "page": 200,
            "entries": [
              "{@note This item is a Vestige of Divergence, see {@book Vestiges of Divergence|EGW|7|Vestiges of Divergence} for more information.}"
            ]
          }
        ],
        "name": "Vestige of Divergence",
        "html": "<div class=\"parser-entries\"><div class=\"parser-entries-name\">Vestige of Divergence</div><div class=\"parser-entries-page\">Page: 200</div><div class=\"parser-entries-content\">{{@note|This item is a Vestige of Divergence, see {@book Vestiges of Divergence|EGW|7|Vestiges of Divergence}} for more information.}</div></div>"
      }
    }
  ]
}